{"_id":"babel-messages","_rev":"94-ef6b95b7ca85a63f7d0a7d5960c092bc","name":"babel-messages","dist-tags":{"latest":"6.23.0","next":"7.0.0-beta.2"},"versions":{"6.0.0":{"name":"babel-messages","version":"6.0.0","description":"","author":{"name":"Sebastian McKenzie","email":"sebmck@gmail.com"},"homepage":"https://babeljs.io/","license":"MIT","repository":{"type":"git","url":"git+https://github.com/babel/babel.git"},"main":"lib/index.js","dependencies":{"babel-runtime":"^6.0.0"},"bugs":{"url":"https://github.com/babel/babel/issues"},"_id":"babel-messages@6.0.0","scripts":{},"_shasum":"2176c938e8694ab3e44d431675e65f9a6d0d7702","_from":".","_npmVersion":"2.14.3","_nodeVersion":"4.1.0","_npmUser":{"name":"sebmck","email":"sebmck@gmail.com"},"dist":{"shasum":"2176c938e8694ab3e44d431675e65f9a6d0d7702","tarball":"https://registry.npmjs.org/babel-messages/-/babel-messages-6.0.0.tgz"},"maintainers":[{"name":"sebmck","email":"sebmck@gmail.com"}],"directories":{}},"6.0.2":{"name":"babel-messages","version":"6.0.2","description":"","author":{"name":"Sebastian McKenzie","email":"sebmck@gmail.com"},"homepage":"https://babeljs.io/","license":"MIT","repository":{"type":"git","url":"git+https://github.com/babel/babel.git"},"main":"lib/index.js","dependencies":{"babel-runtime":"^6.0.2"},"bugs":{"url":"https://github.com/babel/babel/issues"},"_id":"babel-messages@6.0.2","scripts":{},"_shasum":"5bf7dee7aba1bca6f2ed84f51d83b9ef84e5a911","_from":".","_npmVersion":"2.14.3","_nodeVersion":"4.1.0","_npmUser":{"name":"sebmck","email":"sebmck@gmail.com"},"dist":{"shasum":"5bf7dee7aba1bca6f2ed84f51d83b9ef84e5a911","tarball":"https://registry.npmjs.org/babel-messages/-/babel-messages-6.0.2.tgz"},"maintainers":[{"name":"sebmck","email":"sebmck@gmail.com"}],"directories":{}},"6.0.12":{"name":"babel-messages","version":"6.0.12","description":"Collection of debug messages used by Babel.","author":{"name":"Sebastian McKenzie","email":"sebmck@gmail.com"},"homepage":"https://babeljs.io/","license":"MIT","repository":{"type":"git","url":"git+https://github.com/babel/babel.git"},"main":"lib/index.js","dependencies":{"babel-runtime":"^6.0.12"},"bugs":{"url":"https://github.com/babel/babel/issues"},"_id":"babel-messages@6.0.12","scripts":{},"_shasum":"3d4b896f3bdea01a2aecd4a468949f8f394ab1c9","_from":".","_npmVersion":"2.14.9","_nodeVersion":"4.1.0","_npmUser":{"name":"sebmck","email":"sebmck@gmail.com"},"dist":{"shasum":"3d4b896f3bdea01a2aecd4a468949f8f394ab1c9","tarball":"https://registry.npmjs.org/babel-messages/-/babel-messages-6.0.12.tgz"},"maintainers":[{"name":"sebmck","email":"sebmck@gmail.com"}],"directories":{}},"6.0.14":{"name":"babel-messages","version":"6.0.14","description":"Collection of debug messages used by Babel.","author":{"name":"Sebastian McKenzie","email":"sebmck@gmail.com"},"homepage":"https://babeljs.io/","license":"MIT","repository":{"type":"git","url":"https://github.com/babel/babel/tree/master/packages/babel-messages"},"main":"lib/index.js","dependencies":{"babel-runtime":"^6.0.14"},"_id":"babel-messages@6.0.14","scripts":{},"_shasum":"040ed7406d121ee7d05e726d0c9e4da24c190a67","_from":".","_npmVersion":"2.14.9","_nodeVersion":"4.1.0","_npmUser":{"name":"sebmck","email":"sebmck@gmail.com"},"dist":{"shasum":"040ed7406d121ee7d05e726d0c9e4da24c190a67","tarball":"https://registry.npmjs.org/babel-messages/-/babel-messages-6.0.14.tgz"},"maintainers":[{"name":"sebmck","email":"sebmck@gmail.com"}],"directories":{}},"6.0.15":{"name":"babel-messages","version":"6.0.15","description":"Collection of debug messages used by Babel.","author":{"name":"Sebastian McKenzie","email":"sebmck@gmail.com"},"homepage":"https://babeljs.io/","license":"MIT","repository":{"type":"git","url":"https://github.com/babel/babel/tree/master/packages/babel-messages"},"main":"lib/index.js","dependencies":{"babel-runtime":"^5.0.0"},"_id":"babel-messages@6.0.15","scripts":{},"_shasum":"23297aab49c647fdc50859dacdcc16ab085a518d","_from":".","_npmVersion":"2.14.9","_nodeVersion":"4.1.0","_npmUser":{"name":"sebmck","email":"sebmck@gmail.com"},"dist":{"shasum":"23297aab49c647fdc50859dacdcc16ab085a518d","tarball":"https://registry.npmjs.org/babel-messages/-/babel-messages-6.0.15.tgz"},"maintainers":[{"name":"sebmck","email":"sebmck@gmail.com"}],"directories":{}},"6.1.4":{"name":"babel-messages","version":"6.1.4","description":"Collection of debug messages used by Babel.","author":{"name":"Sebastian McKenzie","email":"sebmck@gmail.com"},"homepage":"https://babeljs.io/","license":"MIT","repository":{"type":"git","url":"https://github.com/babel/babel/tree/master/packages/babel-messages"},"main":"lib/index.js","dependencies":{"babel-runtime":"^5.0.0"},"_id":"babel-messages@6.1.4","scripts":{},"_shasum":"6dd6add8fa3db7a2c5c2cc30ac5ec821fed62e38","_from":".","_npmVersion":"3.3.10","_nodeVersion":"4.1.0","_npmUser":{"name":"sebmck","email":"sebmck@gmail.com"},"dist":{"shasum":"6dd6add8fa3db7a2c5c2cc30ac5ec821fed62e38","tarball":"https://registry.npmjs.org/babel-messages/-/babel-messages-6.1.4.tgz"},"maintainers":[{"name":"sebmck","email":"sebmck@gmail.com"}],"directories":{}},"6.1.5":{"name":"babel-messages","version":"6.1.5","description":"Collection of debug messages used by Babel.","author":{"name":"Sebastian McKenzie","email":"sebmck@gmail.com"},"homepage":"https://babeljs.io/","license":"MIT","repository":{"type":"git","url":"https://github.com/babel/babel/tree/master/packages/babel-messages"},"main":"lib/index.js","dependencies":{"babel-runtime":"^5.0.0"},"_id":"babel-messages@6.1.5","scripts":{},"_shasum":"aaf7e9e4ac2843c6cf1ce6a6bacd23a1a2beb477","_from":".","_npmVersion":"3.3.10","_nodeVersion":"4.1.0","_npmUser":{"name":"sebmck","email":"sebmck@gmail.com"},"dist":{"shasum":"aaf7e9e4ac2843c6cf1ce6a6bacd23a1a2beb477","tarball":"https://registry.npmjs.org/babel-messages/-/babel-messages-6.1.5.tgz"},"maintainers":[{"name":"sebmck","email":"sebmck@gmail.com"}],"directories":{}},"6.1.6":{"name":"babel-messages","version":"6.1.6","description":"Collection of debug messages used by Babel.","author":{"name":"Sebastian McKenzie","email":"sebmck@gmail.com"},"homepage":"https://babeljs.io/","license":"MIT","repository":{"type":"git","url":"https://github.com/babel/babel/tree/master/packages/babel-messages"},"main":"lib/index.js","dependencies":{"babel-runtime":"^5.0.0"},"_id":"babel-messages@6.1.6","scripts":{},"_shasum":"09aca6167a3115b97133bc9818082ad93dc9476a","_from":".","_npmVersion":"3.3.10","_nodeVersion":"4.1.0","_npmUser":{"name":"sebmck","email":"sebmck@gmail.com"},"dist":{"shasum":"09aca6167a3115b97133bc9818082ad93dc9476a","tarball":"https://registry.npmjs.org/babel-messages/-/babel-messages-6.1.6.tgz"},"maintainers":[{"name":"amasad","email":"amjad.masad@gmail.com"},{"name":"sebmck","email":"sebmck@gmail.com"},{"name":"thejameskyle","email":"me@thejameskyle.com"}],"directories":{}},"6.1.7":{"name":"babel-messages","version":"6.1.7","description":"Collection of debug messages used by Babel.","author":{"name":"Sebastian McKenzie","email":"sebmck@gmail.com"},"homepage":"https://babeljs.io/","license":"MIT","repository":{"type":"git","url":"https://github.com/babel/babel/tree/master/packages/babel-messages"},"main":"lib/index.js","dependencies":{"babel-runtime":"^5.0.0"},"_id":"babel-messages@6.1.7","scripts":{},"_shasum":"359f5b44452f1867d04a62e22b7579df9e5400d5","_from":".","_npmVersion":"3.3.10","_nodeVersion":"4.1.0","_npmUser":{"name":"sebmck","email":"sebmck@gmail.com"},"dist":{"shasum":"359f5b44452f1867d04a62e22b7579df9e5400d5","tarball":"https://registry.npmjs.org/babel-messages/-/babel-messages-6.1.7.tgz"},"maintainers":[{"name":"amasad","email":"amjad.masad@gmail.com"},{"name":"sebmck","email":"sebmck@gmail.com"},{"name":"thejameskyle","email":"me@thejameskyle.com"}],"directories":{}},"6.1.8":{"name":"babel-messages","version":"6.1.8","description":"Collection of debug messages used by Babel.","author":{"name":"Sebastian McKenzie","email":"sebmck@gmail.com"},"homepage":"https://babeljs.io/","license":"MIT","repository":{"type":"git","url":"https://github.com/babel/babel/tree/master/packages/babel-messages"},"main":"lib/index.js","dependencies":{"babel-runtime":"^5.0.0"},"_id":"babel-messages@6.1.8","scripts":{},"_shasum":"8a0079614a141a5c82f3e6c81bc8de2bd9644ed9","_from":".","_npmVersion":"3.3.10","_nodeVersion":"4.1.0","_npmUser":{"name":"sebmck","email":"sebmck@gmail.com"},"dist":{"shasum":"8a0079614a141a5c82f3e6c81bc8de2bd9644ed9","tarball":"https://registry.npmjs.org/babel-messages/-/babel-messages-6.1.8.tgz"},"maintainers":[{"name":"amasad","email":"amjad.masad@gmail.com"},{"name":"sebmck","email":"sebmck@gmail.com"},{"name":"thejameskyle","email":"me@thejameskyle.com"}],"directories":{}},"6.1.9":{"name":"babel-messages","version":"6.1.9","description":"Collection of debug messages used by Babel.","author":{"name":"Sebastian McKenzie","email":"sebmck@gmail.com"},"homepage":"https://babeljs.io/","license":"MIT","repository":{"type":"git","url":"https://github.com/babel/babel/tree/master/packages/babel-messages"},"main":"lib/index.js","dependencies":{"babel-runtime":"^5.0.0"},"_id":"babel-messages@6.1.9","scripts":{},"_shasum":"b65fc4f1b4693cefdb6f954dea94674b5fa89393","_from":".","_npmVersion":"3.3.10","_nodeVersion":"4.1.0","_npmUser":{"name":"sebmck","email":"sebmck@gmail.com"},"dist":{"shasum":"b65fc4f1b4693cefdb6f954dea94674b5fa89393","tarball":"https://registry.npmjs.org/babel-messages/-/babel-messages-6.1.9.tgz"},"maintainers":[{"name":"amasad","email":"amjad.masad@gmail.com"},{"name":"sebmck","email":"sebmck@gmail.com"},{"name":"thejameskyle","email":"me@thejameskyle.com"}],"directories":{}},"6.1.10":{"name":"babel-messages","version":"6.1.10","description":"Collection of debug messages used by Babel.","author":{"name":"Sebastian McKenzie","email":"sebmck@gmail.com"},"homepage":"https://babeljs.io/","license":"MIT","repository":{"type":"git","url":"https://github.com/babel/babel/tree/master/packages/babel-messages"},"main":"lib/index.js","dependencies":{"babel-runtime":"^5.0.0"},"_id":"babel-messages@6.1.10","scripts":{},"_shasum":"92ed4cad16bcc91c76ee9d3afc10e3fbf8936e70","_from":".","_npmVersion":"3.3.10","_nodeVersion":"4.1.0","_npmUser":{"name":"sebmck","email":"sebmck@gmail.com"},"dist":{"shasum":"92ed4cad16bcc91c76ee9d3afc10e3fbf8936e70","tarball":"https://registry.npmjs.org/babel-messages/-/babel-messages-6.1.10.tgz"},"maintainers":[{"name":"amasad","email":"amjad.masad@gmail.com"},{"name":"sebmck","email":"sebmck@gmail.com"},{"name":"thejameskyle","email":"me@thejameskyle.com"}],"directories":{}},"6.1.12":{"name":"babel-messages","version":"6.1.12","description":"Collection of debug messages used by Babel.","author":{"name":"Sebastian McKenzie","email":"sebmck@gmail.com"},"homepage":"https://babeljs.io/","license":"MIT","repository":{"type":"git","url":"https://github.com/babel/babel/tree/master/packages/babel-messages"},"main":"lib/index.js","dependencies":{"babel-runtime":"^5.0.0"},"_id":"babel-messages@6.1.12","scripts":{},"_shasum":"5e28eb9eb31b7aafb7107b63d41c25c73da33442","_from":".","_npmVersion":"3.3.10","_nodeVersion":"4.1.0","_npmUser":{"name":"sebmck","email":"sebmck@gmail.com"},"dist":{"shasum":"5e28eb9eb31b7aafb7107b63d41c25c73da33442","tarball":"https://registry.npmjs.org/babel-messages/-/babel-messages-6.1.12.tgz"},"maintainers":[{"name":"amasad","email":"amjad.masad@gmail.com"},{"name":"sebmck","email":"sebmck@gmail.com"},{"name":"thejameskyle","email":"me@thejameskyle.com"}],"directories":{}},"6.1.13":{"name":"babel-messages","version":"6.1.13","description":"Collection of debug messages used by Babel.","author":{"name":"Sebastian McKenzie","email":"sebmck@gmail.com"},"homepage":"https://babeljs.io/","license":"MIT","repository":{"type":"git","url":"https://github.com/babel/babel/tree/master/packages/babel-messages"},"main":"lib/index.js","dependencies":{"babel-runtime":"^5.0.0"},"_id":"babel-messages@6.1.13","scripts":{},"_shasum":"015d1965d2c5a6c6b8f8fbce9c4fadc2dbc21619","_from":".","_npmVersion":"3.3.10","_nodeVersion":"4.1.0","_npmUser":{"name":"sebmck","email":"sebmck@gmail.com"},"dist":{"shasum":"015d1965d2c5a6c6b8f8fbce9c4fadc2dbc21619","tarball":"https://registry.npmjs.org/babel-messages/-/babel-messages-6.1.13.tgz"},"maintainers":[{"name":"amasad","email":"amjad.masad@gmail.com"},{"name":"sebmck","email":"sebmck@gmail.com"},{"name":"thejameskyle","email":"me@thejameskyle.com"}],"directories":{}},"6.1.16":{"name":"babel-messages","version":"6.1.16","description":"Collection of debug messages used by Babel.","author":{"name":"Sebastian McKenzie","email":"sebmck@gmail.com"},"homepage":"https://babeljs.io/","license":"MIT","repository":{"type":"git","url":"https://github.com/babel/babel/tree/master/packages/babel-messages"},"main":"lib/index.js","dependencies":{"babel-runtime":"^5.0.0"},"_id":"babel-messages@6.1.16","scripts":{},"_shasum":"37323c3ebe9d4a42b11a8850ce4d865cff7ef02a","_from":".","_npmVersion":"3.3.10","_nodeVersion":"4.1.0","_npmUser":{"name":"sebmck","email":"sebmck@gmail.com"},"dist":{"shasum":"37323c3ebe9d4a42b11a8850ce4d865cff7ef02a","tarball":"https://registry.npmjs.org/babel-messages/-/babel-messages-6.1.16.tgz"},"maintainers":[{"name":"amasad","email":"amjad.masad@gmail.com"},{"name":"sebmck","email":"sebmck@gmail.com"},{"name":"thejameskyle","email":"me@thejameskyle.com"}],"directories":{}},"6.1.17":{"name":"babel-messages","version":"6.1.17","description":"Collection of debug messages used by Babel.","author":{"name":"Sebastian McKenzie","email":"sebmck@gmail.com"},"homepage":"https://babeljs.io/","license":"MIT","repository":{"type":"git","url":"https://github.com/babel/babel/tree/master/packages/babel-messages"},"main":"lib/index.js","dependencies":{"babel-runtime":"^5.0.0"},"_id":"babel-messages@6.1.17","scripts":{},"_shasum":"cb1c7f46e13afe23dc9763ed7ee2eeab55ec565c","_from":".","_npmVersion":"3.3.10","_nodeVersion":"4.1.0","_npmUser":{"name":"sebmck","email":"sebmck@gmail.com"},"dist":{"shasum":"cb1c7f46e13afe23dc9763ed7ee2eeab55ec565c","tarball":"https://registry.npmjs.org/babel-messages/-/babel-messages-6.1.17.tgz"},"maintainers":[{"name":"amasad","email":"amjad.masad@gmail.com"},{"name":"sebmck","email":"sebmck@gmail.com"},{"name":"thejameskyle","email":"me@thejameskyle.com"}],"directories":{}},"6.1.18":{"name":"babel-messages","version":"6.1.18","description":"Collection of debug messages used by Babel.","author":{"name":"Sebastian McKenzie","email":"sebmck@gmail.com"},"homepage":"https://babeljs.io/","license":"MIT","repository":{"type":"git","url":"https://github.com/babel/babel/tree/master/packages/babel-messages"},"main":"lib/index.js","dependencies":{"babel-runtime":"^5.0.0"},"_id":"babel-messages@6.1.18","scripts":{},"_shasum":"4807418a2c04c6a534f591960bf95c44443a2678","_from":".","_npmVersion":"3.3.10","_nodeVersion":"4.1.0","_npmUser":{"name":"sebmck","email":"sebmck@gmail.com"},"dist":{"shasum":"4807418a2c04c6a534f591960bf95c44443a2678","tarball":"https://registry.npmjs.org/babel-messages/-/babel-messages-6.1.18.tgz"},"maintainers":[{"name":"amasad","email":"amjad.masad@gmail.com"},{"name":"sebmck","email":"sebmck@gmail.com"},{"name":"thejameskyle","email":"me@thejameskyle.com"}],"directories":{}},"6.2.0":{"name":"babel-messages","version":"6.2.0","description":"Collection of debug messages used by Babel.","author":{"name":"Sebastian McKenzie","email":"sebmck@gmail.com"},"homepage":"https://babeljs.io/","license":"MIT","repository":{"type":"git","url":"https://github.com/babel/babel/tree/master/packages/babel-messages"},"main":"lib/index.js","dependencies":{"babel-runtime":"^5.0.0"},"_id":"babel-messages@6.2.0","scripts":{},"_shasum":"a8f4b9e9680fda47b39d88a176cd5927b70960f8","_from":".","_npmVersion":"3.3.10","_nodeVersion":"4.1.0","_npmUser":{"name":"sebmck","email":"sebmck@gmail.com"},"dist":{"shasum":"a8f4b9e9680fda47b39d88a176cd5927b70960f8","tarball":"https://registry.npmjs.org/babel-messages/-/babel-messages-6.2.0.tgz"},"maintainers":[{"name":"amasad","email":"amjad.masad@gmail.com"},{"name":"sebmck","email":"sebmck@gmail.com"},{"name":"thejameskyle","email":"me@thejameskyle.com"}],"directories":{}},"6.2.1":{"name":"babel-messages","version":"6.2.1","description":"Collection of debug messages used by Babel.","author":{"name":"Sebastian McKenzie","email":"sebmck@gmail.com"},"homepage":"https://babeljs.io/","license":"MIT","repository":{"type":"git","url":"https://github.com/babel/babel/tree/master/packages/babel-messages"},"main":"lib/index.js","dependencies":{"babel-runtime":"^5.0.0"},"_id":"babel-messages@6.2.1","scripts":{},"_shasum":"95f69eab049a7579390b5e2f544227edef093dce","_from":".","_npmVersion":"3.3.10","_nodeVersion":"4.1.0","_npmUser":{"name":"sebmck","email":"sebmck@gmail.com"},"dist":{"shasum":"95f69eab049a7579390b5e2f544227edef093dce","tarball":"https://registry.npmjs.org/babel-messages/-/babel-messages-6.2.1.tgz"},"maintainers":[{"name":"amasad","email":"amjad.masad@gmail.com"},{"name":"sebmck","email":"sebmck@gmail.com"},{"name":"thejameskyle","email":"me@thejameskyle.com"}],"directories":{}},"6.2.4":{"name":"babel-messages","version":"6.2.4","description":"Collection of debug messages used by Babel.","author":{"name":"Sebastian McKenzie","email":"sebmck@gmail.com"},"homepage":"https://babeljs.io/","license":"MIT","repository":{"type":"git","url":"https://github.com/babel/babel/tree/master/packages/babel-messages"},"main":"lib/index.js","dependencies":{"babel-runtime":"^5.0.0"},"_id":"babel-messages@6.2.4","scripts":{},"_shasum":"dd97d282a6c3d0fd6d39454c08ad72f7cef0a0d5","_from":".","_npmVersion":"3.3.10","_nodeVersion":"4.1.0","_npmUser":{"name":"sebmck","email":"sebmck@gmail.com"},"dist":{"shasum":"dd97d282a6c3d0fd6d39454c08ad72f7cef0a0d5","tarball":"https://registry.npmjs.org/babel-messages/-/babel-messages-6.2.4.tgz"},"maintainers":[{"name":"amasad","email":"amjad.masad@gmail.com"},{"name":"sebmck","email":"sebmck@gmail.com"},{"name":"thejameskyle","email":"me@thejameskyle.com"}],"directories":{}},"6.3.13":{"name":"babel-messages","version":"6.3.13","description":"Collection of debug messages used by Babel.","author":{"name":"Sebastian McKenzie","email":"sebmck@gmail.com"},"homepage":"https://babeljs.io/","license":"MIT","repository":{"type":"git","url":"https://github.com/babel/babel/tree/master/packages/babel-messages"},"main":"lib/index.js","dependencies":{"babel-runtime":"^5.0.0"},"_id":"babel-messages@6.3.13","scripts":{},"_shasum":"701b0aa3161670bdb68c85cdb4bf75f9b1e4ad73","_from":".","_npmVersion":"3.3.10","_nodeVersion":"4.1.0","_npmUser":{"name":"sebmck","email":"sebmck@gmail.com"},"dist":{"shasum":"701b0aa3161670bdb68c85cdb4bf75f9b1e4ad73","tarball":"https://registry.npmjs.org/babel-messages/-/babel-messages-6.3.13.tgz"},"maintainers":[{"name":"amasad","email":"amjad.masad@gmail.com"},{"name":"hzoo","email":"hi@henryzoo.com"},{"name":"jmm","email":"npm-public@jessemccarthy.net"},{"name":"loganfsmyth","email":"loganfsmyth@gmail.com"},{"name":"sebmck","email":"sebmck@gmail.com"},{"name":"thejameskyle","email":"me@thejameskyle.com"}],"directories":{}},"6.3.18":{"name":"babel-messages","version":"6.3.18","description":"Collection of debug messages used by Babel.","author":{"name":"Sebastian McKenzie","email":"sebmck@gmail.com"},"homepage":"https://babeljs.io/","license":"MIT","repository":{"type":"git","url":"https://github.com/babel/babel/tree/master/packages/babel-messages"},"main":"lib/index.js","dependencies":{"babel-runtime":"^5.0.0"},"_id":"babel-messages@6.3.18","scripts":{},"_shasum":"7954a153be83c31f109f62bba45413f044f32419","_from":".","_npmVersion":"2.14.7","_nodeVersion":"4.2.2","_npmUser":{"name":"amasad","email":"amjad.masad@gmail.com"},"maintainers":[{"name":"amasad","email":"amjad.masad@gmail.com"},{"name":"hzoo","email":"hi@henryzoo.com"},{"name":"jmm","email":"npm-public@jessemccarthy.net"},{"name":"loganfsmyth","email":"loganfsmyth@gmail.com"},{"name":"sebmck","email":"sebmck@gmail.com"},{"name":"thejameskyle","email":"me@thejameskyle.com"}],"dist":{"shasum":"7954a153be83c31f109f62bba45413f044f32419","tarball":"https://registry.npmjs.org/babel-messages/-/babel-messages-6.3.18.tgz"},"directories":{}},"6.5.0":{"name":"babel-messages","version":"6.5.0","description":"Collection of debug messages used by Babel.","author":{"name":"Sebastian McKenzie","email":"sebmck@gmail.com"},"homepage":"https://babeljs.io/","license":"MIT","repository":{"type":"git","url":"https://github.com/babel/babel/tree/master/packages/babel-messages"},"main":"lib/index.js","dependencies":{"babel-runtime":"^5.0.0"},"_id":"babel-messages@6.5.0","scripts":{},"_shasum":"3ad56937152b2c6df9429b273d58a66fae6b4cff","_from":".","_npmVersion":"3.6.0","_nodeVersion":"5.1.0","_npmUser":{"name":"hzoo","email":"hi@henryzoo.com"},"dist":{"shasum":"3ad56937152b2c6df9429b273d58a66fae6b4cff","tarball":"https://registry.npmjs.org/babel-messages/-/babel-messages-6.5.0.tgz"},"maintainers":[{"name":"amasad","email":"amjad.masad@gmail.com"},{"name":"hzoo","email":"hi@henryzoo.com"},{"name":"jmm","email":"npm-public@jessemccarthy.net"},{"name":"loganfsmyth","email":"loganfsmyth@gmail.com"},{"name":"sebmck","email":"sebmck@gmail.com"},{"name":"thejameskyle","email":"me@thejameskyle.com"}],"_npmOperationalInternal":{"host":"packages-6-west.internal.npmjs.com","tmp":"tmp/babel-messages-6.5.0.tgz_1454803625588_0.551255272468552"},"directories":{}},"6.5.0-1":{"name":"babel-messages","version":"6.5.0-1","description":"Collection of debug messages used by Babel.","author":{"name":"Sebastian McKenzie","email":"sebmck@gmail.com"},"homepage":"https://babeljs.io/","license":"MIT","repository":{"type":"git","url":"https://github.com/babel/babel/tree/master/packages/babel-messages"},"main":"lib/index.js","dependencies":{"babel-runtime":"^5.0.0"},"_id":"babel-messages@6.5.0-1","scripts":{},"_shasum":"e2e3aba4cf9803dae6b1129642335900371e8e74","_from":".","_npmVersion":"3.6.0","_nodeVersion":"5.1.0","_npmUser":{"name":"hzoo","email":"hi@henryzoo.com"},"dist":{"shasum":"e2e3aba4cf9803dae6b1129642335900371e8e74","tarball":"https://registry.npmjs.org/babel-messages/-/babel-messages-6.5.0-1.tgz"},"maintainers":[{"name":"amasad","email":"amjad.masad@gmail.com"},{"name":"hzoo","email":"hi@henryzoo.com"},{"name":"jmm","email":"npm-public@jessemccarthy.net"},{"name":"loganfsmyth","email":"loganfsmyth@gmail.com"},{"name":"sebmck","email":"sebmck@gmail.com"},{"name":"thejameskyle","email":"me@thejameskyle.com"}],"_npmOperationalInternal":{"host":"packages-9-west.internal.npmjs.com","tmp":"tmp/babel-messages-6.5.0-1.tgz_1454812792548_0.37926452048122883"},"directories":{}},"6.6.0":{"name":"babel-messages","version":"6.6.0","description":"Collection of debug messages used by Babel.","author":{"name":"Sebastian McKenzie","email":"sebmck@gmail.com"},"homepage":"https://babeljs.io/","license":"MIT","repository":{"type":"git","url":"https://github.com/babel/babel/tree/master/packages/babel-messages"},"main":"lib/index.js","dependencies":{"babel-runtime":"^5.0.0"},"_id":"babel-messages@6.6.0","scripts":{},"_shasum":"500bd82aceedbc8ef417c802a93e49523d18c83f","_from":".","_npmVersion":"3.6.0","_nodeVersion":"5.1.0","_npmUser":{"name":"hzoo","email":"hi@henryzoo.com"},"dist":{"shasum":"500bd82aceedbc8ef417c802a93e49523d18c83f","tarball":"https://registry.npmjs.org/babel-messages/-/babel-messages-6.6.0.tgz"},"maintainers":[{"name":"amasad","email":"amjad.masad@gmail.com"},{"name":"hzoo","email":"hi@henryzoo.com"},{"name":"jmm","email":"npm-public@jessemccarthy.net"},{"name":"loganfsmyth","email":"loganfsmyth@gmail.com"},{"name":"sebmck","email":"sebmck@gmail.com"},{"name":"thejameskyle","email":"me@thejameskyle.com"}],"_npmOperationalInternal":{"host":"packages-9-west.internal.npmjs.com","tmp":"tmp/babel-messages-6.6.0.tgz_1456780355610_0.7580367831978947"},"directories":{}},"6.6.5":{"name":"babel-messages","version":"6.6.5","description":"Collection of debug messages used by Babel.","author":{"name":"Sebastian McKenzie","email":"sebmck@gmail.com"},"homepage":"https://babeljs.io/","license":"MIT","repository":{"type":"git","url":"https://github.com/babel/babel/tree/master/packages/babel-messages"},"main":"lib/index.js","dependencies":{"babel-runtime":"^5.0.0"},"_id":"babel-messages@6.6.5","scripts":{},"_shasum":"df531161c43659468a0e85bfcdf2d66dee7f9010","_from":".","_npmVersion":"3.6.0","_nodeVersion":"5.1.0","_npmUser":{"name":"hzoo","email":"hi@henryzoo.com"},"dist":{"shasum":"df531161c43659468a0e85bfcdf2d66dee7f9010","tarball":"https://registry.npmjs.org/babel-messages/-/babel-messages-6.6.5.tgz"},"maintainers":[{"name":"amasad","email":"amjad.masad@gmail.com"},{"name":"hzoo","email":"hi@henryzoo.com"},{"name":"jmm","email":"npm-public@jessemccarthy.net"},{"name":"loganfsmyth","email":"loganfsmyth@gmail.com"},{"name":"sebmck","email":"sebmck@gmail.com"},{"name":"thejameskyle","email":"me@thejameskyle.com"}],"_npmOperationalInternal":{"host":"packages-12-west.internal.npmjs.com","tmp":"tmp/babel-messages-6.6.5.tgz_1457133401045_0.16353814606554806"},"directories":{}},"6.7.2":{"name":"babel-messages","version":"6.7.2","description":"Collection of debug messages used by Babel.","author":{"name":"Sebastian McKenzie","email":"sebmck@gmail.com"},"homepage":"https://babeljs.io/","license":"MIT","repository":{"type":"git","url":"https://github.com/babel/babel/tree/master/packages/babel-messages"},"main":"lib/index.js","dependencies":{"babel-runtime":"^5.0.0"},"_id":"babel-messages@6.7.2","scripts":{},"_shasum":"d46dbfc69da4c27e0e145c17441fc617cf76af71","_from":".","_npmVersion":"3.3.12","_nodeVersion":"5.5.0","_npmUser":{"name":"amasad","email":"amjad.masad@gmail.com"},"maintainers":[{"name":"amasad","email":"amjad.masad@gmail.com"},{"name":"hzoo","email":"hi@henryzoo.com"},{"name":"jmm","email":"npm-public@jessemccarthy.net"},{"name":"loganfsmyth","email":"loganfsmyth@gmail.com"},{"name":"sebmck","email":"sebmck@gmail.com"},{"name":"thejameskyle","email":"me@thejameskyle.com"}],"dist":{"shasum":"d46dbfc69da4c27e0e145c17441fc617cf76af71","tarball":"https://registry.npmjs.org/babel-messages/-/babel-messages-6.7.2.tgz"},"_npmOperationalInternal":{"host":"packages-12-west.internal.npmjs.com","tmp":"tmp/babel-messages-6.7.2.tgz_1457649689408_0.05176954669877887"},"directories":{}},"6.8.0":{"name":"babel-messages","version":"6.8.0","description":"Collection of debug messages used by Babel.","author":{"name":"Sebastian McKenzie","email":"sebmck@gmail.com"},"homepage":"https://babeljs.io/","license":"MIT","repository":{"type":"git","url":"https://github.com/babel/babel/tree/master/packages/babel-messages"},"main":"lib/index.js","dependencies":{"babel-runtime":"^6.0.0"},"_id":"babel-messages@6.8.0","scripts":{},"_shasum":"bf504736ca967e6d65ef0adb5a2a5f947c8e0eb9","_from":".","_npmVersion":"3.8.6","_nodeVersion":"5.1.0","_npmUser":{"name":"hzoo","email":"hi@henryzoo.com"},"maintainers":[{"name":"amasad","email":"amjad.masad@gmail.com"},{"name":"hzoo","email":"hi@henryzoo.com"},{"name":"jmm","email":"npm-public@jessemccarthy.net"},{"name":"loganfsmyth","email":"loganfsmyth@gmail.com"},{"name":"sebmck","email":"sebmck@gmail.com"},{"name":"thejameskyle","email":"me@thejameskyle.com"}],"dist":{"shasum":"bf504736ca967e6d65ef0adb5a2a5f947c8e0eb9","tarball":"https://registry.npmjs.org/babel-messages/-/babel-messages-6.8.0.tgz"},"_npmOperationalInternal":{"host":"packages-16-east.internal.npmjs.com","tmp":"tmp/babel-messages-6.8.0.tgz_1462232650913_0.2572917281650007"},"directories":{}},"6.22.0":{"name":"babel-messages","version":"6.22.0","description":"Collection of debug messages used by Babel.","author":{"name":"Sebastian McKenzie","email":"sebmck@gmail.com"},"homepage":"https://babeljs.io/","license":"MIT","repository":{"type":"git","url":"https://github.com/babel/babel/tree/master/packages/babel-messages"},"main":"lib/index.js","dependencies":{"babel-runtime":"^6.22.0"},"_id":"babel-messages@6.22.0","scripts":{},"_shasum":"36066a214f1217e4ed4164867669ecb39e3ea575","_from":".","_npmVersion":"3.10.10","_nodeVersion":"6.9.0","_npmUser":{"name":"hzoo","email":"hi@henryzoo.com"},"dist":{"shasum":"36066a214f1217e4ed4164867669ecb39e3ea575","tarball":"https://registry.npmjs.org/babel-messages/-/babel-messages-6.22.0.tgz"},"maintainers":[{"name":"amasad","email":"amjad.masad@gmail.com"},{"name":"hzoo","email":"hi@henryzoo.com"},{"name":"jmm","email":"npm-public@jessemccarthy.net"},{"name":"loganfsmyth","email":"loganfsmyth@gmail.com"},{"name":"sebmck","email":"sebmck@gmail.com"},{"name":"thejameskyle","email":"me@thejameskyle.com"}],"_npmOperationalInternal":{"host":"packages-12-west.internal.npmjs.com","tmp":"tmp/babel-messages-6.22.0.tgz_1484872418654_0.7806814115028828"},"directories":{}},"6.23.0":{"name":"babel-messages","version":"6.23.0","description":"Collection of debug messages used by Babel.","author":{"name":"Sebastian McKenzie","email":"sebmck@gmail.com"},"homepage":"https://babeljs.io/","license":"MIT","repository":{"type":"git","url":"https://github.com/babel/babel/tree/master/packages/babel-messages"},"main":"lib/index.js","dependencies":{"babel-runtime":"^6.22.0"},"_id":"babel-messages@6.23.0","scripts":{},"_shasum":"f3cdf4703858035b2a2951c6ec5edf6c62f2630e","_from":".","_npmVersion":"3.10.8","_nodeVersion":"6.9.1","_npmUser":{"name":"loganfsmyth","email":"loganfsmyth@gmail.com"},"dist":{"shasum":"f3cdf4703858035b2a2951c6ec5edf6c62f2630e","tarball":"https://registry.npmjs.org/babel-messages/-/babel-messages-6.23.0.tgz"},"maintainers":[{"name":"amasad","email":"amjad.masad@gmail.com"},{"name":"hzoo","email":"hi@henryzoo.com"},{"name":"jmm","email":"npm-public@jessemccarthy.net"},{"name":"loganfsmyth","email":"loganfsmyth@gmail.com"},{"name":"sebmck","email":"sebmck@gmail.com"},{"name":"thejameskyle","email":"me@thejameskyle.com"}],"_npmOperationalInternal":{"host":"packages-18-east.internal.npmjs.com","tmp":"tmp/babel-messages-6.23.0.tgz_1487027061100_0.7234047667589039"},"directories":{}},"7.0.0-alpha.1":{"name":"babel-messages","version":"7.0.0-alpha.1","description":"Collection of debug messages used by Babel.","author":{"name":"Sebastian McKenzie","email":"sebmck@gmail.com"},"homepage":"https://babeljs.io/","license":"MIT","repository":{"type":"git","url":"https://github.com/babel/babel/tree/master/packages/babel-messages"},"main":"lib/index.js","_id":"babel-messages@7.0.0-alpha.1","scripts":{},"_shasum":"6331acc91931f2caf88c12c9f56eeae16128a0d0","_from":".","_npmVersion":"3.10.10","_nodeVersion":"6.9.0","_npmUser":{"name":"hzoo","email":"hi@henryzoo.com"},"dist":{"shasum":"6331acc91931f2caf88c12c9f56eeae16128a0d0","tarball":"https://registry.npmjs.org/babel-messages/-/babel-messages-7.0.0-alpha.1.tgz"},"maintainers":[{"name":"amasad","email":"amjad.masad@gmail.com"},{"name":"hzoo","email":"hi@henryzoo.com"},{"name":"jmm","email":"npm-public@jessemccarthy.net"},{"name":"loganfsmyth","email":"loganfsmyth@gmail.com"},{"name":"sebmck","email":"sebmck@gmail.com"},{"name":"thejameskyle","email":"me@thejameskyle.com"}],"_npmOperationalInternal":{"host":"packages-12-west.internal.npmjs.com","tmp":"tmp/babel-messages-7.0.0-alpha.1.tgz_1488488689300_0.5474563552998006"},"directories":{}},"7.0.0-alpha.3":{"name":"babel-messages","version":"7.0.0-alpha.3","description":"Collection of debug messages used by Babel.","author":{"name":"Sebastian McKenzie","email":"sebmck@gmail.com"},"homepage":"https://babeljs.io/","license":"MIT","repository":{"type":"git","url":"https://github.com/babel/babel/tree/master/packages/babel-messages"},"main":"lib/index.js","_id":"babel-messages@7.0.0-alpha.3","scripts":{},"_shasum":"c8390a468478b8384da134612e12a6bc31a684e9","_from":".","_npmVersion":"3.10.10","_nodeVersion":"6.9.0","_npmUser":{"name":"hzoo","email":"hi@henryzoo.com"},"dist":{"shasum":"c8390a468478b8384da134612e12a6bc31a684e9","tarball":"https://registry.npmjs.org/babel-messages/-/babel-messages-7.0.0-alpha.3.tgz"},"maintainers":[{"name":"amasad","email":"amjad.masad@gmail.com"},{"name":"hzoo","email":"hi@henryzoo.com"},{"name":"jmm","email":"npm-public@jessemccarthy.net"},{"name":"loganfsmyth","email":"loganfsmyth@gmail.com"},{"name":"sebmck","email":"sebmck@gmail.com"},{"name":"thejameskyle","email":"me@thejameskyle.com"}],"_npmOperationalInternal":{"host":"packages-12-west.internal.npmjs.com","tmp":"tmp/babel-messages-7.0.0-alpha.3.tgz_1490298542619_0.44307876005768776"},"directories":{}},"7.0.0-alpha.8":{"name":"babel-messages","version":"7.0.0-alpha.8","description":"Collection of debug messages used by Babel.","author":{"name":"Sebastian McKenzie","email":"sebmck@gmail.com"},"homepage":"https://babeljs.io/","license":"MIT","repository":{"type":"git","url":"https://github.com/babel/babel/tree/master/packages/babel-messages"},"main":"lib/index.js","_id":"babel-messages@7.0.0-alpha.8","scripts":{},"_shasum":"6fb3eee1e1209491636992a3ed4806e75bbdcdb4","_from":".","_npmVersion":"3.10.10","_nodeVersion":"6.9.0","_npmUser":{"name":"hzoo","email":"hi@henryzoo.com"},"dist":{"shasum":"6fb3eee1e1209491636992a3ed4806e75bbdcdb4","tarball":"https://registry.npmjs.org/babel-messages/-/babel-messages-7.0.0-alpha.8.tgz"},"maintainers":[{"name":"amasad","email":"amjad.masad@gmail.com"},{"name":"hzoo","email":"hi@henryzoo.com"},{"name":"jmm","email":"npm-public@jessemccarthy.net"},{"name":"loganfsmyth","email":"loganfsmyth@gmail.com"},{"name":"sebmck","email":"sebmck@gmail.com"},{"name":"thejameskyle","email":"me@thejameskyle.com"}],"_npmOperationalInternal":{"host":"packages-12-west.internal.npmjs.com","tmp":"tmp/babel-messages-7.0.0-alpha.8.tgz_1492456353309_0.8554150490090251"},"directories":{}},"7.0.0-alpha.9":{"name":"babel-messages","version":"7.0.0-alpha.9","description":"Collection of debug messages used by Babel.","author":{"name":"Sebastian McKenzie","email":"sebmck@gmail.com"},"homepage":"https://babeljs.io/","license":"MIT","repository":{"type":"git","url":"https://github.com/babel/babel/tree/master/packages/babel-messages"},"main":"lib/index.js","_id":"babel-messages@7.0.0-alpha.9","scripts":{},"_shasum":"472b5e7158c4b3fded5eec0fb76f0ad930cb4ea8","_from":".","_npmVersion":"3.10.10","_nodeVersion":"6.9.0","_npmUser":{"name":"hzoo","email":"hi@henryzoo.com"},"dist":{"shasum":"472b5e7158c4b3fded5eec0fb76f0ad930cb4ea8","tarball":"https://registry.npmjs.org/babel-messages/-/babel-messages-7.0.0-alpha.9.tgz"},"maintainers":[{"name":"amasad","email":"amjad.masad@gmail.com"},{"name":"hzoo","email":"hi@henryzoo.com"},{"name":"jmm","email":"npm-public@jessemccarthy.net"},{"name":"loganfsmyth","email":"loganfsmyth@gmail.com"},{"name":"sebmck","email":"sebmck@gmail.com"},{"name":"thejameskyle","email":"me@thejameskyle.com"}],"_npmOperationalInternal":{"host":"packages-18-east.internal.npmjs.com","tmp":"tmp/babel-messages-7.0.0-alpha.9.tgz_1492526492811_0.3694845284335315"},"directories":{}},"7.0.0-alpha.10":{"name":"babel-messages","version":"7.0.0-alpha.10","description":"Collection of debug messages used by Babel.","author":{"name":"Sebastian McKenzie","email":"sebmck@gmail.com"},"homepage":"https://babeljs.io/","license":"MIT","repository":{"type":"git","url":"https://github.com/babel/babel/tree/master/packages/babel-messages"},"main":"lib/index.js","_id":"babel-messages@7.0.0-alpha.10","scripts":{},"_shasum":"5a8544b1afbddca38aa3d8cbe2c72d301979ec3c","_from":".","_npmVersion":"3.10.10","_nodeVersion":"6.9.0","_npmUser":{"name":"hzoo","email":"hi@henryzoo.com"},"dist":{"shasum":"5a8544b1afbddca38aa3d8cbe2c72d301979ec3c","tarball":"https://registry.npmjs.org/babel-messages/-/babel-messages-7.0.0-alpha.10.tgz"},"maintainers":[{"email":"daniel@tschinder.de","name":"danez"},{"email":"hi@henryzoo.com","name":"hzoo"},{"email":"loganfsmyth@gmail.com","name":"loganfsmyth"}],"_npmOperationalInternal":{"host":"s3://npm-registry-packages","tmp":"tmp/babel-messages-7.0.0-alpha.10.tgz_1495739829062_0.5798430303111672"},"directories":{}},"7.0.0-alpha.12":{"name":"babel-messages","version":"7.0.0-alpha.12","description":"Collection of debug messages used by Babel.","author":{"name":"Sebastian McKenzie","email":"sebmck@gmail.com"},"homepage":"https://babeljs.io/","license":"MIT","repository":{"type":"git","url":"https://github.com/babel/babel/tree/master/packages/babel-messages"},"main":"lib/index.js","_id":"babel-messages@7.0.0-alpha.12","_npmVersion":"5.0.0","_nodeVersion":"6.9.0","_npmUser":{"name":"hzoo","email":"hi@henryzoo.com"},"dist":{"integrity":"sha512-/IlgeERzfxNK29fA7QnH3tswk1s1yl232+arNkP5jCYdur9R4oAmDRRlGaWg9T1sS3xpOJ/G4A39IGZm9yM6CA==","shasum":"5fda840cb8dfeda06a7894a1e8ab1af695f249c0","tarball":"https://registry.npmjs.org/babel-messages/-/babel-messages-7.0.0-alpha.12.tgz"},"maintainers":[{"email":"sebmck@gmail.com","name":"sebmck"},{"email":"daniel@tschinder.de","name":"danez"},{"email":"hi@henryzoo.com","name":"hzoo"},{"email":"loganfsmyth@gmail.com","name":"loganfsmyth"}],"_npmOperationalInternal":{"host":"s3://npm-registry-packages","tmp":"tmp/babel-messages-7.0.0-alpha.12.tgz_1496265100632_0.48421259550377727"},"directories":{}},"7.0.0-alpha.13":{"name":"babel-messages","version":"7.0.0-alpha.13","description":"Collection of debug messages used by Babel.","author":{"name":"Sebastian McKenzie","email":"sebmck@gmail.com"},"homepage":"https://babeljs.io/","license":"MIT","repository":{"type":"git","url":"https://github.com/babel/babel/tree/master/packages/babel-messages"},"main":"lib/index.js","_id":"babel-messages@7.0.0-alpha.13","scripts":{},"_shasum":"7535ce61d85d28fdcbaf86169424485d47776c1f","_from":".","_npmVersion":"4.6.1","_nodeVersion":"6.9.0","_npmUser":{"name":"hzoo","email":"hi@henryzoo.com"},"dist":{"shasum":"7535ce61d85d28fdcbaf86169424485d47776c1f","tarball":"https://registry.npmjs.org/babel-messages/-/babel-messages-7.0.0-alpha.13.tgz"},"maintainers":[{"email":"sebmck@gmail.com","name":"sebmck"},{"email":"daniel@tschinder.de","name":"danez"},{"email":"hi@henryzoo.com","name":"hzoo"},{"email":"loganfsmyth@gmail.com","name":"loganfsmyth"}],"_npmOperationalInternal":{"host":"s3://npm-registry-packages","tmp":"tmp/babel-messages-7.0.0-alpha.13.tgz_1499826478815_0.20675841090269387"},"directories":{}},"7.0.0-alpha.14":{"name":"babel-messages","version":"7.0.0-alpha.14","description":"Collection of debug messages used by Babel.","author":{"name":"Sebastian McKenzie","email":"sebmck@gmail.com"},"homepage":"https://babeljs.io/","license":"MIT","repository":{"type":"git","url":"https://github.com/babel/babel/tree/master/packages/babel-messages"},"main":"lib/index.js","_id":"babel-messages@7.0.0-alpha.14","scripts":{},"_shasum":"58a3378d3035fb72bb8dbaf3f758b22c5df9600b","_from":".","_npmVersion":"4.6.1","_nodeVersion":"6.9.0","_npmUser":{"name":"hzoo","email":"hi@henryzoo.com"},"dist":{"shasum":"58a3378d3035fb72bb8dbaf3f758b22c5df9600b","tarball":"https://registry.npmjs.org/babel-messages/-/babel-messages-7.0.0-alpha.14.tgz"},"maintainers":[{"email":"sebmck@gmail.com","name":"sebmck"},{"email":"daniel@tschinder.de","name":"danez"},{"email":"hi@henryzoo.com","name":"hzoo"},{"email":"loganfsmyth@gmail.com","name":"loganfsmyth"}],"_npmOperationalInternal":{"host":"s3://npm-registry-packages","tmp":"tmp/babel-messages-7.0.0-alpha.14.tgz_1499827991156_0.9674621250014752"},"directories":{}},"7.0.0-alpha.15":{"name":"babel-messages","version":"7.0.0-alpha.15","description":"Collection of debug messages used by Babel.","author":{"name":"Sebastian McKenzie","email":"sebmck@gmail.com"},"homepage":"https://babeljs.io/","license":"MIT","repository":{"type":"git","url":"https://github.com/babel/babel/tree/master/packages/babel-messages"},"main":"lib/index.js","_id":"babel-messages@7.0.0-alpha.15","scripts":{},"_shasum":"97991d32d86a2130aff08fa75a16cfc5acad9e42","_from":".","_npmVersion":"4.6.1","_nodeVersion":"6.9.0","_npmUser":{"name":"hzoo","email":"hi@henryzoo.com"},"dist":{"shasum":"97991d32d86a2130aff08fa75a16cfc5acad9e42","tarball":"https://registry.npmjs.org/babel-messages/-/babel-messages-7.0.0-alpha.15.tgz"},"maintainers":[{"email":"sebmck@gmail.com","name":"sebmck"},{"email":"daniel@tschinder.de","name":"danez"},{"email":"hi@henryzoo.com","name":"hzoo"},{"email":"loganfsmyth@gmail.com","name":"loganfsmyth"}],"_npmOperationalInternal":{"host":"s3://npm-registry-packages","tmp":"tmp/babel-messages-7.0.0-alpha.15.tgz_1499830525155_0.16601353557780385"},"directories":{}},"7.0.0-alpha.16":{"name":"babel-messages","version":"7.0.0-alpha.16","description":"Collection of debug messages used by Babel.","author":{"name":"Sebastian McKenzie","email":"sebmck@gmail.com"},"homepage":"https://babeljs.io/","license":"MIT","repository":{"type":"git","url":"https://github.com/babel/babel/tree/master/packages/babel-messages"},"main":"lib/index.js","_id":"babel-messages@7.0.0-alpha.16","scripts":{},"_shasum":"9de55213cf8e351922378765a93f3854b46748c2","_from":".","_npmVersion":"4.6.1","_nodeVersion":"6.9.0","_npmUser":{"name":"hzoo","email":"hi@henryzoo.com"},"dist":{"shasum":"9de55213cf8e351922378765a93f3854b46748c2","tarball":"https://registry.npmjs.org/babel-messages/-/babel-messages-7.0.0-alpha.16.tgz"},"maintainers":[{"email":"sebmck@gmail.com","name":"sebmck"},{"email":"daniel@tschinder.de","name":"danez"},{"email":"hi@henryzoo.com","name":"hzoo"},{"email":"loganfsmyth@gmail.com","name":"loganfsmyth"}],"_npmOperationalInternal":{"host":"s3://npm-registry-packages","tmp":"tmp/babel-messages-7.0.0-alpha.16.tgz_1501017438181_0.5363971095066518"},"directories":{}},"7.0.0-alpha.17":{"name":"babel-messages","version":"7.0.0-alpha.17","description":"Collection of debug messages used by Babel.","author":{"name":"Sebastian McKenzie","email":"sebmck@gmail.com"},"homepage":"https://babeljs.io/","license":"MIT","repository":{"type":"git","url":"https://github.com/babel/babel/tree/master/packages/babel-messages"},"main":"lib/index.js","_id":"babel-messages@7.0.0-alpha.17","scripts":{},"_shasum":"777d7f82656d5e3526c1f4c74aaaba99b260d7db","_from":".","_npmVersion":"4.6.1","_nodeVersion":"6.9.0","_npmUser":{"name":"hzoo","email":"hi@henryzoo.com"},"dist":{"shasum":"777d7f82656d5e3526c1f4c74aaaba99b260d7db","tarball":"https://registry.npmjs.org/babel-messages/-/babel-messages-7.0.0-alpha.17.tgz"},"maintainers":[{"email":"sebmck@gmail.com","name":"sebmck"},{"email":"daniel@tschinder.de","name":"danez"},{"email":"hi@henryzoo.com","name":"hzoo"},{"email":"loganfsmyth@gmail.com","name":"loganfsmyth"}],"_npmOperationalInternal":{"host":"s3://npm-registry-packages","tmp":"tmp/babel-messages-7.0.0-alpha.17.tgz_1501072726982_0.6637289386708289"},"directories":{}},"7.0.0-alpha.18":{"name":"babel-messages","version":"7.0.0-alpha.18","description":"Collection of debug messages used by Babel.","author":{"name":"Sebastian McKenzie","email":"sebmck@gmail.com"},"homepage":"https://babeljs.io/","license":"MIT","repository":{"type":"git","url":"https://github.com/babel/babel/tree/master/packages/babel-messages"},"main":"lib/index.js","_id":"babel-messages@7.0.0-alpha.18","_npmVersion":"5.3.0","_nodeVersion":"8.1.4","_npmUser":{"name":"hzoo","email":"hi@henryzoo.com"},"dist":{"integrity":"sha512-op9e5tYE2g776Ysfe+pTR1TcXQSzbXZwpsq8tP0HFmTrpSxpWF7iy4fs2SBbhPzVWq4KVaJhGoQev6WXsxjhQw==","shasum":"fd0293f42f20eff97af5b8ae0c5b75addb465060","tarball":"https://registry.npmjs.org/babel-messages/-/babel-messages-7.0.0-alpha.18.tgz"},"maintainers":[{"email":"me@thejameskyle.com","name":"thejameskyle"},{"email":"sebmck@gmail.com","name":"sebmck"},{"email":"daniel@tschinder.de","name":"danez"},{"email":"hi@henryzoo.com","name":"hzoo"},{"email":"loganfsmyth@gmail.com","name":"loganfsmyth"}],"_npmOperationalInternal":{"host":"s3://npm-registry-packages","tmp":"tmp/babel-messages-7.0.0-alpha.18.tgz_1501798839223_0.759897377807647"},"directories":{}},"7.0.0-alpha.19":{"name":"babel-messages","version":"7.0.0-alpha.19","description":"Collection of debug messages used by Babel.","author":{"name":"Sebastian McKenzie","email":"sebmck@gmail.com"},"homepage":"https://babeljs.io/","license":"MIT","repository":{"type":"git","url":"https://github.com/babel/babel/tree/master/packages/babel-messages"},"main":"lib/index.js","_id":"babel-messages@7.0.0-alpha.19","_npmVersion":"5.3.0","_nodeVersion":"8.1.4","_npmUser":{"name":"hzoo","email":"hi@henryzoo.com"},"dist":{"integrity":"sha512-uvK8YhgjYrKQGZchyI8fGPQBddQSPmX2PcVG5CombkNONzL4i916LxnjhusQoZRi9FGNIe7C/UANDOlWEX3Qjw==","shasum":"269b34b85070be6f6d101169ed3fdafc856dfd06","tarball":"https://registry.npmjs.org/babel-messages/-/babel-messages-7.0.0-alpha.19.tgz"},"maintainers":[{"email":"me@thejameskyle.com","name":"thejameskyle"},{"email":"sebmck@gmail.com","name":"sebmck"},{"email":"daniel@tschinder.de","name":"danez"},{"email":"hi@henryzoo.com","name":"hzoo"},{"email":"loganfsmyth@gmail.com","name":"loganfsmyth"}],"_npmOperationalInternal":{"host":"s3://npm-registry-packages","tmp":"tmp/babel-messages-7.0.0-alpha.19.tgz_1502144472309_0.8317692193668336"},"directories":{}},"7.0.0-alpha.20":{"name":"babel-messages","version":"7.0.0-alpha.20","description":"Collection of debug messages used by Babel.","author":{"name":"Sebastian McKenzie","email":"sebmck@gmail.com"},"homepage":"https://babeljs.io/","license":"MIT","repository":{"type":"git","url":"https://github.com/babel/babel/tree/master/packages/babel-messages"},"main":"lib/index.js","_id":"babel-messages@7.0.0-alpha.20","_npmVersion":"5.3.0","_nodeVersion":"8.1.4","_npmUser":{"name":"hzoo","email":"hi@henryzoo.com"},"dist":{"integrity":"sha512-zAznoHtDYrpLkh9Mbjn1G6TGJFIT+4pFNsqsqvauUfy5lRYWUq+W72Pgxkn8qj2wtlNU80dD1jX+PzBZxRzU7Q==","shasum":"bba0ade0a6bced2e9e4cd4f42665b44ad9223f0f","tarball":"https://registry.npmjs.org/babel-messages/-/babel-messages-7.0.0-alpha.20.tgz"},"maintainers":[{"email":"me@thejameskyle.com","name":"thejameskyle"},{"email":"sebmck@gmail.com","name":"sebmck"},{"email":"daniel@tschinder.de","name":"danez"},{"email":"hi@henryzoo.com","name":"hzoo"},{"email":"loganfsmyth@gmail.com","name":"loganfsmyth"}],"_npmOperationalInternal":{"host":"s3://npm-registry-packages","tmp":"tmp/babel-messages-7.0.0-alpha.20.tgz_1504119097242_0.7133667056914419"},"directories":{}},"7.0.0-beta.0":{"name":"babel-messages","version":"7.0.0-beta.0","description":"Collection of debug messages used by Babel.","author":{"name":"Sebastian McKenzie","email":"sebmck@gmail.com"},"homepage":"https://babeljs.io/","license":"MIT","repository":{"type":"git","url":"https://github.com/babel/babel/tree/master/packages/babel-messages"},"main":"lib/index.js","_id":"babel-messages@7.0.0-beta.0","_npmVersion":"5.3.0","_nodeVersion":"8.1.4","_npmUser":{"name":"hzoo","email":"hi@henryzoo.com"},"dist":{"integrity":"sha512-eXdShsm9ZTh9AQhlIaAn6HR3xWpxCnK9ZwIDA9QyjnwTgMctGxHHflw4b4RJ3/ZjTL0Vrmvm0tQXPkp49mTAUw==","shasum":"6df01296e49fc8fbd0637394326a167f36da817b","tarball":"https://registry.npmjs.org/babel-messages/-/babel-messages-7.0.0-beta.0.tgz"},"maintainers":[{"email":"me@thejameskyle.com","name":"thejameskyle"},{"email":"sebmck@gmail.com","name":"sebmck"},{"email":"daniel@tschinder.de","name":"danez"},{"email":"hi@henryzoo.com","name":"hzoo"},{"email":"loganfsmyth@gmail.com","name":"loganfsmyth"}],"_npmOperationalInternal":{"host":"s3://npm-registry-packages","tmp":"tmp/babel-messages-7.0.0-beta.0.tgz_1505185304518_0.05341215059161186"},"directories":{}},"7.0.0-beta.1":{"name":"babel-messages","version":"7.0.0-beta.1","description":"Collection of debug messages used by Babel.","author":{"name":"Sebastian McKenzie","email":"sebmck@gmail.com"},"homepage":"https://babeljs.io/","license":"MIT","repository":{"type":"git","url":"https://github.com/babel/babel/tree/master/packages/babel-messages"},"main":"lib/index.js","_id":"babel-messages@7.0.0-beta.1","_npmVersion":"5.4.1","_nodeVersion":"8.1.4","_npmUser":{"name":"hzoo","email":"hi@henryzoo.com"},"dist":{"integrity":"sha512-CNNu4nFZieNPqV0N8sjomgv26ITbHoSCjDwqvYSVBDowHMQv5NYWWJc8SPQJR5SJCQlvBUqgzIa0J+rpJIGMyQ==","shasum":"3a780afd26e1bcfcc807c07b2237482a886dde8a","tarball":"https://registry.npmjs.org/babel-messages/-/babel-messages-7.0.0-beta.1.tgz"},"maintainers":[{"email":"me@thejameskyle.com","name":"thejameskyle"},{"email":"sebmck@gmail.com","name":"sebmck"},{"email":"daniel@tschinder.de","name":"danez"},{"email":"hi@henryzoo.com","name":"hzoo"},{"email":"loganfsmyth@gmail.com","name":"loganfsmyth"}],"_npmOperationalInternal":{"host":"s3://npm-registry-packages","tmp":"tmp/babel-messages-7.0.0-beta.1.tgz_1505851742620_0.9183108585420996"},"directories":{}},"7.0.0-beta.2":{"name":"babel-messages","version":"7.0.0-beta.2","description":"Collection of debug messages used by Babel.","author":{"name":"Sebastian McKenzie","email":"sebmck@gmail.com"},"homepage":"https://babeljs.io/","license":"MIT","repository":{"type":"git","url":"https://github.com/babel/babel/tree/master/packages/babel-messages"},"main":"lib/index.js","_id":"babel-messages@7.0.0-beta.2","_npmVersion":"5.4.1","_nodeVersion":"8.1.4","_npmUser":{"name":"hzoo","email":"hi@henryzoo.com"},"dist":{"integrity":"sha512-umt6OdEmk1aekKX7tkDE3bS2CrJPJ8HuVVRJ6SbRW5MzlZ8n4AHqynMxSZoaSMfafaXb0szkni2UaXYuKPLjig==","shasum":"b6f685a7e81d8995ca72b70fc8039466990f81d8","tarball":"https://registry.npmjs.org/babel-messages/-/babel-messages-7.0.0-beta.2.tgz"},"maintainers":[{"email":"bng412@gmail.com","name":"existentialism"},{"email":"me@thejameskyle.com","name":"thejameskyle"},{"email":"sebmck@gmail.com","name":"sebmck"},{"email":"daniel@tschinder.de","name":"danez"},{"email":"hi@henryzoo.com","name":"hzoo"},{"email":"loganfsmyth@gmail.com","name":"loganfsmyth"}],"_npmOperationalInternal":{"host":"s3://npm-registry-packages","tmp":"tmp/babel-messages-7.0.0-beta.2.tgz_1506438881590_0.624294274719432"},"directories":{}}},"readme":"# babel-messages\n\n> Collection of debug messages used by Babel.\n\n## Install\n\n```sh\n$ npm install babel-messages\n```\n\n## Usage\n\n```js\nimport * as messages from 'babel-messages';\n\nmessages.get('tailCallReassignmentDeopt');\n// > \"Function reference has been...\"\n```\n","maintainers":[{"email":"bng412@gmail.com","name":"existentialism"},{"email":"me@thejameskyle.com","name":"thejameskyle"},{"email":"sebmck@gmail.com","name":"sebmck"},{"email":"daniel@tschinder.de","name":"danez"},{"email":"hi@henryzoo.com","name":"hzoo"},{"email":"loganfsmyth@gmail.com","name":"loganfsmyth"}],"time":{"modified":"2017-09-26T15:14:42.481Z","created":"2015-10-29T17:56:02.554Z","6.0.0":"2015-10-29T17:56:02.554Z","6.0.2":"2015-10-29T18:10:02.253Z","6.0.12":"2015-10-30T04:55:07.345Z","6.0.14":"2015-10-30T23:33:59.910Z","6.0.15":"2015-11-01T22:09:32.201Z","6.1.4":"2015-11-11T10:06:03.825Z","6.1.5":"2015-11-12T06:53:29.233Z","6.1.6":"2015-11-12T07:34:05.677Z","6.1.7":"2015-11-12T07:38:29.389Z","6.1.8":"2015-11-12T07:41:34.329Z","6.1.9":"2015-11-12T07:47:29.845Z","6.1.10":"2015-11-12T07:53:57.729Z","6.1.12":"2015-11-12T08:49:11.509Z","6.1.13":"2015-11-12T19:58:47.413Z","6.1.16":"2015-11-12T21:34:32.401Z","6.1.17":"2015-11-12T21:41:22.382Z","6.1.18":"2015-11-12T21:48:56.946Z","6.2.0":"2015-11-19T04:34:16.746Z","6.2.1":"2015-11-19T22:03:46.246Z","6.2.4":"2015-11-25T03:13:25.501Z","6.3.13":"2015-12-04T11:57:51.130Z","6.3.18":"2015-12-14T07:01:48.961Z","6.5.0":"2016-02-07T00:07:08.410Z","6.5.0-1":"2016-02-07T02:39:54.986Z","6.6.0":"2016-02-29T21:12:40.582Z","6.6.5":"2016-03-04T23:16:44.513Z","6.7.2":"2016-03-10T22:41:29.989Z","6.8.0":"2016-05-02T23:44:12.056Z","6.22.0":"2017-01-20T00:33:40.556Z","6.23.0":"2017-02-13T23:04:21.702Z","7.0.0-alpha.1":"2017-03-02T21:04:51.158Z","7.0.0-alpha.3":"2017-03-23T19:49:02.919Z","7.0.0-alpha.8":"2017-04-17T19:12:33.718Z","7.0.0-alpha.9":"2017-04-18T14:41:34.934Z","7.0.0-alpha.10":"2017-05-25T19:17:10.336Z","7.0.0-alpha.12":"2017-05-31T21:11:40.726Z","7.0.0-alpha.13":"2017-07-12T02:28:00.041Z","7.0.0-alpha.14":"2017-07-12T02:53:12.170Z","7.0.0-alpha.15":"2017-07-12T03:35:26.191Z","7.0.0-alpha.16":"2017-07-25T21:17:19.120Z","7.0.0-alpha.17":"2017-07-26T12:38:47.869Z","7.0.0-alpha.18":"2017-08-03T22:20:39.303Z","7.0.0-alpha.19":"2017-08-07T22:21:12.574Z","7.0.0-alpha.20":"2017-08-30T18:51:37.328Z","7.0.0-beta.0":"2017-09-12T03:01:45.480Z","7.0.0-beta.1":"2017-09-19T20:09:02.721Z","7.0.0-beta.2":"2017-09-26T15:14:42.481Z"},"homepage":"https://babeljs.io/","repository":{"type":"git","url":"https://github.com/babel/babel/tree/master/packages/babel-messages"},"author":{"name":"Sebastian McKenzie","email":"sebmck@gmail.com"},"license":"MIT","readmeFilename":"README.md","description":"Collection of debug messages used by Babel.","users":{"shuoshubao":true},"_attachments":{},"_etag":"W/\"f5c1fe250955095335f5a85b5525deda\"","_lastModified":"Sat, 26 May 2018 17:55:34 GMT"}