{"digest":"a4bf390faab52ad8a90b6dc8940346d0cca267f2","css":".header-view .heading-status {\n  padding-left: 9px;\n}\n.header-view .icon-alert {\n  color: #e2c08d;\n}\n.header-view .icon-check {\n  color: #73c990;\n}\n.header-view .icon-hourglass {\n  color: #9da5b4;\n}\n.header-view .icon-stop {\n  color: #ff6347;\n}\n.script-input-view .caption {\n  margin-bottom: 5px;\n}\n.script-profile-run-view {\n  width: 100%;\n  margin-left: -50%;\n  padding: 0;\n}\n.script-profile-run-view .profile .name {\n  font-size: 1.2rem;\n  font-weight: bold;\n}\n.script-profile-run-view .profile .description {\n  font-style: italic;\n  color: rgba(157, 165, 180, 0.6);\n}\n.script-profile-run-view .buttons {\n  margin-top: 1rem;\n}\n.script-profile-run-view .buttons .rename,\n.script-profile-run-view .buttons .cancel {\n  float: left;\n  margin-right: 5px;\n}\n.script-profile-run-view .buttons .delete {\n  float: left;\n}\n.script-profile-run-view .buttons .run {\n  float: right;\n}\n.options-view {\n  width: 100%;\n}\n.options-view table {\n  margin-top: 10px;\n}\n.options-view table td.first {\n  width: 40%;\n}\n.options-view table td.second {\n  width: 60%;\n}\n.options-view table td {\n  padding: 0 5px;\n  vertical-align: middle;\n}\n.options-view table td atom-text-editor {\n  max-width: 99%;\n}\n.options-view table td:first-child {\n  width: 15rem;\n  text-align: right;\n}\n.options-view .buttons {\n  padding: 5px;\n}\n.options-view .buttons .cancel {\n  float: left;\n}\n.options-view .buttons .right-buttons {\n  float: right;\n}\n.options-view .buttons .save-profile {\n  margin-right: 5px;\n}\n.script-view .panel-body pre {\n  background: #21252b;\n  color: #9da5b4;\n}\n.script-view .stderr {\n  color: #ff6347;\n}\n.script-view .line {\n  border-radius: 0px;\n  margin: 0px;\n  padding: 0px;\n}\n","imports":[{"path":"static\\variables\\ui-variables.less","digest":"b28ed6c38c4cfce23f83a1b012a3968aa63fce4c"},{"path":"static\\variables\\syntax-variables.less","digest":"812c1b7883a023f768773d14294653adcdb932d7"},{"path":"node_modules\\one-dark-ui\\styles\\ui-variables.less","digest":"f0cd54bb3195577225c676e2ba1a5f91fdd4a1ab"},{"path":"node_modules\\one-dark-ui\\styles\\ui-variables-custom.less","digest":"912cd9b31c4db8b551f47b4d0ced938a6b62dc95"},{"path":"node_modules\\one-dark-syntax\\styles\\syntax-variables.less","digest":"4737e2c84347b1a399426a81fc903dd3ce1abb52"},{"path":"node_modules\\one-dark-syntax\\styles\\colors.less","digest":"66bba03e9aabff000a84c2839a9d3e9a9fa08e0e"}],"version":1}