{"_id":"babel-helper-replace-supers","_rev":"99-e442a569e261cb38718e8684498dd20f","name":"babel-helper-replace-supers","description":"Helper function to replace supers","dist-tags":{"latest":"6.24.1","next":"7.0.0-beta.3"},"versions":{"6.0.0":{"name":"babel-helper-replace-supers","version":"6.0.0","description":"## Usage","repository":{"type":"git","url":"git+https://github.com/babel/babel.git"},"license":"MIT","main":"lib/index.js","dependencies":{"babel-helper-optimise-call-expression":"^6.0.0","babel-runtime":"^6.0.0","babel-traverse":"^6.0.0","babel-messages":"^6.0.0","babel-template":"^6.0.0","babel-types":"^6.0.0"},"bugs":{"url":"https://github.com/babel/babel/issues"},"homepage":"https://github.com/babel/babel#readme","_id":"babel-helper-replace-supers@6.0.0","scripts":{},"_shasum":"b52c06ed96c357dc6d2123cc67217efbc1363c04","_from":".","_npmVersion":"2.14.3","_nodeVersion":"4.1.0","_npmUser":{"name":"sebmck","email":"sebmck@gmail.com"},"dist":{"shasum":"b52c06ed96c357dc6d2123cc67217efbc1363c04","tarball":"https://registry.npmjs.org/babel-helper-replace-supers/-/babel-helper-replace-supers-6.0.0.tgz"},"maintainers":[{"name":"sebmck","email":"sebmck@gmail.com"}],"directories":{}},"6.0.2":{"name":"babel-helper-replace-supers","version":"6.0.2","description":"## Usage","repository":{"type":"git","url":"git+https://github.com/babel/babel.git"},"license":"MIT","main":"lib/index.js","dependencies":{"babel-helper-optimise-call-expression":"^6.0.2","babel-runtime":"^6.0.2","babel-traverse":"^6.0.2","babel-messages":"^6.0.2","babel-template":"^6.0.2","babel-types":"^6.0.2"},"bugs":{"url":"https://github.com/babel/babel/issues"},"homepage":"https://github.com/babel/babel#readme","_id":"babel-helper-replace-supers@6.0.2","scripts":{},"_shasum":"7881af617d088efde08c309faf4546445f43417d","_from":".","_npmVersion":"2.14.3","_nodeVersion":"4.1.0","_npmUser":{"name":"sebmck","email":"sebmck@gmail.com"},"dist":{"shasum":"7881af617d088efde08c309faf4546445f43417d","tarball":"https://registry.npmjs.org/babel-helper-replace-supers/-/babel-helper-replace-supers-6.0.2.tgz"},"maintainers":[{"name":"sebmck","email":"sebmck@gmail.com"}],"directories":{}},"6.0.14":{"name":"babel-helper-replace-supers","version":"6.0.14","description":"## Usage","repository":{"type":"git","url":"https://github.com/babel/babel/tree/master/packages/babel-helper-replace-supers"},"license":"MIT","main":"lib/index.js","dependencies":{"babel-helper-optimise-call-expression":"^6.0.14","babel-runtime":"^5.0.0","babel-traverse":"^6.0.14","babel-messages":"^6.0.14","babel-template":"^6.0.14","babel-types":"^6.0.14"},"_id":"babel-helper-replace-supers@6.0.14","scripts":{},"_shasum":"379edb2b66b3395800c45c4bcd24eff91f609383","_from":".","_npmVersion":"2.14.9","_nodeVersion":"4.1.0","_npmUser":{"name":"sebmck","email":"sebmck@gmail.com"},"dist":{"shasum":"379edb2b66b3395800c45c4bcd24eff91f609383","tarball":"https://registry.npmjs.org/babel-helper-replace-supers/-/babel-helper-replace-supers-6.0.14.tgz"},"maintainers":[{"name":"sebmck","email":"sebmck@gmail.com"}],"directories":{}},"6.0.15":{"name":"babel-helper-replace-supers","version":"6.0.15","description":"## Usage","repository":{"type":"git","url":"https://github.com/babel/babel/tree/master/packages/babel-helper-replace-supers"},"license":"MIT","main":"lib/index.js","dependencies":{"babel-helper-optimise-call-expression":"^6.0.15","babel-runtime":"^5.0.0","babel-traverse":"^6.0.14","babel-messages":"^6.0.15","babel-template":"^6.0.15","babel-types":"^6.0.15"},"_id":"babel-helper-replace-supers@6.0.15","scripts":{},"_shasum":"587b53c0cda2d78ff96db9e712828a19de585592","_from":".","_npmVersion":"2.14.9","_nodeVersion":"4.1.0","_npmUser":{"name":"sebmck","email":"sebmck@gmail.com"},"dist":{"shasum":"587b53c0cda2d78ff96db9e712828a19de585592","tarball":"https://registry.npmjs.org/babel-helper-replace-supers/-/babel-helper-replace-supers-6.0.15.tgz"},"maintainers":[{"name":"sebmck","email":"sebmck@gmail.com"}],"directories":{}},"6.0.18":{"name":"babel-helper-replace-supers","version":"6.0.18","description":"## Usage","repository":{"type":"git","url":"https://github.com/babel/babel/tree/master/packages/babel-helper-replace-supers"},"license":"MIT","main":"lib/index.js","dependencies":{"babel-helper-optimise-call-expression":"^6.0.15","babel-runtime":"^5.0.0","babel-traverse":"^6.0.18","babel-messages":"^6.0.15","babel-template":"^6.0.15","babel-types":"^6.0.18"},"_id":"babel-helper-replace-supers@6.0.18","scripts":{},"_shasum":"b365885d1d0746accfe6b739f5f9fb269d833b43","_from":".","_npmVersion":"2.14.9","_nodeVersion":"4.1.0","_npmUser":{"name":"sebmck","email":"sebmck@gmail.com"},"dist":{"shasum":"b365885d1d0746accfe6b739f5f9fb269d833b43","tarball":"https://registry.npmjs.org/babel-helper-replace-supers/-/babel-helper-replace-supers-6.0.18.tgz"},"maintainers":[{"name":"sebmck","email":"sebmck@gmail.com"}],"directories":{}},"6.1.5":{"name":"babel-helper-replace-supers","version":"6.1.5","description":"## Usage","repository":{"type":"git","url":"https://github.com/babel/babel/tree/master/packages/babel-helper-replace-supers"},"license":"MIT","main":"lib/index.js","dependencies":{"babel-helper-optimise-call-expression":"^6.1.5","babel-runtime":"^5.0.0","babel-traverse":"^6.1.5","babel-messages":"^6.1.5","babel-template":"^6.1.5","babel-types":"^6.1.5"},"_id":"babel-helper-replace-supers@6.1.5","scripts":{},"_shasum":"42bb100f37a9b225bed18703945998d4e03253c8","_from":".","_npmVersion":"3.3.10","_nodeVersion":"4.1.0","_npmUser":{"name":"sebmck","email":"sebmck@gmail.com"},"dist":{"shasum":"42bb100f37a9b225bed18703945998d4e03253c8","tarball":"https://registry.npmjs.org/babel-helper-replace-supers/-/babel-helper-replace-supers-6.1.5.tgz"},"maintainers":[{"name":"sebmck","email":"sebmck@gmail.com"}],"directories":{}},"6.1.6":{"name":"babel-helper-replace-supers","version":"6.1.6","description":"## Usage","repository":{"type":"git","url":"https://github.com/babel/babel/tree/master/packages/babel-helper-replace-supers"},"license":"MIT","main":"lib/index.js","dependencies":{"babel-helper-optimise-call-expression":"^6.1.6","babel-runtime":"^5.0.0","babel-traverse":"^6.1.6","babel-messages":"^6.1.6","babel-template":"^6.1.6","babel-types":"^6.1.6"},"_id":"babel-helper-replace-supers@6.1.6","scripts":{},"_shasum":"3be4125d213ac21fd7a18f53cdadf152b8bd8087","_from":".","_npmVersion":"3.3.10","_nodeVersion":"4.1.0","_npmUser":{"name":"sebmck","email":"sebmck@gmail.com"},"dist":{"shasum":"3be4125d213ac21fd7a18f53cdadf152b8bd8087","tarball":"https://registry.npmjs.org/babel-helper-replace-supers/-/babel-helper-replace-supers-6.1.6.tgz"},"maintainers":[{"name":"amasad","email":"amjad.masad@gmail.com"},{"name":"sebmck","email":"sebmck@gmail.com"},{"name":"thejameskyle","email":"me@thejameskyle.com"}],"directories":{}},"6.1.7":{"name":"babel-helper-replace-supers","version":"6.1.7","description":"## Usage","repository":{"type":"git","url":"https://github.com/babel/babel/tree/master/packages/babel-helper-replace-supers"},"license":"MIT","main":"lib/index.js","dependencies":{"babel-helper-optimise-call-expression":"^6.1.7","babel-runtime":"^5.0.0","babel-traverse":"^6.1.7","babel-messages":"^6.1.7","babel-template":"^6.1.7","babel-types":"^6.1.7"},"_id":"babel-helper-replace-supers@6.1.7","scripts":{},"_shasum":"5912535ba2c639cc85cae35471cb38b0139b65b1","_from":".","_npmVersion":"3.3.10","_nodeVersion":"4.1.0","_npmUser":{"name":"sebmck","email":"sebmck@gmail.com"},"dist":{"shasum":"5912535ba2c639cc85cae35471cb38b0139b65b1","tarball":"https://registry.npmjs.org/babel-helper-replace-supers/-/babel-helper-replace-supers-6.1.7.tgz"},"maintainers":[{"name":"amasad","email":"amjad.masad@gmail.com"},{"name":"sebmck","email":"sebmck@gmail.com"},{"name":"thejameskyle","email":"me@thejameskyle.com"}],"directories":{}},"6.1.8":{"name":"babel-helper-replace-supers","version":"6.1.8","description":"## Usage","repository":{"type":"git","url":"https://github.com/babel/babel/tree/master/packages/babel-helper-replace-supers"},"license":"MIT","main":"lib/index.js","dependencies":{"babel-helper-optimise-call-expression":"^6.1.8","babel-runtime":"^5.0.0","babel-traverse":"^6.1.8","babel-messages":"^6.1.8","babel-template":"^6.1.8","babel-types":"^6.1.8"},"_id":"babel-helper-replace-supers@6.1.8","scripts":{},"_shasum":"88885d1c92056feb5e170cf24c481b87ecb37b1c","_from":".","_npmVersion":"3.3.10","_nodeVersion":"4.1.0","_npmUser":{"name":"sebmck","email":"sebmck@gmail.com"},"dist":{"shasum":"88885d1c92056feb5e170cf24c481b87ecb37b1c","tarball":"https://registry.npmjs.org/babel-helper-replace-supers/-/babel-helper-replace-supers-6.1.8.tgz"},"maintainers":[{"name":"amasad","email":"amjad.masad@gmail.com"},{"name":"sebmck","email":"sebmck@gmail.com"},{"name":"thejameskyle","email":"me@thejameskyle.com"}],"directories":{}},"6.1.9":{"name":"babel-helper-replace-supers","version":"6.1.9","description":"## Usage","repository":{"type":"git","url":"https://github.com/babel/babel/tree/master/packages/babel-helper-replace-supers"},"license":"MIT","main":"lib/index.js","dependencies":{"babel-helper-optimise-call-expression":"^6.1.9","babel-runtime":"^5.0.0","babel-traverse":"^6.1.9","babel-messages":"^6.1.9","babel-template":"^6.1.9","babel-types":"^6.1.9"},"_id":"babel-helper-replace-supers@6.1.9","scripts":{},"_shasum":"42fd094fe623052945dab7e6aa9a6be71680e78a","_from":".","_npmVersion":"3.3.10","_nodeVersion":"4.1.0","_npmUser":{"name":"sebmck","email":"sebmck@gmail.com"},"dist":{"shasum":"42fd094fe623052945dab7e6aa9a6be71680e78a","tarball":"https://registry.npmjs.org/babel-helper-replace-supers/-/babel-helper-replace-supers-6.1.9.tgz"},"maintainers":[{"name":"amasad","email":"amjad.masad@gmail.com"},{"name":"sebmck","email":"sebmck@gmail.com"},{"name":"thejameskyle","email":"me@thejameskyle.com"}],"directories":{}},"6.1.10":{"name":"babel-helper-replace-supers","version":"6.1.10","description":"## Usage","repository":{"type":"git","url":"https://github.com/babel/babel/tree/master/packages/babel-helper-replace-supers"},"license":"MIT","main":"lib/index.js","dependencies":{"babel-helper-optimise-call-expression":"^6.1.10","babel-runtime":"^5.0.0","babel-traverse":"^6.1.10","babel-messages":"^6.1.10","babel-template":"^6.1.10","babel-types":"^6.1.10"},"_id":"babel-helper-replace-supers@6.1.10","scripts":{},"_shasum":"cb505c2865c0997ea1349d508dd97ff2f80403ea","_from":".","_npmVersion":"3.3.10","_nodeVersion":"4.1.0","_npmUser":{"name":"sebmck","email":"sebmck@gmail.com"},"dist":{"shasum":"cb505c2865c0997ea1349d508dd97ff2f80403ea","tarball":"https://registry.npmjs.org/babel-helper-replace-supers/-/babel-helper-replace-supers-6.1.10.tgz"},"maintainers":[{"name":"amasad","email":"amjad.masad@gmail.com"},{"name":"sebmck","email":"sebmck@gmail.com"},{"name":"thejameskyle","email":"me@thejameskyle.com"}],"directories":{}},"6.1.12":{"name":"babel-helper-replace-supers","version":"6.1.12","description":"## Usage","repository":{"type":"git","url":"https://github.com/babel/babel/tree/master/packages/babel-helper-replace-supers"},"license":"MIT","main":"lib/index.js","dependencies":{"babel-helper-optimise-call-expression":"^6.1.12","babel-runtime":"^5.0.0","babel-traverse":"^6.1.12","babel-messages":"^6.1.12","babel-template":"^6.1.12","babel-types":"^6.1.12"},"_id":"babel-helper-replace-supers@6.1.12","scripts":{},"_shasum":"ec382121fd320a03a03e82d2c10e1a0b7504a30d","_from":".","_npmVersion":"3.3.10","_nodeVersion":"4.1.0","_npmUser":{"name":"sebmck","email":"sebmck@gmail.com"},"dist":{"shasum":"ec382121fd320a03a03e82d2c10e1a0b7504a30d","tarball":"https://registry.npmjs.org/babel-helper-replace-supers/-/babel-helper-replace-supers-6.1.12.tgz"},"maintainers":[{"name":"amasad","email":"amjad.masad@gmail.com"},{"name":"sebmck","email":"sebmck@gmail.com"},{"name":"thejameskyle","email":"me@thejameskyle.com"}],"directories":{}},"6.1.13":{"name":"babel-helper-replace-supers","version":"6.1.13","description":"## Usage","repository":{"type":"git","url":"https://github.com/babel/babel/tree/master/packages/babel-helper-replace-supers"},"license":"MIT","main":"lib/index.js","dependencies":{"babel-helper-optimise-call-expression":"^6.1.13","babel-runtime":"^5.0.0","babel-traverse":"^6.1.13","babel-messages":"^6.1.13","babel-template":"^6.1.13","babel-types":"^6.1.13"},"_id":"babel-helper-replace-supers@6.1.13","scripts":{},"_shasum":"fe30388cea1e0b2e59cb289a2947ec2d3f5a6da5","_from":".","_npmVersion":"3.3.10","_nodeVersion":"4.1.0","_npmUser":{"name":"sebmck","email":"sebmck@gmail.com"},"dist":{"shasum":"fe30388cea1e0b2e59cb289a2947ec2d3f5a6da5","tarball":"https://registry.npmjs.org/babel-helper-replace-supers/-/babel-helper-replace-supers-6.1.13.tgz"},"maintainers":[{"name":"amasad","email":"amjad.masad@gmail.com"},{"name":"sebmck","email":"sebmck@gmail.com"},{"name":"thejameskyle","email":"me@thejameskyle.com"}],"directories":{}},"6.1.16":{"name":"babel-helper-replace-supers","version":"6.1.16","description":"## Usage","repository":{"type":"git","url":"https://github.com/babel/babel/tree/master/packages/babel-helper-replace-supers"},"license":"MIT","main":"lib/index.js","dependencies":{"babel-helper-optimise-call-expression":"^6.1.16","babel-runtime":"^5.0.0","babel-traverse":"^6.1.16","babel-messages":"^6.1.16","babel-template":"^6.1.16","babel-types":"^6.1.16"},"_id":"babel-helper-replace-supers@6.1.16","scripts":{},"_shasum":"677006b8d65996ea37ab10c6c55e009a68ea529e","_from":".","_npmVersion":"3.3.10","_nodeVersion":"4.1.0","_npmUser":{"name":"sebmck","email":"sebmck@gmail.com"},"dist":{"shasum":"677006b8d65996ea37ab10c6c55e009a68ea529e","tarball":"https://registry.npmjs.org/babel-helper-replace-supers/-/babel-helper-replace-supers-6.1.16.tgz"},"maintainers":[{"name":"amasad","email":"amjad.masad@gmail.com"},{"name":"sebmck","email":"sebmck@gmail.com"},{"name":"thejameskyle","email":"me@thejameskyle.com"}],"directories":{}},"6.1.17":{"name":"babel-helper-replace-supers","version":"6.1.17","description":"## Usage","repository":{"type":"git","url":"https://github.com/babel/babel/tree/master/packages/babel-helper-replace-supers"},"license":"MIT","main":"lib/index.js","dependencies":{"babel-helper-optimise-call-expression":"^6.1.17","babel-runtime":"^5.0.0","babel-traverse":"^6.1.17","babel-messages":"^6.1.17","babel-template":"^6.1.17","babel-types":"^6.1.17"},"_id":"babel-helper-replace-supers@6.1.17","scripts":{},"_shasum":"ccd15ebe7c34993a45dbba6bb67d816229de1631","_from":".","_npmVersion":"3.3.10","_nodeVersion":"4.1.0","_npmUser":{"name":"sebmck","email":"sebmck@gmail.com"},"dist":{"shasum":"ccd15ebe7c34993a45dbba6bb67d816229de1631","tarball":"https://registry.npmjs.org/babel-helper-replace-supers/-/babel-helper-replace-supers-6.1.17.tgz"},"maintainers":[{"name":"amasad","email":"amjad.masad@gmail.com"},{"name":"sebmck","email":"sebmck@gmail.com"},{"name":"thejameskyle","email":"me@thejameskyle.com"}],"directories":{}},"6.1.18":{"name":"babel-helper-replace-supers","version":"6.1.18","description":"## Usage","repository":{"type":"git","url":"https://github.com/babel/babel/tree/master/packages/babel-helper-replace-supers"},"license":"MIT","main":"lib/index.js","dependencies":{"babel-helper-optimise-call-expression":"^6.1.18","babel-runtime":"^5.0.0","babel-traverse":"^6.1.18","babel-messages":"^6.1.18","babel-template":"^6.1.18","babel-types":"^6.1.18"},"_id":"babel-helper-replace-supers@6.1.18","scripts":{},"_shasum":"c3455e32ce2d9ff125bc62d4bd6d384b2730acd7","_from":".","_npmVersion":"3.3.10","_nodeVersion":"4.1.0","_npmUser":{"name":"sebmck","email":"sebmck@gmail.com"},"dist":{"shasum":"c3455e32ce2d9ff125bc62d4bd6d384b2730acd7","tarball":"https://registry.npmjs.org/babel-helper-replace-supers/-/babel-helper-replace-supers-6.1.18.tgz"},"maintainers":[{"name":"amasad","email":"amjad.masad@gmail.com"},{"name":"sebmck","email":"sebmck@gmail.com"},{"name":"thejameskyle","email":"me@thejameskyle.com"}],"directories":{}},"6.2.0":{"name":"babel-helper-replace-supers","version":"6.2.0","description":"## Usage","repository":{"type":"git","url":"https://github.com/babel/babel/tree/master/packages/babel-helper-replace-supers"},"license":"MIT","main":"lib/index.js","dependencies":{"babel-helper-optimise-call-expression":"^6.1.18","babel-runtime":"^5.0.0","babel-traverse":"^6.2.0","babel-messages":"^6.2.0","babel-template":"^6.2.0","babel-types":"^6.2.0"},"_id":"babel-helper-replace-supers@6.2.0","scripts":{},"_shasum":"dc27cf9f2441a296424cd584bd9947fe0bdae96e","_from":".","_npmVersion":"3.3.10","_nodeVersion":"4.1.0","_npmUser":{"name":"sebmck","email":"sebmck@gmail.com"},"dist":{"shasum":"dc27cf9f2441a296424cd584bd9947fe0bdae96e","tarball":"https://registry.npmjs.org/babel-helper-replace-supers/-/babel-helper-replace-supers-6.2.0.tgz"},"maintainers":[{"name":"amasad","email":"amjad.masad@gmail.com"},{"name":"sebmck","email":"sebmck@gmail.com"},{"name":"thejameskyle","email":"me@thejameskyle.com"}],"directories":{}},"6.2.4":{"name":"babel-helper-replace-supers","version":"6.2.4","description":"## Usage","repository":{"type":"git","url":"https://github.com/babel/babel/tree/master/packages/babel-helper-replace-supers"},"license":"MIT","main":"lib/index.js","dependencies":{"babel-helper-optimise-call-expression":"^6.2.4","babel-runtime":"^5.0.0","babel-traverse":"^6.2.4","babel-messages":"^6.2.4","babel-template":"^6.2.4","babel-types":"^6.2.4"},"_id":"babel-helper-replace-supers@6.2.4","scripts":{},"_shasum":"39cec72dd371e8d94460ec004e62b31dea160323","_from":".","_npmVersion":"3.3.10","_nodeVersion":"4.1.0","_npmUser":{"name":"sebmck","email":"sebmck@gmail.com"},"dist":{"shasum":"39cec72dd371e8d94460ec004e62b31dea160323","tarball":"https://registry.npmjs.org/babel-helper-replace-supers/-/babel-helper-replace-supers-6.2.4.tgz"},"maintainers":[{"name":"amasad","email":"amjad.masad@gmail.com"},{"name":"sebmck","email":"sebmck@gmail.com"},{"name":"thejameskyle","email":"me@thejameskyle.com"}],"directories":{}},"6.3.13":{"name":"babel-helper-replace-supers","version":"6.3.13","description":"## Usage","repository":{"type":"git","url":"https://github.com/babel/babel/tree/master/packages/babel-helper-replace-supers"},"license":"MIT","main":"lib/index.js","dependencies":{"babel-helper-optimise-call-expression":"^6.3.13","babel-runtime":"^5.0.0","babel-traverse":"^6.3.13","babel-messages":"^6.3.13","babel-template":"^6.3.13","babel-types":"^6.3.13"},"_id":"babel-helper-replace-supers@6.3.13","scripts":{},"_shasum":"44ec93d7e9d7c06f339d4aba75924f88dee9120f","_from":".","_npmVersion":"3.3.10","_nodeVersion":"4.1.0","_npmUser":{"name":"sebmck","email":"sebmck@gmail.com"},"dist":{"shasum":"44ec93d7e9d7c06f339d4aba75924f88dee9120f","tarball":"https://registry.npmjs.org/babel-helper-replace-supers/-/babel-helper-replace-supers-6.3.13.tgz"},"maintainers":[{"name":"amasad","email":"amjad.masad@gmail.com"},{"name":"hzoo","email":"hi@henryzoo.com"},{"name":"jmm","email":"npm-public@jessemccarthy.net"},{"name":"loganfsmyth","email":"loganfsmyth@gmail.com"},{"name":"sebmck","email":"sebmck@gmail.com"},{"name":"thejameskyle","email":"me@thejameskyle.com"}],"directories":{}},"6.5.0":{"name":"babel-helper-replace-supers","version":"6.5.0","description":"## Usage","repository":{"type":"git","url":"https://github.com/babel/babel/tree/master/packages/babel-helper-replace-supers"},"license":"MIT","main":"lib/index.js","dependencies":{"babel-helper-optimise-call-expression":"^6.3.13","babel-runtime":"^5.0.0","babel-traverse":"^6.3.13","babel-messages":"^6.3.13","babel-template":"^6.3.13","babel-types":"^6.3.13"},"_id":"babel-helper-replace-supers@6.5.0","scripts":{},"_shasum":"4675f36a568f97b708803aa016269c505dccbf80","_from":".","_npmVersion":"3.6.0","_nodeVersion":"5.1.0","_npmUser":{"name":"hzoo","email":"hi@henryzoo.com"},"dist":{"shasum":"4675f36a568f97b708803aa016269c505dccbf80","tarball":"https://registry.npmjs.org/babel-helper-replace-supers/-/babel-helper-replace-supers-6.5.0.tgz"},"maintainers":[{"name":"amasad","email":"amjad.masad@gmail.com"},{"name":"hzoo","email":"hi@henryzoo.com"},{"name":"jmm","email":"npm-public@jessemccarthy.net"},{"name":"loganfsmyth","email":"loganfsmyth@gmail.com"},{"name":"sebmck","email":"sebmck@gmail.com"},{"name":"thejameskyle","email":"me@thejameskyle.com"}],"_npmOperationalInternal":{"host":"packages-6-west.internal.npmjs.com","tmp":"tmp/babel-helper-replace-supers-6.5.0.tgz_1454803623913_0.09377263439819217"},"directories":{}},"6.5.0-1":{"name":"babel-helper-replace-supers","version":"6.5.0-1","description":"## Usage","repository":{"type":"git","url":"https://github.com/babel/babel/tree/master/packages/babel-helper-replace-supers"},"license":"MIT","main":"lib/index.js","dependencies":{"babel-helper-optimise-call-expression":"^6.5.0-1","babel-runtime":"^5.0.0","babel-traverse":"^6.5.0-1","babel-messages":"^6.5.0-1","babel-template":"^6.5.0-1","babel-types":"^6.5.0-1"},"_id":"babel-helper-replace-supers@6.5.0-1","scripts":{},"_shasum":"d07e00a8f02e305e250b31c388f24d6784a75e8c","_from":".","_npmVersion":"3.6.0","_nodeVersion":"5.1.0","_npmUser":{"name":"hzoo","email":"hi@henryzoo.com"},"dist":{"shasum":"d07e00a8f02e305e250b31c388f24d6784a75e8c","tarball":"https://registry.npmjs.org/babel-helper-replace-supers/-/babel-helper-replace-supers-6.5.0-1.tgz"},"maintainers":[{"name":"amasad","email":"amjad.masad@gmail.com"},{"name":"hzoo","email":"hi@henryzoo.com"},{"name":"jmm","email":"npm-public@jessemccarthy.net"},{"name":"loganfsmyth","email":"loganfsmyth@gmail.com"},{"name":"sebmck","email":"sebmck@gmail.com"},{"name":"thejameskyle","email":"me@thejameskyle.com"}],"_npmOperationalInternal":{"host":"packages-9-west.internal.npmjs.com","tmp":"tmp/babel-helper-replace-supers-6.5.0-1.tgz_1454812789273_0.8770271826069802"},"directories":{}},"6.6.0":{"name":"babel-helper-replace-supers","version":"6.6.0","description":"## Usage","repository":{"type":"git","url":"https://github.com/babel/babel/tree/master/packages/babel-helper-replace-supers"},"license":"MIT","main":"lib/index.js","dependencies":{"babel-helper-optimise-call-expression":"^6.6.0","babel-runtime":"^5.0.0","babel-traverse":"^6.6.0","babel-messages":"^6.6.0","babel-template":"^6.6.0","babel-types":"^6.6.0"},"_id":"babel-helper-replace-supers@6.6.0","scripts":{},"_shasum":"fafa1b3f5adeb1e557495e457969f691dc2f4a4f","_from":".","_npmVersion":"3.6.0","_nodeVersion":"5.1.0","_npmUser":{"name":"hzoo","email":"hi@henryzoo.com"},"dist":{"shasum":"fafa1b3f5adeb1e557495e457969f691dc2f4a4f","tarball":"https://registry.npmjs.org/babel-helper-replace-supers/-/babel-helper-replace-supers-6.6.0.tgz"},"maintainers":[{"name":"amasad","email":"amjad.masad@gmail.com"},{"name":"hzoo","email":"hi@henryzoo.com"},{"name":"jmm","email":"npm-public@jessemccarthy.net"},{"name":"loganfsmyth","email":"loganfsmyth@gmail.com"},{"name":"sebmck","email":"sebmck@gmail.com"},{"name":"thejameskyle","email":"me@thejameskyle.com"}],"_npmOperationalInternal":{"host":"packages-5-east.internal.npmjs.com","tmp":"tmp/babel-helper-replace-supers-6.6.0.tgz_1456780352893_0.8224389939568937"},"directories":{}},"6.6.4":{"name":"babel-helper-replace-supers","version":"6.6.4","description":"## Usage","repository":{"type":"git","url":"https://github.com/babel/babel/tree/master/packages/babel-helper-replace-supers"},"license":"MIT","main":"lib/index.js","dependencies":{"babel-helper-optimise-call-expression":"^6.6.0","babel-runtime":"^5.0.0","babel-traverse":"^6.6.4","babel-messages":"^6.6.0","babel-template":"^6.6.4","babel-types":"^6.6.4"},"_id":"babel-helper-replace-supers@6.6.4","scripts":{},"_shasum":"81745665289b75339c0b9b4aa6f7f29483373442","_from":".","_npmVersion":"3.6.0","_nodeVersion":"5.1.0","_npmUser":{"name":"hzoo","email":"hi@henryzoo.com"},"dist":{"shasum":"81745665289b75339c0b9b4aa6f7f29483373442","tarball":"https://registry.npmjs.org/babel-helper-replace-supers/-/babel-helper-replace-supers-6.6.4.tgz"},"maintainers":[{"name":"amasad","email":"amjad.masad@gmail.com"},{"name":"hzoo","email":"hi@henryzoo.com"},{"name":"jmm","email":"npm-public@jessemccarthy.net"},{"name":"loganfsmyth","email":"loganfsmyth@gmail.com"},{"name":"sebmck","email":"sebmck@gmail.com"},{"name":"thejameskyle","email":"me@thejameskyle.com"}],"_npmOperationalInternal":{"host":"packages-13-west.internal.npmjs.com","tmp":"tmp/babel-helper-replace-supers-6.6.4.tgz_1456954173661_0.9660788408946246"},"directories":{}},"6.6.5":{"name":"babel-helper-replace-supers","version":"6.6.5","description":"## Usage","repository":{"type":"git","url":"https://github.com/babel/babel/tree/master/packages/babel-helper-replace-supers"},"license":"MIT","main":"lib/index.js","dependencies":{"babel-helper-optimise-call-expression":"^6.6.0","babel-runtime":"^5.0.0","babel-traverse":"^6.6.5","babel-messages":"^6.6.5","babel-template":"^6.6.5","babel-types":"^6.6.5"},"_id":"babel-helper-replace-supers@6.6.5","scripts":{},"_shasum":"80da543c22b8f142d1fe38cfc32936d3126298d2","_from":".","_npmVersion":"3.6.0","_nodeVersion":"5.1.0","_npmUser":{"name":"hzoo","email":"hi@henryzoo.com"},"dist":{"shasum":"80da543c22b8f142d1fe38cfc32936d3126298d2","tarball":"https://registry.npmjs.org/babel-helper-replace-supers/-/babel-helper-replace-supers-6.6.5.tgz"},"maintainers":[{"name":"amasad","email":"amjad.masad@gmail.com"},{"name":"hzoo","email":"hi@henryzoo.com"},{"name":"jmm","email":"npm-public@jessemccarthy.net"},{"name":"loganfsmyth","email":"loganfsmyth@gmail.com"},{"name":"sebmck","email":"sebmck@gmail.com"},{"name":"thejameskyle","email":"me@thejameskyle.com"}],"_npmOperationalInternal":{"host":"packages-13-west.internal.npmjs.com","tmp":"tmp/babel-helper-replace-supers-6.6.5.tgz_1457133399506_0.5946960812434554"},"directories":{}},"6.7.0":{"name":"babel-helper-replace-supers","version":"6.7.0","description":"## Usage","repository":{"type":"git","url":"https://github.com/babel/babel/tree/master/packages/babel-helper-replace-supers"},"license":"MIT","main":"lib/index.js","dependencies":{"babel-helper-optimise-call-expression":"^6.6.0","babel-runtime":"^5.0.0","babel-traverse":"^6.7.0","babel-messages":"^6.6.5","babel-template":"^6.7.0","babel-types":"^6.7.0"},"_id":"babel-helper-replace-supers@6.7.0","scripts":{},"_shasum":"517426656a4199ddc87c8c09ebbf70c58fb1a07b","_from":".","_npmVersion":"3.3.12","_nodeVersion":"5.5.0","_npmUser":{"name":"amasad","email":"amjad.masad@gmail.com"},"maintainers":[{"name":"amasad","email":"amjad.masad@gmail.com"},{"name":"hzoo","email":"hi@henryzoo.com"},{"name":"jmm","email":"npm-public@jessemccarthy.net"},{"name":"loganfsmyth","email":"loganfsmyth@gmail.com"},{"name":"sebmck","email":"sebmck@gmail.com"},{"name":"thejameskyle","email":"me@thejameskyle.com"}],"dist":{"shasum":"517426656a4199ddc87c8c09ebbf70c58fb1a07b","tarball":"https://registry.npmjs.org/babel-helper-replace-supers/-/babel-helper-replace-supers-6.7.0.tgz"},"_npmOperationalInternal":{"host":"packages-12-west.internal.npmjs.com","tmp":"tmp/babel-helper-replace-supers-6.7.0.tgz_1457484773793_0.6098962088581175"},"directories":{}},"6.8.0":{"name":"babel-helper-replace-supers","version":"6.8.0","description":"## Usage","repository":{"type":"git","url":"https://github.com/babel/babel/tree/master/packages/babel-helper-replace-supers"},"license":"MIT","main":"lib/index.js","dependencies":{"babel-helper-optimise-call-expression":"^6.8.0","babel-runtime":"^6.0.0","babel-traverse":"^6.8.0","babel-messages":"^6.8.0","babel-template":"^6.8.0","babel-types":"^6.8.0"},"_id":"babel-helper-replace-supers@6.8.0","scripts":{},"_shasum":"69cb6bc4ee90164325407af1a2536a42e8fb90d5","_from":".","_npmVersion":"3.8.6","_nodeVersion":"5.1.0","_npmUser":{"name":"hzoo","email":"hi@henryzoo.com"},"maintainers":[{"name":"amasad","email":"amjad.masad@gmail.com"},{"name":"hzoo","email":"hi@henryzoo.com"},{"name":"jmm","email":"npm-public@jessemccarthy.net"},{"name":"loganfsmyth","email":"loganfsmyth@gmail.com"},{"name":"sebmck","email":"sebmck@gmail.com"},{"name":"thejameskyle","email":"me@thejameskyle.com"}],"dist":{"shasum":"69cb6bc4ee90164325407af1a2536a42e8fb90d5","tarball":"https://registry.npmjs.org/babel-helper-replace-supers/-/babel-helper-replace-supers-6.8.0.tgz"},"_npmOperationalInternal":{"host":"packages-16-east.internal.npmjs.com","tmp":"tmp/babel-helper-replace-supers-6.8.0.tgz_1462232647880_0.33759408816695213"},"directories":{}},"6.14.0":{"name":"babel-helper-replace-supers","version":"6.14.0","description":"## Usage","repository":{"type":"git","url":"https://github.com/babel/babel/tree/master/packages/babel-helper-replace-supers"},"license":"MIT","main":"lib/index.js","dependencies":{"babel-helper-optimise-call-expression":"^6.8.0","babel-runtime":"^6.0.0","babel-traverse":"^6.14.0","babel-messages":"^6.8.0","babel-template":"^6.14.0","babel-types":"^6.14.0"},"_id":"babel-helper-replace-supers@6.14.0","scripts":{},"_shasum":"038e13824d6de0e412fbd6708fd3611a7683d869","_from":".","_npmVersion":"3.10.6","_nodeVersion":"5.11.1","_npmUser":{"name":"hzoo","email":"hi@henryzoo.com"},"dist":{"shasum":"038e13824d6de0e412fbd6708fd3611a7683d869","tarball":"https://registry.npmjs.org/babel-helper-replace-supers/-/babel-helper-replace-supers-6.14.0.tgz"},"maintainers":[{"name":"amasad","email":"amjad.masad@gmail.com"},{"name":"hzoo","email":"hi@henryzoo.com"},{"name":"jmm","email":"npm-public@jessemccarthy.net"},{"name":"loganfsmyth","email":"loganfsmyth@gmail.com"},{"name":"sebmck","email":"sebmck@gmail.com"},{"name":"thejameskyle","email":"me@thejameskyle.com"}],"_npmOperationalInternal":{"host":"packages-16-east.internal.npmjs.com","tmp":"tmp/babel-helper-replace-supers-6.14.0.tgz_1472082047884_0.7724066961091012"},"directories":{}},"6.16.0":{"name":"babel-helper-replace-supers","version":"6.16.0","description":"## Usage","repository":{"type":"git","url":"https://github.com/babel/babel/tree/master/packages/babel-helper-replace-supers"},"license":"MIT","main":"lib/index.js","dependencies":{"babel-helper-optimise-call-expression":"^6.8.0","babel-runtime":"^6.0.0","babel-traverse":"^6.16.0","babel-messages":"^6.8.0","babel-template":"^6.16.0","babel-types":"^6.16.0"},"_id":"babel-helper-replace-supers@6.16.0","scripts":{},"_shasum":"21c97623cc7e430855753f252740122626a39e6b","_from":".","_npmVersion":"3.10.8","_nodeVersion":"5.11.1","_npmUser":{"name":"hzoo","email":"hi@henryzoo.com"},"dist":{"shasum":"21c97623cc7e430855753f252740122626a39e6b","tarball":"https://registry.npmjs.org/babel-helper-replace-supers/-/babel-helper-replace-supers-6.16.0.tgz"},"maintainers":[{"name":"amasad","email":"amjad.masad@gmail.com"},{"name":"hzoo","email":"hi@henryzoo.com"},{"name":"jmm","email":"npm-public@jessemccarthy.net"},{"name":"loganfsmyth","email":"loganfsmyth@gmail.com"},{"name":"sebmck","email":"sebmck@gmail.com"},{"name":"thejameskyle","email":"me@thejameskyle.com"}],"_npmOperationalInternal":{"host":"packages-16-east.internal.npmjs.com","tmp":"tmp/babel-helper-replace-supers-6.16.0.tgz_1475091529407_0.44830613071098924"},"directories":{}},"6.18.0":{"name":"babel-helper-replace-supers","version":"6.18.0","description":"Helper function to replace supers","repository":{"type":"git","url":"https://github.com/babel/babel/tree/master/packages/babel-helper-replace-supers"},"license":"MIT","main":"lib/index.js","dependencies":{"babel-helper-optimise-call-expression":"^6.18.0","babel-runtime":"^6.0.0","babel-traverse":"^6.18.0","babel-messages":"^6.8.0","babel-template":"^6.16.0","babel-types":"^6.18.0"},"_id":"babel-helper-replace-supers@6.18.0","scripts":{},"_shasum":"28ec69877be4144dbd64f4cc3a337e89f29a924e","_from":".","_npmVersion":"3.10.8","_nodeVersion":"6.9.0","_npmUser":{"name":"hzoo","email":"hi@henryzoo.com"},"dist":{"shasum":"28ec69877be4144dbd64f4cc3a337e89f29a924e","tarball":"https://registry.npmjs.org/babel-helper-replace-supers/-/babel-helper-replace-supers-6.18.0.tgz"},"maintainers":[{"name":"amasad","email":"amjad.masad@gmail.com"},{"name":"hzoo","email":"hi@henryzoo.com"},{"name":"jmm","email":"npm-public@jessemccarthy.net"},{"name":"loganfsmyth","email":"loganfsmyth@gmail.com"},{"name":"sebmck","email":"sebmck@gmail.com"},{"name":"thejameskyle","email":"me@thejameskyle.com"}],"_npmOperationalInternal":{"host":"packages-12-west.internal.npmjs.com","tmp":"tmp/babel-helper-replace-supers-6.18.0.tgz_1477343931154_0.06444387580268085"},"directories":{}},"6.22.0":{"name":"babel-helper-replace-supers","version":"6.22.0","description":"Helper function to replace supers","repository":{"type":"git","url":"https://github.com/babel/babel/tree/master/packages/babel-helper-replace-supers"},"license":"MIT","main":"lib/index.js","dependencies":{"babel-helper-optimise-call-expression":"^6.22.0","babel-runtime":"^6.22.0","babel-traverse":"^6.22.0","babel-messages":"^6.22.0","babel-template":"^6.22.0","babel-types":"^6.22.0"},"_id":"babel-helper-replace-supers@6.22.0","scripts":{},"_shasum":"1fcee2270657548908c34db16bcc345f9850cf42","_from":".","_npmVersion":"3.10.10","_nodeVersion":"6.9.0","_npmUser":{"name":"hzoo","email":"hi@henryzoo.com"},"dist":{"shasum":"1fcee2270657548908c34db16bcc345f9850cf42","tarball":"https://registry.npmjs.org/babel-helper-replace-supers/-/babel-helper-replace-supers-6.22.0.tgz"},"maintainers":[{"name":"amasad","email":"amjad.masad@gmail.com"},{"name":"hzoo","email":"hi@henryzoo.com"},{"name":"jmm","email":"npm-public@jessemccarthy.net"},{"name":"loganfsmyth","email":"loganfsmyth@gmail.com"},{"name":"sebmck","email":"sebmck@gmail.com"},{"name":"thejameskyle","email":"me@thejameskyle.com"}],"_npmOperationalInternal":{"host":"packages-12-west.internal.npmjs.com","tmp":"tmp/babel-helper-replace-supers-6.22.0.tgz_1484872415478_0.9128485394176096"},"directories":{}},"6.23.0":{"name":"babel-helper-replace-supers","version":"6.23.0","description":"Helper function to replace supers","repository":{"type":"git","url":"https://github.com/babel/babel/tree/master/packages/babel-helper-replace-supers"},"license":"MIT","main":"lib/index.js","dependencies":{"babel-helper-optimise-call-expression":"^6.23.0","babel-runtime":"^6.22.0","babel-traverse":"^6.23.0","babel-messages":"^6.23.0","babel-template":"^6.23.0","babel-types":"^6.23.0"},"_id":"babel-helper-replace-supers@6.23.0","scripts":{},"_shasum":"eeaf8ad9b58ec4337ca94223bacdca1f8d9b4bfd","_from":".","_npmVersion":"3.10.8","_nodeVersion":"6.9.1","_npmUser":{"name":"loganfsmyth","email":"loganfsmyth@gmail.com"},"dist":{"shasum":"eeaf8ad9b58ec4337ca94223bacdca1f8d9b4bfd","tarball":"https://registry.npmjs.org/babel-helper-replace-supers/-/babel-helper-replace-supers-6.23.0.tgz"},"maintainers":[{"name":"amasad","email":"amjad.masad@gmail.com"},{"name":"hzoo","email":"hi@henryzoo.com"},{"name":"jmm","email":"npm-public@jessemccarthy.net"},{"name":"loganfsmyth","email":"loganfsmyth@gmail.com"},{"name":"sebmck","email":"sebmck@gmail.com"},{"name":"thejameskyle","email":"me@thejameskyle.com"}],"_npmOperationalInternal":{"host":"packages-18-east.internal.npmjs.com","tmp":"tmp/babel-helper-replace-supers-6.23.0.tgz_1487034863512_0.42063009017147124"},"directories":{}},"7.0.0-alpha.1":{"name":"babel-helper-replace-supers","version":"7.0.0-alpha.1","description":"Helper function to replace supers","repository":{"type":"git","url":"https://github.com/babel/babel/tree/master/packages/babel-helper-replace-supers"},"license":"MIT","main":"lib/index.js","dependencies":{"babel-helper-optimise-call-expression":"7.0.0-alpha.1","babel-traverse":"7.0.0-alpha.1","babel-messages":"7.0.0-alpha.1","babel-template":"7.0.0-alpha.1","babel-types":"7.0.0-alpha.1"},"_id":"babel-helper-replace-supers@7.0.0-alpha.1","scripts":{},"_shasum":"5d8a2d4f31203f6ea13cfc2b7837dbc3ea2f5215","_from":".","_npmVersion":"3.10.10","_nodeVersion":"6.9.0","_npmUser":{"name":"hzoo","email":"hi@henryzoo.com"},"dist":{"shasum":"5d8a2d4f31203f6ea13cfc2b7837dbc3ea2f5215","tarball":"https://registry.npmjs.org/babel-helper-replace-supers/-/babel-helper-replace-supers-7.0.0-alpha.1.tgz"},"maintainers":[{"name":"amasad","email":"amjad.masad@gmail.com"},{"name":"hzoo","email":"hi@henryzoo.com"},{"name":"jmm","email":"npm-public@jessemccarthy.net"},{"name":"loganfsmyth","email":"loganfsmyth@gmail.com"},{"name":"sebmck","email":"sebmck@gmail.com"},{"name":"thejameskyle","email":"me@thejameskyle.com"}],"_npmOperationalInternal":{"host":"packages-12-west.internal.npmjs.com","tmp":"tmp/babel-helper-replace-supers-7.0.0-alpha.1.tgz_1488488744408_0.5870879315771163"},"directories":{}},"7.0.0-alpha.3":{"name":"babel-helper-replace-supers","version":"7.0.0-alpha.3","description":"Helper function to replace supers","repository":{"type":"git","url":"https://github.com/babel/babel/tree/master/packages/babel-helper-replace-supers"},"license":"MIT","main":"lib/index.js","dependencies":{"babel-helper-optimise-call-expression":"7.0.0-alpha.3","babel-traverse":"7.0.0-alpha.3","babel-messages":"7.0.0-alpha.3","babel-template":"7.0.0-alpha.3","babel-types":"7.0.0-alpha.3"},"_id":"babel-helper-replace-supers@7.0.0-alpha.3","scripts":{},"_shasum":"04c701909509867fa84bceeb2b0e51b34cf2d657","_from":".","_npmVersion":"3.10.10","_nodeVersion":"6.9.0","_npmUser":{"name":"hzoo","email":"hi@henryzoo.com"},"dist":{"shasum":"04c701909509867fa84bceeb2b0e51b34cf2d657","tarball":"https://registry.npmjs.org/babel-helper-replace-supers/-/babel-helper-replace-supers-7.0.0-alpha.3.tgz"},"maintainers":[{"name":"amasad","email":"amjad.masad@gmail.com"},{"name":"hzoo","email":"hi@henryzoo.com"},{"name":"jmm","email":"npm-public@jessemccarthy.net"},{"name":"loganfsmyth","email":"loganfsmyth@gmail.com"},{"name":"sebmck","email":"sebmck@gmail.com"},{"name":"thejameskyle","email":"me@thejameskyle.com"}],"_npmOperationalInternal":{"host":"packages-12-west.internal.npmjs.com","tmp":"tmp/babel-helper-replace-supers-7.0.0-alpha.3.tgz_1490298585040_0.9687336008064449"},"directories":{}},"7.0.0-alpha.7":{"name":"babel-helper-replace-supers","version":"7.0.0-alpha.7","description":"Helper function to replace supers","repository":{"type":"git","url":"https://github.com/babel/babel/tree/master/packages/babel-helper-replace-supers"},"license":"MIT","main":"lib/index.js","dependencies":{"babel-helper-optimise-call-expression":"7.0.0-alpha.7","babel-traverse":"7.0.0-alpha.7","babel-messages":"7.0.0-alpha.3","babel-template":"7.0.0-alpha.7","babel-types":"7.0.0-alpha.7"},"_id":"babel-helper-replace-supers@7.0.0-alpha.7","scripts":{},"_shasum":"73ceb5bfeb597ff2c2772a75f0aa013be58e78fe","_from":".","_npmVersion":"3.10.10","_nodeVersion":"6.9.0","_npmUser":{"name":"hzoo","email":"hi@henryzoo.com"},"dist":{"shasum":"73ceb5bfeb597ff2c2772a75f0aa013be58e78fe","tarball":"https://registry.npmjs.org/babel-helper-replace-supers/-/babel-helper-replace-supers-7.0.0-alpha.7.tgz"},"maintainers":[{"name":"amasad","email":"amjad.masad@gmail.com"},{"name":"hzoo","email":"hi@henryzoo.com"},{"name":"jmm","email":"npm-public@jessemccarthy.net"},{"name":"loganfsmyth","email":"loganfsmyth@gmail.com"},{"name":"sebmck","email":"sebmck@gmail.com"},{"name":"thejameskyle","email":"me@thejameskyle.com"}],"_npmOperationalInternal":{"host":"packages-18-east.internal.npmjs.com","tmp":"tmp/babel-helper-replace-supers-7.0.0-alpha.7.tgz_1491426856482_0.1723616775125265"},"directories":{}},"6.24.1":{"name":"babel-helper-replace-supers","version":"6.24.1","description":"Helper function to replace supers","repository":{"type":"git","url":"https://github.com/babel/babel/tree/master/packages/babel-helper-replace-supers"},"license":"MIT","main":"lib/index.js","dependencies":{"babel-helper-optimise-call-expression":"^6.24.1","babel-runtime":"^6.22.0","babel-traverse":"^6.24.1","babel-messages":"^6.23.0","babel-template":"^6.24.1","babel-types":"^6.24.1"},"_id":"babel-helper-replace-supers@6.24.1","scripts":{},"_shasum":"bf6dbfe43938d17369a213ca8a8bf74b6a90ab1a","_from":".","_npmVersion":"3.10.10","_nodeVersion":"6.9.0","_npmUser":{"name":"hzoo","email":"hi@henryzoo.com"},"dist":{"shasum":"bf6dbfe43938d17369a213ca8a8bf74b6a90ab1a","tarball":"https://registry.npmjs.org/babel-helper-replace-supers/-/babel-helper-replace-supers-6.24.1.tgz"},"maintainers":[{"name":"amasad","email":"amjad.masad@gmail.com"},{"name":"hzoo","email":"hi@henryzoo.com"},{"name":"jmm","email":"npm-public@jessemccarthy.net"},{"name":"loganfsmyth","email":"loganfsmyth@gmail.com"},{"name":"sebmck","email":"sebmck@gmail.com"},{"name":"thejameskyle","email":"me@thejameskyle.com"}],"_npmOperationalInternal":{"host":"packages-12-west.internal.npmjs.com","tmp":"tmp/babel-helper-replace-supers-6.24.1.tgz_1491578359376_0.7481327280402184"},"directories":{}},"7.0.0-alpha.8":{"name":"babel-helper-replace-supers","version":"7.0.0-alpha.8","description":"Helper function to replace supers","repository":{"type":"git","url":"https://github.com/babel/babel/tree/master/packages/babel-helper-replace-supers"},"license":"MIT","main":"lib/index.js","dependencies":{"babel-helper-optimise-call-expression":"7.0.0-alpha.7","babel-traverse":"7.0.0-alpha.8","babel-messages":"7.0.0-alpha.8","babel-template":"7.0.0-alpha.8","babel-types":"7.0.0-alpha.7"},"_id":"babel-helper-replace-supers@7.0.0-alpha.8","scripts":{},"_shasum":"f7354ace21088676a2c378c68671095b04d53e78","_from":".","_npmVersion":"3.10.10","_nodeVersion":"6.9.0","_npmUser":{"name":"hzoo","email":"hi@henryzoo.com"},"dist":{"shasum":"f7354ace21088676a2c378c68671095b04d53e78","tarball":"https://registry.npmjs.org/babel-helper-replace-supers/-/babel-helper-replace-supers-7.0.0-alpha.8.tgz"},"maintainers":[{"name":"amasad","email":"amjad.masad@gmail.com"},{"name":"hzoo","email":"hi@henryzoo.com"},{"name":"jmm","email":"npm-public@jessemccarthy.net"},{"name":"loganfsmyth","email":"loganfsmyth@gmail.com"},{"name":"sebmck","email":"sebmck@gmail.com"},{"name":"thejameskyle","email":"me@thejameskyle.com"}],"_npmOperationalInternal":{"host":"packages-18-east.internal.npmjs.com","tmp":"tmp/babel-helper-replace-supers-7.0.0-alpha.8.tgz_1492456390854_0.9764897744171321"},"directories":{}},"7.0.0-alpha.9":{"name":"babel-helper-replace-supers","version":"7.0.0-alpha.9","description":"Helper function to replace supers","repository":{"type":"git","url":"https://github.com/babel/babel/tree/master/packages/babel-helper-replace-supers"},"license":"MIT","main":"lib/index.js","dependencies":{"babel-helper-optimise-call-expression":"7.0.0-alpha.9","babel-traverse":"7.0.0-alpha.9","babel-messages":"7.0.0-alpha.9","babel-template":"7.0.0-alpha.9","babel-types":"7.0.0-alpha.9"},"_id":"babel-helper-replace-supers@7.0.0-alpha.9","scripts":{},"_shasum":"501fba74d5bb2c169f52b1146bcb7005a0f8a86f","_from":".","_npmVersion":"3.10.10","_nodeVersion":"6.9.0","_npmUser":{"name":"hzoo","email":"hi@henryzoo.com"},"dist":{"shasum":"501fba74d5bb2c169f52b1146bcb7005a0f8a86f","tarball":"https://registry.npmjs.org/babel-helper-replace-supers/-/babel-helper-replace-supers-7.0.0-alpha.9.tgz"},"maintainers":[{"name":"amasad","email":"amjad.masad@gmail.com"},{"name":"hzoo","email":"hi@henryzoo.com"},{"name":"jmm","email":"npm-public@jessemccarthy.net"},{"name":"loganfsmyth","email":"loganfsmyth@gmail.com"},{"name":"sebmck","email":"sebmck@gmail.com"},{"name":"thejameskyle","email":"me@thejameskyle.com"}],"_npmOperationalInternal":{"host":"packages-12-west.internal.npmjs.com","tmp":"tmp/babel-helper-replace-supers-7.0.0-alpha.9.tgz_1492526538758_0.6746101418975741"},"directories":{}},"7.0.0-alpha.10":{"name":"babel-helper-replace-supers","version":"7.0.0-alpha.10","description":"Helper function to replace supers","repository":{"type":"git","url":"https://github.com/babel/babel/tree/master/packages/babel-helper-replace-supers"},"license":"MIT","main":"lib/index.js","dependencies":{"babel-helper-optimise-call-expression":"7.0.0-alpha.10","babel-traverse":"7.0.0-alpha.10","babel-messages":"7.0.0-alpha.10","babel-template":"7.0.0-alpha.10","babel-types":"7.0.0-alpha.10"},"_id":"babel-helper-replace-supers@7.0.0-alpha.10","scripts":{},"_shasum":"530650aae6b21573cfc6092925bc853711bb1ae8","_from":".","_npmVersion":"3.10.10","_nodeVersion":"6.9.0","_npmUser":{"name":"hzoo","email":"hi@henryzoo.com"},"dist":{"shasum":"530650aae6b21573cfc6092925bc853711bb1ae8","tarball":"https://registry.npmjs.org/babel-helper-replace-supers/-/babel-helper-replace-supers-7.0.0-alpha.10.tgz"},"maintainers":[{"email":"daniel@tschinder.de","name":"danez"},{"email":"hi@henryzoo.com","name":"hzoo"},{"email":"loganfsmyth@gmail.com","name":"loganfsmyth"}],"_npmOperationalInternal":{"host":"s3://npm-registry-packages","tmp":"tmp/babel-helper-replace-supers-7.0.0-alpha.10.tgz_1495739861158_0.4959752082359046"},"directories":{}},"7.0.0-alpha.11":{"name":"babel-helper-replace-supers","version":"7.0.0-alpha.11","description":"Helper function to replace supers","repository":{"type":"git","url":"https://github.com/babel/babel/tree/master/packages/babel-helper-replace-supers"},"license":"MIT","main":"lib/index.js","dependencies":{"babel-helper-optimise-call-expression":"7.0.0-alpha.11","babel-messages":"7.0.0-alpha.10","babel-template":"7.0.0-alpha.11","babel-traverse":"7.0.0-alpha.11","babel-types":"7.0.0-alpha.11"},"_id":"babel-helper-replace-supers@7.0.0-alpha.11","_npmVersion":"5.0.0","_nodeVersion":"6.9.0","_npmUser":{"name":"hzoo","email":"hi@henryzoo.com"},"dist":{"integrity":"sha512-mxXUjsNkATMFQXviILkdHEyFuGmg/HJQ8pv1Zi6zeQcGZkCihd6J6LZ+6fYlBjZLjTFbqz5fL3X6aVf/uO0U2g==","shasum":"b9818f5cfd5c58deded71730d1a4bd3fc93b6bdb","tarball":"https://registry.npmjs.org/babel-helper-replace-supers/-/babel-helper-replace-supers-7.0.0-alpha.11.tgz"},"maintainers":[{"email":"sebmck@gmail.com","name":"sebmck"},{"email":"daniel@tschinder.de","name":"danez"},{"email":"hi@henryzoo.com","name":"hzoo"},{"email":"loganfsmyth@gmail.com","name":"loganfsmyth"}],"_npmOperationalInternal":{"host":"s3://npm-registry-packages","tmp":"tmp/babel-helper-replace-supers-7.0.0-alpha.11.tgz_1496263432486_0.5333533270750195"},"directories":{}},"7.0.0-alpha.12":{"name":"babel-helper-replace-supers","version":"7.0.0-alpha.12","description":"Helper function to replace supers","repository":{"type":"git","url":"https://github.com/babel/babel/tree/master/packages/babel-helper-replace-supers"},"license":"MIT","main":"lib/index.js","dependencies":{"babel-helper-optimise-call-expression":"7.0.0-alpha.12","babel-messages":"7.0.0-alpha.12","babel-template":"7.0.0-alpha.12","babel-traverse":"7.0.0-alpha.12","babel-types":"7.0.0-alpha.12"},"_id":"babel-helper-replace-supers@7.0.0-alpha.12","_npmVersion":"5.0.0","_nodeVersion":"6.9.0","_npmUser":{"name":"hzoo","email":"hi@henryzoo.com"},"dist":{"integrity":"sha512-3arxsxg+FFtwiiGQGGe1DgdioMzj0wFIPbFSV1pv/3Des6fZJEeJDdsK8vvalAG2PZzhVZEQKPHYuDj4TRLHiw==","shasum":"7076b465db69dc2fd98163e87b93823c260db016","tarball":"https://registry.npmjs.org/babel-helper-replace-supers/-/babel-helper-replace-supers-7.0.0-alpha.12.tgz"},"maintainers":[{"email":"sebmck@gmail.com","name":"sebmck"},{"email":"daniel@tschinder.de","name":"danez"},{"email":"hi@henryzoo.com","name":"hzoo"},{"email":"loganfsmyth@gmail.com","name":"loganfsmyth"}],"_npmOperationalInternal":{"host":"s3://npm-registry-packages","tmp":"tmp/babel-helper-replace-supers-7.0.0-alpha.12.tgz_1496265128415_0.2025839004199952"},"directories":{}},"7.0.0-alpha.14":{"name":"babel-helper-replace-supers","version":"7.0.0-alpha.14","description":"Helper function to replace supers","repository":{"type":"git","url":"https://github.com/babel/babel/tree/master/packages/babel-helper-replace-supers"},"license":"MIT","main":"lib/index.js","dependencies":{"babel-helper-optimise-call-expression":"7.0.0-alpha.14","babel-messages":"7.0.0-alpha.14","babel-template":"7.0.0-alpha.14","babel-traverse":"7.0.0-alpha.14","babel-types":"7.0.0-alpha.14"},"_id":"babel-helper-replace-supers@7.0.0-alpha.14","scripts":{},"_shasum":"8baee2a524e81f2bbff963128bbd1b15da4afdc8","_from":".","_npmVersion":"4.6.1","_nodeVersion":"6.9.0","_npmUser":{"name":"hzoo","email":"hi@henryzoo.com"},"dist":{"shasum":"8baee2a524e81f2bbff963128bbd1b15da4afdc8","tarball":"https://registry.npmjs.org/babel-helper-replace-supers/-/babel-helper-replace-supers-7.0.0-alpha.14.tgz"},"maintainers":[{"email":"sebmck@gmail.com","name":"sebmck"},{"email":"daniel@tschinder.de","name":"danez"},{"email":"hi@henryzoo.com","name":"hzoo"},{"email":"loganfsmyth@gmail.com","name":"loganfsmyth"}],"_npmOperationalInternal":{"host":"s3://npm-registry-packages","tmp":"tmp/babel-helper-replace-supers-7.0.0-alpha.14.tgz_1499828059559_0.9958605682477355"},"directories":{}},"7.0.0-alpha.15":{"name":"babel-helper-replace-supers","version":"7.0.0-alpha.15","description":"Helper function to replace supers","repository":{"type":"git","url":"https://github.com/babel/babel/tree/master/packages/babel-helper-replace-supers"},"license":"MIT","main":"lib/index.js","dependencies":{"babel-helper-optimise-call-expression":"7.0.0-alpha.15","babel-messages":"7.0.0-alpha.15","babel-template":"7.0.0-alpha.15","babel-traverse":"7.0.0-alpha.15","babel-types":"7.0.0-alpha.15"},"_id":"babel-helper-replace-supers@7.0.0-alpha.15","scripts":{},"_shasum":"8244f181b59de22df84f947645e97296547c961a","_from":".","_npmVersion":"4.6.1","_nodeVersion":"6.9.0","_npmUser":{"name":"hzoo","email":"hi@henryzoo.com"},"dist":{"shasum":"8244f181b59de22df84f947645e97296547c961a","tarball":"https://registry.npmjs.org/babel-helper-replace-supers/-/babel-helper-replace-supers-7.0.0-alpha.15.tgz"},"maintainers":[{"email":"sebmck@gmail.com","name":"sebmck"},{"email":"daniel@tschinder.de","name":"danez"},{"email":"hi@henryzoo.com","name":"hzoo"},{"email":"loganfsmyth@gmail.com","name":"loganfsmyth"}],"_npmOperationalInternal":{"host":"s3://npm-registry-packages","tmp":"tmp/babel-helper-replace-supers-7.0.0-alpha.15.tgz_1499830596414_0.18844903190620244"},"directories":{}},"7.0.0-alpha.16":{"name":"babel-helper-replace-supers","version":"7.0.0-alpha.16","description":"Helper function to replace supers","repository":{"type":"git","url":"https://github.com/babel/babel/tree/master/packages/babel-helper-replace-supers"},"license":"MIT","main":"lib/index.js","dependencies":{"babel-helper-optimise-call-expression":"7.0.0-alpha.16","babel-messages":"7.0.0-alpha.16","babel-template":"7.0.0-alpha.16","babel-traverse":"7.0.0-alpha.16","babel-types":"7.0.0-alpha.16"},"_id":"babel-helper-replace-supers@7.0.0-alpha.16","scripts":{},"_shasum":"fad2e069caddc4e9011202a625c825dac6ac6072","_from":".","_npmVersion":"4.6.1","_nodeVersion":"6.9.0","_npmUser":{"name":"hzoo","email":"hi@henryzoo.com"},"dist":{"shasum":"fad2e069caddc4e9011202a625c825dac6ac6072","tarball":"https://registry.npmjs.org/babel-helper-replace-supers/-/babel-helper-replace-supers-7.0.0-alpha.16.tgz"},"maintainers":[{"email":"sebmck@gmail.com","name":"sebmck"},{"email":"daniel@tschinder.de","name":"danez"},{"email":"hi@henryzoo.com","name":"hzoo"},{"email":"loganfsmyth@gmail.com","name":"loganfsmyth"}],"_npmOperationalInternal":{"host":"s3://npm-registry-packages","tmp":"tmp/babel-helper-replace-supers-7.0.0-alpha.16.tgz_1501017509122_0.7609734972938895"},"directories":{}},"7.0.0-alpha.17":{"name":"babel-helper-replace-supers","version":"7.0.0-alpha.17","description":"Helper function to replace supers","repository":{"type":"git","url":"https://github.com/babel/babel/tree/master/packages/babel-helper-replace-supers"},"license":"MIT","main":"lib/index.js","dependencies":{"babel-helper-optimise-call-expression":"7.0.0-alpha.17","babel-messages":"7.0.0-alpha.17","babel-template":"7.0.0-alpha.17","babel-traverse":"7.0.0-alpha.17","babel-types":"7.0.0-alpha.17"},"_id":"babel-helper-replace-supers@7.0.0-alpha.17","scripts":{},"_shasum":"a1fecbb6ff6d91aa1d1f84a168fe9013ca142d18","_from":".","_npmVersion":"4.6.1","_nodeVersion":"6.9.0","_npmUser":{"name":"hzoo","email":"hi@henryzoo.com"},"dist":{"shasum":"a1fecbb6ff6d91aa1d1f84a168fe9013ca142d18","tarball":"https://registry.npmjs.org/babel-helper-replace-supers/-/babel-helper-replace-supers-7.0.0-alpha.17.tgz"},"maintainers":[{"email":"sebmck@gmail.com","name":"sebmck"},{"email":"daniel@tschinder.de","name":"danez"},{"email":"hi@henryzoo.com","name":"hzoo"},{"email":"loganfsmyth@gmail.com","name":"loganfsmyth"}],"_npmOperationalInternal":{"host":"s3://npm-registry-packages","tmp":"tmp/babel-helper-replace-supers-7.0.0-alpha.17.tgz_1501072801530_0.8623230911325663"},"directories":{}},"7.0.0-alpha.18":{"name":"babel-helper-replace-supers","version":"7.0.0-alpha.18","description":"Helper function to replace supers","repository":{"type":"git","url":"https://github.com/babel/babel/tree/master/packages/babel-helper-replace-supers"},"license":"MIT","main":"lib/index.js","dependencies":{"babel-helper-optimise-call-expression":"7.0.0-alpha.18","babel-messages":"7.0.0-alpha.18","babel-template":"7.0.0-alpha.18","babel-traverse":"7.0.0-alpha.18","babel-types":"7.0.0-alpha.18"},"_id":"babel-helper-replace-supers@7.0.0-alpha.18","_npmVersion":"5.3.0","_nodeVersion":"8.1.4","_npmUser":{"name":"hzoo","email":"hi@henryzoo.com"},"dist":{"integrity":"sha512-zM9WvoBxdNLsLsmatGA6kAqwvFFjvvKfr8SU1vX/Nya40t3z8Ag8pK4EMQPeJi5fwJK+lzzdU6dGfoDP62Anzw==","shasum":"40a1620cd9b2f8e898c5edee772eea3a8ed99ce4","tarball":"https://registry.npmjs.org/babel-helper-replace-supers/-/babel-helper-replace-supers-7.0.0-alpha.18.tgz"},"maintainers":[{"email":"me@thejameskyle.com","name":"thejameskyle"},{"email":"sebmck@gmail.com","name":"sebmck"},{"email":"daniel@tschinder.de","name":"danez"},{"email":"hi@henryzoo.com","name":"hzoo"},{"email":"loganfsmyth@gmail.com","name":"loganfsmyth"}],"_npmOperationalInternal":{"host":"s3://npm-registry-packages","tmp":"tmp/babel-helper-replace-supers-7.0.0-alpha.18.tgz_1501798892527_0.16624279972165823"},"directories":{}},"7.0.0-alpha.19":{"name":"babel-helper-replace-supers","version":"7.0.0-alpha.19","description":"Helper function to replace supers","repository":{"type":"git","url":"https://github.com/babel/babel/tree/master/packages/babel-helper-replace-supers"},"license":"MIT","main":"lib/index.js","dependencies":{"babel-helper-optimise-call-expression":"7.0.0-alpha.19","babel-messages":"7.0.0-alpha.19","babel-template":"7.0.0-alpha.19","babel-traverse":"7.0.0-alpha.19","babel-types":"7.0.0-alpha.19"},"_id":"babel-helper-replace-supers@7.0.0-alpha.19","_npmVersion":"5.3.0","_nodeVersion":"8.1.4","_npmUser":{"name":"hzoo","email":"hi@henryzoo.com"},"dist":{"integrity":"sha512-/lofcpgP/OaommQKeMD3GSNQjAQIYJr9SARkaA7OPkChP0x4p4EnU1PF77hfDy04N69VnAfCYhrojJLB4mekhg==","shasum":"8c9224d65fde8a872e2c5e1d18b15d5ddf3aa212","tarball":"https://registry.npmjs.org/babel-helper-replace-supers/-/babel-helper-replace-supers-7.0.0-alpha.19.tgz"},"maintainers":[{"email":"me@thejameskyle.com","name":"thejameskyle"},{"email":"sebmck@gmail.com","name":"sebmck"},{"email":"daniel@tschinder.de","name":"danez"},{"email":"hi@henryzoo.com","name":"hzoo"},{"email":"loganfsmyth@gmail.com","name":"loganfsmyth"}],"_npmOperationalInternal":{"host":"s3://npm-registry-packages","tmp":"tmp/babel-helper-replace-supers-7.0.0-alpha.19.tgz_1502144536106_0.29934549797326326"},"directories":{}},"7.0.0-alpha.20":{"name":"babel-helper-replace-supers","version":"7.0.0-alpha.20","description":"Helper function to replace supers","repository":{"type":"git","url":"https://github.com/babel/babel/tree/master/packages/babel-helper-replace-supers"},"license":"MIT","main":"lib/index.js","dependencies":{"babel-helper-optimise-call-expression":"7.0.0-alpha.20","babel-messages":"7.0.0-alpha.20","babel-template":"7.0.0-alpha.20","babel-traverse":"7.0.0-alpha.20","babel-types":"7.0.0-alpha.20"},"_id":"babel-helper-replace-supers@7.0.0-alpha.20","_npmVersion":"5.3.0","_nodeVersion":"8.1.4","_npmUser":{"name":"hzoo","email":"hi@henryzoo.com"},"dist":{"integrity":"sha512-Weh9laOxzu80CPgVDV2OcDqCbqcTIU/bQx7Z8bbEWLZ+PUV6B5GicDVKCTvyzcx0YzU8yJcSSygeIJyiYKz+ng==","shasum":"42d091559304583651b0d49cedf6ca11b39f253a","tarball":"https://registry.npmjs.org/babel-helper-replace-supers/-/babel-helper-replace-supers-7.0.0-alpha.20.tgz"},"maintainers":[{"email":"me@thejameskyle.com","name":"thejameskyle"},{"email":"sebmck@gmail.com","name":"sebmck"},{"email":"daniel@tschinder.de","name":"danez"},{"email":"hi@henryzoo.com","name":"hzoo"},{"email":"loganfsmyth@gmail.com","name":"loganfsmyth"}],"_npmOperationalInternal":{"host":"s3://npm-registry-packages","tmp":"tmp/babel-helper-replace-supers-7.0.0-alpha.20.tgz_1504119878230_0.9570110645145178"},"directories":{}},"7.0.0-beta.0":{"name":"babel-helper-replace-supers","version":"7.0.0-beta.0","description":"Helper function to replace supers","repository":{"type":"git","url":"https://github.com/babel/babel/tree/master/packages/babel-helper-replace-supers"},"license":"MIT","main":"lib/index.js","dependencies":{"babel-helper-optimise-call-expression":"7.0.0-beta.0","babel-messages":"7.0.0-beta.0","babel-template":"7.0.0-beta.0","babel-traverse":"7.0.0-beta.0","babel-types":"7.0.0-beta.0"},"_id":"babel-helper-replace-supers@7.0.0-beta.0","_npmVersion":"5.3.0","_nodeVersion":"8.1.4","_npmUser":{"name":"hzoo","email":"hi@henryzoo.com"},"dist":{"integrity":"sha512-mI76I8Xi9RRCXUoUplVS89m5Xbd1gL9R6jay76q7hC/yM0ACrzylkkxPdOvwVslZfSKYJ3GabS6XQB/T8/hqWw==","shasum":"3c0ed8247652b6bc4d0fd6bd74798497036be39e","tarball":"https://registry.npmjs.org/babel-helper-replace-supers/-/babel-helper-replace-supers-7.0.0-beta.0.tgz"},"maintainers":[{"email":"me@thejameskyle.com","name":"thejameskyle"},{"email":"sebmck@gmail.com","name":"sebmck"},{"email":"daniel@tschinder.de","name":"danez"},{"email":"hi@henryzoo.com","name":"hzoo"},{"email":"loganfsmyth@gmail.com","name":"loganfsmyth"}],"_npmOperationalInternal":{"host":"s3://npm-registry-packages","tmp":"tmp/babel-helper-replace-supers-7.0.0-beta.0.tgz_1505185382435_0.45845055137760937"},"directories":{}},"7.0.0-beta.1":{"name":"babel-helper-replace-supers","version":"7.0.0-beta.1","description":"Helper function to replace supers","repository":{"type":"git","url":"https://github.com/babel/babel/tree/master/packages/babel-helper-replace-supers"},"license":"MIT","main":"lib/index.js","dependencies":{"babel-helper-optimise-call-expression":"7.0.0-beta.1","babel-messages":"7.0.0-beta.1","babel-template":"7.0.0-beta.1","babel-traverse":"7.0.0-beta.1","babel-types":"7.0.0-beta.1"},"_id":"babel-helper-replace-supers@7.0.0-beta.1","_npmVersion":"5.4.1","_nodeVersion":"8.1.4","_npmUser":{"name":"hzoo","email":"hi@henryzoo.com"},"dist":{"integrity":"sha512-WYFRDPBeAXnjEnIwc3YZOs5jPOhSR7VYchG+eeZEtiC+s1XvtJvLx99s4fPbWklJMuQz4grg6WWnhw+IhZ6uxw==","shasum":"344ed94cb4dff14029d73a3edccd54e81381bcc7","tarball":"https://registry.npmjs.org/babel-helper-replace-supers/-/babel-helper-replace-supers-7.0.0-beta.1.tgz"},"maintainers":[{"email":"me@thejameskyle.com","name":"thejameskyle"},{"email":"sebmck@gmail.com","name":"sebmck"},{"email":"daniel@tschinder.de","name":"danez"},{"email":"hi@henryzoo.com","name":"hzoo"},{"email":"loganfsmyth@gmail.com","name":"loganfsmyth"}],"_npmOperationalInternal":{"host":"s3://npm-registry-packages","tmp":"tmp/babel-helper-replace-supers-7.0.0-beta.1.tgz_1505852690649_0.18518892326392233"},"directories":{}},"7.0.0-beta.2":{"name":"babel-helper-replace-supers","version":"7.0.0-beta.2","description":"Helper function to replace supers","repository":{"type":"git","url":"https://github.com/babel/babel/tree/master/packages/babel-helper-replace-supers"},"license":"MIT","main":"lib/index.js","dependencies":{"babel-helper-optimise-call-expression":"7.0.0-beta.2","babel-messages":"7.0.0-beta.2","babel-template":"7.0.0-beta.2","babel-traverse":"7.0.0-beta.2","babel-types":"7.0.0-beta.2"},"_id":"babel-helper-replace-supers@7.0.0-beta.2","_npmVersion":"5.4.1","_nodeVersion":"8.1.4","_npmUser":{"name":"hzoo","email":"hi@henryzoo.com"},"dist":{"integrity":"sha512-Ul+KBqzKCY7TJ+Uc/UOwweia5R0mY2zO2RuTXffcA5v4fGvfYF9Olg9NPDenQkSbHe1e5ti/dZLs7tzzO8uOsw==","shasum":"8c5441d95851b7ba86be4127ba1422b661b46c69","tarball":"https://registry.npmjs.org/babel-helper-replace-supers/-/babel-helper-replace-supers-7.0.0-beta.2.tgz"},"maintainers":[{"email":"bng412@gmail.com","name":"existentialism"},{"email":"me@thejameskyle.com","name":"thejameskyle"},{"email":"sebmck@gmail.com","name":"sebmck"},{"email":"daniel@tschinder.de","name":"danez"},{"email":"hi@henryzoo.com","name":"hzoo"},{"email":"loganfsmyth@gmail.com","name":"loganfsmyth"}],"_npmOperationalInternal":{"host":"s3://npm-registry-packages","tmp":"tmp/babel-helper-replace-supers-7.0.0-beta.2.tgz_1506438964741_0.5539357427041978"},"directories":{}},"7.0.0-beta.3":{"name":"babel-helper-replace-supers","version":"7.0.0-beta.3","description":"Helper function to replace supers","repository":{"type":"git","url":"https://github.com/babel/babel/tree/master/packages/babel-helper-replace-supers"},"license":"MIT","main":"lib/index.js","dependencies":{"babel-helper-optimise-call-expression":"7.0.0-beta.3","babel-template":"7.0.0-beta.3","babel-traverse":"7.0.0-beta.3","babel-types":"7.0.0-beta.3"},"_id":"babel-helper-replace-supers@7.0.0-beta.3","_npmVersion":"5.5.1","_nodeVersion":"8.1.4","_npmUser":{"name":"hzoo","email":"hi@henryzoo.com"},"dist":{"integrity":"sha512-ZkTdE7XBDW0PUQkKTeax+m1JpZqzo9ze3zbqjRxyt+x328NeGLD3edmNCIxmFt86njxIo3AFfZ00PKd4g/7jqg==","shasum":"73598401b73feff5a6689a929b77496f15d673c3","tarball":"https://registry.npmjs.org/babel-helper-replace-supers/-/babel-helper-replace-supers-7.0.0-beta.3.tgz"},"maintainers":[{"email":"bng412@gmail.com","name":"existentialism"},{"email":"me@thejameskyle.com","name":"thejameskyle"},{"email":"sebmck@gmail.com","name":"sebmck"},{"email":"daniel@tschinder.de","name":"danez"},{"email":"hi@henryzoo.com","name":"hzoo"},{"email":"loganfsmyth@gmail.com","name":"loganfsmyth"}],"_npmOperationalInternal":{"host":"s3://npm-registry-packages","tmp":"tmp/babel-helper-replace-supers-7.0.0-beta.3.tgz_1508073150786_0.7452492641750723"},"directories":{}}},"readme":"# babel-helper-replace-supers\n\n## Usage\n\nTODO\n","maintainers":[{"email":"bng412@gmail.com","name":"existentialism"},{"email":"me@thejameskyle.com","name":"thejameskyle"},{"email":"sebmck@gmail.com","name":"sebmck"},{"email":"daniel@tschinder.de","name":"danez"},{"email":"hi@henryzoo.com","name":"hzoo"},{"email":"loganfsmyth@gmail.com","name":"loganfsmyth"}],"time":{"modified":"2017-10-15T13:12:31.720Z","created":"2015-10-29T17:55:45.085Z","6.0.0":"2015-10-29T17:55:45.085Z","6.0.2":"2015-10-29T18:09:48.695Z","6.0.14":"2015-10-30T23:33:45.073Z","6.0.15":"2015-11-01T22:09:22.327Z","6.0.18":"2015-11-03T01:24:17.277Z","6.1.5":"2015-11-12T06:51:03.343Z","6.1.6":"2015-11-12T07:33:59.345Z","6.1.7":"2015-11-12T07:38:24.689Z","6.1.8":"2015-11-12T07:41:29.597Z","6.1.9":"2015-11-12T07:47:16.549Z","6.1.10":"2015-11-12T07:53:52.933Z","6.1.12":"2015-11-12T08:49:05.781Z","6.1.13":"2015-11-12T19:58:42.615Z","6.1.16":"2015-11-12T21:34:22.973Z","6.1.17":"2015-11-12T21:41:17.509Z","6.1.18":"2015-11-12T21:47:36.229Z","6.2.0":"2015-11-19T04:34:13.514Z","6.2.4":"2015-11-25T03:13:19.478Z","6.3.13":"2015-12-04T11:57:39.909Z","6.5.0":"2016-02-07T00:07:06.460Z","6.5.0-1":"2016-02-07T02:39:51.900Z","6.6.0":"2016-02-29T21:12:34.725Z","6.6.4":"2016-03-02T21:29:36.312Z","6.6.5":"2016-03-04T23:16:43.255Z","6.7.0":"2016-03-09T00:52:56.944Z","6.8.0":"2016-05-02T23:44:09.051Z","6.14.0":"2016-08-24T23:40:50.675Z","6.16.0":"2016-09-28T19:38:50.073Z","6.18.0":"2016-10-24T21:18:52.968Z","6.22.0":"2017-01-20T00:33:37.294Z","6.23.0":"2017-02-14T01:14:25.589Z","7.0.0-alpha.1":"2017-03-02T21:05:46.210Z","7.0.0-alpha.3":"2017-03-23T19:49:45.265Z","7.0.0-alpha.7":"2017-04-05T21:14:17.258Z","6.24.1":"2017-04-07T15:19:19.620Z","7.0.0-alpha.8":"2017-04-17T19:13:12.645Z","7.0.0-alpha.9":"2017-04-18T14:42:18.987Z","7.0.0-alpha.10":"2017-05-25T19:17:42.051Z","7.0.0-alpha.11":"2017-05-31T20:43:52.760Z","7.0.0-alpha.12":"2017-05-31T21:12:08.502Z","7.0.0-alpha.14":"2017-07-12T02:54:20.436Z","7.0.0-alpha.15":"2017-07-12T03:36:37.384Z","7.0.0-alpha.16":"2017-07-25T21:18:30.033Z","7.0.0-alpha.17":"2017-07-26T12:40:02.443Z","7.0.0-alpha.18":"2017-08-03T22:21:32.611Z","7.0.0-alpha.19":"2017-08-07T22:22:16.208Z","7.0.0-alpha.20":"2017-08-30T19:04:38.388Z","7.0.0-beta.0":"2017-09-12T03:03:03.315Z","7.0.0-beta.1":"2017-09-19T20:24:50.722Z","7.0.0-beta.2":"2017-09-26T15:16:05.639Z","7.0.0-beta.3":"2017-10-15T13:12:31.720Z"},"repository":{"type":"git","url":"https://github.com/babel/babel/tree/master/packages/babel-helper-replace-supers"},"license":"MIT","readmeFilename":"README.md","_attachments":{},"_etag":"W/\"cef9d75daf181e5c01b7cb1ac042e4e5\"","_lastModified":"Sat, 26 May 2018 17:55:23 GMT"}