{"_id":"babel-plugin-transform-async-to-generator","_rev":"95-2bbdde2f7e20897070234b296fc48ead","name":"babel-plugin-transform-async-to-generator","description":"Turn async functions into ES2015 generators","dist-tags":{"latest":"6.24.1","next":"7.0.0-beta.3"},"versions":{"6.0.2":{"name":"babel-plugin-transform-async-to-generator","version":"6.0.2","description":"Turn async functions into ES2015 generators","repository":{"type":"git","url":"git+https://github.com/babel/babel.git"},"license":"MIT","main":"lib/index.js","keywords":["babel-plugin"],"dependencies":{"babel-helper-remap-async-to-generator":"^6.0.2","babel-plugin-syntax-async-functions":"^6.0.2","babel-runtime":"^6.0.2"},"bugs":{"url":"https://github.com/babel/babel/issues"},"homepage":"https://github.com/babel/babel#readme","_id":"babel-plugin-transform-async-to-generator@6.0.2","scripts":{},"_shasum":"cf0b2374ed9bc7cb586ce9060a6a48ad70c4e37a","_from":".","_npmVersion":"2.14.3","_nodeVersion":"4.1.0","_npmUser":{"name":"sebmck","email":"sebmck@gmail.com"},"dist":{"shasum":"cf0b2374ed9bc7cb586ce9060a6a48ad70c4e37a","tarball":"https://registry.npmjs.org/babel-plugin-transform-async-to-generator/-/babel-plugin-transform-async-to-generator-6.0.2.tgz"},"maintainers":[{"name":"sebmck","email":"sebmck@gmail.com"}],"directories":{}},"6.0.14":{"name":"babel-plugin-transform-async-to-generator","version":"6.0.14","description":"Turn async functions into ES2015 generators","repository":{"type":"git","url":"https://github.com/babel/babel/tree/master/packages/babel-plugin-transform-async-to-generator"},"license":"MIT","main":"lib/index.js","keywords":["babel-plugin"],"dependencies":{"babel-helper-remap-async-to-generator":"^6.0.14","babel-plugin-syntax-async-functions":"^6.0.14","babel-runtime":"^5.0.0"},"_id":"babel-plugin-transform-async-to-generator@6.0.14","scripts":{},"_shasum":"40c22eae3f7247eb783f2a4d411589947da4cc38","_from":".","_npmVersion":"2.14.9","_nodeVersion":"4.1.0","_npmUser":{"name":"sebmck","email":"sebmck@gmail.com"},"dist":{"shasum":"40c22eae3f7247eb783f2a4d411589947da4cc38","tarball":"https://registry.npmjs.org/babel-plugin-transform-async-to-generator/-/babel-plugin-transform-async-to-generator-6.0.14.tgz"},"maintainers":[{"name":"sebmck","email":"sebmck@gmail.com"}],"directories":{}},"6.1.4":{"name":"babel-plugin-transform-async-to-generator","version":"6.1.4","description":"Turn async functions into ES2015 generators","repository":{"type":"git","url":"https://github.com/babel/babel/tree/master/packages/babel-plugin-transform-async-to-generator"},"license":"MIT","main":"lib/index.js","keywords":["babel-plugin"],"dependencies":{"babel-helper-remap-async-to-generator":"^6.1.4","babel-plugin-syntax-async-functions":"^6.1.4","babel-runtime":"^5.0.0"},"devDependencies":{"babel-helper-plugin-test-runner":"^6.1.4"},"_id":"babel-plugin-transform-async-to-generator@6.1.4","scripts":{},"_shasum":"bfcd429a7575f4ba4bc3940d089a0961b492d396","_from":".","_npmVersion":"3.3.10","_nodeVersion":"4.1.0","_npmUser":{"name":"sebmck","email":"sebmck@gmail.com"},"dist":{"shasum":"bfcd429a7575f4ba4bc3940d089a0961b492d396","tarball":"https://registry.npmjs.org/babel-plugin-transform-async-to-generator/-/babel-plugin-transform-async-to-generator-6.1.4.tgz"},"maintainers":[{"name":"sebmck","email":"sebmck@gmail.com"}],"directories":{}},"6.1.5":{"name":"babel-plugin-transform-async-to-generator","version":"6.1.5","description":"Turn async functions into ES2015 generators","repository":{"type":"git","url":"https://github.com/babel/babel/tree/master/packages/babel-plugin-transform-async-to-generator"},"license":"MIT","main":"lib/index.js","keywords":["babel-plugin"],"dependencies":{"babel-helper-remap-async-to-generator":"^6.1.5","babel-plugin-syntax-async-functions":"^6.1.5","babel-runtime":"^5.0.0"},"devDependencies":{"babel-helper-plugin-test-runner":"^6.1.5"},"_id":"babel-plugin-transform-async-to-generator@6.1.5","scripts":{},"_shasum":"0e255f0b686b7872bb511a5438fdf7e0a894942a","_from":".","_npmVersion":"3.3.10","_nodeVersion":"4.1.0","_npmUser":{"name":"sebmck","email":"sebmck@gmail.com"},"dist":{"shasum":"0e255f0b686b7872bb511a5438fdf7e0a894942a","tarball":"https://registry.npmjs.org/babel-plugin-transform-async-to-generator/-/babel-plugin-transform-async-to-generator-6.1.5.tgz"},"maintainers":[{"name":"sebmck","email":"sebmck@gmail.com"}],"directories":{}},"6.1.10":{"name":"babel-plugin-transform-async-to-generator","version":"6.1.10","description":"Turn async functions into ES2015 generators","repository":{"type":"git","url":"https://github.com/babel/babel/tree/master/packages/babel-plugin-transform-async-to-generator"},"license":"MIT","main":"lib/index.js","keywords":["babel-plugin"],"dependencies":{"babel-helper-remap-async-to-generator":"^6.1.10","babel-plugin-syntax-async-functions":"^6.1.10","babel-runtime":"^5.0.0"},"devDependencies":{"babel-helper-plugin-test-runner":"^6.1.10"},"_id":"babel-plugin-transform-async-to-generator@6.1.10","scripts":{},"_shasum":"c9e5007543c6b6deef8fe260f4acd5351f24a38d","_from":".","_npmVersion":"3.3.10","_nodeVersion":"4.1.0","_npmUser":{"name":"sebmck","email":"sebmck@gmail.com"},"dist":{"shasum":"c9e5007543c6b6deef8fe260f4acd5351f24a38d","tarball":"https://registry.npmjs.org/babel-plugin-transform-async-to-generator/-/babel-plugin-transform-async-to-generator-6.1.10.tgz"},"maintainers":[{"name":"amasad","email":"amjad.masad@gmail.com"},{"name":"sebmck","email":"sebmck@gmail.com"},{"name":"thejameskyle","email":"me@thejameskyle.com"}],"directories":{}},"6.1.13":{"name":"babel-plugin-transform-async-to-generator","version":"6.1.13","description":"Turn async functions into ES2015 generators","repository":{"type":"git","url":"https://github.com/babel/babel/tree/master/packages/babel-plugin-transform-async-to-generator"},"license":"MIT","main":"lib/index.js","keywords":["babel-plugin"],"dependencies":{"babel-helper-remap-async-to-generator":"^6.1.13","babel-plugin-syntax-async-functions":"^6.1.13","babel-runtime":"^5.0.0"},"devDependencies":{"babel-helper-plugin-test-runner":"^6.1.13"},"_id":"babel-plugin-transform-async-to-generator@6.1.13","scripts":{},"_shasum":"448a9d6f96d4fdca45884a3e0382b8fa84e0be11","_from":".","_npmVersion":"3.3.10","_nodeVersion":"4.1.0","_npmUser":{"name":"sebmck","email":"sebmck@gmail.com"},"dist":{"shasum":"448a9d6f96d4fdca45884a3e0382b8fa84e0be11","tarball":"https://registry.npmjs.org/babel-plugin-transform-async-to-generator/-/babel-plugin-transform-async-to-generator-6.1.13.tgz"},"maintainers":[{"name":"amasad","email":"amjad.masad@gmail.com"},{"name":"sebmck","email":"sebmck@gmail.com"},{"name":"thejameskyle","email":"me@thejameskyle.com"}],"directories":{}},"6.1.17":{"name":"babel-plugin-transform-async-to-generator","version":"6.1.17","description":"Turn async functions into ES2015 generators","repository":{"type":"git","url":"https://github.com/babel/babel/tree/master/packages/babel-plugin-transform-async-to-generator"},"license":"MIT","main":"lib/index.js","keywords":["babel-plugin"],"dependencies":{"babel-helper-remap-async-to-generator":"^6.1.17","babel-plugin-syntax-async-functions":"^6.1.17","babel-runtime":"^5.0.0"},"devDependencies":{"babel-helper-plugin-test-runner":"^6.1.17"},"_id":"babel-plugin-transform-async-to-generator@6.1.17","scripts":{},"_shasum":"eb44fcd17e4b25e5dcef6cea5fe42e8ae8dade78","_from":".","_npmVersion":"3.3.10","_nodeVersion":"4.1.0","_npmUser":{"name":"sebmck","email":"sebmck@gmail.com"},"dist":{"shasum":"eb44fcd17e4b25e5dcef6cea5fe42e8ae8dade78","tarball":"https://registry.npmjs.org/babel-plugin-transform-async-to-generator/-/babel-plugin-transform-async-to-generator-6.1.17.tgz"},"maintainers":[{"name":"amasad","email":"amjad.masad@gmail.com"},{"name":"sebmck","email":"sebmck@gmail.com"},{"name":"thejameskyle","email":"me@thejameskyle.com"}],"directories":{}},"6.1.18":{"name":"babel-plugin-transform-async-to-generator","version":"6.1.18","description":"Turn async functions into ES2015 generators","repository":{"type":"git","url":"https://github.com/babel/babel/tree/master/packages/babel-plugin-transform-async-to-generator"},"license":"MIT","main":"lib/index.js","keywords":["babel-plugin"],"dependencies":{"babel-helper-remap-async-to-generator":"^6.1.18","babel-plugin-syntax-async-functions":"^6.1.18","babel-runtime":"^5.0.0"},"devDependencies":{"babel-helper-plugin-test-runner":"^6.1.18"},"_id":"babel-plugin-transform-async-to-generator@6.1.18","scripts":{},"_shasum":"8cbcf6c56e3995d0386d049752e91849f47817d7","_from":".","_npmVersion":"3.3.10","_nodeVersion":"4.1.0","_npmUser":{"name":"sebmck","email":"sebmck@gmail.com"},"dist":{"shasum":"8cbcf6c56e3995d0386d049752e91849f47817d7","tarball":"https://registry.npmjs.org/babel-plugin-transform-async-to-generator/-/babel-plugin-transform-async-to-generator-6.1.18.tgz"},"maintainers":[{"name":"amasad","email":"amjad.masad@gmail.com"},{"name":"sebmck","email":"sebmck@gmail.com"},{"name":"thejameskyle","email":"me@thejameskyle.com"}],"directories":{}},"6.2.4":{"name":"babel-plugin-transform-async-to-generator","version":"6.2.4","description":"Turn async functions into ES2015 generators","repository":{"type":"git","url":"https://github.com/babel/babel/tree/master/packages/babel-plugin-transform-async-to-generator"},"license":"MIT","main":"lib/index.js","keywords":["babel-plugin"],"dependencies":{"babel-helper-remap-async-to-generator":"^6.2.4","babel-plugin-syntax-async-functions":"^6.2.4","babel-runtime":"^5.0.0"},"devDependencies":{"babel-helper-plugin-test-runner":"^6.2.4"},"_id":"babel-plugin-transform-async-to-generator@6.2.4","scripts":{},"_shasum":"7aa73b5f142c5ef9e8da6b44cf5735bc204e8991","_from":".","_npmVersion":"3.3.10","_nodeVersion":"4.1.0","_npmUser":{"name":"sebmck","email":"sebmck@gmail.com"},"dist":{"shasum":"7aa73b5f142c5ef9e8da6b44cf5735bc204e8991","tarball":"https://registry.npmjs.org/babel-plugin-transform-async-to-generator/-/babel-plugin-transform-async-to-generator-6.2.4.tgz"},"maintainers":[{"name":"amasad","email":"amjad.masad@gmail.com"},{"name":"sebmck","email":"sebmck@gmail.com"},{"name":"thejameskyle","email":"me@thejameskyle.com"}],"directories":{}},"6.3.0":{"name":"babel-plugin-transform-async-to-generator","version":"6.3.0","description":"Turn async functions into ES2015 generators","repository":{"type":"git","url":"https://github.com/babel/babel/tree/master/packages/babel-plugin-transform-async-to-generator"},"license":"MIT","main":"lib/index.js","keywords":["babel-plugin"],"dependencies":{"babel-helper-remap-async-to-generator":"^6.3.0","babel-plugin-syntax-async-functions":"^6.1.18","babel-runtime":"^5.0.0"},"devDependencies":{"babel-helper-plugin-test-runner":"^6.1.18"},"_id":"babel-plugin-transform-async-to-generator@6.3.0","scripts":{},"_shasum":"5e99f7b33513a2531e2311b649e28d4456a91d7f","_from":".","_npmVersion":"2.14.7","_nodeVersion":"4.2.2","_npmUser":{"name":"amasad","email":"amjad.masad@gmail.com"},"maintainers":[{"name":"amasad","email":"amjad.masad@gmail.com"},{"name":"hzoo","email":"hi@henryzoo.com"},{"name":"loganfsmyth","email":"loganfsmyth@gmail.com"},{"name":"sebmck","email":"sebmck@gmail.com"},{"name":"thejameskyle","email":"me@thejameskyle.com"}],"dist":{"shasum":"5e99f7b33513a2531e2311b649e28d4456a91d7f","tarball":"https://registry.npmjs.org/babel-plugin-transform-async-to-generator/-/babel-plugin-transform-async-to-generator-6.3.0.tgz"},"directories":{}},"6.3.13":{"name":"babel-plugin-transform-async-to-generator","version":"6.3.13","description":"Turn async functions into ES2015 generators","repository":{"type":"git","url":"https://github.com/babel/babel/tree/master/packages/babel-plugin-transform-async-to-generator"},"license":"MIT","main":"lib/index.js","keywords":["babel-plugin"],"dependencies":{"babel-helper-remap-async-to-generator":"^6.3.13","babel-plugin-syntax-async-functions":"^6.3.13","babel-runtime":"^5.0.0"},"devDependencies":{"babel-helper-plugin-test-runner":"^6.3.13"},"_id":"babel-plugin-transform-async-to-generator@6.3.13","scripts":{},"_shasum":"aa729e494eaa459d6e2fc149ba5cae3329da4f25","_from":".","_npmVersion":"3.3.10","_nodeVersion":"4.1.0","_npmUser":{"name":"sebmck","email":"sebmck@gmail.com"},"dist":{"shasum":"aa729e494eaa459d6e2fc149ba5cae3329da4f25","tarball":"https://registry.npmjs.org/babel-plugin-transform-async-to-generator/-/babel-plugin-transform-async-to-generator-6.3.13.tgz"},"maintainers":[{"name":"amasad","email":"amjad.masad@gmail.com"},{"name":"hzoo","email":"hi@henryzoo.com"},{"name":"jmm","email":"npm-public@jessemccarthy.net"},{"name":"loganfsmyth","email":"loganfsmyth@gmail.com"},{"name":"sebmck","email":"sebmck@gmail.com"},{"name":"thejameskyle","email":"me@thejameskyle.com"}],"directories":{}},"6.4.0":{"name":"babel-plugin-transform-async-to-generator","version":"6.4.0","description":"Turn async functions into ES2015 generators","repository":{"type":"git","url":"https://github.com/babel/babel/tree/master/packages/babel-plugin-transform-async-to-generator"},"license":"MIT","main":"lib/index.js","keywords":["babel-plugin"],"dependencies":{"babel-helper-remap-async-to-generator":"^6.3.13","babel-plugin-syntax-async-functions":"^6.3.13","babel-runtime":"^5.0.0"},"devDependencies":{"babel-helper-plugin-test-runner":"^6.3.13"},"_id":"babel-plugin-transform-async-to-generator@6.4.0","scripts":{},"_shasum":"d0793c96d0834ec48b2753164da518be7432222e","_from":".","_npmVersion":"3.5.2","_nodeVersion":"5.1.0","_npmUser":{"name":"hzoo","email":"hi@henryzoo.com"},"dist":{"shasum":"d0793c96d0834ec48b2753164da518be7432222e","tarball":"https://registry.npmjs.org/babel-plugin-transform-async-to-generator/-/babel-plugin-transform-async-to-generator-6.4.0.tgz"},"maintainers":[{"name":"amasad","email":"amjad.masad@gmail.com"},{"name":"hzoo","email":"hi@henryzoo.com"},{"name":"jmm","email":"npm-public@jessemccarthy.net"},{"name":"loganfsmyth","email":"loganfsmyth@gmail.com"},{"name":"sebmck","email":"sebmck@gmail.com"},{"name":"thejameskyle","email":"me@thejameskyle.com"}],"directories":{}},"6.4.5":{"name":"babel-plugin-transform-async-to-generator","version":"6.4.5","description":"Turn async functions into ES2015 generators","repository":{"type":"git","url":"https://github.com/babel/babel/tree/master/packages/babel-plugin-transform-async-to-generator"},"license":"MIT","main":"lib/index.js","keywords":["babel-plugin"],"dependencies":{"babel-helper-remap-async-to-generator":"^6.4.5","babel-plugin-syntax-async-functions":"^6.3.13","babel-runtime":"^5.0.0"},"devDependencies":{"babel-helper-plugin-test-runner":"^6.3.13"},"_id":"babel-plugin-transform-async-to-generator@6.4.5","scripts":{},"_shasum":"0ff498e0e42106d157b92a4113fda0d95a911a65","_from":".","_npmVersion":"3.5.2","_nodeVersion":"5.1.0","_npmUser":{"name":"hzoo","email":"hi@henryzoo.com"},"dist":{"shasum":"0ff498e0e42106d157b92a4113fda0d95a911a65","tarball":"https://registry.npmjs.org/babel-plugin-transform-async-to-generator/-/babel-plugin-transform-async-to-generator-6.4.5.tgz"},"maintainers":[{"name":"amasad","email":"amjad.masad@gmail.com"},{"name":"hzoo","email":"hi@henryzoo.com"},{"name":"jmm","email":"npm-public@jessemccarthy.net"},{"name":"loganfsmyth","email":"loganfsmyth@gmail.com"},{"name":"sebmck","email":"sebmck@gmail.com"},{"name":"thejameskyle","email":"me@thejameskyle.com"}],"directories":{}},"6.4.6":{"name":"babel-plugin-transform-async-to-generator","version":"6.4.6","description":"Turn async functions into ES2015 generators","repository":{"type":"git","url":"https://github.com/babel/babel/tree/master/packages/babel-plugin-transform-async-to-generator"},"license":"MIT","main":"lib/index.js","keywords":["babel-plugin"],"dependencies":{"babel-helper-remap-async-to-generator":"^6.4.6","babel-plugin-syntax-async-functions":"^6.3.13","babel-runtime":"^5.0.0"},"devDependencies":{"babel-helper-plugin-test-runner":"^6.3.13"},"_id":"babel-plugin-transform-async-to-generator@6.4.6","scripts":{},"_shasum":"1b8e950ad5060a28f4f50471170cbfb6176a22f2","_from":".","_npmVersion":"2.14.7","_nodeVersion":"4.2.2","_npmUser":{"name":"amasad","email":"amjad.masad@gmail.com"},"maintainers":[{"name":"amasad","email":"amjad.masad@gmail.com"},{"name":"hzoo","email":"hi@henryzoo.com"},{"name":"jmm","email":"npm-public@jessemccarthy.net"},{"name":"loganfsmyth","email":"loganfsmyth@gmail.com"},{"name":"sebmck","email":"sebmck@gmail.com"},{"name":"thejameskyle","email":"me@thejameskyle.com"}],"dist":{"shasum":"1b8e950ad5060a28f4f50471170cbfb6176a22f2","tarball":"https://registry.npmjs.org/babel-plugin-transform-async-to-generator/-/babel-plugin-transform-async-to-generator-6.4.6.tgz"},"directories":{}},"6.5.0":{"name":"babel-plugin-transform-async-to-generator","version":"6.5.0","description":"Turn async functions into ES2015 generators","repository":{"type":"git","url":"https://github.com/babel/babel/tree/master/packages/babel-plugin-transform-async-to-generator"},"license":"MIT","main":"lib/index.js","keywords":["babel-plugin"],"dependencies":{"babel-helper-remap-async-to-generator":"^6.4.6","babel-plugin-syntax-async-functions":"^6.3.13","babel-runtime":"^5.0.0"},"devDependencies":{"babel-helper-plugin-test-runner":"^6.3.13"},"_id":"babel-plugin-transform-async-to-generator@6.5.0","scripts":{},"_shasum":"3846d80aef4a9206ffb2ea9bc53b65f7da96711d","_from":".","_npmVersion":"3.6.0","_nodeVersion":"5.1.0","_npmUser":{"name":"hzoo","email":"hi@henryzoo.com"},"dist":{"shasum":"3846d80aef4a9206ffb2ea9bc53b65f7da96711d","tarball":"https://registry.npmjs.org/babel-plugin-transform-async-to-generator/-/babel-plugin-transform-async-to-generator-6.5.0.tgz"},"maintainers":[{"name":"amasad","email":"amjad.masad@gmail.com"},{"name":"hzoo","email":"hi@henryzoo.com"},{"name":"jmm","email":"npm-public@jessemccarthy.net"},{"name":"loganfsmyth","email":"loganfsmyth@gmail.com"},{"name":"sebmck","email":"sebmck@gmail.com"},{"name":"thejameskyle","email":"me@thejameskyle.com"}],"_npmOperationalInternal":{"host":"packages-6-west.internal.npmjs.com","tmp":"tmp/babel-plugin-transform-async-to-generator-6.5.0.tgz_1454803642444_0.08621341548860073"},"directories":{}},"6.5.0-1":{"name":"babel-plugin-transform-async-to-generator","version":"6.5.0-1","description":"Turn async functions into ES2015 generators","repository":{"type":"git","url":"https://github.com/babel/babel/tree/master/packages/babel-plugin-transform-async-to-generator"},"license":"MIT","main":"lib/index.js","keywords":["babel-plugin"],"dependencies":{"babel-helper-remap-async-to-generator":"^6.5.0-1","babel-plugin-syntax-async-functions":"^6.5.0-1","babel-runtime":"^5.0.0"},"devDependencies":{"babel-helper-plugin-test-runner":"^6.5.0-1"},"_id":"babel-plugin-transform-async-to-generator@6.5.0-1","scripts":{},"_shasum":"76d299a9835b522cc0c475346669a98388312bfd","_from":".","_npmVersion":"3.6.0","_nodeVersion":"5.1.0","_npmUser":{"name":"hzoo","email":"hi@henryzoo.com"},"dist":{"shasum":"76d299a9835b522cc0c475346669a98388312bfd","tarball":"https://registry.npmjs.org/babel-plugin-transform-async-to-generator/-/babel-plugin-transform-async-to-generator-6.5.0-1.tgz"},"maintainers":[{"name":"amasad","email":"amjad.masad@gmail.com"},{"name":"hzoo","email":"hi@henryzoo.com"},{"name":"jmm","email":"npm-public@jessemccarthy.net"},{"name":"loganfsmyth","email":"loganfsmyth@gmail.com"},{"name":"sebmck","email":"sebmck@gmail.com"},{"name":"thejameskyle","email":"me@thejameskyle.com"}],"_npmOperationalInternal":{"host":"packages-9-west.internal.npmjs.com","tmp":"tmp/babel-plugin-transform-async-to-generator-6.5.0-1.tgz_1454812813618_0.4020271252375096"},"directories":{}},"6.7.0":{"name":"babel-plugin-transform-async-to-generator","version":"6.7.0","description":"Turn async functions into ES2015 generators","repository":{"type":"git","url":"https://github.com/babel/babel/tree/master/packages/babel-plugin-transform-async-to-generator"},"license":"MIT","main":"lib/index.js","keywords":["babel-plugin"],"dependencies":{"babel-helper-remap-async-to-generator":"^6.7.0","babel-plugin-syntax-async-functions":"^6.3.13","babel-runtime":"^5.0.0"},"devDependencies":{"babel-helper-plugin-test-runner":"^6.3.13"},"_id":"babel-plugin-transform-async-to-generator@6.7.0","scripts":{},"_shasum":"a98c715099f7e601bce6159cd84307b1e030c905","_from":".","_npmVersion":"3.3.12","_nodeVersion":"5.5.0","_npmUser":{"name":"amasad","email":"amjad.masad@gmail.com"},"maintainers":[{"name":"amasad","email":"amjad.masad@gmail.com"},{"name":"hzoo","email":"hi@henryzoo.com"},{"name":"jmm","email":"npm-public@jessemccarthy.net"},{"name":"loganfsmyth","email":"loganfsmyth@gmail.com"},{"name":"sebmck","email":"sebmck@gmail.com"},{"name":"thejameskyle","email":"me@thejameskyle.com"}],"dist":{"shasum":"a98c715099f7e601bce6159cd84307b1e030c905","tarball":"https://registry.npmjs.org/babel-plugin-transform-async-to-generator/-/babel-plugin-transform-async-to-generator-6.7.0.tgz"},"_npmOperationalInternal":{"host":"packages-12-west.internal.npmjs.com","tmp":"tmp/babel-plugin-transform-async-to-generator-6.7.0.tgz_1457484773697_0.3328839384485036"},"directories":{}},"6.7.4":{"name":"babel-plugin-transform-async-to-generator","version":"6.7.4","description":"Turn async functions into ES2015 generators","repository":{"type":"git","url":"https://github.com/babel/babel/tree/master/packages/babel-plugin-transform-async-to-generator"},"license":"MIT","main":"lib/index.js","keywords":["babel-plugin"],"dependencies":{"babel-helper-remap-async-to-generator":"^6.7.0","babel-plugin-syntax-async-functions":"^6.3.13","babel-runtime":"^5.0.0"},"devDependencies":{"babel-helper-plugin-test-runner":"^6.3.13"},"_id":"babel-plugin-transform-async-to-generator@6.7.4","scripts":{},"_shasum":"aec7c7ae45fadc9a916ecdef7879785dbd45f9ae","_from":".","_npmVersion":"3.7.3","_nodeVersion":"5.9.0","_npmUser":{"name":"loganfsmyth","email":"loganfsmyth@gmail.com"},"dist":{"shasum":"aec7c7ae45fadc9a916ecdef7879785dbd45f9ae","tarball":"https://registry.npmjs.org/babel-plugin-transform-async-to-generator/-/babel-plugin-transform-async-to-generator-6.7.4.tgz"},"maintainers":[{"name":"amasad","email":"amjad.masad@gmail.com"},{"name":"hzoo","email":"hi@henryzoo.com"},{"name":"jmm","email":"npm-public@jessemccarthy.net"},{"name":"loganfsmyth","email":"loganfsmyth@gmail.com"},{"name":"sebmck","email":"sebmck@gmail.com"},{"name":"thejameskyle","email":"me@thejameskyle.com"}],"_npmOperationalInternal":{"host":"packages-12-west.internal.npmjs.com","tmp":"tmp/babel-plugin-transform-async-to-generator-6.7.4.tgz_1458704268225_0.9470181567594409"},"directories":{}},"6.8.0":{"name":"babel-plugin-transform-async-to-generator","version":"6.8.0","description":"Turn async functions into ES2015 generators","repository":{"type":"git","url":"https://github.com/babel/babel/tree/master/packages/babel-plugin-transform-async-to-generator"},"license":"MIT","main":"lib/index.js","keywords":["babel-plugin"],"dependencies":{"babel-helper-remap-async-to-generator":"^6.8.0","babel-plugin-syntax-async-functions":"^6.8.0","babel-runtime":"^6.0.0"},"devDependencies":{"babel-helper-plugin-test-runner":"^6.8.0"},"_id":"babel-plugin-transform-async-to-generator@6.8.0","scripts":{},"_shasum":"fbb154f2912e00b9f0972131d7e03ebbe45684c2","_from":".","_npmVersion":"3.8.6","_nodeVersion":"5.1.0","_npmUser":{"name":"hzoo","email":"hi@henryzoo.com"},"maintainers":[{"name":"amasad","email":"amjad.masad@gmail.com"},{"name":"hzoo","email":"hi@henryzoo.com"},{"name":"jmm","email":"npm-public@jessemccarthy.net"},{"name":"loganfsmyth","email":"loganfsmyth@gmail.com"},{"name":"sebmck","email":"sebmck@gmail.com"},{"name":"thejameskyle","email":"me@thejameskyle.com"}],"dist":{"shasum":"fbb154f2912e00b9f0972131d7e03ebbe45684c2","tarball":"https://registry.npmjs.org/babel-plugin-transform-async-to-generator/-/babel-plugin-transform-async-to-generator-6.8.0.tgz"},"_npmOperationalInternal":{"host":"packages-16-east.internal.npmjs.com","tmp":"tmp/babel-plugin-transform-async-to-generator-6.8.0.tgz_1462232667913_0.13054676982574165"},"directories":{}},"6.16.0":{"name":"babel-plugin-transform-async-to-generator","version":"6.16.0","description":"Turn async functions into ES2015 generators","repository":{"type":"git","url":"https://github.com/babel/babel/tree/master/packages/babel-plugin-transform-async-to-generator"},"license":"MIT","main":"lib/index.js","keywords":["babel-plugin"],"dependencies":{"babel-helper-remap-async-to-generator":"^6.16.0","babel-plugin-syntax-async-functions":"^6.8.0","babel-runtime":"^6.0.0"},"devDependencies":{"babel-helper-plugin-test-runner":"^6.8.0"},"_id":"babel-plugin-transform-async-to-generator@6.16.0","scripts":{},"_shasum":"19ec36cb1486b59f9f468adfa42ce13908ca2999","_from":".","_npmVersion":"3.10.8","_nodeVersion":"5.11.1","_npmUser":{"name":"hzoo","email":"hi@henryzoo.com"},"dist":{"shasum":"19ec36cb1486b59f9f468adfa42ce13908ca2999","tarball":"https://registry.npmjs.org/babel-plugin-transform-async-to-generator/-/babel-plugin-transform-async-to-generator-6.16.0.tgz"},"maintainers":[{"name":"amasad","email":"amjad.masad@gmail.com"},{"name":"hzoo","email":"hi@henryzoo.com"},{"name":"jmm","email":"npm-public@jessemccarthy.net"},{"name":"loganfsmyth","email":"loganfsmyth@gmail.com"},{"name":"sebmck","email":"sebmck@gmail.com"},{"name":"thejameskyle","email":"me@thejameskyle.com"}],"_npmOperationalInternal":{"host":"packages-12-west.internal.npmjs.com","tmp":"tmp/babel-plugin-transform-async-to-generator-6.16.0.tgz_1475091532449_0.17952899634838104"},"directories":{}},"6.22.0":{"name":"babel-plugin-transform-async-to-generator","version":"6.22.0","description":"Turn async functions into ES2015 generators","repository":{"type":"git","url":"https://github.com/babel/babel/tree/master/packages/babel-plugin-transform-async-to-generator"},"license":"MIT","main":"lib/index.js","keywords":["babel-plugin"],"dependencies":{"babel-helper-remap-async-to-generator":"^6.22.0","babel-plugin-syntax-async-functions":"^6.8.0","babel-runtime":"^6.22.0"},"devDependencies":{"babel-helper-plugin-test-runner":"^6.22.0"},"_id":"babel-plugin-transform-async-to-generator@6.22.0","scripts":{},"_shasum":"194b6938ec195ad36efc4c33a971acf00d8cd35e","_from":".","_npmVersion":"3.10.10","_nodeVersion":"6.9.0","_npmUser":{"name":"hzoo","email":"hi@henryzoo.com"},"dist":{"shasum":"194b6938ec195ad36efc4c33a971acf00d8cd35e","tarball":"https://registry.npmjs.org/babel-plugin-transform-async-to-generator/-/babel-plugin-transform-async-to-generator-6.22.0.tgz"},"maintainers":[{"name":"amasad","email":"amjad.masad@gmail.com"},{"name":"hzoo","email":"hi@henryzoo.com"},{"name":"jmm","email":"npm-public@jessemccarthy.net"},{"name":"loganfsmyth","email":"loganfsmyth@gmail.com"},{"name":"sebmck","email":"sebmck@gmail.com"},{"name":"thejameskyle","email":"me@thejameskyle.com"}],"_npmOperationalInternal":{"host":"packages-12-west.internal.npmjs.com","tmp":"tmp/babel-plugin-transform-async-to-generator-6.22.0.tgz_1484872424032_0.8424290833063424"},"directories":{}},"7.0.0-alpha.1":{"name":"babel-plugin-transform-async-to-generator","version":"7.0.0-alpha.1","description":"Turn async functions into ES2015 generators","repository":{"type":"git","url":"https://github.com/babel/babel/tree/master/packages/babel-plugin-transform-async-to-generator"},"license":"MIT","main":"lib/index.js","keywords":["babel-plugin"],"dependencies":{"babel-helper-remap-async-to-generator":"7.0.0-alpha.1","babel-plugin-syntax-async-functions":"7.0.0-alpha.1"},"devDependencies":{"babel-helper-plugin-test-runner":"7.0.0-alpha.1"},"_id":"babel-plugin-transform-async-to-generator@7.0.0-alpha.1","scripts":{},"_shasum":"9cd5cd0f9511d61b259d54308f49f969dd7b01e3","_from":".","_npmVersion":"3.10.10","_nodeVersion":"6.9.0","_npmUser":{"name":"hzoo","email":"hi@henryzoo.com"},"dist":{"shasum":"9cd5cd0f9511d61b259d54308f49f969dd7b01e3","tarball":"https://registry.npmjs.org/babel-plugin-transform-async-to-generator/-/babel-plugin-transform-async-to-generator-7.0.0-alpha.1.tgz"},"maintainers":[{"name":"amasad","email":"amjad.masad@gmail.com"},{"name":"hzoo","email":"hi@henryzoo.com"},{"name":"jmm","email":"npm-public@jessemccarthy.net"},{"name":"loganfsmyth","email":"loganfsmyth@gmail.com"},{"name":"sebmck","email":"sebmck@gmail.com"},{"name":"thejameskyle","email":"me@thejameskyle.com"}],"_npmOperationalInternal":{"host":"packages-18-east.internal.npmjs.com","tmp":"tmp/babel-plugin-transform-async-to-generator-7.0.0-alpha.1.tgz_1488488759330_0.6080467067658901"},"directories":{}},"7.0.0-alpha.3":{"name":"babel-plugin-transform-async-to-generator","version":"7.0.0-alpha.3","description":"Turn async functions into ES2015 generators","repository":{"type":"git","url":"https://github.com/babel/babel/tree/master/packages/babel-plugin-transform-async-to-generator"},"license":"MIT","main":"lib/index.js","keywords":["babel-plugin"],"dependencies":{"babel-helper-remap-async-to-generator":"7.0.0-alpha.3","babel-plugin-syntax-async-functions":"7.0.0-alpha.3"},"devDependencies":{"babel-helper-plugin-test-runner":"7.0.0-alpha.3"},"_id":"babel-plugin-transform-async-to-generator@7.0.0-alpha.3","scripts":{},"_shasum":"5bd5294e3d57e22bf2679c913c4ee46a6fcb0efd","_from":".","_npmVersion":"3.10.10","_nodeVersion":"6.9.0","_npmUser":{"name":"hzoo","email":"hi@henryzoo.com"},"dist":{"shasum":"5bd5294e3d57e22bf2679c913c4ee46a6fcb0efd","tarball":"https://registry.npmjs.org/babel-plugin-transform-async-to-generator/-/babel-plugin-transform-async-to-generator-7.0.0-alpha.3.tgz"},"maintainers":[{"name":"amasad","email":"amjad.masad@gmail.com"},{"name":"hzoo","email":"hi@henryzoo.com"},{"name":"jmm","email":"npm-public@jessemccarthy.net"},{"name":"loganfsmyth","email":"loganfsmyth@gmail.com"},{"name":"sebmck","email":"sebmck@gmail.com"},{"name":"thejameskyle","email":"me@thejameskyle.com"}],"_npmOperationalInternal":{"host":"packages-18-east.internal.npmjs.com","tmp":"tmp/babel-plugin-transform-async-to-generator-7.0.0-alpha.3.tgz_1490298595425_0.22858148929663002"},"directories":{}},"7.0.0-alpha.7":{"name":"babel-plugin-transform-async-to-generator","version":"7.0.0-alpha.7","description":"Turn async functions into ES2015 generators","repository":{"type":"git","url":"https://github.com/babel/babel/tree/master/packages/babel-plugin-transform-async-to-generator"},"license":"MIT","main":"lib/index.js","keywords":["babel-plugin"],"dependencies":{"babel-helper-remap-async-to-generator":"7.0.0-alpha.7","babel-plugin-syntax-async-functions":"7.0.0-alpha.3"},"devDependencies":{"babel-helper-plugin-test-runner":"7.0.0-alpha.7"},"_id":"babel-plugin-transform-async-to-generator@7.0.0-alpha.7","scripts":{},"_shasum":"2ccfb70f91d78dc5e3814220d524da2f8df4430c","_from":".","_npmVersion":"3.10.10","_nodeVersion":"6.9.0","_npmUser":{"name":"hzoo","email":"hi@henryzoo.com"},"dist":{"shasum":"2ccfb70f91d78dc5e3814220d524da2f8df4430c","tarball":"https://registry.npmjs.org/babel-plugin-transform-async-to-generator/-/babel-plugin-transform-async-to-generator-7.0.0-alpha.7.tgz"},"maintainers":[{"name":"amasad","email":"amjad.masad@gmail.com"},{"name":"hzoo","email":"hi@henryzoo.com"},{"name":"jmm","email":"npm-public@jessemccarthy.net"},{"name":"loganfsmyth","email":"loganfsmyth@gmail.com"},{"name":"sebmck","email":"sebmck@gmail.com"},{"name":"thejameskyle","email":"me@thejameskyle.com"}],"_npmOperationalInternal":{"host":"packages-12-west.internal.npmjs.com","tmp":"tmp/babel-plugin-transform-async-to-generator-7.0.0-alpha.7.tgz_1491426871039_0.4988354379311204"},"directories":{}},"6.24.1":{"name":"babel-plugin-transform-async-to-generator","version":"6.24.1","description":"Turn async functions into ES2015 generators","repository":{"type":"git","url":"https://github.com/babel/babel/tree/master/packages/babel-plugin-transform-async-to-generator"},"license":"MIT","main":"lib/index.js","keywords":["babel-plugin"],"dependencies":{"babel-helper-remap-async-to-generator":"^6.24.1","babel-plugin-syntax-async-functions":"^6.8.0","babel-runtime":"^6.22.0"},"devDependencies":{"babel-helper-plugin-test-runner":"^6.24.1"},"_id":"babel-plugin-transform-async-to-generator@6.24.1","scripts":{},"_shasum":"6536e378aff6cb1d5517ac0e40eb3e9fc8d08761","_from":".","_npmVersion":"3.10.10","_nodeVersion":"6.9.0","_npmUser":{"name":"hzoo","email":"hi@henryzoo.com"},"dist":{"shasum":"6536e378aff6cb1d5517ac0e40eb3e9fc8d08761","tarball":"https://registry.npmjs.org/babel-plugin-transform-async-to-generator/-/babel-plugin-transform-async-to-generator-6.24.1.tgz"},"maintainers":[{"name":"amasad","email":"amjad.masad@gmail.com"},{"name":"hzoo","email":"hi@henryzoo.com"},{"name":"jmm","email":"npm-public@jessemccarthy.net"},{"name":"loganfsmyth","email":"loganfsmyth@gmail.com"},{"name":"sebmck","email":"sebmck@gmail.com"},{"name":"thejameskyle","email":"me@thejameskyle.com"}],"_npmOperationalInternal":{"host":"packages-18-east.internal.npmjs.com","tmp":"tmp/babel-plugin-transform-async-to-generator-6.24.1.tgz_1491578375710_0.6634180324617773"},"directories":{}},"7.0.0-alpha.8":{"name":"babel-plugin-transform-async-to-generator","version":"7.0.0-alpha.8","description":"Turn async functions into ES2015 generators","repository":{"type":"git","url":"https://github.com/babel/babel/tree/master/packages/babel-plugin-transform-async-to-generator"},"license":"MIT","main":"lib/index.js","keywords":["babel-plugin"],"dependencies":{"babel-helper-remap-async-to-generator":"7.0.0-alpha.8","babel-plugin-syntax-async-functions":"7.0.0-alpha.3"},"devDependencies":{"babel-helper-plugin-test-runner":"7.0.0-alpha.8"},"_id":"babel-plugin-transform-async-to-generator@7.0.0-alpha.8","scripts":{},"_shasum":"12b1dff4caaf6f830a1f95e88772084b498844a3","_from":".","_npmVersion":"3.10.10","_nodeVersion":"6.9.0","_npmUser":{"name":"hzoo","email":"hi@henryzoo.com"},"dist":{"shasum":"12b1dff4caaf6f830a1f95e88772084b498844a3","tarball":"https://registry.npmjs.org/babel-plugin-transform-async-to-generator/-/babel-plugin-transform-async-to-generator-7.0.0-alpha.8.tgz"},"maintainers":[{"name":"amasad","email":"amjad.masad@gmail.com"},{"name":"hzoo","email":"hi@henryzoo.com"},{"name":"jmm","email":"npm-public@jessemccarthy.net"},{"name":"loganfsmyth","email":"loganfsmyth@gmail.com"},{"name":"sebmck","email":"sebmck@gmail.com"},{"name":"thejameskyle","email":"me@thejameskyle.com"}],"_npmOperationalInternal":{"host":"packages-12-west.internal.npmjs.com","tmp":"tmp/babel-plugin-transform-async-to-generator-7.0.0-alpha.8.tgz_1492456404228_0.21111115091480315"},"directories":{}},"7.0.0-alpha.9":{"name":"babel-plugin-transform-async-to-generator","version":"7.0.0-alpha.9","description":"Turn async functions into ES2015 generators","repository":{"type":"git","url":"https://github.com/babel/babel/tree/master/packages/babel-plugin-transform-async-to-generator"},"license":"MIT","main":"lib/index.js","keywords":["babel-plugin"],"dependencies":{"babel-helper-remap-async-to-generator":"7.0.0-alpha.9","babel-plugin-syntax-async-functions":"7.0.0-alpha.9"},"devDependencies":{"babel-helper-plugin-test-runner":"7.0.0-alpha.9"},"_id":"babel-plugin-transform-async-to-generator@7.0.0-alpha.9","scripts":{},"_shasum":"0fbc5aae4771211ebd4b753f5d3db11c81c8ef87","_from":".","_npmVersion":"3.10.10","_nodeVersion":"6.9.0","_npmUser":{"name":"hzoo","email":"hi@henryzoo.com"},"dist":{"shasum":"0fbc5aae4771211ebd4b753f5d3db11c81c8ef87","tarball":"https://registry.npmjs.org/babel-plugin-transform-async-to-generator/-/babel-plugin-transform-async-to-generator-7.0.0-alpha.9.tgz"},"maintainers":[{"name":"amasad","email":"amjad.masad@gmail.com"},{"name":"hzoo","email":"hi@henryzoo.com"},{"name":"jmm","email":"npm-public@jessemccarthy.net"},{"name":"loganfsmyth","email":"loganfsmyth@gmail.com"},{"name":"sebmck","email":"sebmck@gmail.com"},{"name":"thejameskyle","email":"me@thejameskyle.com"}],"_npmOperationalInternal":{"host":"packages-18-east.internal.npmjs.com","tmp":"tmp/babel-plugin-transform-async-to-generator-7.0.0-alpha.9.tgz_1492526551228_0.5027698057238013"},"directories":{}},"7.0.0-alpha.10":{"name":"babel-plugin-transform-async-to-generator","version":"7.0.0-alpha.10","description":"Turn async functions into ES2015 generators","repository":{"type":"git","url":"https://github.com/babel/babel/tree/master/packages/babel-plugin-transform-async-to-generator"},"license":"MIT","main":"lib/index.js","keywords":["babel-plugin"],"dependencies":{"babel-helper-remap-async-to-generator":"7.0.0-alpha.10","babel-plugin-syntax-async-functions":"7.0.0-alpha.9"},"devDependencies":{"babel-helper-plugin-test-runner":"7.0.0-alpha.10"},"_id":"babel-plugin-transform-async-to-generator@7.0.0-alpha.10","scripts":{},"_shasum":"521ec6d88e22ab1a89b5d032b46bd09cb14581a9","_from":".","_npmVersion":"3.10.10","_nodeVersion":"6.9.0","_npmUser":{"name":"hzoo","email":"hi@henryzoo.com"},"dist":{"shasum":"521ec6d88e22ab1a89b5d032b46bd09cb14581a9","tarball":"https://registry.npmjs.org/babel-plugin-transform-async-to-generator/-/babel-plugin-transform-async-to-generator-7.0.0-alpha.10.tgz"},"maintainers":[{"email":"daniel@tschinder.de","name":"danez"},{"email":"hi@henryzoo.com","name":"hzoo"},{"email":"loganfsmyth@gmail.com","name":"loganfsmyth"}],"_npmOperationalInternal":{"host":"s3://npm-registry-packages","tmp":"tmp/babel-plugin-transform-async-to-generator-7.0.0-alpha.10.tgz_1495739873286_0.7651361217722297"},"directories":{}},"7.0.0-alpha.11":{"name":"babel-plugin-transform-async-to-generator","version":"7.0.0-alpha.11","description":"Turn async functions into ES2015 generators","repository":{"type":"git","url":"https://github.com/babel/babel/tree/master/packages/babel-plugin-transform-async-to-generator"},"license":"MIT","main":"lib/index.js","keywords":["babel-plugin"],"dependencies":{"babel-helper-remap-async-to-generator":"7.0.0-alpha.11","babel-plugin-syntax-async-functions":"7.0.0-alpha.9"},"devDependencies":{"babel-helper-plugin-test-runner":"7.0.0-alpha.11"},"_id":"babel-plugin-transform-async-to-generator@7.0.0-alpha.11","_npmVersion":"5.0.0","_nodeVersion":"6.9.0","_npmUser":{"name":"hzoo","email":"hi@henryzoo.com"},"dist":{"integrity":"sha512-lRHSXS99LIfKcUwfQIc7cYiIWZ0MN6l50uOWHscSAB3p6Brq10VfUVa3vm2oxoTPrTrmWDDxfzVi6ar4S+s3vA==","shasum":"591219ec00253dbbad6a8b802a9271542b0798aa","tarball":"https://registry.npmjs.org/babel-plugin-transform-async-to-generator/-/babel-plugin-transform-async-to-generator-7.0.0-alpha.11.tgz"},"maintainers":[{"email":"sebmck@gmail.com","name":"sebmck"},{"email":"daniel@tschinder.de","name":"danez"},{"email":"hi@henryzoo.com","name":"hzoo"},{"email":"loganfsmyth@gmail.com","name":"loganfsmyth"}],"_npmOperationalInternal":{"host":"s3://npm-registry-packages","tmp":"tmp/babel-plugin-transform-async-to-generator-7.0.0-alpha.11.tgz_1496263441608_0.36089409654960036"},"directories":{}},"7.0.0-alpha.12":{"name":"babel-plugin-transform-async-to-generator","version":"7.0.0-alpha.12","description":"Turn async functions into ES2015 generators","repository":{"type":"git","url":"https://github.com/babel/babel/tree/master/packages/babel-plugin-transform-async-to-generator"},"license":"MIT","main":"lib/index.js","keywords":["babel-plugin"],"dependencies":{"babel-helper-remap-async-to-generator":"7.0.0-alpha.12","babel-plugin-syntax-async-functions":"7.0.0-alpha.12"},"devDependencies":{"babel-helper-plugin-test-runner":"7.0.0-alpha.12"},"_id":"babel-plugin-transform-async-to-generator@7.0.0-alpha.12","_npmVersion":"5.0.0","_nodeVersion":"6.9.0","_npmUser":{"name":"hzoo","email":"hi@henryzoo.com"},"dist":{"integrity":"sha512-F+l+OoRl/a/mQq/2ysaNUb7yxTs6xyS9T3nx6RTDdIFmnSawkHb/8VEPB90b1x8TFpzIAHOfD5c3sPHRXwSCog==","shasum":"3ea07723a5600b90af447c2d858b2a5141d203fa","tarball":"https://registry.npmjs.org/babel-plugin-transform-async-to-generator/-/babel-plugin-transform-async-to-generator-7.0.0-alpha.12.tgz"},"maintainers":[{"email":"sebmck@gmail.com","name":"sebmck"},{"email":"daniel@tschinder.de","name":"danez"},{"email":"hi@henryzoo.com","name":"hzoo"},{"email":"loganfsmyth@gmail.com","name":"loganfsmyth"}],"_npmOperationalInternal":{"host":"s3://npm-registry-packages","tmp":"tmp/babel-plugin-transform-async-to-generator-7.0.0-alpha.12.tgz_1496265136273_0.6440498270094395"},"directories":{}},"7.0.0-alpha.14":{"name":"babel-plugin-transform-async-to-generator","version":"7.0.0-alpha.14","description":"Turn async functions into ES2015 generators","repository":{"type":"git","url":"https://github.com/babel/babel/tree/master/packages/babel-plugin-transform-async-to-generator"},"license":"MIT","main":"lib/index.js","keywords":["babel-plugin"],"dependencies":{"babel-helper-remap-async-to-generator":"7.0.0-alpha.14","babel-plugin-syntax-async-functions":"7.0.0-alpha.14"},"devDependencies":{"babel-helper-plugin-test-runner":"7.0.0-alpha.14"},"_id":"babel-plugin-transform-async-to-generator@7.0.0-alpha.14","scripts":{},"_shasum":"894d1fb5e541b6545fd1db3dcb6721cedbef212b","_from":".","_npmVersion":"4.6.1","_nodeVersion":"6.9.0","_npmUser":{"name":"hzoo","email":"hi@henryzoo.com"},"dist":{"shasum":"894d1fb5e541b6545fd1db3dcb6721cedbef212b","tarball":"https://registry.npmjs.org/babel-plugin-transform-async-to-generator/-/babel-plugin-transform-async-to-generator-7.0.0-alpha.14.tgz"},"maintainers":[{"email":"sebmck@gmail.com","name":"sebmck"},{"email":"daniel@tschinder.de","name":"danez"},{"email":"hi@henryzoo.com","name":"hzoo"},{"email":"loganfsmyth@gmail.com","name":"loganfsmyth"}],"_npmOperationalInternal":{"host":"s3://npm-registry-packages","tmp":"tmp/babel-plugin-transform-async-to-generator-7.0.0-alpha.14.tgz_1499828069585_0.5003591005224735"},"directories":{}},"7.0.0-alpha.15":{"name":"babel-plugin-transform-async-to-generator","version":"7.0.0-alpha.15","description":"Turn async functions into ES2015 generators","repository":{"type":"git","url":"https://github.com/babel/babel/tree/master/packages/babel-plugin-transform-async-to-generator"},"license":"MIT","main":"lib/index.js","keywords":["babel-plugin"],"dependencies":{"babel-helper-remap-async-to-generator":"7.0.0-alpha.15","babel-plugin-syntax-async-functions":"7.0.0-alpha.15"},"devDependencies":{"babel-helper-plugin-test-runner":"7.0.0-alpha.15"},"_id":"babel-plugin-transform-async-to-generator@7.0.0-alpha.15","scripts":{},"_shasum":"06f42ba4001e35a053d1af1503b189ecf0caf96c","_from":".","_npmVersion":"4.6.1","_nodeVersion":"6.9.0","_npmUser":{"name":"hzoo","email":"hi@henryzoo.com"},"dist":{"shasum":"06f42ba4001e35a053d1af1503b189ecf0caf96c","tarball":"https://registry.npmjs.org/babel-plugin-transform-async-to-generator/-/babel-plugin-transform-async-to-generator-7.0.0-alpha.15.tgz"},"maintainers":[{"email":"sebmck@gmail.com","name":"sebmck"},{"email":"daniel@tschinder.de","name":"danez"},{"email":"hi@henryzoo.com","name":"hzoo"},{"email":"loganfsmyth@gmail.com","name":"loganfsmyth"}],"_npmOperationalInternal":{"host":"s3://npm-registry-packages","tmp":"tmp/babel-plugin-transform-async-to-generator-7.0.0-alpha.15.tgz_1499830606719_0.583201844478026"},"directories":{}},"7.0.0-alpha.16":{"name":"babel-plugin-transform-async-to-generator","version":"7.0.0-alpha.16","description":"Turn async functions into ES2015 generators","repository":{"type":"git","url":"https://github.com/babel/babel/tree/master/packages/babel-plugin-transform-async-to-generator"},"license":"MIT","main":"lib/index.js","keywords":["babel-plugin"],"dependencies":{"babel-helper-remap-async-to-generator":"7.0.0-alpha.16","babel-plugin-syntax-async-functions":"7.0.0-alpha.16"},"devDependencies":{"babel-helper-plugin-test-runner":"7.0.0-alpha.16"},"_id":"babel-plugin-transform-async-to-generator@7.0.0-alpha.16","scripts":{},"_shasum":"3709fbcab99a5d38147c582b1c70c98834b5a0e6","_from":".","_npmVersion":"4.6.1","_nodeVersion":"6.9.0","_npmUser":{"name":"hzoo","email":"hi@henryzoo.com"},"dist":{"shasum":"3709fbcab99a5d38147c582b1c70c98834b5a0e6","tarball":"https://registry.npmjs.org/babel-plugin-transform-async-to-generator/-/babel-plugin-transform-async-to-generator-7.0.0-alpha.16.tgz"},"maintainers":[{"email":"sebmck@gmail.com","name":"sebmck"},{"email":"daniel@tschinder.de","name":"danez"},{"email":"hi@henryzoo.com","name":"hzoo"},{"email":"loganfsmyth@gmail.com","name":"loganfsmyth"}],"_npmOperationalInternal":{"host":"s3://npm-registry-packages","tmp":"tmp/babel-plugin-transform-async-to-generator-7.0.0-alpha.16.tgz_1501018588175_0.6439921343699098"},"directories":{}},"7.0.0-alpha.17":{"name":"babel-plugin-transform-async-to-generator","version":"7.0.0-alpha.17","description":"Turn async functions into ES2015 generators","repository":{"type":"git","url":"https://github.com/babel/babel/tree/master/packages/babel-plugin-transform-async-to-generator"},"license":"MIT","main":"lib/index.js","keywords":["babel-plugin"],"dependencies":{"babel-helper-remap-async-to-generator":"7.0.0-alpha.17","babel-plugin-syntax-async-functions":"7.0.0-alpha.17"},"devDependencies":{"babel-helper-plugin-test-runner":"7.0.0-alpha.17"},"_id":"babel-plugin-transform-async-to-generator@7.0.0-alpha.17","scripts":{},"_shasum":"b17dba780093112fe529a5c9642c366d81b331b0","_from":".","_npmVersion":"4.6.1","_nodeVersion":"6.9.0","_npmUser":{"name":"hzoo","email":"hi@henryzoo.com"},"dist":{"shasum":"b17dba780093112fe529a5c9642c366d81b331b0","tarball":"https://registry.npmjs.org/babel-plugin-transform-async-to-generator/-/babel-plugin-transform-async-to-generator-7.0.0-alpha.17.tgz"},"maintainers":[{"email":"sebmck@gmail.com","name":"sebmck"},{"email":"daniel@tschinder.de","name":"danez"},{"email":"hi@henryzoo.com","name":"hzoo"},{"email":"loganfsmyth@gmail.com","name":"loganfsmyth"}],"_npmOperationalInternal":{"host":"s3://npm-registry-packages","tmp":"tmp/babel-plugin-transform-async-to-generator-7.0.0-alpha.17.tgz_1501072817491_0.3161765094846487"},"directories":{}},"7.0.0-alpha.18":{"name":"babel-plugin-transform-async-to-generator","version":"7.0.0-alpha.18","description":"Turn async functions into ES2015 generators","repository":{"type":"git","url":"https://github.com/babel/babel/tree/master/packages/babel-plugin-transform-async-to-generator"},"license":"MIT","main":"lib/index.js","keywords":["babel-plugin"],"dependencies":{"babel-helper-remap-async-to-generator":"7.0.0-alpha.18","babel-plugin-syntax-async-functions":"7.0.0-alpha.18"},"devDependencies":{"babel-helper-plugin-test-runner":"7.0.0-alpha.18"},"_id":"babel-plugin-transform-async-to-generator@7.0.0-alpha.18","_npmVersion":"5.3.0","_nodeVersion":"8.1.4","_npmUser":{"name":"hzoo","email":"hi@henryzoo.com"},"dist":{"integrity":"sha512-rTOY4X7SC9U3y5MljWUV8Q6z19qW/0dSYOuD7NJl8a/wSXzZo8fOUZg0Nl8Gf76z3EaXRx2u0+GQITSK4I07Tw==","shasum":"e0f180bae5063e6301c181b6ca9729f322847b90","tarball":"https://registry.npmjs.org/babel-plugin-transform-async-to-generator/-/babel-plugin-transform-async-to-generator-7.0.0-alpha.18.tgz"},"maintainers":[{"email":"me@thejameskyle.com","name":"thejameskyle"},{"email":"sebmck@gmail.com","name":"sebmck"},{"email":"daniel@tschinder.de","name":"danez"},{"email":"hi@henryzoo.com","name":"hzoo"},{"email":"loganfsmyth@gmail.com","name":"loganfsmyth"}],"_npmOperationalInternal":{"host":"s3://npm-registry-packages","tmp":"tmp/babel-plugin-transform-async-to-generator-7.0.0-alpha.18.tgz_1501798905554_0.9264321823138744"},"directories":{}},"7.0.0-alpha.19":{"name":"babel-plugin-transform-async-to-generator","version":"7.0.0-alpha.19","description":"Turn async functions into ES2015 generators","repository":{"type":"git","url":"https://github.com/babel/babel/tree/master/packages/babel-plugin-transform-async-to-generator"},"license":"MIT","main":"lib/index.js","keywords":["babel-plugin"],"dependencies":{"babel-helper-remap-async-to-generator":"7.0.0-alpha.19","babel-plugin-syntax-async-functions":"7.0.0-alpha.19"},"devDependencies":{"babel-helper-plugin-test-runner":"7.0.0-alpha.19"},"_id":"babel-plugin-transform-async-to-generator@7.0.0-alpha.19","_npmVersion":"5.3.0","_nodeVersion":"8.1.4","_npmUser":{"name":"hzoo","email":"hi@henryzoo.com"},"dist":{"integrity":"sha512-T4IKT0P32yEp0TCUGttOJsIcfiHBfc4fYO96CYF3tVYaCBbinzYluo4THNSffLDmVDRr7N1ZYFG/jE7jGyWjWw==","shasum":"00b4a0eccf20300d81d8a2eb65ba1d41fda0129c","tarball":"https://registry.npmjs.org/babel-plugin-transform-async-to-generator/-/babel-plugin-transform-async-to-generator-7.0.0-alpha.19.tgz"},"maintainers":[{"email":"me@thejameskyle.com","name":"thejameskyle"},{"email":"sebmck@gmail.com","name":"sebmck"},{"email":"daniel@tschinder.de","name":"danez"},{"email":"hi@henryzoo.com","name":"hzoo"},{"email":"loganfsmyth@gmail.com","name":"loganfsmyth"}],"_npmOperationalInternal":{"host":"s3://npm-registry-packages","tmp":"tmp/babel-plugin-transform-async-to-generator-7.0.0-alpha.19.tgz_1502144548965_0.7172337109223008"},"directories":{}},"7.0.0-alpha.20":{"name":"babel-plugin-transform-async-to-generator","version":"7.0.0-alpha.20","description":"Turn async functions into ES2015 generators","repository":{"type":"git","url":"https://github.com/babel/babel/tree/master/packages/babel-plugin-transform-async-to-generator"},"license":"MIT","main":"lib/index.js","keywords":["babel-plugin"],"dependencies":{"babel-helper-remap-async-to-generator":"7.0.0-alpha.20","babel-plugin-syntax-async-functions":"7.0.0-alpha.20"},"devDependencies":{"babel-helper-plugin-test-runner":"7.0.0-alpha.20"},"_id":"babel-plugin-transform-async-to-generator@7.0.0-alpha.20","_npmVersion":"5.3.0","_nodeVersion":"8.1.4","_npmUser":{"name":"hzoo","email":"hi@henryzoo.com"},"dist":{"integrity":"sha512-35h4LK549zgsDfsAEQrOnPzCowsmeXYeHyWvoydx/Cw2Hme84yEUxcpDNC4vk9qJ7z4TGeWjxNjBDNJjMkobCA==","shasum":"b1e55fb83392ec51a753e268055609114a6e6b9d","tarball":"https://registry.npmjs.org/babel-plugin-transform-async-to-generator/-/babel-plugin-transform-async-to-generator-7.0.0-alpha.20.tgz"},"maintainers":[{"email":"me@thejameskyle.com","name":"thejameskyle"},{"email":"sebmck@gmail.com","name":"sebmck"},{"email":"daniel@tschinder.de","name":"danez"},{"email":"hi@henryzoo.com","name":"hzoo"},{"email":"loganfsmyth@gmail.com","name":"loganfsmyth"}],"_npmOperationalInternal":{"host":"s3://npm-registry-packages","tmp":"tmp/babel-plugin-transform-async-to-generator-7.0.0-alpha.20.tgz_1504119903572_0.013535896316170692"},"directories":{}},"7.0.0-beta.0":{"name":"babel-plugin-transform-async-to-generator","version":"7.0.0-beta.0","description":"Turn async functions into ES2015 generators","repository":{"type":"git","url":"https://github.com/babel/babel/tree/master/packages/babel-plugin-transform-async-to-generator"},"license":"MIT","main":"lib/index.js","keywords":["babel-plugin"],"dependencies":{"babel-helper-remap-async-to-generator":"7.0.0-beta.0","babel-plugin-syntax-async-functions":"7.0.0-beta.0"},"devDependencies":{"babel-helper-plugin-test-runner":"7.0.0-beta.0"},"_id":"babel-plugin-transform-async-to-generator@7.0.0-beta.0","_npmVersion":"5.3.0","_nodeVersion":"8.1.4","_npmUser":{"name":"hzoo","email":"hi@henryzoo.com"},"dist":{"integrity":"sha512-o+ysIw9AwJxnd9vkL+tFbv2X392QZJ5UaxLW/w4e5aMFkA7RoxoyUDsYI64UDkVTmXIvvuT5Uzbze06QAiB18A==","shasum":"05558b34a5df2094f65425dc84eaa2133f1f277b","tarball":"https://registry.npmjs.org/babel-plugin-transform-async-to-generator/-/babel-plugin-transform-async-to-generator-7.0.0-beta.0.tgz"},"maintainers":[{"email":"me@thejameskyle.com","name":"thejameskyle"},{"email":"sebmck@gmail.com","name":"sebmck"},{"email":"daniel@tschinder.de","name":"danez"},{"email":"hi@henryzoo.com","name":"hzoo"},{"email":"loganfsmyth@gmail.com","name":"loganfsmyth"}],"_npmOperationalInternal":{"host":"s3://npm-registry-packages","tmp":"tmp/babel-plugin-transform-async-to-generator-7.0.0-beta.0.tgz_1505185398212_0.013997092144563794"},"directories":{}},"7.0.0-beta.1":{"name":"babel-plugin-transform-async-to-generator","version":"7.0.0-beta.1","description":"Turn async functions into ES2015 generators","repository":{"type":"git","url":"https://github.com/babel/babel/tree/master/packages/babel-plugin-transform-async-to-generator"},"license":"MIT","main":"lib/index.js","keywords":["babel-plugin"],"dependencies":{"babel-helper-remap-async-to-generator":"7.0.0-beta.1","babel-plugin-syntax-async-functions":"7.0.0-beta.0"},"devDependencies":{"babel-helper-plugin-test-runner":"7.0.0-beta.1"},"_id":"babel-plugin-transform-async-to-generator@7.0.0-beta.1","_npmVersion":"5.4.1","_nodeVersion":"8.1.4","_npmUser":{"name":"hzoo","email":"hi@henryzoo.com"},"dist":{"integrity":"sha512-qa5C/FxnqR14rJnR9kBTWbKuR66wGhgUbzE6qf864K4LNdItOBaAmiu4yVHRRLoNGO3t1WdUnWOATeryzzZcvQ==","shasum":"329a7dd74e876502f544650705c17aa9c28ba615","tarball":"https://registry.npmjs.org/babel-plugin-transform-async-to-generator/-/babel-plugin-transform-async-to-generator-7.0.0-beta.1.tgz"},"maintainers":[{"email":"me@thejameskyle.com","name":"thejameskyle"},{"email":"sebmck@gmail.com","name":"sebmck"},{"email":"daniel@tschinder.de","name":"danez"},{"email":"hi@henryzoo.com","name":"hzoo"},{"email":"loganfsmyth@gmail.com","name":"loganfsmyth"}],"_npmOperationalInternal":{"host":"s3://npm-registry-packages","tmp":"tmp/babel-plugin-transform-async-to-generator-7.0.0-beta.1.tgz_1505852702529_0.6425948098767549"},"directories":{}},"7.0.0-beta.2":{"name":"babel-plugin-transform-async-to-generator","version":"7.0.0-beta.2","description":"Turn async functions into ES2015 generators","repository":{"type":"git","url":"https://github.com/babel/babel/tree/master/packages/babel-plugin-transform-async-to-generator"},"license":"MIT","main":"lib/index.js","keywords":["babel-plugin"],"dependencies":{"babel-helper-remap-async-to-generator":"7.0.0-beta.2","babel-plugin-syntax-async-functions":"7.0.0-beta.0"},"devDependencies":{"babel-helper-plugin-test-runner":"7.0.0-beta.2"},"_id":"babel-plugin-transform-async-to-generator@7.0.0-beta.2","_npmVersion":"5.4.1","_nodeVersion":"8.1.4","_npmUser":{"name":"hzoo","email":"hi@henryzoo.com"},"dist":{"integrity":"sha512-Op4+YAnF/DqJ7OO9HdwHLMPLJ0Bd3/pXQIgGLyFmHUsEkD3K/R0ao9/b9hNTYbhL5nlP8M9EtnGqya7aTfK5fA==","shasum":"2bf1cd55cc1c72fc8872a1cd48b58f4171cca786","tarball":"https://registry.npmjs.org/babel-plugin-transform-async-to-generator/-/babel-plugin-transform-async-to-generator-7.0.0-beta.2.tgz"},"maintainers":[{"email":"bng412@gmail.com","name":"existentialism"},{"email":"me@thejameskyle.com","name":"thejameskyle"},{"email":"sebmck@gmail.com","name":"sebmck"},{"email":"daniel@tschinder.de","name":"danez"},{"email":"hi@henryzoo.com","name":"hzoo"},{"email":"loganfsmyth@gmail.com","name":"loganfsmyth"}],"_npmOperationalInternal":{"host":"s3://npm-registry-packages","tmp":"tmp/babel-plugin-transform-async-to-generator-7.0.0-beta.2.tgz_1506438988018_0.13207934400998056"},"directories":{}},"7.0.0-beta.3":{"name":"babel-plugin-transform-async-to-generator","version":"7.0.0-beta.3","description":"Turn async functions into ES2015 generators","repository":{"type":"git","url":"https://github.com/babel/babel/tree/master/packages/babel-plugin-transform-async-to-generator"},"license":"MIT","main":"lib/index.js","keywords":["babel-plugin"],"dependencies":{"babel-helper-remap-async-to-generator":"7.0.0-beta.3","babel-plugin-syntax-async-functions":"7.0.0-beta.0"},"devDependencies":{"babel-helper-plugin-test-runner":"7.0.0-beta.3"},"_id":"babel-plugin-transform-async-to-generator@7.0.0-beta.3","_npmVersion":"5.5.1","_nodeVersion":"8.1.4","_npmUser":{"name":"hzoo","email":"hi@henryzoo.com"},"dist":{"integrity":"sha512-LDOTVxH72pFNl9l9KQic0Pi0owwxvolcTg9IbA5QzdLo49Y9oe5GwYQxqHNGbVDOlm62iJ8cYbRA2+gLJpAzwQ==","shasum":"48494551dc456859553b9c39995bc35d07bea755","tarball":"https://registry.npmjs.org/babel-plugin-transform-async-to-generator/-/babel-plugin-transform-async-to-generator-7.0.0-beta.3.tgz"},"maintainers":[{"email":"bng412@gmail.com","name":"existentialism"},{"email":"me@thejameskyle.com","name":"thejameskyle"},{"email":"sebmck@gmail.com","name":"sebmck"},{"email":"daniel@tschinder.de","name":"danez"},{"email":"hi@henryzoo.com","name":"hzoo"},{"email":"loganfsmyth@gmail.com","name":"loganfsmyth"}],"_npmOperationalInternal":{"host":"s3://npm-registry-packages","tmp":"tmp/babel-plugin-transform-async-to-generator-7.0.0-beta.3.tgz_1508073168053_0.7407558741979301"},"directories":{}}},"readme":"# babel-plugin-transform-async-to-generator\n\n> Turn async functions into ES2015 generators\n\n## Example\n\n**In**\n\n```javascript\nasync function foo() {\n  await bar();\n}\n```\n\n**Out**\n\n```javascript\nvar _asyncToGenerator = function (fn) {\n  ...\n};\nvar foo = _asyncToGenerator(function* () {\n  yield bar();\n});\n```\n\n## Installation\n\n```sh\nnpm install --save-dev babel-plugin-transform-async-to-generator\n```\n\n## Usage\n\n### Via `.babelrc` (Recommended)\n\n**.babelrc**\n\n```json\n{\n  \"plugins\": [\"transform-async-to-generator\"]\n}\n```\n\n### Via CLI\n\n```sh\nbabel --plugins transform-async-to-generator script.js\n```\n\n### Via Node API\n\n```javascript\nrequire(\"babel-core\").transform(\"code\", {\n  plugins: [\"transform-async-to-generator\"]\n});\n```\n\n## References\n\n* [Proposal: Async Functions for ECMAScript](https://github.com/tc39/ecmascript-asyncawait)\n","maintainers":[{"email":"bng412@gmail.com","name":"existentialism"},{"email":"me@thejameskyle.com","name":"thejameskyle"},{"email":"sebmck@gmail.com","name":"sebmck"},{"email":"daniel@tschinder.de","name":"danez"},{"email":"hi@henryzoo.com","name":"hzoo"},{"email":"loganfsmyth@gmail.com","name":"loganfsmyth"}],"time":{"modified":"2017-10-28T01:34:16.089Z","created":"2015-10-29T18:12:14.917Z","6.0.2":"2015-10-29T18:12:14.917Z","6.0.14":"2015-10-30T23:35:53.025Z","6.1.4":"2015-11-11T10:14:31.525Z","6.1.5":"2015-11-12T06:54:51.065Z","6.1.10":"2015-11-12T07:54:36.196Z","6.1.13":"2015-11-12T19:59:16.213Z","6.1.17":"2015-11-12T21:41:46.612Z","6.1.18":"2015-11-12T21:49:01.722Z","6.2.4":"2015-11-25T03:14:00.701Z","6.3.0":"2015-11-30T22:58:50.926Z","6.3.13":"2015-12-04T11:58:39.041Z","6.4.0":"2016-01-06T20:34:29.192Z","6.4.5":"2016-01-19T23:02:51.179Z","6.4.6":"2016-01-20T08:59:01.329Z","6.5.0":"2016-02-07T00:07:25.267Z","6.5.0-1":"2016-02-07T02:40:16.066Z","6.7.0":"2016-03-09T00:52:56.976Z","6.7.4":"2016-03-23T03:37:49.019Z","6.8.0":"2016-05-02T23:44:29.034Z","6.16.0":"2016-09-28T19:38:54.206Z","6.22.0":"2017-01-20T00:33:46.010Z","7.0.0-alpha.1":"2017-03-02T21:06:00.021Z","7.0.0-alpha.3":"2017-03-23T19:49:57.428Z","7.0.0-alpha.7":"2017-04-05T21:14:33.036Z","6.24.1":"2017-04-07T15:19:37.539Z","7.0.0-alpha.8":"2017-04-17T19:13:24.652Z","7.0.0-alpha.9":"2017-04-18T14:42:33.350Z","7.0.0-alpha.10":"2017-05-25T19:17:54.288Z","7.0.0-alpha.11":"2017-05-31T20:44:01.745Z","7.0.0-alpha.12":"2017-05-31T21:12:16.365Z","7.0.0-alpha.14":"2017-07-12T02:54:30.555Z","7.0.0-alpha.15":"2017-07-12T03:36:47.685Z","7.0.0-alpha.16":"2017-07-25T21:36:29.872Z","7.0.0-alpha.17":"2017-07-26T12:40:18.431Z","7.0.0-alpha.18":"2017-08-03T22:21:45.741Z","7.0.0-alpha.19":"2017-08-07T22:22:29.064Z","7.0.0-alpha.20":"2017-08-30T19:05:03.835Z","7.0.0-beta.0":"2017-09-12T03:03:19.148Z","7.0.0-beta.1":"2017-09-19T20:25:02.596Z","7.0.0-beta.2":"2017-09-26T15:16:28.930Z","7.0.0-beta.3":"2017-10-15T13:12:49.020Z"},"keywords":["babel-plugin"],"repository":{"type":"git","url":"https://github.com/babel/babel/tree/master/packages/babel-plugin-transform-async-to-generator"},"license":"MIT","readmeFilename":"README.md","users":{"keyanzhang":true,"brunolemos":true,"erikvold":true,"djviolin":true,"guzgarcia":true,"rickyrattlesnake":true,"nickeltobias":true,"zuojiang":true},"_attachments":{},"_etag":"W/\"92fe139cf09b2f7391547490499780cc\"","_lastModified":"Sat, 26 May 2018 01:37:38 GMT"}