{"_id":"babel-helper-function-name","_rev":"90-f681f21339a0a077b1137f369b0bae3c","name":"babel-helper-function-name","description":"Helper function to change the property 'name' of every function","dist-tags":{"latest":"6.24.1","next":"7.0.0-beta.3"},"versions":{"6.0.0":{"name":"babel-helper-function-name","version":"6.0.0","description":"## Usage","repository":{"type":"git","url":"git+https://github.com/babel/babel.git"},"license":"MIT","main":"lib/index.js","dependencies":{"babel-runtime":"^6.0.0","babel-types":"^6.0.0","babel-traverse":"^6.0.0","babel-helper-get-function-arity":"^6.0.0","babel-template":"^6.0.0"},"bugs":{"url":"https://github.com/babel/babel/issues"},"homepage":"https://github.com/babel/babel#readme","_id":"babel-helper-function-name@6.0.0","scripts":{},"_shasum":"20797ea3c878102ead1de6ea6e168ab488e44792","_from":".","_npmVersion":"2.14.3","_nodeVersion":"4.1.0","_npmUser":{"name":"sebmck","email":"sebmck@gmail.com"},"dist":{"shasum":"20797ea3c878102ead1de6ea6e168ab488e44792","tarball":"https://registry.npmjs.org/babel-helper-function-name/-/babel-helper-function-name-6.0.0.tgz"},"maintainers":[{"name":"sebmck","email":"sebmck@gmail.com"}],"directories":{}},"6.0.2":{"name":"babel-helper-function-name","version":"6.0.2","description":"## Usage","repository":{"type":"git","url":"git+https://github.com/babel/babel.git"},"license":"MIT","main":"lib/index.js","dependencies":{"babel-runtime":"^6.0.2","babel-types":"^6.0.2","babel-traverse":"^6.0.2","babel-helper-get-function-arity":"^6.0.2","babel-template":"^6.0.2"},"bugs":{"url":"https://github.com/babel/babel/issues"},"homepage":"https://github.com/babel/babel#readme","_id":"babel-helper-function-name@6.0.2","scripts":{},"_shasum":"898513f7c3e81f39d50cdea96bc211504c55b233","_from":".","_npmVersion":"2.14.3","_nodeVersion":"4.1.0","_npmUser":{"name":"sebmck","email":"sebmck@gmail.com"},"dist":{"shasum":"898513f7c3e81f39d50cdea96bc211504c55b233","tarball":"https://registry.npmjs.org/babel-helper-function-name/-/babel-helper-function-name-6.0.2.tgz"},"maintainers":[{"name":"sebmck","email":"sebmck@gmail.com"}],"directories":{}},"6.0.14":{"name":"babel-helper-function-name","version":"6.0.14","description":"## Usage","repository":{"type":"git","url":"https://github.com/babel/babel/tree/master/packages/babel-helper-function-name"},"license":"MIT","main":"lib/index.js","dependencies":{"babel-runtime":"^5.0.0","babel-types":"^6.0.14","babel-traverse":"^6.0.14","babel-helper-get-function-arity":"^6.0.14","babel-template":"^6.0.14"},"_id":"babel-helper-function-name@6.0.14","scripts":{},"_shasum":"cc058a6324b1c60bc491d27d4e7dbdb1aad61986","_from":".","_npmVersion":"2.14.9","_nodeVersion":"4.1.0","_npmUser":{"name":"sebmck","email":"sebmck@gmail.com"},"dist":{"shasum":"cc058a6324b1c60bc491d27d4e7dbdb1aad61986","tarball":"https://registry.npmjs.org/babel-helper-function-name/-/babel-helper-function-name-6.0.14.tgz"},"maintainers":[{"name":"sebmck","email":"sebmck@gmail.com"}],"directories":{}},"6.0.15":{"name":"babel-helper-function-name","version":"6.0.15","description":"## Usage","repository":{"type":"git","url":"https://github.com/babel/babel/tree/master/packages/babel-helper-function-name"},"license":"MIT","main":"lib/index.js","dependencies":{"babel-runtime":"^5.0.0","babel-types":"^6.0.15","babel-traverse":"^6.0.14","babel-helper-get-function-arity":"^6.0.15","babel-template":"^6.0.15"},"_id":"babel-helper-function-name@6.0.15","scripts":{},"_shasum":"b2a7f56c632572b66bc9b3cd9ded08b27b7f71aa","_from":".","_npmVersion":"2.14.9","_nodeVersion":"4.1.0","_npmUser":{"name":"sebmck","email":"sebmck@gmail.com"},"dist":{"shasum":"b2a7f56c632572b66bc9b3cd9ded08b27b7f71aa","tarball":"https://registry.npmjs.org/babel-helper-function-name/-/babel-helper-function-name-6.0.15.tgz"},"maintainers":[{"name":"sebmck","email":"sebmck@gmail.com"}],"directories":{}},"6.1.5":{"name":"babel-helper-function-name","version":"6.1.5","description":"## Usage","repository":{"type":"git","url":"https://github.com/babel/babel/tree/master/packages/babel-helper-function-name"},"license":"MIT","main":"lib/index.js","dependencies":{"babel-runtime":"^5.0.0","babel-types":"^6.1.5","babel-traverse":"^6.1.5","babel-helper-get-function-arity":"^6.1.5","babel-template":"^6.1.5"},"_id":"babel-helper-function-name@6.1.5","scripts":{},"_shasum":"7be411e8d4cb6dff0327da274827204e75f7b11c","_from":".","_npmVersion":"3.3.10","_nodeVersion":"4.1.0","_npmUser":{"name":"sebmck","email":"sebmck@gmail.com"},"dist":{"shasum":"7be411e8d4cb6dff0327da274827204e75f7b11c","tarball":"https://registry.npmjs.org/babel-helper-function-name/-/babel-helper-function-name-6.1.5.tgz"},"maintainers":[{"name":"sebmck","email":"sebmck@gmail.com"}],"directories":{}},"6.1.6":{"name":"babel-helper-function-name","version":"6.1.6","description":"## Usage","repository":{"type":"git","url":"https://github.com/babel/babel/tree/master/packages/babel-helper-function-name"},"license":"MIT","main":"lib/index.js","dependencies":{"babel-runtime":"^5.0.0","babel-types":"^6.1.6","babel-traverse":"^6.1.6","babel-helper-get-function-arity":"^6.1.6","babel-template":"^6.1.6"},"_id":"babel-helper-function-name@6.1.6","scripts":{},"_shasum":"2073cf1d0ba66ba884f99223f477cb4321fe7bc0","_from":".","_npmVersion":"3.3.10","_nodeVersion":"4.1.0","_npmUser":{"name":"sebmck","email":"sebmck@gmail.com"},"dist":{"shasum":"2073cf1d0ba66ba884f99223f477cb4321fe7bc0","tarball":"https://registry.npmjs.org/babel-helper-function-name/-/babel-helper-function-name-6.1.6.tgz"},"maintainers":[{"name":"amasad","email":"amjad.masad@gmail.com"},{"name":"sebmck","email":"sebmck@gmail.com"},{"name":"thejameskyle","email":"me@thejameskyle.com"}],"directories":{}},"6.1.7":{"name":"babel-helper-function-name","version":"6.1.7","description":"## Usage","repository":{"type":"git","url":"https://github.com/babel/babel/tree/master/packages/babel-helper-function-name"},"license":"MIT","main":"lib/index.js","dependencies":{"babel-runtime":"^5.0.0","babel-types":"^6.1.7","babel-traverse":"^6.1.7","babel-helper-get-function-arity":"^6.1.7","babel-template":"^6.1.7"},"_id":"babel-helper-function-name@6.1.7","scripts":{},"_shasum":"2868bd09c5781e8f3429d6d063e4653e86cb773c","_from":".","_npmVersion":"3.3.10","_nodeVersion":"4.1.0","_npmUser":{"name":"sebmck","email":"sebmck@gmail.com"},"dist":{"shasum":"2868bd09c5781e8f3429d6d063e4653e86cb773c","tarball":"https://registry.npmjs.org/babel-helper-function-name/-/babel-helper-function-name-6.1.7.tgz"},"maintainers":[{"name":"amasad","email":"amjad.masad@gmail.com"},{"name":"sebmck","email":"sebmck@gmail.com"},{"name":"thejameskyle","email":"me@thejameskyle.com"}],"directories":{}},"6.1.8":{"name":"babel-helper-function-name","version":"6.1.8","description":"## Usage","repository":{"type":"git","url":"https://github.com/babel/babel/tree/master/packages/babel-helper-function-name"},"license":"MIT","main":"lib/index.js","dependencies":{"babel-runtime":"^5.0.0","babel-types":"^6.1.8","babel-traverse":"^6.1.8","babel-helper-get-function-arity":"^6.1.8","babel-template":"^6.1.8"},"_id":"babel-helper-function-name@6.1.8","scripts":{},"_shasum":"f39f651cb159b6779497dfe8f4f772466a931787","_from":".","_npmVersion":"3.3.10","_nodeVersion":"4.1.0","_npmUser":{"name":"sebmck","email":"sebmck@gmail.com"},"dist":{"shasum":"f39f651cb159b6779497dfe8f4f772466a931787","tarball":"https://registry.npmjs.org/babel-helper-function-name/-/babel-helper-function-name-6.1.8.tgz"},"maintainers":[{"name":"amasad","email":"amjad.masad@gmail.com"},{"name":"sebmck","email":"sebmck@gmail.com"},{"name":"thejameskyle","email":"me@thejameskyle.com"}],"directories":{}},"6.1.9":{"name":"babel-helper-function-name","version":"6.1.9","description":"## Usage","repository":{"type":"git","url":"https://github.com/babel/babel/tree/master/packages/babel-helper-function-name"},"license":"MIT","main":"lib/index.js","dependencies":{"babel-runtime":"^5.0.0","babel-types":"^6.1.9","babel-traverse":"^6.1.9","babel-helper-get-function-arity":"^6.1.9","babel-template":"^6.1.9"},"_id":"babel-helper-function-name@6.1.9","scripts":{},"_shasum":"339dbcd98d186fda9c8a25edae0300b4c58dbe71","_from":".","_npmVersion":"3.3.10","_nodeVersion":"4.1.0","_npmUser":{"name":"sebmck","email":"sebmck@gmail.com"},"dist":{"shasum":"339dbcd98d186fda9c8a25edae0300b4c58dbe71","tarball":"https://registry.npmjs.org/babel-helper-function-name/-/babel-helper-function-name-6.1.9.tgz"},"maintainers":[{"name":"amasad","email":"amjad.masad@gmail.com"},{"name":"sebmck","email":"sebmck@gmail.com"},{"name":"thejameskyle","email":"me@thejameskyle.com"}],"directories":{}},"6.1.10":{"name":"babel-helper-function-name","version":"6.1.10","description":"## Usage","repository":{"type":"git","url":"https://github.com/babel/babel/tree/master/packages/babel-helper-function-name"},"license":"MIT","main":"lib/index.js","dependencies":{"babel-runtime":"^5.0.0","babel-types":"^6.1.10","babel-traverse":"^6.1.10","babel-helper-get-function-arity":"^6.1.10","babel-template":"^6.1.10"},"_id":"babel-helper-function-name@6.1.10","scripts":{},"_shasum":"85a73adda3a44780b4a85c62aae15a7f2415d9ee","_from":".","_npmVersion":"3.3.10","_nodeVersion":"4.1.0","_npmUser":{"name":"sebmck","email":"sebmck@gmail.com"},"dist":{"shasum":"85a73adda3a44780b4a85c62aae15a7f2415d9ee","tarball":"https://registry.npmjs.org/babel-helper-function-name/-/babel-helper-function-name-6.1.10.tgz"},"maintainers":[{"name":"amasad","email":"amjad.masad@gmail.com"},{"name":"sebmck","email":"sebmck@gmail.com"},{"name":"thejameskyle","email":"me@thejameskyle.com"}],"directories":{}},"6.1.12":{"name":"babel-helper-function-name","version":"6.1.12","description":"## Usage","repository":{"type":"git","url":"https://github.com/babel/babel/tree/master/packages/babel-helper-function-name"},"license":"MIT","main":"lib/index.js","dependencies":{"babel-runtime":"^5.0.0","babel-types":"^6.1.12","babel-traverse":"^6.1.12","babel-helper-get-function-arity":"^6.1.12","babel-template":"^6.1.12"},"_id":"babel-helper-function-name@6.1.12","scripts":{},"_shasum":"9db1b4d7b16698fec8a547171937bd7f144348cc","_from":".","_npmVersion":"3.3.10","_nodeVersion":"4.1.0","_npmUser":{"name":"sebmck","email":"sebmck@gmail.com"},"dist":{"shasum":"9db1b4d7b16698fec8a547171937bd7f144348cc","tarball":"https://registry.npmjs.org/babel-helper-function-name/-/babel-helper-function-name-6.1.12.tgz"},"maintainers":[{"name":"amasad","email":"amjad.masad@gmail.com"},{"name":"sebmck","email":"sebmck@gmail.com"},{"name":"thejameskyle","email":"me@thejameskyle.com"}],"directories":{}},"6.1.13":{"name":"babel-helper-function-name","version":"6.1.13","description":"## Usage","repository":{"type":"git","url":"https://github.com/babel/babel/tree/master/packages/babel-helper-function-name"},"license":"MIT","main":"lib/index.js","dependencies":{"babel-runtime":"^5.0.0","babel-types":"^6.1.13","babel-traverse":"^6.1.13","babel-helper-get-function-arity":"^6.1.13","babel-template":"^6.1.13"},"_id":"babel-helper-function-name@6.1.13","scripts":{},"_shasum":"8ebf66b5c56d2979d12bb61b92429b7bd24bebdf","_from":".","_npmVersion":"3.3.10","_nodeVersion":"4.1.0","_npmUser":{"name":"sebmck","email":"sebmck@gmail.com"},"dist":{"shasum":"8ebf66b5c56d2979d12bb61b92429b7bd24bebdf","tarball":"https://registry.npmjs.org/babel-helper-function-name/-/babel-helper-function-name-6.1.13.tgz"},"maintainers":[{"name":"amasad","email":"amjad.masad@gmail.com"},{"name":"sebmck","email":"sebmck@gmail.com"},{"name":"thejameskyle","email":"me@thejameskyle.com"}],"directories":{}},"6.1.16":{"name":"babel-helper-function-name","version":"6.1.16","description":"## Usage","repository":{"type":"git","url":"https://github.com/babel/babel/tree/master/packages/babel-helper-function-name"},"license":"MIT","main":"lib/index.js","dependencies":{"babel-runtime":"^5.0.0","babel-types":"^6.1.16","babel-traverse":"^6.1.16","babel-helper-get-function-arity":"^6.1.16","babel-template":"^6.1.16"},"_id":"babel-helper-function-name@6.1.16","scripts":{},"_shasum":"000175897ae808ab74b33581adae7e7fb85e4e39","_from":".","_npmVersion":"3.3.10","_nodeVersion":"4.1.0","_npmUser":{"name":"sebmck","email":"sebmck@gmail.com"},"dist":{"shasum":"000175897ae808ab74b33581adae7e7fb85e4e39","tarball":"https://registry.npmjs.org/babel-helper-function-name/-/babel-helper-function-name-6.1.16.tgz"},"maintainers":[{"name":"amasad","email":"amjad.masad@gmail.com"},{"name":"sebmck","email":"sebmck@gmail.com"},{"name":"thejameskyle","email":"me@thejameskyle.com"}],"directories":{}},"6.1.17":{"name":"babel-helper-function-name","version":"6.1.17","description":"## Usage","repository":{"type":"git","url":"https://github.com/babel/babel/tree/master/packages/babel-helper-function-name"},"license":"MIT","main":"lib/index.js","dependencies":{"babel-runtime":"^5.0.0","babel-types":"^6.1.17","babel-traverse":"^6.1.17","babel-helper-get-function-arity":"^6.1.17","babel-template":"^6.1.17"},"_id":"babel-helper-function-name@6.1.17","scripts":{},"_shasum":"68f1bb3af027817813a8fd15459aaf05cfc16b4e","_from":".","_npmVersion":"3.3.10","_nodeVersion":"4.1.0","_npmUser":{"name":"sebmck","email":"sebmck@gmail.com"},"dist":{"shasum":"68f1bb3af027817813a8fd15459aaf05cfc16b4e","tarball":"https://registry.npmjs.org/babel-helper-function-name/-/babel-helper-function-name-6.1.17.tgz"},"maintainers":[{"name":"amasad","email":"amjad.masad@gmail.com"},{"name":"sebmck","email":"sebmck@gmail.com"},{"name":"thejameskyle","email":"me@thejameskyle.com"}],"directories":{}},"6.1.18":{"name":"babel-helper-function-name","version":"6.1.18","description":"## Usage","repository":{"type":"git","url":"https://github.com/babel/babel/tree/master/packages/babel-helper-function-name"},"license":"MIT","main":"lib/index.js","dependencies":{"babel-runtime":"^5.0.0","babel-types":"^6.1.18","babel-traverse":"^6.1.18","babel-helper-get-function-arity":"^6.1.18","babel-template":"^6.1.18"},"_id":"babel-helper-function-name@6.1.18","scripts":{},"_shasum":"179790b4530c0c6a4ed79a26733888ef864f800b","_from":".","_npmVersion":"3.3.10","_nodeVersion":"4.1.0","_npmUser":{"name":"sebmck","email":"sebmck@gmail.com"},"dist":{"shasum":"179790b4530c0c6a4ed79a26733888ef864f800b","tarball":"https://registry.npmjs.org/babel-helper-function-name/-/babel-helper-function-name-6.1.18.tgz"},"maintainers":[{"name":"amasad","email":"amjad.masad@gmail.com"},{"name":"sebmck","email":"sebmck@gmail.com"},{"name":"thejameskyle","email":"me@thejameskyle.com"}],"directories":{}},"6.2.0":{"name":"babel-helper-function-name","version":"6.2.0","description":"## Usage","repository":{"type":"git","url":"https://github.com/babel/babel/tree/master/packages/babel-helper-function-name"},"license":"MIT","main":"lib/index.js","dependencies":{"babel-runtime":"^5.0.0","babel-types":"^6.2.0","babel-traverse":"^6.2.0","babel-helper-get-function-arity":"^6.2.0","babel-template":"^6.2.0"},"_id":"babel-helper-function-name@6.2.0","scripts":{},"_shasum":"399eef5c85b72b2dafd4ba69125afabba073bfa3","_from":".","_npmVersion":"3.3.10","_nodeVersion":"4.1.0","_npmUser":{"name":"sebmck","email":"sebmck@gmail.com"},"dist":{"shasum":"399eef5c85b72b2dafd4ba69125afabba073bfa3","tarball":"https://registry.npmjs.org/babel-helper-function-name/-/babel-helper-function-name-6.2.0.tgz"},"maintainers":[{"name":"amasad","email":"amjad.masad@gmail.com"},{"name":"sebmck","email":"sebmck@gmail.com"},{"name":"thejameskyle","email":"me@thejameskyle.com"}],"directories":{}},"6.2.4":{"name":"babel-helper-function-name","version":"6.2.4","description":"## Usage","repository":{"type":"git","url":"https://github.com/babel/babel/tree/master/packages/babel-helper-function-name"},"license":"MIT","main":"lib/index.js","dependencies":{"babel-runtime":"^5.0.0","babel-types":"^6.2.4","babel-traverse":"^6.2.4","babel-helper-get-function-arity":"^6.2.4","babel-template":"^6.2.4"},"_id":"babel-helper-function-name@6.2.4","scripts":{},"_shasum":"803ef4aafb489899058ef6dd969ff2a93992bff4","_from":".","_npmVersion":"3.3.10","_nodeVersion":"4.1.0","_npmUser":{"name":"sebmck","email":"sebmck@gmail.com"},"dist":{"shasum":"803ef4aafb489899058ef6dd969ff2a93992bff4","tarball":"https://registry.npmjs.org/babel-helper-function-name/-/babel-helper-function-name-6.2.4.tgz"},"maintainers":[{"name":"amasad","email":"amjad.masad@gmail.com"},{"name":"sebmck","email":"sebmck@gmail.com"},{"name":"thejameskyle","email":"me@thejameskyle.com"}],"directories":{}},"6.3.13":{"name":"babel-helper-function-name","version":"6.3.13","description":"## Usage","repository":{"type":"git","url":"https://github.com/babel/babel/tree/master/packages/babel-helper-function-name"},"license":"MIT","main":"lib/index.js","dependencies":{"babel-runtime":"^5.0.0","babel-types":"^6.3.13","babel-traverse":"^6.3.13","babel-helper-get-function-arity":"^6.3.13","babel-template":"^6.3.13"},"_id":"babel-helper-function-name@6.3.13","scripts":{},"_shasum":"483c2f9e5d4654206588c434352400597ba18d75","_from":".","_npmVersion":"3.3.10","_nodeVersion":"4.1.0","_npmUser":{"name":"sebmck","email":"sebmck@gmail.com"},"dist":{"shasum":"483c2f9e5d4654206588c434352400597ba18d75","tarball":"https://registry.npmjs.org/babel-helper-function-name/-/babel-helper-function-name-6.3.13.tgz"},"maintainers":[{"name":"amasad","email":"amjad.masad@gmail.com"},{"name":"hzoo","email":"hi@henryzoo.com"},{"name":"jmm","email":"npm-public@jessemccarthy.net"},{"name":"loganfsmyth","email":"loganfsmyth@gmail.com"},{"name":"sebmck","email":"sebmck@gmail.com"},{"name":"thejameskyle","email":"me@thejameskyle.com"}],"directories":{}},"6.3.15":{"name":"babel-helper-function-name","version":"6.3.15","description":"## Usage","repository":{"type":"git","url":"https://github.com/babel/babel/tree/master/packages/babel-helper-function-name"},"license":"MIT","main":"lib/index.js","dependencies":{"babel-runtime":"^5.0.0","babel-types":"^6.3.13","babel-traverse":"^6.3.15","babel-helper-get-function-arity":"^6.3.13","babel-template":"^6.3.13"},"_id":"babel-helper-function-name@6.3.15","scripts":{},"_shasum":"58334f4e299377bba4f84240caaf7bf9ac710eda","_from":".","_npmVersion":"3.3.12","_nodeVersion":"5.1.0","_npmUser":{"name":"hzoo","email":"hi@henryzoo.com"},"dist":{"shasum":"58334f4e299377bba4f84240caaf7bf9ac710eda","tarball":"https://registry.npmjs.org/babel-helper-function-name/-/babel-helper-function-name-6.3.15.tgz"},"maintainers":[{"name":"amasad","email":"amjad.masad@gmail.com"},{"name":"hzoo","email":"hi@henryzoo.com"},{"name":"jmm","email":"npm-public@jessemccarthy.net"},{"name":"loganfsmyth","email":"loganfsmyth@gmail.com"},{"name":"sebmck","email":"sebmck@gmail.com"},{"name":"thejameskyle","email":"me@thejameskyle.com"}],"directories":{}},"6.4.0":{"name":"babel-helper-function-name","version":"6.4.0","description":"## Usage","repository":{"type":"git","url":"https://github.com/babel/babel/tree/master/packages/babel-helper-function-name"},"license":"MIT","main":"lib/index.js","dependencies":{"babel-runtime":"^5.0.0","babel-types":"^6.4.0","babel-traverse":"^6.3.15","babel-helper-get-function-arity":"^6.3.13","babel-template":"^6.3.13"},"_id":"babel-helper-function-name@6.4.0","scripts":{},"_shasum":"e13e1457f79469684d4fa553dd5c4301665efbbb","_from":".","_npmVersion":"3.5.2","_nodeVersion":"5.1.0","_npmUser":{"name":"hzoo","email":"hi@henryzoo.com"},"dist":{"shasum":"e13e1457f79469684d4fa553dd5c4301665efbbb","tarball":"https://registry.npmjs.org/babel-helper-function-name/-/babel-helper-function-name-6.4.0.tgz"},"maintainers":[{"name":"amasad","email":"amjad.masad@gmail.com"},{"name":"hzoo","email":"hi@henryzoo.com"},{"name":"jmm","email":"npm-public@jessemccarthy.net"},{"name":"loganfsmyth","email":"loganfsmyth@gmail.com"},{"name":"sebmck","email":"sebmck@gmail.com"},{"name":"thejameskyle","email":"me@thejameskyle.com"}],"directories":{}},"6.5.0":{"name":"babel-helper-function-name","version":"6.5.0","description":"## Usage","repository":{"type":"git","url":"https://github.com/babel/babel/tree/master/packages/babel-helper-function-name"},"license":"MIT","main":"lib/index.js","dependencies":{"babel-runtime":"^5.0.0","babel-types":"^6.4.0","babel-traverse":"^6.3.15","babel-helper-get-function-arity":"^6.3.13","babel-template":"^6.3.13"},"_id":"babel-helper-function-name@6.5.0","scripts":{},"_shasum":"749976077008e833149d7c7b0a278dc99be212d5","_from":".","_npmVersion":"3.6.0","_nodeVersion":"5.1.0","_npmUser":{"name":"hzoo","email":"hi@henryzoo.com"},"dist":{"shasum":"749976077008e833149d7c7b0a278dc99be212d5","tarball":"https://registry.npmjs.org/babel-helper-function-name/-/babel-helper-function-name-6.5.0.tgz"},"maintainers":[{"name":"amasad","email":"amjad.masad@gmail.com"},{"name":"hzoo","email":"hi@henryzoo.com"},{"name":"jmm","email":"npm-public@jessemccarthy.net"},{"name":"loganfsmyth","email":"loganfsmyth@gmail.com"},{"name":"sebmck","email":"sebmck@gmail.com"},{"name":"thejameskyle","email":"me@thejameskyle.com"}],"_npmOperationalInternal":{"host":"packages-6-west.internal.npmjs.com","tmp":"tmp/babel-helper-function-name-6.5.0.tgz_1454803617081_0.2296508091967553"},"directories":{}},"6.5.0-1":{"name":"babel-helper-function-name","version":"6.5.0-1","description":"## Usage","repository":{"type":"git","url":"https://github.com/babel/babel/tree/master/packages/babel-helper-function-name"},"license":"MIT","main":"lib/index.js","dependencies":{"babel-runtime":"^5.0.0","babel-types":"^6.5.0-1","babel-traverse":"^6.5.0-1","babel-helper-get-function-arity":"^6.5.0-1","babel-template":"^6.5.0-1"},"_id":"babel-helper-function-name@6.5.0-1","scripts":{},"_shasum":"0e21c22c2ec713e6a657e2493573eae3d46d65d0","_from":".","_npmVersion":"3.6.0","_nodeVersion":"5.1.0","_npmUser":{"name":"hzoo","email":"hi@henryzoo.com"},"dist":{"shasum":"0e21c22c2ec713e6a657e2493573eae3d46d65d0","tarball":"https://registry.npmjs.org/babel-helper-function-name/-/babel-helper-function-name-6.5.0-1.tgz"},"maintainers":[{"name":"amasad","email":"amjad.masad@gmail.com"},{"name":"hzoo","email":"hi@henryzoo.com"},{"name":"jmm","email":"npm-public@jessemccarthy.net"},{"name":"loganfsmyth","email":"loganfsmyth@gmail.com"},{"name":"sebmck","email":"sebmck@gmail.com"},{"name":"thejameskyle","email":"me@thejameskyle.com"}],"_npmOperationalInternal":{"host":"packages-9-west.internal.npmjs.com","tmp":"tmp/babel-helper-function-name-6.5.0-1.tgz_1454812784241_0.5610105867963284"},"directories":{}},"6.6.0":{"name":"babel-helper-function-name","version":"6.6.0","description":"## Usage","repository":{"type":"git","url":"https://github.com/babel/babel/tree/master/packages/babel-helper-function-name"},"license":"MIT","main":"lib/index.js","dependencies":{"babel-runtime":"^5.0.0","babel-types":"^6.6.0","babel-traverse":"^6.6.0","babel-helper-get-function-arity":"^6.3.13","babel-template":"^6.6.0"},"_id":"babel-helper-function-name@6.6.0","scripts":{},"_shasum":"1c2866b3cd089f71bbe5fac0bf2932002065bbbb","_from":".","_npmVersion":"3.6.0","_nodeVersion":"5.1.0","_npmUser":{"name":"hzoo","email":"hi@henryzoo.com"},"dist":{"shasum":"1c2866b3cd089f71bbe5fac0bf2932002065bbbb","tarball":"https://registry.npmjs.org/babel-helper-function-name/-/babel-helper-function-name-6.6.0.tgz"},"maintainers":[{"name":"amasad","email":"amjad.masad@gmail.com"},{"name":"hzoo","email":"hi@henryzoo.com"},{"name":"jmm","email":"npm-public@jessemccarthy.net"},{"name":"loganfsmyth","email":"loganfsmyth@gmail.com"},{"name":"sebmck","email":"sebmck@gmail.com"},{"name":"thejameskyle","email":"me@thejameskyle.com"}],"_npmOperationalInternal":{"host":"packages-6-west.internal.npmjs.com","tmp":"tmp/babel-helper-function-name-6.6.0.tgz_1456780347234_0.17874990380369127"},"directories":{}},"6.8.0":{"name":"babel-helper-function-name","version":"6.8.0","description":"## Usage","repository":{"type":"git","url":"https://github.com/babel/babel/tree/master/packages/babel-helper-function-name"},"license":"MIT","main":"lib/index.js","dependencies":{"babel-runtime":"^6.0.0","babel-types":"^6.8.0","babel-traverse":"^6.8.0","babel-helper-get-function-arity":"^6.8.0","babel-template":"^6.8.0"},"_id":"babel-helper-function-name@6.8.0","scripts":{},"_shasum":"a0336ba14526a075cdf502fc52d3fe84b12f7a34","_from":".","_npmVersion":"3.8.6","_nodeVersion":"5.1.0","_npmUser":{"name":"hzoo","email":"hi@henryzoo.com"},"maintainers":[{"name":"amasad","email":"amjad.masad@gmail.com"},{"name":"hzoo","email":"hi@henryzoo.com"},{"name":"jmm","email":"npm-public@jessemccarthy.net"},{"name":"loganfsmyth","email":"loganfsmyth@gmail.com"},{"name":"sebmck","email":"sebmck@gmail.com"},{"name":"thejameskyle","email":"me@thejameskyle.com"}],"dist":{"shasum":"a0336ba14526a075cdf502fc52d3fe84b12f7a34","tarball":"https://registry.npmjs.org/babel-helper-function-name/-/babel-helper-function-name-6.8.0.tgz"},"_npmOperationalInternal":{"host":"packages-16-east.internal.npmjs.com","tmp":"tmp/babel-helper-function-name-6.8.0.tgz_1462232642403_0.5560148616787046"},"directories":{}},"6.18.0":{"name":"babel-helper-function-name","version":"6.18.0","description":"Helper function to change the property 'name' of every function","repository":{"type":"git","url":"https://github.com/babel/babel/tree/master/packages/babel-helper-function-name"},"license":"MIT","main":"lib/index.js","dependencies":{"babel-runtime":"^6.0.0","babel-types":"^6.18.0","babel-traverse":"^6.18.0","babel-helper-get-function-arity":"^6.18.0","babel-template":"^6.8.0"},"_id":"babel-helper-function-name@6.18.0","scripts":{},"_shasum":"68ec71aeba1f3e28b2a6f0730190b754a9bf30e6","_from":".","_npmVersion":"3.10.8","_nodeVersion":"6.9.0","_npmUser":{"name":"hzoo","email":"hi@henryzoo.com"},"dist":{"shasum":"68ec71aeba1f3e28b2a6f0730190b754a9bf30e6","tarball":"https://registry.npmjs.org/babel-helper-function-name/-/babel-helper-function-name-6.18.0.tgz"},"maintainers":[{"name":"amasad","email":"amjad.masad@gmail.com"},{"name":"hzoo","email":"hi@henryzoo.com"},{"name":"jmm","email":"npm-public@jessemccarthy.net"},{"name":"loganfsmyth","email":"loganfsmyth@gmail.com"},{"name":"sebmck","email":"sebmck@gmail.com"},{"name":"thejameskyle","email":"me@thejameskyle.com"}],"_npmOperationalInternal":{"host":"packages-18-east.internal.npmjs.com","tmp":"tmp/babel-helper-function-name-6.18.0.tgz_1477343927048_0.632998013868928"},"directories":{}},"6.22.0":{"name":"babel-helper-function-name","version":"6.22.0","description":"Helper function to change the property 'name' of every function","repository":{"type":"git","url":"https://github.com/babel/babel/tree/master/packages/babel-helper-function-name"},"license":"MIT","main":"lib/index.js","dependencies":{"babel-runtime":"^6.22.0","babel-types":"^6.22.0","babel-traverse":"^6.22.0","babel-helper-get-function-arity":"^6.22.0","babel-template":"^6.22.0"},"_id":"babel-helper-function-name@6.22.0","scripts":{},"_shasum":"51f1bdc4bb89b15f57a9b249f33d742816dcbefc","_from":".","_npmVersion":"3.10.10","_nodeVersion":"6.9.0","_npmUser":{"name":"hzoo","email":"hi@henryzoo.com"},"dist":{"shasum":"51f1bdc4bb89b15f57a9b249f33d742816dcbefc","tarball":"https://registry.npmjs.org/babel-helper-function-name/-/babel-helper-function-name-6.22.0.tgz"},"maintainers":[{"name":"amasad","email":"amjad.masad@gmail.com"},{"name":"hzoo","email":"hi@henryzoo.com"},{"name":"jmm","email":"npm-public@jessemccarthy.net"},{"name":"loganfsmyth","email":"loganfsmyth@gmail.com"},{"name":"sebmck","email":"sebmck@gmail.com"},{"name":"thejameskyle","email":"me@thejameskyle.com"}],"_npmOperationalInternal":{"host":"packages-18-east.internal.npmjs.com","tmp":"tmp/babel-helper-function-name-6.22.0.tgz_1484872411706_0.5318007019814104"},"directories":{}},"6.23.0":{"name":"babel-helper-function-name","version":"6.23.0","description":"Helper function to change the property 'name' of every function","repository":{"type":"git","url":"https://github.com/babel/babel/tree/master/packages/babel-helper-function-name"},"license":"MIT","main":"lib/index.js","dependencies":{"babel-runtime":"^6.22.0","babel-types":"^6.23.0","babel-traverse":"^6.23.0","babel-helper-get-function-arity":"^6.22.0","babel-template":"^6.23.0"},"_id":"babel-helper-function-name@6.23.0","scripts":{},"_shasum":"25742d67175c8903dbe4b6cb9d9e1fcb8dcf23a6","_from":".","_npmVersion":"3.10.8","_nodeVersion":"6.9.1","_npmUser":{"name":"loganfsmyth","email":"loganfsmyth@gmail.com"},"dist":{"shasum":"25742d67175c8903dbe4b6cb9d9e1fcb8dcf23a6","tarball":"https://registry.npmjs.org/babel-helper-function-name/-/babel-helper-function-name-6.23.0.tgz"},"maintainers":[{"name":"amasad","email":"amjad.masad@gmail.com"},{"name":"hzoo","email":"hi@henryzoo.com"},{"name":"jmm","email":"npm-public@jessemccarthy.net"},{"name":"loganfsmyth","email":"loganfsmyth@gmail.com"},{"name":"sebmck","email":"sebmck@gmail.com"},{"name":"thejameskyle","email":"me@thejameskyle.com"}],"_npmOperationalInternal":{"host":"packages-18-east.internal.npmjs.com","tmp":"tmp/babel-helper-function-name-6.23.0.tgz_1487034863483_0.0017370616551488638"},"directories":{}},"7.0.0-alpha.1":{"name":"babel-helper-function-name","version":"7.0.0-alpha.1","description":"Helper function to change the property 'name' of every function","repository":{"type":"git","url":"https://github.com/babel/babel/tree/master/packages/babel-helper-function-name"},"license":"MIT","main":"lib/index.js","dependencies":{"babel-types":"7.0.0-alpha.1","babel-traverse":"7.0.0-alpha.1","babel-helper-get-function-arity":"7.0.0-alpha.1","babel-template":"7.0.0-alpha.1"},"_id":"babel-helper-function-name@7.0.0-alpha.1","scripts":{},"_shasum":"06e552eec4af509b8680474d1bcf14d7b8a627f7","_from":".","_npmVersion":"3.10.10","_nodeVersion":"6.9.0","_npmUser":{"name":"hzoo","email":"hi@henryzoo.com"},"dist":{"shasum":"06e552eec4af509b8680474d1bcf14d7b8a627f7","tarball":"https://registry.npmjs.org/babel-helper-function-name/-/babel-helper-function-name-7.0.0-alpha.1.tgz"},"maintainers":[{"name":"amasad","email":"amjad.masad@gmail.com"},{"name":"hzoo","email":"hi@henryzoo.com"},{"name":"jmm","email":"npm-public@jessemccarthy.net"},{"name":"loganfsmyth","email":"loganfsmyth@gmail.com"},{"name":"sebmck","email":"sebmck@gmail.com"},{"name":"thejameskyle","email":"me@thejameskyle.com"}],"_npmOperationalInternal":{"host":"packages-12-west.internal.npmjs.com","tmp":"tmp/babel-helper-function-name-7.0.0-alpha.1.tgz_1488488742265_0.08035207469947636"},"directories":{}},"7.0.0-alpha.3":{"name":"babel-helper-function-name","version":"7.0.0-alpha.3","description":"Helper function to change the property 'name' of every function","repository":{"type":"git","url":"https://github.com/babel/babel/tree/master/packages/babel-helper-function-name"},"license":"MIT","main":"lib/index.js","dependencies":{"babel-types":"7.0.0-alpha.3","babel-traverse":"7.0.0-alpha.3","babel-helper-get-function-arity":"7.0.0-alpha.3","babel-template":"7.0.0-alpha.3"},"_id":"babel-helper-function-name@7.0.0-alpha.3","scripts":{},"_shasum":"c20acaadfff6632b7c7efccab31d60d5e8e59814","_from":".","_npmVersion":"3.10.10","_nodeVersion":"6.9.0","_npmUser":{"name":"hzoo","email":"hi@henryzoo.com"},"dist":{"shasum":"c20acaadfff6632b7c7efccab31d60d5e8e59814","tarball":"https://registry.npmjs.org/babel-helper-function-name/-/babel-helper-function-name-7.0.0-alpha.3.tgz"},"maintainers":[{"name":"amasad","email":"amjad.masad@gmail.com"},{"name":"hzoo","email":"hi@henryzoo.com"},{"name":"jmm","email":"npm-public@jessemccarthy.net"},{"name":"loganfsmyth","email":"loganfsmyth@gmail.com"},{"name":"sebmck","email":"sebmck@gmail.com"},{"name":"thejameskyle","email":"me@thejameskyle.com"}],"_npmOperationalInternal":{"host":"packages-12-west.internal.npmjs.com","tmp":"tmp/babel-helper-function-name-7.0.0-alpha.3.tgz_1490298583696_0.8176969613414258"},"directories":{}},"7.0.0-alpha.7":{"name":"babel-helper-function-name","version":"7.0.0-alpha.7","description":"Helper function to change the property 'name' of every function","repository":{"type":"git","url":"https://github.com/babel/babel/tree/master/packages/babel-helper-function-name"},"license":"MIT","main":"lib/index.js","dependencies":{"babel-types":"7.0.0-alpha.7","babel-traverse":"7.0.0-alpha.7","babel-helper-get-function-arity":"7.0.0-alpha.7","babel-template":"7.0.0-alpha.7"},"_id":"babel-helper-function-name@7.0.0-alpha.7","scripts":{},"_shasum":"19aecddc5402f941c5726802993077b41ea9832d","_from":".","_npmVersion":"3.10.10","_nodeVersion":"6.9.0","_npmUser":{"name":"hzoo","email":"hi@henryzoo.com"},"dist":{"shasum":"19aecddc5402f941c5726802993077b41ea9832d","tarball":"https://registry.npmjs.org/babel-helper-function-name/-/babel-helper-function-name-7.0.0-alpha.7.tgz"},"maintainers":[{"name":"amasad","email":"amjad.masad@gmail.com"},{"name":"hzoo","email":"hi@henryzoo.com"},{"name":"jmm","email":"npm-public@jessemccarthy.net"},{"name":"loganfsmyth","email":"loganfsmyth@gmail.com"},{"name":"sebmck","email":"sebmck@gmail.com"},{"name":"thejameskyle","email":"me@thejameskyle.com"}],"_npmOperationalInternal":{"host":"packages-18-east.internal.npmjs.com","tmp":"tmp/babel-helper-function-name-7.0.0-alpha.7.tgz_1491426854166_0.17065012617968023"},"directories":{}},"6.24.1":{"name":"babel-helper-function-name","version":"6.24.1","description":"Helper function to change the property 'name' of every function","repository":{"type":"git","url":"https://github.com/babel/babel/tree/master/packages/babel-helper-function-name"},"license":"MIT","main":"lib/index.js","dependencies":{"babel-runtime":"^6.22.0","babel-types":"^6.24.1","babel-traverse":"^6.24.1","babel-helper-get-function-arity":"^6.24.1","babel-template":"^6.24.1"},"_id":"babel-helper-function-name@6.24.1","scripts":{},"_shasum":"d3475b8c03ed98242a25b48351ab18399d3580a9","_from":".","_npmVersion":"3.10.10","_nodeVersion":"6.9.0","_npmUser":{"name":"hzoo","email":"hi@henryzoo.com"},"dist":{"shasum":"d3475b8c03ed98242a25b48351ab18399d3580a9","tarball":"https://registry.npmjs.org/babel-helper-function-name/-/babel-helper-function-name-6.24.1.tgz"},"maintainers":[{"name":"amasad","email":"amjad.masad@gmail.com"},{"name":"hzoo","email":"hi@henryzoo.com"},{"name":"jmm","email":"npm-public@jessemccarthy.net"},{"name":"loganfsmyth","email":"loganfsmyth@gmail.com"},{"name":"sebmck","email":"sebmck@gmail.com"},{"name":"thejameskyle","email":"me@thejameskyle.com"}],"_npmOperationalInternal":{"host":"packages-18-east.internal.npmjs.com","tmp":"tmp/babel-helper-function-name-6.24.1.tgz_1491578368478_0.6828097116667777"},"directories":{}},"7.0.0-alpha.8":{"name":"babel-helper-function-name","version":"7.0.0-alpha.8","description":"Helper function to change the property 'name' of every function","repository":{"type":"git","url":"https://github.com/babel/babel/tree/master/packages/babel-helper-function-name"},"license":"MIT","main":"lib/index.js","dependencies":{"babel-types":"7.0.0-alpha.7","babel-traverse":"7.0.0-alpha.8","babel-helper-get-function-arity":"7.0.0-alpha.7","babel-template":"7.0.0-alpha.8"},"_id":"babel-helper-function-name@7.0.0-alpha.8","scripts":{},"_shasum":"b28e20f4c356713b7cf5ef5bc7b28ee2588c8fb1","_from":".","_npmVersion":"3.10.10","_nodeVersion":"6.9.0","_npmUser":{"name":"hzoo","email":"hi@henryzoo.com"},"dist":{"shasum":"b28e20f4c356713b7cf5ef5bc7b28ee2588c8fb1","tarball":"https://registry.npmjs.org/babel-helper-function-name/-/babel-helper-function-name-7.0.0-alpha.8.tgz"},"maintainers":[{"name":"amasad","email":"amjad.masad@gmail.com"},{"name":"hzoo","email":"hi@henryzoo.com"},{"name":"jmm","email":"npm-public@jessemccarthy.net"},{"name":"loganfsmyth","email":"loganfsmyth@gmail.com"},{"name":"sebmck","email":"sebmck@gmail.com"},{"name":"thejameskyle","email":"me@thejameskyle.com"}],"_npmOperationalInternal":{"host":"packages-12-west.internal.npmjs.com","tmp":"tmp/babel-helper-function-name-7.0.0-alpha.8.tgz_1492456389087_0.5838386856485158"},"directories":{}},"7.0.0-alpha.9":{"name":"babel-helper-function-name","version":"7.0.0-alpha.9","description":"Helper function to change the property 'name' of every function","repository":{"type":"git","url":"https://github.com/babel/babel/tree/master/packages/babel-helper-function-name"},"license":"MIT","main":"lib/index.js","dependencies":{"babel-types":"7.0.0-alpha.9","babel-traverse":"7.0.0-alpha.9","babel-helper-get-function-arity":"7.0.0-alpha.9","babel-template":"7.0.0-alpha.9"},"_id":"babel-helper-function-name@7.0.0-alpha.9","scripts":{},"_shasum":"03d62dd9e68385085668367fce861a8a5b30a886","_from":".","_npmVersion":"3.10.10","_nodeVersion":"6.9.0","_npmUser":{"name":"hzoo","email":"hi@henryzoo.com"},"dist":{"shasum":"03d62dd9e68385085668367fce861a8a5b30a886","tarball":"https://registry.npmjs.org/babel-helper-function-name/-/babel-helper-function-name-7.0.0-alpha.9.tgz"},"maintainers":[{"name":"amasad","email":"amjad.masad@gmail.com"},{"name":"hzoo","email":"hi@henryzoo.com"},{"name":"jmm","email":"npm-public@jessemccarthy.net"},{"name":"loganfsmyth","email":"loganfsmyth@gmail.com"},{"name":"sebmck","email":"sebmck@gmail.com"},{"name":"thejameskyle","email":"me@thejameskyle.com"}],"_npmOperationalInternal":{"host":"packages-18-east.internal.npmjs.com","tmp":"tmp/babel-helper-function-name-7.0.0-alpha.9.tgz_1492526536004_0.5984946778044105"},"directories":{}},"7.0.0-alpha.10":{"name":"babel-helper-function-name","version":"7.0.0-alpha.10","description":"Helper function to change the property 'name' of every function","repository":{"type":"git","url":"https://github.com/babel/babel/tree/master/packages/babel-helper-function-name"},"license":"MIT","main":"lib/index.js","dependencies":{"babel-types":"7.0.0-alpha.10","babel-traverse":"7.0.0-alpha.10","babel-helper-get-function-arity":"7.0.0-alpha.10","babel-template":"7.0.0-alpha.10"},"_id":"babel-helper-function-name@7.0.0-alpha.10","scripts":{},"_shasum":"0c3e955f65db9eddc96345db0de84547dff936d5","_from":".","_npmVersion":"3.10.10","_nodeVersion":"6.9.0","_npmUser":{"name":"hzoo","email":"hi@henryzoo.com"},"dist":{"shasum":"0c3e955f65db9eddc96345db0de84547dff936d5","tarball":"https://registry.npmjs.org/babel-helper-function-name/-/babel-helper-function-name-7.0.0-alpha.10.tgz"},"maintainers":[{"email":"daniel@tschinder.de","name":"danez"},{"email":"hi@henryzoo.com","name":"hzoo"},{"email":"loganfsmyth@gmail.com","name":"loganfsmyth"}],"_npmOperationalInternal":{"host":"s3://npm-registry-packages","tmp":"tmp/babel-helper-function-name-7.0.0-alpha.10.tgz_1495739861101_0.9480764865875244"},"directories":{}},"7.0.0-alpha.11":{"name":"babel-helper-function-name","version":"7.0.0-alpha.11","description":"Helper function to change the property 'name' of every function","repository":{"type":"git","url":"https://github.com/babel/babel/tree/master/packages/babel-helper-function-name"},"license":"MIT","main":"lib/index.js","dependencies":{"babel-helper-get-function-arity":"7.0.0-alpha.11","babel-template":"7.0.0-alpha.11","babel-traverse":"7.0.0-alpha.11","babel-types":"7.0.0-alpha.11"},"_id":"babel-helper-function-name@7.0.0-alpha.11","_npmVersion":"5.0.0","_nodeVersion":"6.9.0","_npmUser":{"name":"hzoo","email":"hi@henryzoo.com"},"dist":{"integrity":"sha512-sKW62BfyBY2zSXrDVonBsbGeqAJLTICghdjUZuQ81NUc2Ygri5l4ZqC/inYNhgr+IJaFTvxCb2ycjRWJfqvIHw==","shasum":"a0a157018348a7c3f3f8524c6128bb8341a092ea","tarball":"https://registry.npmjs.org/babel-helper-function-name/-/babel-helper-function-name-7.0.0-alpha.11.tgz"},"maintainers":[{"email":"sebmck@gmail.com","name":"sebmck"},{"email":"daniel@tschinder.de","name":"danez"},{"email":"hi@henryzoo.com","name":"hzoo"},{"email":"loganfsmyth@gmail.com","name":"loganfsmyth"}],"_npmOperationalInternal":{"host":"s3://npm-registry-packages","tmp":"tmp/babel-helper-function-name-7.0.0-alpha.11.tgz_1496263432473_0.4651307347230613"},"directories":{}},"7.0.0-alpha.12":{"name":"babel-helper-function-name","version":"7.0.0-alpha.12","description":"Helper function to change the property 'name' of every function","repository":{"type":"git","url":"https://github.com/babel/babel/tree/master/packages/babel-helper-function-name"},"license":"MIT","main":"lib/index.js","dependencies":{"babel-helper-get-function-arity":"7.0.0-alpha.12","babel-template":"7.0.0-alpha.12","babel-traverse":"7.0.0-alpha.12","babel-types":"7.0.0-alpha.12"},"_id":"babel-helper-function-name@7.0.0-alpha.12","_npmVersion":"5.0.0","_nodeVersion":"6.9.0","_npmUser":{"name":"hzoo","email":"hi@henryzoo.com"},"dist":{"integrity":"sha512-Eoq0Wj1tjFARXUSxglwAG8LbBa+ddJ011V13K45xyFn2v6khOJG9hoVwEwlgv5oXKK4Cb8XVVVFd2daysyFqDQ==","shasum":"69ad0d8df236cefa8824989148742ba757ea459b","tarball":"https://registry.npmjs.org/babel-helper-function-name/-/babel-helper-function-name-7.0.0-alpha.12.tgz"},"maintainers":[{"email":"sebmck@gmail.com","name":"sebmck"},{"email":"daniel@tschinder.de","name":"danez"},{"email":"hi@henryzoo.com","name":"hzoo"},{"email":"loganfsmyth@gmail.com","name":"loganfsmyth"}],"_npmOperationalInternal":{"host":"s3://npm-registry-packages","tmp":"tmp/babel-helper-function-name-7.0.0-alpha.12.tgz_1496265128597_0.08486887766048312"},"directories":{}},"7.0.0-alpha.14":{"name":"babel-helper-function-name","version":"7.0.0-alpha.14","description":"Helper function to change the property 'name' of every function","repository":{"type":"git","url":"https://github.com/babel/babel/tree/master/packages/babel-helper-function-name"},"license":"MIT","main":"lib/index.js","dependencies":{"babel-helper-get-function-arity":"7.0.0-alpha.14","babel-template":"7.0.0-alpha.14","babel-traverse":"7.0.0-alpha.14","babel-types":"7.0.0-alpha.14"},"_id":"babel-helper-function-name@7.0.0-alpha.14","scripts":{},"_shasum":"3a469fb9f31830a70ce163328ca4a662338ec50d","_from":".","_npmVersion":"4.6.1","_nodeVersion":"6.9.0","_npmUser":{"name":"hzoo","email":"hi@henryzoo.com"},"dist":{"shasum":"3a469fb9f31830a70ce163328ca4a662338ec50d","tarball":"https://registry.npmjs.org/babel-helper-function-name/-/babel-helper-function-name-7.0.0-alpha.14.tgz"},"maintainers":[{"email":"sebmck@gmail.com","name":"sebmck"},{"email":"daniel@tschinder.de","name":"danez"},{"email":"hi@henryzoo.com","name":"hzoo"},{"email":"loganfsmyth@gmail.com","name":"loganfsmyth"}],"_npmOperationalInternal":{"host":"s3://npm-registry-packages","tmp":"tmp/babel-helper-function-name-7.0.0-alpha.14.tgz_1499828059682_0.21659139869734645"},"directories":{}},"7.0.0-alpha.15":{"name":"babel-helper-function-name","version":"7.0.0-alpha.15","description":"Helper function to change the property 'name' of every function","repository":{"type":"git","url":"https://github.com/babel/babel/tree/master/packages/babel-helper-function-name"},"license":"MIT","main":"lib/index.js","dependencies":{"babel-helper-get-function-arity":"7.0.0-alpha.15","babel-template":"7.0.0-alpha.15","babel-traverse":"7.0.0-alpha.15","babel-types":"7.0.0-alpha.15"},"_id":"babel-helper-function-name@7.0.0-alpha.15","scripts":{},"_shasum":"087bb6bb6677acde36b3c19f6bc1afedb3d12e30","_from":".","_npmVersion":"4.6.1","_nodeVersion":"6.9.0","_npmUser":{"name":"hzoo","email":"hi@henryzoo.com"},"dist":{"shasum":"087bb6bb6677acde36b3c19f6bc1afedb3d12e30","tarball":"https://registry.npmjs.org/babel-helper-function-name/-/babel-helper-function-name-7.0.0-alpha.15.tgz"},"maintainers":[{"email":"sebmck@gmail.com","name":"sebmck"},{"email":"daniel@tschinder.de","name":"danez"},{"email":"hi@henryzoo.com","name":"hzoo"},{"email":"loganfsmyth@gmail.com","name":"loganfsmyth"}],"_npmOperationalInternal":{"host":"s3://npm-registry-packages","tmp":"tmp/babel-helper-function-name-7.0.0-alpha.15.tgz_1499830596273_0.6831757202744484"},"directories":{}},"7.0.0-alpha.16":{"name":"babel-helper-function-name","version":"7.0.0-alpha.16","description":"Helper function to change the property 'name' of every function","repository":{"type":"git","url":"https://github.com/babel/babel/tree/master/packages/babel-helper-function-name"},"license":"MIT","main":"lib/index.js","dependencies":{"babel-helper-get-function-arity":"7.0.0-alpha.16","babel-template":"7.0.0-alpha.16","babel-traverse":"7.0.0-alpha.16","babel-types":"7.0.0-alpha.16"},"_id":"babel-helper-function-name@7.0.0-alpha.16","scripts":{},"_shasum":"a159510698c7200976b9af666f7456a6ef3e1e6f","_from":".","_npmVersion":"4.6.1","_nodeVersion":"6.9.0","_npmUser":{"name":"hzoo","email":"hi@henryzoo.com"},"dist":{"shasum":"a159510698c7200976b9af666f7456a6ef3e1e6f","tarball":"https://registry.npmjs.org/babel-helper-function-name/-/babel-helper-function-name-7.0.0-alpha.16.tgz"},"maintainers":[{"email":"sebmck@gmail.com","name":"sebmck"},{"email":"daniel@tschinder.de","name":"danez"},{"email":"hi@henryzoo.com","name":"hzoo"},{"email":"loganfsmyth@gmail.com","name":"loganfsmyth"}],"_npmOperationalInternal":{"host":"s3://npm-registry-packages","tmp":"tmp/babel-helper-function-name-7.0.0-alpha.16.tgz_1501017509091_0.983245775103569"},"directories":{}},"7.0.0-alpha.17":{"name":"babel-helper-function-name","version":"7.0.0-alpha.17","description":"Helper function to change the property 'name' of every function","repository":{"type":"git","url":"https://github.com/babel/babel/tree/master/packages/babel-helper-function-name"},"license":"MIT","main":"lib/index.js","dependencies":{"babel-helper-get-function-arity":"7.0.0-alpha.17","babel-template":"7.0.0-alpha.17","babel-traverse":"7.0.0-alpha.17","babel-types":"7.0.0-alpha.17"},"_id":"babel-helper-function-name@7.0.0-alpha.17","scripts":{},"_shasum":"b976290af579712345ecd6a146e6dff86b47b8ed","_from":".","_npmVersion":"4.6.1","_nodeVersion":"6.9.0","_npmUser":{"name":"hzoo","email":"hi@henryzoo.com"},"dist":{"shasum":"b976290af579712345ecd6a146e6dff86b47b8ed","tarball":"https://registry.npmjs.org/babel-helper-function-name/-/babel-helper-function-name-7.0.0-alpha.17.tgz"},"maintainers":[{"email":"sebmck@gmail.com","name":"sebmck"},{"email":"daniel@tschinder.de","name":"danez"},{"email":"hi@henryzoo.com","name":"hzoo"},{"email":"loganfsmyth@gmail.com","name":"loganfsmyth"}],"_npmOperationalInternal":{"host":"s3://npm-registry-packages","tmp":"tmp/babel-helper-function-name-7.0.0-alpha.17.tgz_1501072801542_0.9761456071864814"},"directories":{}},"7.0.0-alpha.18":{"name":"babel-helper-function-name","version":"7.0.0-alpha.18","description":"Helper function to change the property 'name' of every function","repository":{"type":"git","url":"https://github.com/babel/babel/tree/master/packages/babel-helper-function-name"},"license":"MIT","main":"lib/index.js","dependencies":{"babel-helper-get-function-arity":"7.0.0-alpha.18","babel-template":"7.0.0-alpha.18","babel-traverse":"7.0.0-alpha.18","babel-types":"7.0.0-alpha.18"},"_id":"babel-helper-function-name@7.0.0-alpha.18","_npmVersion":"5.3.0","_nodeVersion":"8.1.4","_npmUser":{"name":"hzoo","email":"hi@henryzoo.com"},"dist":{"integrity":"sha512-81GpegdU6S8C44xI3xiGkas7tVxf6Yr/GQUX67WXTQ957NEOubEJ0geOqYFClrIOQhuKaYqcjIEpqiwPx4rafQ==","shasum":"c53a5091c3a2fbb9b72b351be390fc616021b7e0","tarball":"https://registry.npmjs.org/babel-helper-function-name/-/babel-helper-function-name-7.0.0-alpha.18.tgz"},"maintainers":[{"email":"me@thejameskyle.com","name":"thejameskyle"},{"email":"sebmck@gmail.com","name":"sebmck"},{"email":"daniel@tschinder.de","name":"danez"},{"email":"hi@henryzoo.com","name":"hzoo"},{"email":"loganfsmyth@gmail.com","name":"loganfsmyth"}],"_npmOperationalInternal":{"host":"s3://npm-registry-packages","tmp":"tmp/babel-helper-function-name-7.0.0-alpha.18.tgz_1501798892454_0.36096316925249994"},"directories":{}},"7.0.0-alpha.19":{"name":"babel-helper-function-name","version":"7.0.0-alpha.19","description":"Helper function to change the property 'name' of every function","repository":{"type":"git","url":"https://github.com/babel/babel/tree/master/packages/babel-helper-function-name"},"license":"MIT","main":"lib/index.js","dependencies":{"babel-helper-get-function-arity":"7.0.0-alpha.19","babel-template":"7.0.0-alpha.19","babel-traverse":"7.0.0-alpha.19","babel-types":"7.0.0-alpha.19"},"_id":"babel-helper-function-name@7.0.0-alpha.19","_npmVersion":"5.3.0","_nodeVersion":"8.1.4","_npmUser":{"name":"hzoo","email":"hi@henryzoo.com"},"dist":{"integrity":"sha512-RBrnSG/Y6fI1HuCc2t1q1bBOcWRK8vvRzzthjfBKhQBrDWJBa86r8EvbqTJUnYl2qOUtY9D8djdhTBL2uvit5Q==","shasum":"6da459bdbc17fc2bb6a623fbcbfc57dc4ab20e9f","tarball":"https://registry.npmjs.org/babel-helper-function-name/-/babel-helper-function-name-7.0.0-alpha.19.tgz"},"maintainers":[{"email":"me@thejameskyle.com","name":"thejameskyle"},{"email":"sebmck@gmail.com","name":"sebmck"},{"email":"daniel@tschinder.de","name":"danez"},{"email":"hi@henryzoo.com","name":"hzoo"},{"email":"loganfsmyth@gmail.com","name":"loganfsmyth"}],"_npmOperationalInternal":{"host":"s3://npm-registry-packages","tmp":"tmp/babel-helper-function-name-7.0.0-alpha.19.tgz_1502144536049_0.9606398863252252"},"directories":{}},"7.0.0-alpha.20":{"name":"babel-helper-function-name","version":"7.0.0-alpha.20","description":"Helper function to change the property 'name' of every function","repository":{"type":"git","url":"https://github.com/babel/babel/tree/master/packages/babel-helper-function-name"},"license":"MIT","main":"lib/index.js","dependencies":{"babel-helper-get-function-arity":"7.0.0-alpha.20","babel-template":"7.0.0-alpha.20","babel-traverse":"7.0.0-alpha.20","babel-types":"7.0.0-alpha.20"},"_id":"babel-helper-function-name@7.0.0-alpha.20","_npmVersion":"5.3.0","_nodeVersion":"8.1.4","_npmUser":{"name":"hzoo","email":"hi@henryzoo.com"},"dist":{"integrity":"sha512-otkWB0lg3QB4HMkSLddrJ7XkzDQSzGdmiRHh2GKYgqPkEqusT8ItheIF5hRkIFTJCmBBGBte2G/ITroakb7trw==","shasum":"b560517ad8a6ca3029ac28bf558ef04bbfd8af85","tarball":"https://registry.npmjs.org/babel-helper-function-name/-/babel-helper-function-name-7.0.0-alpha.20.tgz"},"maintainers":[{"email":"me@thejameskyle.com","name":"thejameskyle"},{"email":"sebmck@gmail.com","name":"sebmck"},{"email":"daniel@tschinder.de","name":"danez"},{"email":"hi@henryzoo.com","name":"hzoo"},{"email":"loganfsmyth@gmail.com","name":"loganfsmyth"}],"_npmOperationalInternal":{"host":"s3://npm-registry-packages","tmp":"tmp/babel-helper-function-name-7.0.0-alpha.20.tgz_1504119878178_0.6307198142167181"},"directories":{}},"7.0.0-beta.0":{"name":"babel-helper-function-name","version":"7.0.0-beta.0","description":"Helper function to change the property 'name' of every function","repository":{"type":"git","url":"https://github.com/babel/babel/tree/master/packages/babel-helper-function-name"},"license":"MIT","main":"lib/index.js","dependencies":{"babel-helper-get-function-arity":"7.0.0-beta.0","babel-template":"7.0.0-beta.0","babel-traverse":"7.0.0-beta.0","babel-types":"7.0.0-beta.0"},"_id":"babel-helper-function-name@7.0.0-beta.0","_npmVersion":"5.3.0","_nodeVersion":"8.1.4","_npmUser":{"name":"hzoo","email":"hi@henryzoo.com"},"dist":{"integrity":"sha512-DaQccFBBWBEzMdqbKmNXamY0m1yLHJGOdbbEsNoGdJrrU7wAF3wwowtDDPzF0ZT3SqJXPgZW/P2kgBX9moMuAA==","shasum":"d1b6779b647e5c5c31ebeb05e13b998e4d352d56","tarball":"https://registry.npmjs.org/babel-helper-function-name/-/babel-helper-function-name-7.0.0-beta.0.tgz"},"maintainers":[{"email":"me@thejameskyle.com","name":"thejameskyle"},{"email":"sebmck@gmail.com","name":"sebmck"},{"email":"daniel@tschinder.de","name":"danez"},{"email":"hi@henryzoo.com","name":"hzoo"},{"email":"loganfsmyth@gmail.com","name":"loganfsmyth"}],"_npmOperationalInternal":{"host":"s3://npm-registry-packages","tmp":"tmp/babel-helper-function-name-7.0.0-beta.0.tgz_1505185382361_0.5461134959477931"},"directories":{}},"7.0.0-beta.1":{"name":"babel-helper-function-name","version":"7.0.0-beta.1","description":"Helper function to change the property 'name' of every function","repository":{"type":"git","url":"https://github.com/babel/babel/tree/master/packages/babel-helper-function-name"},"license":"MIT","main":"lib/index.js","dependencies":{"babel-helper-get-function-arity":"7.0.0-beta.1","babel-template":"7.0.0-beta.1","babel-traverse":"7.0.0-beta.1","babel-types":"7.0.0-beta.1"},"_id":"babel-helper-function-name@7.0.0-beta.1","_npmVersion":"5.4.1","_nodeVersion":"8.1.4","_npmUser":{"name":"hzoo","email":"hi@henryzoo.com"},"dist":{"integrity":"sha512-WpYIDh/uRxxdBj2RwRyEbK6Z0MG1pVe0p9zMKsO9K8mMKZbLpPsx10HKwu08YK1a+3x+ROn1Q2w+/qBlLOKy8Q==","shasum":"80d85b2dfe41b8ed1bc0edd68f806cbec7b952aa","tarball":"https://registry.npmjs.org/babel-helper-function-name/-/babel-helper-function-name-7.0.0-beta.1.tgz"},"maintainers":[{"email":"me@thejameskyle.com","name":"thejameskyle"},{"email":"sebmck@gmail.com","name":"sebmck"},{"email":"daniel@tschinder.de","name":"danez"},{"email":"hi@henryzoo.com","name":"hzoo"},{"email":"loganfsmyth@gmail.com","name":"loganfsmyth"}],"_npmOperationalInternal":{"host":"s3://npm-registry-packages","tmp":"tmp/babel-helper-function-name-7.0.0-beta.1.tgz_1505852689103_0.8835327380802482"},"directories":{}},"7.0.0-beta.2":{"name":"babel-helper-function-name","version":"7.0.0-beta.2","description":"Helper function to change the property 'name' of every function","repository":{"type":"git","url":"https://github.com/babel/babel/tree/master/packages/babel-helper-function-name"},"license":"MIT","main":"lib/index.js","dependencies":{"babel-helper-get-function-arity":"7.0.0-beta.2","babel-template":"7.0.0-beta.2","babel-traverse":"7.0.0-beta.2","babel-types":"7.0.0-beta.2"},"_id":"babel-helper-function-name@7.0.0-beta.2","_npmVersion":"5.4.1","_nodeVersion":"8.1.4","_npmUser":{"name":"hzoo","email":"hi@henryzoo.com"},"dist":{"integrity":"sha512-7jdswv5q6zYBRapDjfUSZrVeU4tM2rtUqGFon6w/2AhgXLzXgQPt1kjYnpIOnQo+UiHCtE8wIjgVXGGnMhRUqA==","shasum":"f051ccee25525210e113738e46e1a122654a6bee","tarball":"https://registry.npmjs.org/babel-helper-function-name/-/babel-helper-function-name-7.0.0-beta.2.tgz"},"maintainers":[{"email":"bng412@gmail.com","name":"existentialism"},{"email":"me@thejameskyle.com","name":"thejameskyle"},{"email":"sebmck@gmail.com","name":"sebmck"},{"email":"daniel@tschinder.de","name":"danez"},{"email":"hi@henryzoo.com","name":"hzoo"},{"email":"loganfsmyth@gmail.com","name":"loganfsmyth"}],"_npmOperationalInternal":{"host":"s3://npm-registry-packages","tmp":"tmp/babel-helper-function-name-7.0.0-beta.2.tgz_1506438961900_0.5473723176401109"},"directories":{}},"7.0.0-beta.3":{"name":"babel-helper-function-name","version":"7.0.0-beta.3","description":"Helper function to change the property 'name' of every function","repository":{"type":"git","url":"https://github.com/babel/babel/tree/master/packages/babel-helper-function-name"},"license":"MIT","main":"lib/index.js","dependencies":{"babel-helper-get-function-arity":"7.0.0-beta.3","babel-template":"7.0.0-beta.3","babel-traverse":"7.0.0-beta.3","babel-types":"7.0.0-beta.3"},"_id":"babel-helper-function-name@7.0.0-beta.3","_npmVersion":"5.5.1","_nodeVersion":"8.1.4","_npmUser":{"name":"hzoo","email":"hi@henryzoo.com"},"dist":{"integrity":"sha512-iMWYqwDarQOVlEGcK1MfbtK9vrFGs5Z4UQsdASJUHdhBp918EM5kndwriiIbhUX8gr2B/CEV/udJkFTrHsjdMQ==","shasum":"e86dd2eb2c09e06e392e79e203fc02427b24c871","tarball":"https://registry.npmjs.org/babel-helper-function-name/-/babel-helper-function-name-7.0.0-beta.3.tgz"},"maintainers":[{"email":"bng412@gmail.com","name":"existentialism"},{"email":"me@thejameskyle.com","name":"thejameskyle"},{"email":"sebmck@gmail.com","name":"sebmck"},{"email":"daniel@tschinder.de","name":"danez"},{"email":"hi@henryzoo.com","name":"hzoo"},{"email":"loganfsmyth@gmail.com","name":"loganfsmyth"}],"_npmOperationalInternal":{"host":"s3://npm-registry-packages","tmp":"tmp/babel-helper-function-name-7.0.0-beta.3.tgz_1508073148149_0.6059973542578518"},"directories":{}}},"readme":"# babel-helper-function-name\n\n## Usage\n\nTODO\n","maintainers":[{"email":"bng412@gmail.com","name":"existentialism"},{"email":"me@thejameskyle.com","name":"thejameskyle"},{"email":"sebmck@gmail.com","name":"sebmck"},{"email":"daniel@tschinder.de","name":"danez"},{"email":"hi@henryzoo.com","name":"hzoo"},{"email":"loganfsmyth@gmail.com","name":"loganfsmyth"}],"time":{"modified":"2017-10-15T13:12:29.074Z","created":"2015-10-29T17:54:53.828Z","6.0.0":"2015-10-29T17:54:53.828Z","6.0.2":"2015-10-29T18:09:08.043Z","6.0.14":"2015-10-30T23:33:02.385Z","6.0.15":"2015-11-01T22:08:53.045Z","6.1.5":"2015-11-12T06:50:30.796Z","6.1.6":"2015-11-12T07:33:48.981Z","6.1.7":"2015-11-12T07:38:13.089Z","6.1.8":"2015-11-12T07:41:15.936Z","6.1.9":"2015-11-12T07:47:04.681Z","6.1.10":"2015-11-12T07:53:41.101Z","6.1.12":"2015-11-12T08:48:48.967Z","6.1.13":"2015-11-12T19:58:27.856Z","6.1.16":"2015-11-12T21:34:08.109Z","6.1.17":"2015-11-12T21:41:04.597Z","6.1.18":"2015-11-12T21:47:21.250Z","6.2.0":"2015-11-19T04:34:11.362Z","6.2.4":"2015-11-25T03:13:05.221Z","6.3.13":"2015-12-04T11:57:21.965Z","6.3.15":"2015-12-06T16:31:52.882Z","6.4.0":"2016-01-06T20:34:21.273Z","6.5.0":"2016-02-07T00:06:59.918Z","6.5.0-1":"2016-02-07T02:39:46.692Z","6.6.0":"2016-02-29T21:12:32.435Z","6.8.0":"2016-05-02T23:44:03.420Z","6.18.0":"2016-10-24T21:18:48.877Z","6.22.0":"2017-01-20T00:33:32.376Z","6.23.0":"2017-02-14T01:14:25.628Z","7.0.0-alpha.1":"2017-03-02T21:05:44.179Z","7.0.0-alpha.3":"2017-03-23T19:49:43.928Z","7.0.0-alpha.7":"2017-04-05T21:14:15.154Z","6.24.1":"2017-04-07T15:19:30.256Z","7.0.0-alpha.8":"2017-04-17T19:13:09.362Z","7.0.0-alpha.9":"2017-04-18T14:42:18.035Z","7.0.0-alpha.10":"2017-05-25T19:17:41.911Z","7.0.0-alpha.11":"2017-05-31T20:43:52.663Z","7.0.0-alpha.12":"2017-05-31T21:12:08.691Z","7.0.0-alpha.14":"2017-07-12T02:54:20.602Z","7.0.0-alpha.15":"2017-07-12T03:36:37.292Z","7.0.0-alpha.16":"2017-07-25T21:18:30.165Z","7.0.0-alpha.17":"2017-07-26T12:40:02.511Z","7.0.0-alpha.18":"2017-08-03T22:21:32.528Z","7.0.0-alpha.19":"2017-08-07T22:22:16.177Z","7.0.0-alpha.20":"2017-08-30T19:04:38.257Z","7.0.0-beta.0":"2017-09-12T03:03:03.282Z","7.0.0-beta.1":"2017-09-19T20:24:49.219Z","7.0.0-beta.2":"2017-09-26T15:16:02.824Z","7.0.0-beta.3":"2017-10-15T13:12:29.074Z"},"repository":{"type":"git","url":"https://github.com/babel/babel/tree/master/packages/babel-helper-function-name"},"license":"MIT","readmeFilename":"README.md","_attachments":{},"_etag":"W/\"f509f0b9959db5fd36681e1c5f9592ad\"","_lastModified":"Sat, 26 May 2018 17:55:14 GMT"}