{"_id":"regjsparser","_rev":"29-34e9a7773f7e8f73795aa559153ebef8","name":"regjsparser","description":"Parsing the JavaScript's RegExp in JavaScript.","dist-tags":{"latest":"0.3.0"},"versions":{"0.0.1":{"name":"regjsparser","version":"0.0.1","author":{"name":"'Juilan Viereck'","email":"julian.viereck@gmail.com"},"license":"BSD","main":"./parser","homepage":"https://github.com/jviereck/regexp.js","repository":{"type":"git","url":"git@github.com:jviereck/regexp.js-parser.git"},"dependencies":{},"scripts":{"test":"node test/index.js"},"description":"Parsing the JavaScript's RegExp in JavaScript.","bugs":{"url":"https://github.com/jviereck/regexp.js-parser/issues"},"_id":"regjsparser@0.0.1","dist":{"shasum":"768471dcd881c180489b707a10cee3096339b608","tarball":"https://registry.npmjs.org/regjsparser/-/regjsparser-0.0.1.tgz"},"_from":".","_npmVersion":"1.3.11","_npmUser":{"name":"jviereck","email":"julian.viereck@gmail.com"},"maintainers":[{"name":"jviereck","email":"julian.viereck@gmail.com"}],"directories":{}},"0.0.2":{"name":"regjsparser","version":"0.0.2","author":{"name":"'Juilan Viereck'","email":"julian.viereck@gmail.com"},"license":"BSD","main":"./parser","bin":{"regjsparser":"bin/parser"},"homepage":"https://github.com/jviereck/regjsparser","repository":{"type":"git","url":"git@github.com:jviereck/regjsparser.git"},"dependencies":{"jsesc":"~0.4.3"},"scripts":{"test":"node test/index.js"},"description":"Parsing the JavaScript's RegExp in JavaScript.","bugs":{"url":"https://github.com/jviereck/regjsparser/issues"},"_id":"regjsparser@0.0.2","dist":{"shasum":"bfb75676dfbfd825dab4976916205afa1f6516be","tarball":"https://registry.npmjs.org/regjsparser/-/regjsparser-0.0.2.tgz"},"_from":".","_npmVersion":"1.3.11","_npmUser":{"name":"jviereck","email":"julian.viereck@gmail.com"},"maintainers":[{"name":"jviereck","email":"julian.viereck@gmail.com"}],"directories":{}},"0.1.0":{"name":"regjsparser","version":"0.1.0","author":{"name":"'Julian Viereck'","email":"julian.viereck@gmail.com"},"license":"BSD","main":"./parser","bin":{"regjsparser":"bin/parser"},"homepage":"https://github.com/jviereck/regjsparser","repository":{"type":"git","url":"git@github.com:jviereck/regjsparser.git"},"dependencies":{"jsesc":"~0.4.3"},"scripts":{"test":"node test/index.js"},"files":["bin/","LICENSE.BSD","parser.js","README.md"],"description":"Parsing the JavaScript's RegExp in JavaScript.","bugs":{"url":"https://github.com/jviereck/regjsparser/issues"},"_id":"regjsparser@0.1.0","dist":{"shasum":"299d2a6b2f8606ed39928991f5684adea6f6a8e1","tarball":"https://registry.npmjs.org/regjsparser/-/regjsparser-0.1.0.tgz"},"_from":".","_npmVersion":"1.3.11","_npmUser":{"name":"jviereck","email":"julian.viereck@gmail.com"},"maintainers":[{"name":"jviereck","email":"julian.viereck@gmail.com"}],"directories":{}},"0.1.1":{"name":"regjsparser","version":"0.1.1","author":{"name":"'Julian Viereck'","email":"julian.viereck@gmail.com"},"license":"BSD","main":"./parser","bin":{"regjsparser":"bin/parser"},"homepage":"https://github.com/jviereck/regjsparser","repository":{"type":"git","url":"git@github.com:jviereck/regjsparser.git"},"scripts":{"test":"node test/index.js"},"files":["bin/","LICENSE.BSD","parser.js","README.md"],"dependencies":{"jsesc":"~0.5.0"},"devDependencies":{"regenerate":"~0.6.4","unicode-7.0.0":"~0.1.5"},"description":"Parsing the JavaScript's RegExp in JavaScript.","bugs":{"url":"https://github.com/jviereck/regjsparser/issues"},"_id":"regjsparser@0.1.1","dist":{"shasum":"c25affc02e5cd9753c4d8cdc591f3d26f7944e9d","tarball":"https://registry.npmjs.org/regjsparser/-/regjsparser-0.1.1.tgz"},"_from":".","_npmVersion":"1.3.11","_npmUser":{"name":"jviereck","email":"julian.viereck@gmail.com"},"maintainers":[{"name":"jviereck","email":"julian.viereck@gmail.com"}],"directories":{}},"0.1.2":{"name":"regjsparser","version":"0.1.2","author":{"name":"'Julian Viereck'","email":"julian.viereck@gmail.com"},"license":"BSD","main":"./parser","bin":{"regjsparser":"bin/parser"},"homepage":"https://github.com/jviereck/regjsparser","repository":{"type":"git","url":"git@github.com:jviereck/regjsparser.git"},"scripts":{"test":"node test/index.js"},"files":["bin/","LICENSE.BSD","parser.js","README.md"],"dependencies":{"jsesc":"~0.5.0"},"devDependencies":{"regenerate":"~0.6.4","unicode-7.0.0":"~0.1.5"},"description":"Parsing the JavaScript's RegExp in JavaScript.","bugs":{"url":"https://github.com/jviereck/regjsparser/issues"},"_id":"regjsparser@0.1.2","dist":{"shasum":"467eacf1780f93e22f853ea3cc84f1d41070300c","tarball":"https://registry.npmjs.org/regjsparser/-/regjsparser-0.1.2.tgz"},"_from":".","_npmVersion":"1.3.11","_npmUser":{"name":"jviereck","email":"julian.viereck@gmail.com"},"maintainers":[{"name":"jviereck","email":"julian.viereck@gmail.com"}],"directories":{}},"0.1.3":{"name":"regjsparser","version":"0.1.3","author":{"name":"'Julian Viereck'","email":"julian.viereck@gmail.com"},"license":"BSD","main":"./parser","bin":{"regjsparser":"bin/parser"},"homepage":"https://github.com/jviereck/regjsparser","repository":{"type":"git","url":"git@github.com:jviereck/regjsparser.git"},"scripts":{"test":"node test/index.js"},"files":["bin/","LICENSE.BSD","parser.js","README.md"],"dependencies":{"jsesc":"~0.5.0"},"devDependencies":{"regenerate":"~1.0.1","unicode-7.0.0":"~0.1.5"},"gitHead":"98c40d218d55b120685c63f41a901a5690cd2227","description":"Parsing the JavaScript's RegExp in JavaScript.","bugs":{"url":"https://github.com/jviereck/regjsparser/issues"},"_id":"regjsparser@0.1.3","_shasum":"aaa87c04c68060b6154319e404071f15bc892d54","_from":".","_npmVersion":"1.4.28","_npmUser":{"name":"jviereck","email":"julian.viereck@gmail.com"},"maintainers":[{"name":"jviereck","email":"julian.viereck@gmail.com"}],"dist":{"shasum":"aaa87c04c68060b6154319e404071f15bc892d54","tarball":"https://registry.npmjs.org/regjsparser/-/regjsparser-0.1.3.tgz"},"directories":{}},"0.1.4":{"name":"regjsparser","version":"0.1.4","author":{"name":"'Julian Viereck'","email":"julian.viereck@gmail.com"},"license":"BSD","main":"./parser","bin":{"regjsparser":"bin/parser"},"homepage":"https://github.com/jviereck/regjsparser","repository":{"type":"git","url":"git@github.com:jviereck/regjsparser.git"},"scripts":{"test":"node test/index.js"},"files":["bin/","LICENSE.BSD","parser.js","README.md"],"dependencies":{"jsesc":"~0.5.0"},"devDependencies":{"regenerate":"~1.0.1","unicode-7.0.0":"~0.1.5"},"gitHead":"ff8d29e6be3c9a02692a25f110163da1b24d61f5","description":"Parsing the JavaScript's RegExp in JavaScript.","bugs":{"url":"https://github.com/jviereck/regjsparser/issues"},"_id":"regjsparser@0.1.4","_shasum":"958289586a3d9447abd42d3d02776fe02c16e906","_from":".","_npmVersion":"2.4.1","_nodeVersion":"0.10.32","_npmUser":{"name":"jviereck","email":"julian.viereck@gmail.com"},"maintainers":[{"name":"jviereck","email":"julian.viereck@gmail.com"}],"dist":{"shasum":"958289586a3d9447abd42d3d02776fe02c16e906","tarball":"https://registry.npmjs.org/regjsparser/-/regjsparser-0.1.4.tgz"},"directories":{}},"0.1.5":{"name":"regjsparser","version":"0.1.5","author":{"name":"'Julian Viereck'","email":"julian.viereck@gmail.com"},"license":"BSD","main":"./parser","bin":{"regjsparser":"bin/parser"},"homepage":"https://github.com/jviereck/regjsparser","repository":{"type":"git","url":"git+ssh://git@github.com/jviereck/regjsparser.git"},"scripts":{"test":"node test/index.js"},"files":["bin/","LICENSE.BSD","parser.js","README.md"],"dependencies":{"jsesc":"~0.5.0"},"devDependencies":{"regenerate":"~1.0.1","unicode-7.0.0":"~0.1.5"},"gitHead":"0540a6a12bfe13659a29b217bf82455ce1ced0eb","description":"Parsing the JavaScript's RegExp in JavaScript.","bugs":{"url":"https://github.com/jviereck/regjsparser/issues"},"_id":"regjsparser@0.1.5","_shasum":"7ee8f84dc6fa792d3fd0ae228d24bd949ead205c","_from":".","_npmVersion":"2.11.2","_nodeVersion":"0.12.6","_npmUser":{"name":"jviereck","email":"julian.viereck@gmail.com"},"maintainers":[{"name":"jviereck","email":"julian.viereck@gmail.com"}],"dist":{"shasum":"7ee8f84dc6fa792d3fd0ae228d24bd949ead205c","tarball":"https://registry.npmjs.org/regjsparser/-/regjsparser-0.1.5.tgz"},"directories":{}},"0.2.0":{"name":"regjsparser","version":"0.2.0","author":{"name":"'Julian Viereck'","email":"julian.viereck@gmail.com"},"license":"BSD","main":"./parser","bin":{"regjsparser":"bin/parser"},"homepage":"https://github.com/jviereck/regjsparser","repository":{"type":"git","url":"git+ssh://git@github.com/jviereck/regjsparser.git"},"scripts":{"test":"node test/index.js"},"files":["bin/","LICENSE.BSD","parser.js","README.md"],"dependencies":{"jsesc":"~0.5.0"},"devDependencies":{"regenerate":"~1.0.1","unicode-7.0.0":"~0.1.5"},"gitHead":"5d1ed00db387edd864fcfca95e131ab0974ae3c3","description":"Parsing the JavaScript's RegExp in JavaScript.","bugs":{"url":"https://github.com/jviereck/regjsparser/issues"},"_id":"regjsparser@0.2.0","_shasum":"0c8fbe85ab4a19513aa47dcab31a2a424074bab0","_from":".","_npmVersion":"2.11.2","_nodeVersion":"0.12.6","_npmUser":{"name":"jviereck","email":"julian.viereck@gmail.com"},"maintainers":[{"name":"jviereck","email":"julian.viereck@gmail.com"}],"dist":{"shasum":"0c8fbe85ab4a19513aa47dcab31a2a424074bab0","tarball":"https://registry.npmjs.org/regjsparser/-/regjsparser-0.2.0.tgz"},"_npmOperationalInternal":{"host":"packages-16-east.internal.npmjs.com","tmp":"tmp/regjsparser-0.2.0.tgz_1464127431822_0.8742114950437099"},"directories":{}},"0.2.1":{"name":"regjsparser","version":"0.2.1","author":{"name":"'Julian Viereck'","email":"julian.viereck@gmail.com"},"license":"BSD-2-Clause","main":"./parser","bin":{"regjsparser":"bin/parser"},"homepage":"https://github.com/jviereck/regjsparser","repository":{"type":"git","url":"git+ssh://git@github.com/jviereck/regjsparser.git"},"scripts":{"test":"node test/index.js"},"files":["bin/","LICENSE.BSD","parser.js","README.md"],"dependencies":{"jsesc":"~0.5.0"},"devDependencies":{"regenerate":"~1.0.1","unicode-7.0.0":"~0.1.5"},"gitHead":"969b73c6d9f10ae99a2afe9850da24226708b39a","description":"Parsing the JavaScript's RegExp in JavaScript.","bugs":{"url":"https://github.com/jviereck/regjsparser/issues"},"_id":"regjsparser@0.2.1","_shasum":"c3787553faf04e775c302102ef346d995000ec1c","_from":".","_npmVersion":"3.10.5","_nodeVersion":"6.3.0","_npmUser":{"name":"jviereck","email":"julian.viereck@gmail.com"},"maintainers":[{"name":"jviereck","email":"julian.viereck@gmail.com"}],"dist":{"shasum":"c3787553faf04e775c302102ef346d995000ec1c","tarball":"https://registry.npmjs.org/regjsparser/-/regjsparser-0.2.1.tgz"},"_npmOperationalInternal":{"host":"packages-18-east.internal.npmjs.com","tmp":"tmp/regjsparser-0.2.1.tgz_1487879834326_0.9009130923077464"},"directories":{}},"0.3.0":{"name":"regjsparser","version":"0.3.0","author":{"name":"'Julian Viereck'","email":"julian.viereck@gmail.com"},"license":"BSD-2-Clause","main":"./parser","bin":{"regjsparser":"bin/parser"},"homepage":"https://github.com/jviereck/regjsparser","repository":{"type":"git","url":"git+ssh://git@github.com/jviereck/regjsparser.git"},"scripts":{"test":"node test/index.js"},"files":["bin/","LICENSE.BSD","parser.js","README.md"],"dependencies":{"jsesc":"~0.5.0"},"devDependencies":{"regenerate":"~1.0.1","unicode-7.0.0":"~0.1.5"},"gitHead":"5aa27394ed3beb2d897e12704ba5f1aa38902f2b","description":"Parsing the JavaScript's RegExp in JavaScript.","bugs":{"url":"https://github.com/jviereck/regjsparser/issues"},"_id":"regjsparser@0.3.0","_npmVersion":"5.6.0","_nodeVersion":"9.2.1","_npmUser":{"name":"jviereck","email":"julian.viereck@gmail.com"},"dist":{"integrity":"sha512-zza72oZBBHzt64G7DxdqrOo/30bhHkwMUoT0WqfGu98XLd7N+1tsy5MJ96Bk4MD0y74n629RhmrGW6XlnLLwCA==","shasum":"3c326da7fcfd69fa0d332575a41c8c0cdf588c96","tarball":"https://registry.npmjs.org/regjsparser/-/regjsparser-0.3.0.tgz"},"maintainers":[{"name":"jviereck","email":"julian.viereck@gmail.com"}],"_npmOperationalInternal":{"host":"s3://npm-registry-packages","tmp":"tmp/regjsparser-0.3.0.tgz_1515834830113_0.14398667868226767"},"directories":{}}},"readme":"# RegJSParser\n\nParsing the JavaScript's RegExp in JavaScript.\n\n## Installation\n\n```bash\nnpm install regjsparser\n```\n\n## Usage\n\n```js\nvar parse = require('regjsparser').parse;\n\nvar parseTree = parse('^a'); // /^a/\nconsole.log(parseTree);\n\n// Toggle on/off additional features:\nvar parseTree = parse('^a', {\n  // SEE: https://github.com/jviereck/regjsparser/pull/78\n  unicodePropertyEscape: true,\n\n  // SEE: https://github.com/jviereck/regjsparser/pull/83\n  namedGroups: true\n});\nconsole.log(parseTree);\n```\n\n## Testing\n\nTo run the tests, run the following command:\n\n```bash\nnpm test\n```\n\nTo create a new reference file, execute…\n\n```bash\nnode test/update-fixtures.js\n```\n\n…from the repo top directory.\n","maintainers":[{"name":"jviereck","email":"julian.viereck@gmail.com"}],"time":{"modified":"2018-01-13T09:13:50.236Z","created":"2013-11-03T19:44:41.181Z","0.0.1":"2013-11-03T19:45:23.708Z","0.0.2":"2013-11-04T20:20:38.206Z","0.1.0":"2014-06-29T16:16:45.871Z","0.1.1":"2014-08-30T12:28:06.125Z","0.1.2":"2014-08-31T20:53:47.038Z","0.1.3":"2014-11-25T10:15:40.084Z","0.1.4":"2015-02-27T23:53:19.115Z","0.1.5":"2015-08-16T20:55:08.321Z","0.2.0":"2016-05-24T22:03:53.129Z","0.2.1":"2017-02-23T19:57:14.996Z","0.3.0":"2018-01-13T09:13:50.236Z"},"author":{"name":"'Julian Viereck'","email":"julian.viereck@gmail.com"},"repository":{"type":"git","url":"git+ssh://git@github.com/jviereck/regjsparser.git"},"homepage":"https://github.com/jviereck/regjsparser","bugs":{"url":"https://github.com/jviereck/regjsparser/issues"},"license":"BSD-2-Clause","readmeFilename":"README.md","_attachments":{},"_etag":"W/\"7e7b751a6c5e4e6a4a6154ff4b7e58a0\"","_lastModified":"Sun, 27 May 2018 15:44:14 GMT"}