{"_id":"babel-plugin-transform-es2015-parameters","_rev":"129-f60fa5f03324dcc5c419bb3d002a182e","name":"babel-plugin-transform-es2015-parameters","description":"Compile ES2015 default and rest parameters to ES5","dist-tags":{"latest":"6.24.1","next":"7.0.0-beta.3"},"versions":{"6.0.2":{"name":"babel-plugin-transform-es2015-parameters","version":"6.0.2","description":"Compile ES2015 default and rest parameters to ES5","repository":{"type":"git","url":"git+https://github.com/babel/babel.git"},"license":"MIT","main":"lib/index.js","dependencies":{"babel-traverse":"^6.0.2","babel-helper-call-delegate":"^6.0.2","babel-helper-get-function-arity":"^6.0.2","babel-template":"^6.0.2","babel-types":"^6.0.2","babel-runtime":"^6.0.2"},"keywords":["babel-plugin"],"bugs":{"url":"https://github.com/babel/babel/issues"},"homepage":"https://github.com/babel/babel#readme","_id":"babel-plugin-transform-es2015-parameters@6.0.2","scripts":{},"_shasum":"68b865a47f023cc6343c6464d375cbdc7bf2f497","_from":".","_npmVersion":"2.14.3","_nodeVersion":"4.1.0","_npmUser":{"name":"sebmck","email":"sebmck@gmail.com"},"dist":{"shasum":"68b865a47f023cc6343c6464d375cbdc7bf2f497","tarball":"https://registry.npmjs.org/babel-plugin-transform-es2015-parameters/-/babel-plugin-transform-es2015-parameters-6.0.2.tgz"},"maintainers":[{"name":"sebmck","email":"sebmck@gmail.com"}],"directories":{}},"6.0.14":{"name":"babel-plugin-transform-es2015-parameters","version":"6.0.14","description":"Compile ES2015 default and rest parameters to ES5","repository":{"type":"git","url":"https://github.com/babel/babel/tree/master/packages/babel-plugin-transform-es2015-parameters"},"license":"MIT","main":"lib/index.js","dependencies":{"babel-traverse":"^6.0.14","babel-helper-call-delegate":"^6.0.14","babel-helper-get-function-arity":"^6.0.14","babel-template":"^6.0.14","babel-types":"^6.0.14","babel-runtime":"^5.0.0"},"keywords":["babel-plugin"],"_id":"babel-plugin-transform-es2015-parameters@6.0.14","scripts":{},"_shasum":"8f1a53474903126a4237dd2a8ca4c275d66e40a6","_from":".","_npmVersion":"2.14.9","_nodeVersion":"4.1.0","_npmUser":{"name":"sebmck","email":"sebmck@gmail.com"},"dist":{"shasum":"8f1a53474903126a4237dd2a8ca4c275d66e40a6","tarball":"https://registry.npmjs.org/babel-plugin-transform-es2015-parameters/-/babel-plugin-transform-es2015-parameters-6.0.14.tgz"},"maintainers":[{"name":"sebmck","email":"sebmck@gmail.com"}],"directories":{}},"6.0.18":{"name":"babel-plugin-transform-es2015-parameters","version":"6.0.18","description":"Compile ES2015 default and rest parameters to ES5","repository":{"type":"git","url":"https://github.com/babel/babel/tree/master/packages/babel-plugin-transform-es2015-parameters"},"license":"MIT","main":"lib/index.js","dependencies":{"babel-traverse":"^6.0.18","babel-helper-call-delegate":"^6.0.14","babel-helper-get-function-arity":"^6.0.14","babel-template":"^6.0.14","babel-types":"^6.0.18","babel-runtime":"^5.0.0"},"keywords":["babel-plugin"],"_id":"babel-plugin-transform-es2015-parameters@6.0.18","scripts":{},"_shasum":"7a94548388f35ed075e0ff9328ec32a969a73a63","_from":".","_npmVersion":"2.14.9","_nodeVersion":"4.1.0","_npmUser":{"name":"sebmck","email":"sebmck@gmail.com"},"dist":{"shasum":"7a94548388f35ed075e0ff9328ec32a969a73a63","tarball":"https://registry.npmjs.org/babel-plugin-transform-es2015-parameters/-/babel-plugin-transform-es2015-parameters-6.0.18.tgz"},"maintainers":[{"name":"sebmck","email":"sebmck@gmail.com"}],"directories":{}},"6.1.4":{"name":"babel-plugin-transform-es2015-parameters","version":"6.1.4","description":"Compile ES2015 default and rest parameters to ES5","repository":{"type":"git","url":"https://github.com/babel/babel/tree/master/packages/babel-plugin-transform-es2015-parameters"},"license":"MIT","main":"lib/index.js","dependencies":{"babel-traverse":"^6.1.4","babel-helper-call-delegate":"^6.0.14","babel-helper-get-function-arity":"^6.0.14","babel-template":"^6.0.14","babel-types":"^6.1.4","babel-runtime":"^5.0.0"},"keywords":["babel-plugin"],"devDependencies":{"babel-helper-plugin-test-runner":"^6.1.4"},"_id":"babel-plugin-transform-es2015-parameters@6.1.4","scripts":{},"_shasum":"a1798317f1363bc4da7245100405793d354ae1e5","_from":".","_npmVersion":"3.3.10","_nodeVersion":"4.1.0","_npmUser":{"name":"sebmck","email":"sebmck@gmail.com"},"dist":{"shasum":"a1798317f1363bc4da7245100405793d354ae1e5","tarball":"https://registry.npmjs.org/babel-plugin-transform-es2015-parameters/-/babel-plugin-transform-es2015-parameters-6.1.4.tgz"},"maintainers":[{"name":"sebmck","email":"sebmck@gmail.com"}],"directories":{}},"6.1.5":{"name":"babel-plugin-transform-es2015-parameters","version":"6.1.5","description":"Compile ES2015 default and rest parameters to ES5","repository":{"type":"git","url":"https://github.com/babel/babel/tree/master/packages/babel-plugin-transform-es2015-parameters"},"license":"MIT","main":"lib/index.js","dependencies":{"babel-traverse":"^6.1.5","babel-helper-call-delegate":"^6.1.5","babel-helper-get-function-arity":"^6.1.5","babel-template":"^6.1.5","babel-types":"^6.1.5","babel-runtime":"^5.0.0"},"keywords":["babel-plugin"],"devDependencies":{"babel-helper-plugin-test-runner":"^6.1.5"},"_id":"babel-plugin-transform-es2015-parameters@6.1.5","scripts":{},"_shasum":"82bbe97e9848c81f84f38907b2cda5f561faebf6","_from":".","_npmVersion":"3.3.10","_nodeVersion":"4.1.0","_npmUser":{"name":"sebmck","email":"sebmck@gmail.com"},"dist":{"shasum":"82bbe97e9848c81f84f38907b2cda5f561faebf6","tarball":"https://registry.npmjs.org/babel-plugin-transform-es2015-parameters/-/babel-plugin-transform-es2015-parameters-6.1.5.tgz"},"maintainers":[{"name":"sebmck","email":"sebmck@gmail.com"}],"directories":{}},"6.1.17":{"name":"babel-plugin-transform-es2015-parameters","version":"6.1.17","description":"Compile ES2015 default and rest parameters to ES5","repository":{"type":"git","url":"https://github.com/babel/babel/tree/master/packages/babel-plugin-transform-es2015-parameters"},"license":"MIT","main":"lib/index.js","dependencies":{"babel-traverse":"^6.1.17","babel-helper-call-delegate":"^6.1.17","babel-helper-get-function-arity":"^6.1.17","babel-template":"^6.1.17","babel-types":"^6.1.17","babel-runtime":"^5.0.0"},"keywords":["babel-plugin"],"devDependencies":{"babel-helper-plugin-test-runner":"^6.1.17"},"_id":"babel-plugin-transform-es2015-parameters@6.1.17","scripts":{},"_shasum":"f229b54270a6817aed8bd96859849368f7c5e670","_from":".","_npmVersion":"3.3.10","_nodeVersion":"4.1.0","_npmUser":{"name":"sebmck","email":"sebmck@gmail.com"},"dist":{"shasum":"f229b54270a6817aed8bd96859849368f7c5e670","tarball":"https://registry.npmjs.org/babel-plugin-transform-es2015-parameters/-/babel-plugin-transform-es2015-parameters-6.1.17.tgz"},"maintainers":[{"name":"amasad","email":"amjad.masad@gmail.com"},{"name":"sebmck","email":"sebmck@gmail.com"},{"name":"thejameskyle","email":"me@thejameskyle.com"}],"directories":{}},"6.1.18":{"name":"babel-plugin-transform-es2015-parameters","version":"6.1.18","description":"Compile ES2015 default and rest parameters to ES5","repository":{"type":"git","url":"https://github.com/babel/babel/tree/master/packages/babel-plugin-transform-es2015-parameters"},"license":"MIT","main":"lib/index.js","dependencies":{"babel-traverse":"^6.1.18","babel-helper-call-delegate":"^6.1.18","babel-helper-get-function-arity":"^6.1.18","babel-template":"^6.1.18","babel-types":"^6.1.18","babel-runtime":"^5.0.0"},"keywords":["babel-plugin"],"devDependencies":{"babel-helper-plugin-test-runner":"^6.1.18"},"_id":"babel-plugin-transform-es2015-parameters@6.1.18","scripts":{},"_shasum":"a845166923401b790acdf73b6c0e34a4ddd9a4bf","_from":".","_npmVersion":"3.3.10","_nodeVersion":"4.1.0","_npmUser":{"name":"sebmck","email":"sebmck@gmail.com"},"dist":{"shasum":"a845166923401b790acdf73b6c0e34a4ddd9a4bf","tarball":"https://registry.npmjs.org/babel-plugin-transform-es2015-parameters/-/babel-plugin-transform-es2015-parameters-6.1.18.tgz"},"maintainers":[{"name":"amasad","email":"amjad.masad@gmail.com"},{"name":"sebmck","email":"sebmck@gmail.com"},{"name":"thejameskyle","email":"me@thejameskyle.com"}],"directories":{}},"6.2.4":{"name":"babel-plugin-transform-es2015-parameters","version":"6.2.4","description":"Compile ES2015 default and rest parameters to ES5","repository":{"type":"git","url":"https://github.com/babel/babel/tree/master/packages/babel-plugin-transform-es2015-parameters"},"license":"MIT","main":"lib/index.js","dependencies":{"babel-traverse":"^6.2.4","babel-helper-call-delegate":"^6.2.4","babel-helper-get-function-arity":"^6.2.4","babel-template":"^6.2.4","babel-types":"^6.2.4","babel-runtime":"^5.0.0"},"keywords":["babel-plugin"],"devDependencies":{"babel-helper-plugin-test-runner":"^6.2.4"},"_id":"babel-plugin-transform-es2015-parameters@6.2.4","scripts":{},"_shasum":"e725448c8bb2ab79fc9ca8d863b3e18fd1ae90d7","_from":".","_npmVersion":"3.3.10","_nodeVersion":"4.1.0","_npmUser":{"name":"sebmck","email":"sebmck@gmail.com"},"dist":{"shasum":"e725448c8bb2ab79fc9ca8d863b3e18fd1ae90d7","tarball":"https://registry.npmjs.org/babel-plugin-transform-es2015-parameters/-/babel-plugin-transform-es2015-parameters-6.2.4.tgz"},"maintainers":[{"name":"amasad","email":"amjad.masad@gmail.com"},{"name":"sebmck","email":"sebmck@gmail.com"},{"name":"thejameskyle","email":"me@thejameskyle.com"}],"directories":{}},"6.3.13":{"name":"babel-plugin-transform-es2015-parameters","version":"6.3.13","description":"Compile ES2015 default and rest parameters to ES5","repository":{"type":"git","url":"https://github.com/babel/babel/tree/master/packages/babel-plugin-transform-es2015-parameters"},"license":"MIT","main":"lib/index.js","dependencies":{"babel-traverse":"^6.3.13","babel-helper-call-delegate":"^6.3.13","babel-helper-get-function-arity":"^6.3.13","babel-template":"^6.3.13","babel-types":"^6.3.13","babel-runtime":"^5.0.0"},"keywords":["babel-plugin"],"devDependencies":{"babel-helper-plugin-test-runner":"^6.3.13"},"_id":"babel-plugin-transform-es2015-parameters@6.3.13","scripts":{},"_shasum":"aa4d25f67a74656fadc69a909ded478e32f51fe1","_from":".","_npmVersion":"3.3.10","_nodeVersion":"4.1.0","_npmUser":{"name":"sebmck","email":"sebmck@gmail.com"},"dist":{"shasum":"aa4d25f67a74656fadc69a909ded478e32f51fe1","tarball":"https://registry.npmjs.org/babel-plugin-transform-es2015-parameters/-/babel-plugin-transform-es2015-parameters-6.3.13.tgz"},"maintainers":[{"name":"amasad","email":"amjad.masad@gmail.com"},{"name":"hzoo","email":"hi@henryzoo.com"},{"name":"jmm","email":"npm-public@jessemccarthy.net"},{"name":"loganfsmyth","email":"loganfsmyth@gmail.com"},{"name":"sebmck","email":"sebmck@gmail.com"},{"name":"thejameskyle","email":"me@thejameskyle.com"}],"directories":{}},"6.3.18":{"name":"babel-plugin-transform-es2015-parameters","version":"6.3.18","description":"Compile ES2015 default and rest parameters to ES5","repository":{"type":"git","url":"https://github.com/babel/babel/tree/master/packages/babel-plugin-transform-es2015-parameters"},"license":"MIT","main":"lib/index.js","dependencies":{"babel-traverse":"^6.3.13","babel-helper-call-delegate":"^6.3.13","babel-helper-get-function-arity":"^6.3.13","babel-template":"^6.3.13","babel-types":"^6.3.18","babel-runtime":"^5.0.0"},"keywords":["babel-plugin"],"devDependencies":{"babel-helper-plugin-test-runner":"^6.3.13"},"_id":"babel-plugin-transform-es2015-parameters@6.3.18","scripts":{},"_shasum":"194107a890bab1f4f72434ba3655b43cdb25e621","_from":".","_npmVersion":"2.14.7","_nodeVersion":"4.2.2","_npmUser":{"name":"amasad","email":"amjad.masad@gmail.com"},"maintainers":[{"name":"amasad","email":"amjad.masad@gmail.com"},{"name":"hzoo","email":"hi@henryzoo.com"},{"name":"jmm","email":"npm-public@jessemccarthy.net"},{"name":"loganfsmyth","email":"loganfsmyth@gmail.com"},{"name":"sebmck","email":"sebmck@gmail.com"},{"name":"thejameskyle","email":"me@thejameskyle.com"}],"dist":{"shasum":"194107a890bab1f4f72434ba3655b43cdb25e621","tarball":"https://registry.npmjs.org/babel-plugin-transform-es2015-parameters/-/babel-plugin-transform-es2015-parameters-6.3.18.tgz"},"directories":{}},"6.3.21":{"name":"babel-plugin-transform-es2015-parameters","version":"6.3.21","description":"Compile ES2015 default and rest parameters to ES5","repository":{"type":"git","url":"https://github.com/babel/babel/tree/master/packages/babel-plugin-transform-es2015-parameters"},"license":"MIT","main":"lib/index.js","dependencies":{"babel-traverse":"^6.3.21","babel-helper-call-delegate":"^6.3.13","babel-helper-get-function-arity":"^6.3.13","babel-template":"^6.3.13","babel-types":"^6.3.21","babel-runtime":"^5.0.0"},"keywords":["babel-plugin"],"devDependencies":{"babel-helper-plugin-test-runner":"^6.3.13"},"_id":"babel-plugin-transform-es2015-parameters@6.3.21","scripts":{},"_shasum":"d88fec5ad5c3d9e8009b4780cb9579447ec178ce","_from":".","_npmVersion":"2.14.7","_nodeVersion":"4.2.2","_npmUser":{"name":"amasad","email":"amjad.masad@gmail.com"},"maintainers":[{"name":"amasad","email":"amjad.masad@gmail.com"},{"name":"hzoo","email":"hi@henryzoo.com"},{"name":"jmm","email":"npm-public@jessemccarthy.net"},{"name":"loganfsmyth","email":"loganfsmyth@gmail.com"},{"name":"sebmck","email":"sebmck@gmail.com"},{"name":"thejameskyle","email":"me@thejameskyle.com"}],"dist":{"shasum":"d88fec5ad5c3d9e8009b4780cb9579447ec178ce","tarball":"https://registry.npmjs.org/babel-plugin-transform-es2015-parameters/-/babel-plugin-transform-es2015-parameters-6.3.21.tgz"},"directories":{}},"6.3.25":{"name":"babel-plugin-transform-es2015-parameters","version":"6.3.25","description":"Compile ES2015 default and rest parameters to ES5","repository":{"type":"git","url":"https://github.com/babel/babel/tree/master/packages/babel-plugin-transform-es2015-parameters"},"license":"MIT","main":"lib/index.js","dependencies":{"babel-traverse":"^6.3.25","babel-helper-call-delegate":"^6.3.13","babel-helper-get-function-arity":"^6.3.13","babel-template":"^6.3.13","babel-types":"^6.3.21","babel-runtime":"^5.0.0"},"keywords":["babel-plugin"],"devDependencies":{"babel-helper-plugin-test-runner":"^6.3.13"},"_id":"babel-plugin-transform-es2015-parameters@6.3.25","scripts":{},"_shasum":"6081debceffc2a62777b5f0fab8273f9a09cd862","_from":".","_npmVersion":"2.14.7","_nodeVersion":"4.2.2","_npmUser":{"name":"amasad","email":"amjad.masad@gmail.com"},"maintainers":[{"name":"amasad","email":"amjad.masad@gmail.com"},{"name":"hzoo","email":"hi@henryzoo.com"},{"name":"jmm","email":"npm-public@jessemccarthy.net"},{"name":"loganfsmyth","email":"loganfsmyth@gmail.com"},{"name":"sebmck","email":"sebmck@gmail.com"},{"name":"thejameskyle","email":"me@thejameskyle.com"}],"dist":{"shasum":"6081debceffc2a62777b5f0fab8273f9a09cd862","tarball":"https://registry.npmjs.org/babel-plugin-transform-es2015-parameters/-/babel-plugin-transform-es2015-parameters-6.3.25.tgz"},"directories":{}},"6.3.26":{"name":"babel-plugin-transform-es2015-parameters","version":"6.3.26","description":"Compile ES2015 default and rest parameters to ES5","repository":{"type":"git","url":"https://github.com/babel/babel/tree/master/packages/babel-plugin-transform-es2015-parameters"},"license":"MIT","main":"lib/index.js","dependencies":{"babel-traverse":"^6.3.26","babel-helper-call-delegate":"^6.3.13","babel-helper-get-function-arity":"^6.3.13","babel-template":"^6.3.13","babel-types":"^6.3.21","babel-runtime":"^5.0.0"},"keywords":["babel-plugin"],"devDependencies":{"babel-helper-plugin-test-runner":"^6.3.13"},"_id":"babel-plugin-transform-es2015-parameters@6.3.26","scripts":{},"_shasum":"52f18f2144cffe760e4ddf3c4272a7790af1a2e2","_from":".","_npmVersion":"2.14.7","_nodeVersion":"4.2.2","_npmUser":{"name":"amasad","email":"amjad.masad@gmail.com"},"maintainers":[{"name":"amasad","email":"amjad.masad@gmail.com"},{"name":"hzoo","email":"hi@henryzoo.com"},{"name":"jmm","email":"npm-public@jessemccarthy.net"},{"name":"loganfsmyth","email":"loganfsmyth@gmail.com"},{"name":"sebmck","email":"sebmck@gmail.com"},{"name":"thejameskyle","email":"me@thejameskyle.com"}],"dist":{"shasum":"52f18f2144cffe760e4ddf3c4272a7790af1a2e2","tarball":"https://registry.npmjs.org/babel-plugin-transform-es2015-parameters/-/babel-plugin-transform-es2015-parameters-6.3.26.tgz"},"directories":{}},"6.4.0":{"name":"babel-plugin-transform-es2015-parameters","version":"6.4.0","description":"Compile ES2015 default and rest parameters to ES5","repository":{"type":"git","url":"https://github.com/babel/babel/tree/master/packages/babel-plugin-transform-es2015-parameters"},"license":"MIT","main":"lib/index.js","dependencies":{"babel-traverse":"^6.3.26","babel-helper-call-delegate":"^6.3.13","babel-helper-get-function-arity":"^6.3.13","babel-template":"^6.3.13","babel-types":"^6.4.0","babel-runtime":"^5.0.0"},"keywords":["babel-plugin"],"devDependencies":{"babel-helper-plugin-test-runner":"^6.3.13"},"_id":"babel-plugin-transform-es2015-parameters@6.4.0","scripts":{},"_shasum":"5fcef3643844059a7c7f222fbfe5aa538fa185d5","_from":".","_npmVersion":"3.5.2","_nodeVersion":"5.1.0","_npmUser":{"name":"hzoo","email":"hi@henryzoo.com"},"dist":{"shasum":"5fcef3643844059a7c7f222fbfe5aa538fa185d5","tarball":"https://registry.npmjs.org/babel-plugin-transform-es2015-parameters/-/babel-plugin-transform-es2015-parameters-6.4.0.tgz"},"maintainers":[{"name":"amasad","email":"amjad.masad@gmail.com"},{"name":"hzoo","email":"hi@henryzoo.com"},{"name":"jmm","email":"npm-public@jessemccarthy.net"},{"name":"loganfsmyth","email":"loganfsmyth@gmail.com"},{"name":"sebmck","email":"sebmck@gmail.com"},{"name":"thejameskyle","email":"me@thejameskyle.com"}],"directories":{}},"6.4.2":{"name":"babel-plugin-transform-es2015-parameters","version":"6.4.2","description":"Compile ES2015 default and rest parameters to ES5","repository":{"type":"git","url":"https://github.com/babel/babel/tree/master/packages/babel-plugin-transform-es2015-parameters"},"license":"MIT","main":"lib/index.js","dependencies":{"babel-traverse":"^6.3.26","babel-helper-call-delegate":"^6.3.13","babel-helper-get-function-arity":"^6.3.13","babel-template":"^6.3.13","babel-types":"^6.4.0","babel-runtime":"^5.0.0"},"keywords":["babel-plugin"],"devDependencies":{"babel-helper-plugin-test-runner":"^6.3.13"},"_id":"babel-plugin-transform-es2015-parameters@6.4.2","scripts":{},"_shasum":"03e6bc7f57a769cedadd399c8b4996b1728acc1f","_from":".","_npmVersion":"3.5.2","_nodeVersion":"5.1.0","_npmUser":{"name":"hzoo","email":"hi@henryzoo.com"},"dist":{"shasum":"03e6bc7f57a769cedadd399c8b4996b1728acc1f","tarball":"https://registry.npmjs.org/babel-plugin-transform-es2015-parameters/-/babel-plugin-transform-es2015-parameters-6.4.2.tgz"},"maintainers":[{"name":"amasad","email":"amjad.masad@gmail.com"},{"name":"hzoo","email":"hi@henryzoo.com"},{"name":"jmm","email":"npm-public@jessemccarthy.net"},{"name":"loganfsmyth","email":"loganfsmyth@gmail.com"},{"name":"sebmck","email":"sebmck@gmail.com"},{"name":"thejameskyle","email":"me@thejameskyle.com"}],"directories":{}},"6.4.5":{"name":"babel-plugin-transform-es2015-parameters","version":"6.4.5","description":"Compile ES2015 default and rest parameters to ES5","repository":{"type":"git","url":"https://github.com/babel/babel/tree/master/packages/babel-plugin-transform-es2015-parameters"},"license":"MIT","main":"lib/index.js","dependencies":{"babel-traverse":"^6.4.5","babel-helper-call-delegate":"^6.3.13","babel-helper-get-function-arity":"^6.3.13","babel-template":"^6.3.13","babel-types":"^6.4.5","babel-runtime":"^5.0.0"},"keywords":["babel-plugin"],"devDependencies":{"babel-helper-plugin-test-runner":"^6.3.13"},"_id":"babel-plugin-transform-es2015-parameters@6.4.5","scripts":{},"_shasum":"936eb149f85bf61e5dea75bdb4437f852a6e750d","_from":".","_npmVersion":"3.5.2","_nodeVersion":"5.1.0","_npmUser":{"name":"hzoo","email":"hi@henryzoo.com"},"dist":{"shasum":"936eb149f85bf61e5dea75bdb4437f852a6e750d","tarball":"https://registry.npmjs.org/babel-plugin-transform-es2015-parameters/-/babel-plugin-transform-es2015-parameters-6.4.5.tgz"},"maintainers":[{"name":"amasad","email":"amjad.masad@gmail.com"},{"name":"hzoo","email":"hi@henryzoo.com"},{"name":"jmm","email":"npm-public@jessemccarthy.net"},{"name":"loganfsmyth","email":"loganfsmyth@gmail.com"},{"name":"sebmck","email":"sebmck@gmail.com"},{"name":"thejameskyle","email":"me@thejameskyle.com"}],"directories":{}},"6.5.0":{"name":"babel-plugin-transform-es2015-parameters","version":"6.5.0","description":"Compile ES2015 default and rest parameters to ES5","repository":{"type":"git","url":"https://github.com/babel/babel/tree/master/packages/babel-plugin-transform-es2015-parameters"},"license":"MIT","main":"lib/index.js","dependencies":{"babel-traverse":"^6.4.5","babel-helper-call-delegate":"^6.3.13","babel-helper-get-function-arity":"^6.3.13","babel-template":"^6.3.13","babel-types":"^6.4.5","babel-runtime":"^5.0.0"},"keywords":["babel-plugin"],"devDependencies":{"babel-helper-plugin-test-runner":"^6.3.13"},"_id":"babel-plugin-transform-es2015-parameters@6.5.0","scripts":{},"_shasum":"fc443462d52762868c5a12db8eb4a6fa200cd3a8","_from":".","_npmVersion":"3.6.0","_nodeVersion":"5.1.0","_npmUser":{"name":"hzoo","email":"hi@henryzoo.com"},"dist":{"shasum":"fc443462d52762868c5a12db8eb4a6fa200cd3a8","tarball":"https://registry.npmjs.org/babel-plugin-transform-es2015-parameters/-/babel-plugin-transform-es2015-parameters-6.5.0.tgz"},"maintainers":[{"name":"amasad","email":"amjad.masad@gmail.com"},{"name":"hzoo","email":"hi@henryzoo.com"},{"name":"jmm","email":"npm-public@jessemccarthy.net"},{"name":"loganfsmyth","email":"loganfsmyth@gmail.com"},{"name":"sebmck","email":"sebmck@gmail.com"},{"name":"thejameskyle","email":"me@thejameskyle.com"}],"_npmOperationalInternal":{"host":"packages-5-east.internal.npmjs.com","tmp":"tmp/babel-plugin-transform-es2015-parameters-6.5.0.tgz_1454803661618_0.6520598768256605"},"directories":{}},"6.5.0-1":{"name":"babel-plugin-transform-es2015-parameters","version":"6.5.0-1","description":"Compile ES2015 default and rest parameters to ES5","repository":{"type":"git","url":"https://github.com/babel/babel/tree/master/packages/babel-plugin-transform-es2015-parameters"},"license":"MIT","main":"lib/index.js","dependencies":{"babel-traverse":"^6.5.0-1","babel-helper-call-delegate":"^6.5.0-1","babel-helper-get-function-arity":"^6.5.0-1","babel-template":"^6.5.0-1","babel-types":"^6.5.0-1","babel-runtime":"^5.0.0"},"keywords":["babel-plugin"],"devDependencies":{"babel-helper-plugin-test-runner":"^6.5.0-1"},"_id":"babel-plugin-transform-es2015-parameters@6.5.0-1","scripts":{},"_shasum":"82a18a5fb73dc55e302691d156d3d3baf7faac3b","_from":".","_npmVersion":"3.6.0","_nodeVersion":"5.1.0","_npmUser":{"name":"hzoo","email":"hi@henryzoo.com"},"dist":{"shasum":"82a18a5fb73dc55e302691d156d3d3baf7faac3b","tarball":"https://registry.npmjs.org/babel-plugin-transform-es2015-parameters/-/babel-plugin-transform-es2015-parameters-6.5.0-1.tgz"},"maintainers":[{"name":"amasad","email":"amjad.masad@gmail.com"},{"name":"hzoo","email":"hi@henryzoo.com"},{"name":"jmm","email":"npm-public@jessemccarthy.net"},{"name":"loganfsmyth","email":"loganfsmyth@gmail.com"},{"name":"sebmck","email":"sebmck@gmail.com"},{"name":"thejameskyle","email":"me@thejameskyle.com"}],"_npmOperationalInternal":{"host":"packages-9-west.internal.npmjs.com","tmp":"tmp/babel-plugin-transform-es2015-parameters-6.5.0-1.tgz_1454812854746_0.3741731205955148"},"directories":{}},"6.6.0":{"name":"babel-plugin-transform-es2015-parameters","version":"6.6.0","description":"Compile ES2015 default and rest parameters to ES5","repository":{"type":"git","url":"https://github.com/babel/babel/tree/master/packages/babel-plugin-transform-es2015-parameters"},"license":"MIT","main":"lib/index.js","dependencies":{"babel-traverse":"^6.6.0","babel-helper-call-delegate":"^6.6.0","babel-helper-get-function-arity":"^6.3.13","babel-template":"^6.6.0","babel-types":"^6.6.0","babel-runtime":"^5.0.0"},"keywords":["babel-plugin"],"devDependencies":{"babel-helper-plugin-test-runner":"^6.3.13"},"_id":"babel-plugin-transform-es2015-parameters@6.6.0","scripts":{},"_shasum":"19c5a1464c3a64813bc8e85c715dd90a052be16f","_from":".","_npmVersion":"3.6.0","_nodeVersion":"5.1.0","_npmUser":{"name":"hzoo","email":"hi@henryzoo.com"},"dist":{"shasum":"19c5a1464c3a64813bc8e85c715dd90a052be16f","tarball":"https://registry.npmjs.org/babel-plugin-transform-es2015-parameters/-/babel-plugin-transform-es2015-parameters-6.6.0.tgz"},"maintainers":[{"name":"amasad","email":"amjad.masad@gmail.com"},{"name":"hzoo","email":"hi@henryzoo.com"},{"name":"jmm","email":"npm-public@jessemccarthy.net"},{"name":"loganfsmyth","email":"loganfsmyth@gmail.com"},{"name":"sebmck","email":"sebmck@gmail.com"},{"name":"thejameskyle","email":"me@thejameskyle.com"}],"_npmOperationalInternal":{"host":"packages-6-west.internal.npmjs.com","tmp":"tmp/babel-plugin-transform-es2015-parameters-6.6.0.tgz_1456780369953_0.6029042298905551"},"directories":{}},"6.6.4":{"name":"babel-plugin-transform-es2015-parameters","version":"6.6.4","description":"Compile ES2015 default and rest parameters to ES5","repository":{"type":"git","url":"https://github.com/babel/babel/tree/master/packages/babel-plugin-transform-es2015-parameters"},"license":"MIT","main":"lib/index.js","dependencies":{"babel-traverse":"^6.6.4","babel-helper-call-delegate":"^6.6.4","babel-helper-get-function-arity":"^6.6.4","babel-template":"^6.6.4","babel-types":"^6.6.4","babel-runtime":"^5.0.0"},"keywords":["babel-plugin"],"devDependencies":{"babel-helper-plugin-test-runner":"^6.3.13"},"_id":"babel-plugin-transform-es2015-parameters@6.6.4","scripts":{},"_shasum":"8e66d96efe32bd48e147e79c7642e60b7ed0034b","_from":".","_npmVersion":"3.6.0","_nodeVersion":"5.1.0","_npmUser":{"name":"hzoo","email":"hi@henryzoo.com"},"dist":{"shasum":"8e66d96efe32bd48e147e79c7642e60b7ed0034b","tarball":"https://registry.npmjs.org/babel-plugin-transform-es2015-parameters/-/babel-plugin-transform-es2015-parameters-6.6.4.tgz"},"maintainers":[{"name":"amasad","email":"amjad.masad@gmail.com"},{"name":"hzoo","email":"hi@henryzoo.com"},{"name":"jmm","email":"npm-public@jessemccarthy.net"},{"name":"loganfsmyth","email":"loganfsmyth@gmail.com"},{"name":"sebmck","email":"sebmck@gmail.com"},{"name":"thejameskyle","email":"me@thejameskyle.com"}],"_npmOperationalInternal":{"host":"packages-13-west.internal.npmjs.com","tmp":"tmp/babel-plugin-transform-es2015-parameters-6.6.4.tgz_1456954187254_0.8750259366352111"},"directories":{}},"6.6.5":{"name":"babel-plugin-transform-es2015-parameters","version":"6.6.5","description":"Compile ES2015 default and rest parameters to ES5","repository":{"type":"git","url":"https://github.com/babel/babel/tree/master/packages/babel-plugin-transform-es2015-parameters"},"license":"MIT","main":"lib/index.js","dependencies":{"babel-traverse":"^6.6.5","babel-helper-call-delegate":"^6.6.5","babel-helper-get-function-arity":"^6.6.5","babel-template":"^6.6.5","babel-types":"^6.6.5","babel-runtime":"^5.0.0"},"keywords":["babel-plugin"],"devDependencies":{"babel-helper-plugin-test-runner":"^6.3.13"},"_id":"babel-plugin-transform-es2015-parameters@6.6.5","scripts":{},"_shasum":"9828256bfbed59b64ae135e408a9461dff5d3311","_from":".","_npmVersion":"3.6.0","_nodeVersion":"5.1.0","_npmUser":{"name":"hzoo","email":"hi@henryzoo.com"},"dist":{"shasum":"9828256bfbed59b64ae135e408a9461dff5d3311","tarball":"https://registry.npmjs.org/babel-plugin-transform-es2015-parameters/-/babel-plugin-transform-es2015-parameters-6.6.5.tgz"},"maintainers":[{"name":"amasad","email":"amjad.masad@gmail.com"},{"name":"hzoo","email":"hi@henryzoo.com"},{"name":"jmm","email":"npm-public@jessemccarthy.net"},{"name":"loganfsmyth","email":"loganfsmyth@gmail.com"},{"name":"sebmck","email":"sebmck@gmail.com"},{"name":"thejameskyle","email":"me@thejameskyle.com"}],"_npmOperationalInternal":{"host":"packages-13-west.internal.npmjs.com","tmp":"tmp/babel-plugin-transform-es2015-parameters-6.6.5.tgz_1457133418806_0.25003342889249325"},"directories":{}},"6.7.0":{"name":"babel-plugin-transform-es2015-parameters","version":"6.7.0","description":"Compile ES2015 default and rest parameters to ES5","repository":{"type":"git","url":"https://github.com/babel/babel/tree/master/packages/babel-plugin-transform-es2015-parameters"},"license":"MIT","main":"lib/index.js","dependencies":{"babel-traverse":"^6.7.0","babel-helper-call-delegate":"^6.6.5","babel-helper-get-function-arity":"^6.6.5","babel-template":"^6.7.0","babel-types":"^6.7.0","babel-runtime":"^5.0.0"},"keywords":["babel-plugin"],"devDependencies":{"babel-helper-plugin-test-runner":"^6.3.13"},"_id":"babel-plugin-transform-es2015-parameters@6.7.0","scripts":{},"_shasum":"5d993482ea432934d4918de6065fc330b56cbcb7","_from":".","_npmVersion":"3.3.12","_nodeVersion":"5.5.0","_npmUser":{"name":"amasad","email":"amjad.masad@gmail.com"},"maintainers":[{"name":"amasad","email":"amjad.masad@gmail.com"},{"name":"hzoo","email":"hi@henryzoo.com"},{"name":"jmm","email":"npm-public@jessemccarthy.net"},{"name":"loganfsmyth","email":"loganfsmyth@gmail.com"},{"name":"sebmck","email":"sebmck@gmail.com"},{"name":"thejameskyle","email":"me@thejameskyle.com"}],"dist":{"shasum":"5d993482ea432934d4918de6065fc330b56cbcb7","tarball":"https://registry.npmjs.org/babel-plugin-transform-es2015-parameters/-/babel-plugin-transform-es2015-parameters-6.7.0.tgz"},"_npmOperationalInternal":{"host":"packages-12-west.internal.npmjs.com","tmp":"tmp/babel-plugin-transform-es2015-parameters-6.7.0.tgz_1457484779643_0.7425930625759065"},"directories":{}},"6.8.0":{"name":"babel-plugin-transform-es2015-parameters","version":"6.8.0","description":"Compile ES2015 default and rest parameters to ES5","repository":{"type":"git","url":"https://github.com/babel/babel/tree/master/packages/babel-plugin-transform-es2015-parameters"},"license":"MIT","main":"lib/index.js","dependencies":{"babel-traverse":"^6.8.0","babel-helper-call-delegate":"^6.8.0","babel-helper-get-function-arity":"^6.8.0","babel-template":"^6.8.0","babel-types":"^6.8.0","babel-runtime":"^6.0.0"},"keywords":["babel-plugin"],"devDependencies":{"babel-helper-plugin-test-runner":"^6.8.0"},"_id":"babel-plugin-transform-es2015-parameters@6.8.0","scripts":{},"_shasum":"6368d7bbadcf5a393f59a66976d0c691df5288ea","_from":".","_npmVersion":"3.8.6","_nodeVersion":"5.1.0","_npmUser":{"name":"hzoo","email":"hi@henryzoo.com"},"maintainers":[{"name":"amasad","email":"amjad.masad@gmail.com"},{"name":"hzoo","email":"hi@henryzoo.com"},{"name":"jmm","email":"npm-public@jessemccarthy.net"},{"name":"loganfsmyth","email":"loganfsmyth@gmail.com"},{"name":"sebmck","email":"sebmck@gmail.com"},{"name":"thejameskyle","email":"me@thejameskyle.com"}],"dist":{"shasum":"6368d7bbadcf5a393f59a66976d0c691df5288ea","tarball":"https://registry.npmjs.org/babel-plugin-transform-es2015-parameters/-/babel-plugin-transform-es2015-parameters-6.8.0.tgz"},"_npmOperationalInternal":{"host":"packages-16-east.internal.npmjs.com","tmp":"tmp/babel-plugin-transform-es2015-parameters-6.8.0.tgz_1462232687661_0.577015319140628"},"directories":{}},"6.9.0":{"name":"babel-plugin-transform-es2015-parameters","version":"6.9.0","description":"Compile ES2015 default and rest parameters to ES5","repository":{"type":"git","url":"https://github.com/babel/babel/tree/master/packages/babel-plugin-transform-es2015-parameters"},"license":"MIT","main":"lib/index.js","dependencies":{"babel-traverse":"^6.9.0","babel-helper-call-delegate":"^6.8.0","babel-helper-get-function-arity":"^6.8.0","babel-template":"^6.9.0","babel-types":"^6.9.0","babel-runtime":"^6.9.0"},"keywords":["babel-plugin"],"devDependencies":{"babel-helper-plugin-test-runner":"^6.8.0"},"_id":"babel-plugin-transform-es2015-parameters@6.9.0","scripts":{},"_shasum":"3a55a1c91935f39c5e2e2117d02f20370c683392","_from":".","_npmVersion":"3.8.6","_nodeVersion":"5.1.0","_npmUser":{"name":"hzoo","email":"hi@henryzoo.com"},"maintainers":[{"name":"amasad","email":"amjad.masad@gmail.com"},{"name":"hzoo","email":"hi@henryzoo.com"},{"name":"jmm","email":"npm-public@jessemccarthy.net"},{"name":"loganfsmyth","email":"loganfsmyth@gmail.com"},{"name":"sebmck","email":"sebmck@gmail.com"},{"name":"thejameskyle","email":"me@thejameskyle.com"}],"dist":{"shasum":"3a55a1c91935f39c5e2e2117d02f20370c683392","tarball":"https://registry.npmjs.org/babel-plugin-transform-es2015-parameters/-/babel-plugin-transform-es2015-parameters-6.9.0.tgz"},"_npmOperationalInternal":{"host":"packages-12-west.internal.npmjs.com","tmp":"tmp/babel-plugin-transform-es2015-parameters-6.9.0.tgz_1463510976625_0.6255945370066911"},"directories":{}},"6.11.3":{"name":"babel-plugin-transform-es2015-parameters","version":"6.11.3","description":"Compile ES2015 default and rest parameters to ES5","repository":{"type":"git","url":"https://github.com/babel/babel/tree/master/packages/babel-plugin-transform-es2015-parameters"},"license":"MIT","main":"lib/index.js","dependencies":{"babel-traverse":"^6.9.0","babel-helper-call-delegate":"^6.8.0","babel-helper-get-function-arity":"^6.8.0","babel-template":"^6.9.0","babel-types":"^6.9.0","babel-runtime":"^6.9.0"},"keywords":["babel-plugin"],"devDependencies":{"babel-helper-plugin-test-runner":"^6.8.0"},"_id":"babel-plugin-transform-es2015-parameters@6.11.3","scripts":{},"_shasum":"1343e233ed4c31b5f5427e3ec5ac4cce5e7f473b","_from":".","_npmVersion":"3.10.3","_nodeVersion":"5.11.1","_npmUser":{"name":"hzoo","email":"hi@henryzoo.com"},"dist":{"shasum":"1343e233ed4c31b5f5427e3ec5ac4cce5e7f473b","tarball":"https://registry.npmjs.org/babel-plugin-transform-es2015-parameters/-/babel-plugin-transform-es2015-parameters-6.11.3.tgz"},"maintainers":[{"name":"amasad","email":"amjad.masad@gmail.com"},{"name":"hzoo","email":"hi@henryzoo.com"},{"name":"jmm","email":"npm-public@jessemccarthy.net"},{"name":"loganfsmyth","email":"loganfsmyth@gmail.com"},{"name":"sebmck","email":"sebmck@gmail.com"},{"name":"thejameskyle","email":"me@thejameskyle.com"}],"_npmOperationalInternal":{"host":"packages-16-east.internal.npmjs.com","tmp":"tmp/babel-plugin-transform-es2015-parameters-6.11.3.tgz_1468377240160_0.03529285220429301"},"directories":{}},"6.11.4":{"name":"babel-plugin-transform-es2015-parameters","version":"6.11.4","description":"Compile ES2015 default and rest parameters to ES5","repository":{"type":"git","url":"https://github.com/babel/babel/tree/master/packages/babel-plugin-transform-es2015-parameters"},"license":"MIT","main":"lib/index.js","dependencies":{"babel-traverse":"^6.11.4","babel-helper-call-delegate":"^6.8.0","babel-helper-get-function-arity":"^6.8.0","babel-template":"^6.9.0","babel-types":"^6.9.0","babel-runtime":"^6.9.0"},"keywords":["babel-plugin"],"devDependencies":{"babel-helper-plugin-test-runner":"^6.8.0"},"_id":"babel-plugin-transform-es2015-parameters@6.11.4","scripts":{},"_shasum":"2d41e88c3e4319797e305f87027ef43f4dc739c4","_from":".","_npmVersion":"3.10.3","_nodeVersion":"5.11.1","_npmUser":{"name":"hzoo","email":"hi@henryzoo.com"},"dist":{"shasum":"2d41e88c3e4319797e305f87027ef43f4dc739c4","tarball":"https://registry.npmjs.org/babel-plugin-transform-es2015-parameters/-/babel-plugin-transform-es2015-parameters-6.11.4.tgz"},"maintainers":[{"name":"amasad","email":"amjad.masad@gmail.com"},{"name":"hzoo","email":"hi@henryzoo.com"},{"name":"jmm","email":"npm-public@jessemccarthy.net"},{"name":"loganfsmyth","email":"loganfsmyth@gmail.com"},{"name":"sebmck","email":"sebmck@gmail.com"},{"name":"thejameskyle","email":"me@thejameskyle.com"}],"_npmOperationalInternal":{"host":"packages-12-west.internal.npmjs.com","tmp":"tmp/babel-plugin-transform-es2015-parameters-6.11.4.tgz_1468979995513_0.6186454531271011"},"directories":{}},"6.16.0":{"name":"babel-plugin-transform-es2015-parameters","version":"6.16.0","description":"Compile ES2015 default and rest parameters to ES5","repository":{"type":"git","url":"https://github.com/babel/babel/tree/master/packages/babel-plugin-transform-es2015-parameters"},"license":"MIT","main":"lib/index.js","dependencies":{"babel-traverse":"^6.16.0","babel-helper-call-delegate":"^6.8.0","babel-helper-get-function-arity":"^6.8.0","babel-template":"^6.16.0","babel-types":"^6.16.0","babel-runtime":"^6.9.0"},"keywords":["babel-plugin"],"devDependencies":{"babel-helper-plugin-test-runner":"^6.8.0"},"_id":"babel-plugin-transform-es2015-parameters@6.16.0","scripts":{},"_shasum":"452ee15290599cc0c0b8caec52f9ed8e9a6230f3","_from":".","_npmVersion":"3.10.8","_nodeVersion":"5.11.1","_npmUser":{"name":"hzoo","email":"hi@henryzoo.com"},"dist":{"shasum":"452ee15290599cc0c0b8caec52f9ed8e9a6230f3","tarball":"https://registry.npmjs.org/babel-plugin-transform-es2015-parameters/-/babel-plugin-transform-es2015-parameters-6.16.0.tgz"},"maintainers":[{"name":"amasad","email":"amjad.masad@gmail.com"},{"name":"hzoo","email":"hi@henryzoo.com"},{"name":"jmm","email":"npm-public@jessemccarthy.net"},{"name":"loganfsmyth","email":"loganfsmyth@gmail.com"},{"name":"sebmck","email":"sebmck@gmail.com"},{"name":"thejameskyle","email":"me@thejameskyle.com"}],"_npmOperationalInternal":{"host":"packages-16-east.internal.npmjs.com","tmp":"tmp/babel-plugin-transform-es2015-parameters-6.16.0.tgz_1475091535497_0.2766041923314333"},"directories":{}},"6.17.0":{"name":"babel-plugin-transform-es2015-parameters","version":"6.17.0","description":"Compile ES2015 default and rest parameters to ES5","repository":{"type":"git","url":"https://github.com/babel/babel/tree/master/packages/babel-plugin-transform-es2015-parameters"},"license":"MIT","main":"lib/index.js","dependencies":{"babel-traverse":"^6.16.0","babel-helper-call-delegate":"^6.8.0","babel-helper-get-function-arity":"^6.8.0","babel-template":"^6.16.0","babel-types":"^6.16.0","babel-runtime":"^6.9.0"},"keywords":["babel-plugin"],"devDependencies":{"babel-helper-plugin-test-runner":"^6.8.0"},"_id":"babel-plugin-transform-es2015-parameters@6.17.0","scripts":{},"_shasum":"e06d30cef897f46adb4734707bbe128a0d427d58","_from":".","_npmVersion":"3.10.8","_nodeVersion":"5.11.1","_npmUser":{"name":"hzoo","email":"hi@henryzoo.com"},"dist":{"shasum":"e06d30cef897f46adb4734707bbe128a0d427d58","tarball":"https://registry.npmjs.org/babel-plugin-transform-es2015-parameters/-/babel-plugin-transform-es2015-parameters-6.17.0.tgz"},"maintainers":[{"name":"amasad","email":"amjad.masad@gmail.com"},{"name":"hzoo","email":"hi@henryzoo.com"},{"name":"jmm","email":"npm-public@jessemccarthy.net"},{"name":"loganfsmyth","email":"loganfsmyth@gmail.com"},{"name":"sebmck","email":"sebmck@gmail.com"},{"name":"thejameskyle","email":"me@thejameskyle.com"}],"_npmOperationalInternal":{"host":"packages-12-west.internal.npmjs.com","tmp":"tmp/babel-plugin-transform-es2015-parameters-6.17.0.tgz_1475349801005_0.8585082017816603"},"directories":{}},"6.18.0":{"name":"babel-plugin-transform-es2015-parameters","version":"6.18.0","description":"Compile ES2015 default and rest parameters to ES5","repository":{"type":"git","url":"https://github.com/babel/babel/tree/master/packages/babel-plugin-transform-es2015-parameters"},"license":"MIT","main":"lib/index.js","dependencies":{"babel-traverse":"^6.18.0","babel-helper-call-delegate":"^6.18.0","babel-helper-get-function-arity":"^6.18.0","babel-template":"^6.16.0","babel-types":"^6.18.0","babel-runtime":"^6.9.0"},"keywords":["babel-plugin"],"devDependencies":{"babel-helper-plugin-test-runner":"^6.18.0"},"_id":"babel-plugin-transform-es2015-parameters@6.18.0","scripts":{},"_shasum":"9b2cfe238c549f1635ba27fc1daa858be70608b1","_from":".","_npmVersion":"3.10.8","_nodeVersion":"6.9.0","_npmUser":{"name":"hzoo","email":"hi@henryzoo.com"},"dist":{"shasum":"9b2cfe238c549f1635ba27fc1daa858be70608b1","tarball":"https://registry.npmjs.org/babel-plugin-transform-es2015-parameters/-/babel-plugin-transform-es2015-parameters-6.18.0.tgz"},"maintainers":[{"name":"amasad","email":"amjad.masad@gmail.com"},{"name":"hzoo","email":"hi@henryzoo.com"},{"name":"jmm","email":"npm-public@jessemccarthy.net"},{"name":"loganfsmyth","email":"loganfsmyth@gmail.com"},{"name":"sebmck","email":"sebmck@gmail.com"},{"name":"thejameskyle","email":"me@thejameskyle.com"}],"_npmOperationalInternal":{"host":"packages-12-west.internal.npmjs.com","tmp":"tmp/babel-plugin-transform-es2015-parameters-6.18.0.tgz_1477343945685_0.9927002356853336"},"directories":{}},"6.21.0":{"name":"babel-plugin-transform-es2015-parameters","version":"6.21.0","description":"Compile ES2015 default and rest parameters to ES5","repository":{"type":"git","url":"https://github.com/babel/babel/tree/master/packages/babel-plugin-transform-es2015-parameters"},"license":"MIT","main":"lib/index.js","dependencies":{"babel-traverse":"^6.21.0","babel-helper-call-delegate":"^6.18.0","babel-helper-get-function-arity":"^6.18.0","babel-template":"^6.16.0","babel-types":"^6.21.0","babel-runtime":"^6.9.0"},"keywords":["babel-plugin"],"devDependencies":{"babel-helper-plugin-test-runner":"^6.18.0"},"_id":"babel-plugin-transform-es2015-parameters@6.21.0","scripts":{},"_shasum":"46a655e6864ef984091448cdf024d87b60b2a7d8","_from":".","_npmVersion":"3.10.8","_nodeVersion":"6.9.0","_npmUser":{"name":"hzoo","email":"hi@henryzoo.com"},"dist":{"shasum":"46a655e6864ef984091448cdf024d87b60b2a7d8","tarball":"https://registry.npmjs.org/babel-plugin-transform-es2015-parameters/-/babel-plugin-transform-es2015-parameters-6.21.0.tgz"},"maintainers":[{"name":"amasad","email":"amjad.masad@gmail.com"},{"name":"hzoo","email":"hi@henryzoo.com"},{"name":"jmm","email":"npm-public@jessemccarthy.net"},{"name":"loganfsmyth","email":"loganfsmyth@gmail.com"},{"name":"sebmck","email":"sebmck@gmail.com"},{"name":"thejameskyle","email":"me@thejameskyle.com"}],"_npmOperationalInternal":{"host":"packages-12-west.internal.npmjs.com","tmp":"tmp/babel-plugin-transform-es2015-parameters-6.21.0.tgz_1481925358152_0.4134201474953443"},"directories":{}},"6.22.0":{"name":"babel-plugin-transform-es2015-parameters","version":"6.22.0","description":"Compile ES2015 default and rest parameters to ES5","repository":{"type":"git","url":"https://github.com/babel/babel/tree/master/packages/babel-plugin-transform-es2015-parameters"},"license":"MIT","main":"lib/index.js","dependencies":{"babel-traverse":"^6.22.0","babel-helper-call-delegate":"^6.22.0","babel-helper-get-function-arity":"^6.22.0","babel-template":"^6.22.0","babel-types":"^6.22.0","babel-runtime":"^6.22.0"},"keywords":["babel-plugin"],"devDependencies":{"babel-helper-plugin-test-runner":"^6.22.0"},"_id":"babel-plugin-transform-es2015-parameters@6.22.0","scripts":{},"_shasum":"57076069232019094f27da8c68bb7162fe208dbb","_from":".","_npmVersion":"3.10.10","_nodeVersion":"6.9.0","_npmUser":{"name":"hzoo","email":"hi@henryzoo.com"},"dist":{"shasum":"57076069232019094f27da8c68bb7162fe208dbb","tarball":"https://registry.npmjs.org/babel-plugin-transform-es2015-parameters/-/babel-plugin-transform-es2015-parameters-6.22.0.tgz"},"maintainers":[{"name":"amasad","email":"amjad.masad@gmail.com"},{"name":"hzoo","email":"hi@henryzoo.com"},{"name":"jmm","email":"npm-public@jessemccarthy.net"},{"name":"loganfsmyth","email":"loganfsmyth@gmail.com"},{"name":"sebmck","email":"sebmck@gmail.com"},{"name":"thejameskyle","email":"me@thejameskyle.com"}],"_npmOperationalInternal":{"host":"packages-12-west.internal.npmjs.com","tmp":"tmp/babel-plugin-transform-es2015-parameters-6.22.0.tgz_1484872438064_0.6457354582380503"},"directories":{}},"6.23.0":{"name":"babel-plugin-transform-es2015-parameters","version":"6.23.0","description":"Compile ES2015 default and rest parameters to ES5","repository":{"type":"git","url":"https://github.com/babel/babel/tree/master/packages/babel-plugin-transform-es2015-parameters"},"license":"MIT","main":"lib/index.js","dependencies":{"babel-traverse":"^6.23.0","babel-helper-call-delegate":"^6.22.0","babel-helper-get-function-arity":"^6.22.0","babel-template":"^6.23.0","babel-types":"^6.23.0","babel-runtime":"^6.22.0"},"keywords":["babel-plugin"],"devDependencies":{"babel-helper-plugin-test-runner":"^6.22.0"},"_id":"babel-plugin-transform-es2015-parameters@6.23.0","scripts":{},"_shasum":"3a2aabb70c8af945d5ce386f1a4250625a83ae3b","_from":".","_npmVersion":"3.10.8","_nodeVersion":"6.9.1","_npmUser":{"name":"loganfsmyth","email":"loganfsmyth@gmail.com"},"dist":{"shasum":"3a2aabb70c8af945d5ce386f1a4250625a83ae3b","tarball":"https://registry.npmjs.org/babel-plugin-transform-es2015-parameters/-/babel-plugin-transform-es2015-parameters-6.23.0.tgz"},"maintainers":[{"name":"amasad","email":"amjad.masad@gmail.com"},{"name":"hzoo","email":"hi@henryzoo.com"},{"name":"jmm","email":"npm-public@jessemccarthy.net"},{"name":"loganfsmyth","email":"loganfsmyth@gmail.com"},{"name":"sebmck","email":"sebmck@gmail.com"},{"name":"thejameskyle","email":"me@thejameskyle.com"}],"_npmOperationalInternal":{"host":"packages-12-west.internal.npmjs.com","tmp":"tmp/babel-plugin-transform-es2015-parameters-6.23.0.tgz_1487034866496_0.6191621341276914"},"directories":{}},"7.0.0-alpha.1":{"name":"babel-plugin-transform-es2015-parameters","version":"7.0.0-alpha.1","description":"Compile ES2015 default and rest parameters to ES5","repository":{"type":"git","url":"https://github.com/babel/babel/tree/master/packages/babel-plugin-transform-es2015-parameters"},"license":"MIT","main":"lib/index.js","dependencies":{"babel-traverse":"7.0.0-alpha.1","babel-helper-call-delegate":"7.0.0-alpha.1","babel-helper-get-function-arity":"7.0.0-alpha.1","babel-template":"7.0.0-alpha.1","babel-types":"7.0.0-alpha.1"},"keywords":["babel-plugin"],"devDependencies":{"babel-helper-plugin-test-runner":"7.0.0-alpha.1"},"_id":"babel-plugin-transform-es2015-parameters@7.0.0-alpha.1","scripts":{},"_shasum":"164e78c9b0ff94dd0355d85beb61747c61b3fee0","_from":".","_npmVersion":"3.10.10","_nodeVersion":"6.9.0","_npmUser":{"name":"hzoo","email":"hi@henryzoo.com"},"dist":{"shasum":"164e78c9b0ff94dd0355d85beb61747c61b3fee0","tarball":"https://registry.npmjs.org/babel-plugin-transform-es2015-parameters/-/babel-plugin-transform-es2015-parameters-7.0.0-alpha.1.tgz"},"maintainers":[{"name":"amasad","email":"amjad.masad@gmail.com"},{"name":"hzoo","email":"hi@henryzoo.com"},{"name":"jmm","email":"npm-public@jessemccarthy.net"},{"name":"loganfsmyth","email":"loganfsmyth@gmail.com"},{"name":"sebmck","email":"sebmck@gmail.com"},{"name":"thejameskyle","email":"me@thejameskyle.com"}],"_npmOperationalInternal":{"host":"packages-18-east.internal.npmjs.com","tmp":"tmp/babel-plugin-transform-es2015-parameters-7.0.0-alpha.1.tgz_1488488748798_0.0005211250390857458"},"directories":{}},"7.0.0-alpha.3":{"name":"babel-plugin-transform-es2015-parameters","version":"7.0.0-alpha.3","description":"Compile ES2015 default and rest parameters to ES5","repository":{"type":"git","url":"https://github.com/babel/babel/tree/master/packages/babel-plugin-transform-es2015-parameters"},"license":"MIT","main":"lib/index.js","dependencies":{"babel-traverse":"7.0.0-alpha.3","babel-helper-call-delegate":"7.0.0-alpha.3","babel-helper-get-function-arity":"7.0.0-alpha.3","babel-template":"7.0.0-alpha.3","babel-types":"7.0.0-alpha.3"},"keywords":["babel-plugin"],"devDependencies":{"babel-helper-plugin-test-runner":"7.0.0-alpha.3"},"_id":"babel-plugin-transform-es2015-parameters@7.0.0-alpha.3","scripts":{},"_shasum":"909e780d1e5bf9d972f80f389de95d45c36d40e6","_from":".","_npmVersion":"3.10.10","_nodeVersion":"6.9.0","_npmUser":{"name":"hzoo","email":"hi@henryzoo.com"},"dist":{"shasum":"909e780d1e5bf9d972f80f389de95d45c36d40e6","tarball":"https://registry.npmjs.org/babel-plugin-transform-es2015-parameters/-/babel-plugin-transform-es2015-parameters-7.0.0-alpha.3.tgz"},"maintainers":[{"name":"amasad","email":"amjad.masad@gmail.com"},{"name":"hzoo","email":"hi@henryzoo.com"},{"name":"jmm","email":"npm-public@jessemccarthy.net"},{"name":"loganfsmyth","email":"loganfsmyth@gmail.com"},{"name":"sebmck","email":"sebmck@gmail.com"},{"name":"thejameskyle","email":"me@thejameskyle.com"}],"_npmOperationalInternal":{"host":"packages-18-east.internal.npmjs.com","tmp":"tmp/babel-plugin-transform-es2015-parameters-7.0.0-alpha.3.tgz_1490298589542_0.8275301398243755"},"directories":{}},"7.0.0-alpha.7":{"name":"babel-plugin-transform-es2015-parameters","version":"7.0.0-alpha.7","description":"Compile ES2015 default and rest parameters to ES5","repository":{"type":"git","url":"https://github.com/babel/babel/tree/master/packages/babel-plugin-transform-es2015-parameters"},"license":"MIT","main":"lib/index.js","dependencies":{"babel-traverse":"7.0.0-alpha.7","babel-helper-call-delegate":"7.0.0-alpha.7","babel-helper-get-function-arity":"7.0.0-alpha.7","babel-template":"7.0.0-alpha.7","babel-types":"7.0.0-alpha.7"},"keywords":["babel-plugin"],"devDependencies":{"babel-helper-plugin-test-runner":"7.0.0-alpha.7"},"_id":"babel-plugin-transform-es2015-parameters@7.0.0-alpha.7","scripts":{},"_shasum":"9ff005a532110584e4bc1731ee613d1fc8ad69d1","_from":".","_npmVersion":"3.10.10","_nodeVersion":"6.9.0","_npmUser":{"name":"hzoo","email":"hi@henryzoo.com"},"dist":{"shasum":"9ff005a532110584e4bc1731ee613d1fc8ad69d1","tarball":"https://registry.npmjs.org/babel-plugin-transform-es2015-parameters/-/babel-plugin-transform-es2015-parameters-7.0.0-alpha.7.tgz"},"maintainers":[{"name":"amasad","email":"amjad.masad@gmail.com"},{"name":"hzoo","email":"hi@henryzoo.com"},{"name":"jmm","email":"npm-public@jessemccarthy.net"},{"name":"loganfsmyth","email":"loganfsmyth@gmail.com"},{"name":"sebmck","email":"sebmck@gmail.com"},{"name":"thejameskyle","email":"me@thejameskyle.com"}],"_npmOperationalInternal":{"host":"packages-18-east.internal.npmjs.com","tmp":"tmp/babel-plugin-transform-es2015-parameters-7.0.0-alpha.7.tgz_1491426860901_0.4444185975007713"},"directories":{}},"6.24.1":{"name":"babel-plugin-transform-es2015-parameters","version":"6.24.1","description":"Compile ES2015 default and rest parameters to ES5","repository":{"type":"git","url":"https://github.com/babel/babel/tree/master/packages/babel-plugin-transform-es2015-parameters"},"license":"MIT","main":"lib/index.js","dependencies":{"babel-traverse":"^6.24.1","babel-helper-call-delegate":"^6.24.1","babel-helper-get-function-arity":"^6.24.1","babel-template":"^6.24.1","babel-types":"^6.24.1","babel-runtime":"^6.22.0"},"keywords":["babel-plugin"],"devDependencies":{"babel-helper-plugin-test-runner":"^6.24.1"},"_id":"babel-plugin-transform-es2015-parameters@6.24.1","scripts":{},"_shasum":"57ac351ab49caf14a97cd13b09f66fdf0a625f2b","_from":".","_npmVersion":"3.10.10","_nodeVersion":"6.9.0","_npmUser":{"name":"hzoo","email":"hi@henryzoo.com"},"dist":{"shasum":"57ac351ab49caf14a97cd13b09f66fdf0a625f2b","tarball":"https://registry.npmjs.org/babel-plugin-transform-es2015-parameters/-/babel-plugin-transform-es2015-parameters-6.24.1.tgz"},"maintainers":[{"name":"amasad","email":"amjad.masad@gmail.com"},{"name":"hzoo","email":"hi@henryzoo.com"},{"name":"jmm","email":"npm-public@jessemccarthy.net"},{"name":"loganfsmyth","email":"loganfsmyth@gmail.com"},{"name":"sebmck","email":"sebmck@gmail.com"},{"name":"thejameskyle","email":"me@thejameskyle.com"}],"_npmOperationalInternal":{"host":"packages-12-west.internal.npmjs.com","tmp":"tmp/babel-plugin-transform-es2015-parameters-6.24.1.tgz_1491578364122_0.5907053858973086"},"directories":{}},"7.0.0-alpha.8":{"name":"babel-plugin-transform-es2015-parameters","version":"7.0.0-alpha.8","description":"Compile ES2015 default and rest parameters to ES5","repository":{"type":"git","url":"https://github.com/babel/babel/tree/master/packages/babel-plugin-transform-es2015-parameters"},"license":"MIT","main":"lib/index.js","dependencies":{"babel-traverse":"7.0.0-alpha.8","babel-helper-call-delegate":"7.0.0-alpha.8","babel-helper-get-function-arity":"7.0.0-alpha.7","babel-template":"7.0.0-alpha.8","babel-types":"7.0.0-alpha.7"},"keywords":["babel-plugin"],"devDependencies":{"babel-helper-plugin-test-runner":"7.0.0-alpha.8"},"_id":"babel-plugin-transform-es2015-parameters@7.0.0-alpha.8","scripts":{},"_shasum":"12cd45d0caa8a378bd6088bc6e8efd9f0e604631","_from":".","_npmVersion":"3.10.10","_nodeVersion":"6.9.0","_npmUser":{"name":"hzoo","email":"hi@henryzoo.com"},"dist":{"shasum":"12cd45d0caa8a378bd6088bc6e8efd9f0e604631","tarball":"https://registry.npmjs.org/babel-plugin-transform-es2015-parameters/-/babel-plugin-transform-es2015-parameters-7.0.0-alpha.8.tgz"},"maintainers":[{"name":"amasad","email":"amjad.masad@gmail.com"},{"name":"hzoo","email":"hi@henryzoo.com"},{"name":"jmm","email":"npm-public@jessemccarthy.net"},{"name":"loganfsmyth","email":"loganfsmyth@gmail.com"},{"name":"sebmck","email":"sebmck@gmail.com"},{"name":"thejameskyle","email":"me@thejameskyle.com"}],"_npmOperationalInternal":{"host":"packages-12-west.internal.npmjs.com","tmp":"tmp/babel-plugin-transform-es2015-parameters-7.0.0-alpha.8.tgz_1492456395864_0.4991771299391985"},"directories":{}},"7.0.0-alpha.9":{"name":"babel-plugin-transform-es2015-parameters","version":"7.0.0-alpha.9","description":"Compile ES2015 default and rest parameters to ES5","repository":{"type":"git","url":"https://github.com/babel/babel/tree/master/packages/babel-plugin-transform-es2015-parameters"},"license":"MIT","main":"lib/index.js","dependencies":{"babel-traverse":"7.0.0-alpha.9","babel-helper-call-delegate":"7.0.0-alpha.9","babel-helper-get-function-arity":"7.0.0-alpha.9","babel-template":"7.0.0-alpha.9","babel-types":"7.0.0-alpha.9"},"keywords":["babel-plugin"],"devDependencies":{"babel-helper-plugin-test-runner":"7.0.0-alpha.9"},"_id":"babel-plugin-transform-es2015-parameters@7.0.0-alpha.9","scripts":{},"_shasum":"a93197ac19a1230ecf483895f22af6c864f4420e","_from":".","_npmVersion":"3.10.10","_nodeVersion":"6.9.0","_npmUser":{"name":"hzoo","email":"hi@henryzoo.com"},"dist":{"shasum":"a93197ac19a1230ecf483895f22af6c864f4420e","tarball":"https://registry.npmjs.org/babel-plugin-transform-es2015-parameters/-/babel-plugin-transform-es2015-parameters-7.0.0-alpha.9.tgz"},"maintainers":[{"name":"amasad","email":"amjad.masad@gmail.com"},{"name":"hzoo","email":"hi@henryzoo.com"},{"name":"jmm","email":"npm-public@jessemccarthy.net"},{"name":"loganfsmyth","email":"loganfsmyth@gmail.com"},{"name":"sebmck","email":"sebmck@gmail.com"},{"name":"thejameskyle","email":"me@thejameskyle.com"}],"_npmOperationalInternal":{"host":"packages-18-east.internal.npmjs.com","tmp":"tmp/babel-plugin-transform-es2015-parameters-7.0.0-alpha.9.tgz_1492526540666_0.9647979277651757"},"directories":{}},"7.0.0-alpha.10":{"name":"babel-plugin-transform-es2015-parameters","version":"7.0.0-alpha.10","description":"Compile ES2015 default and rest parameters to ES5","repository":{"type":"git","url":"https://github.com/babel/babel/tree/master/packages/babel-plugin-transform-es2015-parameters"},"license":"MIT","main":"lib/index.js","dependencies":{"babel-traverse":"7.0.0-alpha.10","babel-helper-call-delegate":"7.0.0-alpha.10","babel-helper-get-function-arity":"7.0.0-alpha.10","babel-template":"7.0.0-alpha.10","babel-types":"7.0.0-alpha.10"},"keywords":["babel-plugin"],"devDependencies":{"babel-helper-plugin-test-runner":"7.0.0-alpha.10"},"_id":"babel-plugin-transform-es2015-parameters@7.0.0-alpha.10","scripts":{},"_shasum":"b8e7ad120e27829a22b39dcf20208fe663e5b5ef","_from":".","_npmVersion":"3.10.10","_nodeVersion":"6.9.0","_npmUser":{"name":"hzoo","email":"hi@henryzoo.com"},"dist":{"shasum":"b8e7ad120e27829a22b39dcf20208fe663e5b5ef","tarball":"https://registry.npmjs.org/babel-plugin-transform-es2015-parameters/-/babel-plugin-transform-es2015-parameters-7.0.0-alpha.10.tgz"},"maintainers":[{"email":"daniel@tschinder.de","name":"danez"},{"email":"hi@henryzoo.com","name":"hzoo"},{"email":"loganfsmyth@gmail.com","name":"loganfsmyth"}],"_npmOperationalInternal":{"host":"s3://npm-registry-packages","tmp":"tmp/babel-plugin-transform-es2015-parameters-7.0.0-alpha.10.tgz_1495739866012_0.36486891843378544"},"directories":{}},"7.0.0-alpha.11":{"name":"babel-plugin-transform-es2015-parameters","version":"7.0.0-alpha.11","description":"Compile ES2015 default and rest parameters to ES5","repository":{"type":"git","url":"https://github.com/babel/babel/tree/master/packages/babel-plugin-transform-es2015-parameters"},"license":"MIT","main":"lib/index.js","dependencies":{"babel-helper-call-delegate":"7.0.0-alpha.11","babel-helper-get-function-arity":"7.0.0-alpha.11","babel-template":"7.0.0-alpha.11","babel-traverse":"7.0.0-alpha.11","babel-types":"7.0.0-alpha.11"},"keywords":["babel-plugin"],"devDependencies":{"babel-helper-plugin-test-runner":"7.0.0-alpha.11"},"_id":"babel-plugin-transform-es2015-parameters@7.0.0-alpha.11","_npmVersion":"5.0.0","_nodeVersion":"6.9.0","_npmUser":{"name":"hzoo","email":"hi@henryzoo.com"},"dist":{"integrity":"sha512-APXhd43YFWJz9TsLdOsY9ZUHUatMvYyZyLA8+KxVzNVqnPOIwTWQ8H+X5zhlUviRqy4Bb0Rd7n3IPrfZVqHl8Q==","shasum":"981f755056f1a21fbb90fd3028f9e2a3323eecbd","tarball":"https://registry.npmjs.org/babel-plugin-transform-es2015-parameters/-/babel-plugin-transform-es2015-parameters-7.0.0-alpha.11.tgz"},"maintainers":[{"email":"sebmck@gmail.com","name":"sebmck"},{"email":"daniel@tschinder.de","name":"danez"},{"email":"hi@henryzoo.com","name":"hzoo"},{"email":"loganfsmyth@gmail.com","name":"loganfsmyth"}],"_npmOperationalInternal":{"host":"s3://npm-registry-packages","tmp":"tmp/babel-plugin-transform-es2015-parameters-7.0.0-alpha.11.tgz_1496263436340_0.9556631140876561"},"directories":{}},"7.0.0-alpha.12":{"name":"babel-plugin-transform-es2015-parameters","version":"7.0.0-alpha.12","description":"Compile ES2015 default and rest parameters to ES5","repository":{"type":"git","url":"https://github.com/babel/babel/tree/master/packages/babel-plugin-transform-es2015-parameters"},"license":"MIT","main":"lib/index.js","dependencies":{"babel-helper-call-delegate":"7.0.0-alpha.12","babel-helper-get-function-arity":"7.0.0-alpha.12","babel-template":"7.0.0-alpha.12","babel-traverse":"7.0.0-alpha.12","babel-types":"7.0.0-alpha.12"},"keywords":["babel-plugin"],"devDependencies":{"babel-helper-plugin-test-runner":"7.0.0-alpha.12"},"_id":"babel-plugin-transform-es2015-parameters@7.0.0-alpha.12","_npmVersion":"5.0.0","_nodeVersion":"6.9.0","_npmUser":{"name":"hzoo","email":"hi@henryzoo.com"},"dist":{"integrity":"sha512-/pLtfYtIHoIWWOYGHG56ZleY7jsd1njUN37Ra1iWRx6u+QaoZdB9RYT9s7uuRgHrW+WKkjI93en5K3HJjIrt5g==","shasum":"8be93b7e70680138e192efe0d7449a8e9303f9d4","tarball":"https://registry.npmjs.org/babel-plugin-transform-es2015-parameters/-/babel-plugin-transform-es2015-parameters-7.0.0-alpha.12.tgz"},"maintainers":[{"email":"sebmck@gmail.com","name":"sebmck"},{"email":"daniel@tschinder.de","name":"danez"},{"email":"hi@henryzoo.com","name":"hzoo"},{"email":"loganfsmyth@gmail.com","name":"loganfsmyth"}],"_npmOperationalInternal":{"host":"s3://npm-registry-packages","tmp":"tmp/babel-plugin-transform-es2015-parameters-7.0.0-alpha.12.tgz_1496265131557_0.7703574963379651"},"directories":{}},"7.0.0-alpha.14":{"name":"babel-plugin-transform-es2015-parameters","version":"7.0.0-alpha.14","description":"Compile ES2015 default and rest parameters to ES5","repository":{"type":"git","url":"https://github.com/babel/babel/tree/master/packages/babel-plugin-transform-es2015-parameters"},"license":"MIT","main":"lib/index.js","dependencies":{"babel-helper-call-delegate":"7.0.0-alpha.14","babel-helper-get-function-arity":"7.0.0-alpha.14","babel-template":"7.0.0-alpha.14","babel-traverse":"7.0.0-alpha.14","babel-types":"7.0.0-alpha.14"},"keywords":["babel-plugin"],"devDependencies":{"babel-helper-plugin-test-runner":"7.0.0-alpha.14"},"_id":"babel-plugin-transform-es2015-parameters@7.0.0-alpha.14","scripts":{},"_shasum":"692f6f22dc28626e0e29604e7366e66722d642ed","_from":".","_npmVersion":"4.6.1","_nodeVersion":"6.9.0","_npmUser":{"name":"hzoo","email":"hi@henryzoo.com"},"dist":{"shasum":"692f6f22dc28626e0e29604e7366e66722d642ed","tarball":"https://registry.npmjs.org/babel-plugin-transform-es2015-parameters/-/babel-plugin-transform-es2015-parameters-7.0.0-alpha.14.tgz"},"maintainers":[{"email":"sebmck@gmail.com","name":"sebmck"},{"email":"daniel@tschinder.de","name":"danez"},{"email":"hi@henryzoo.com","name":"hzoo"},{"email":"loganfsmyth@gmail.com","name":"loganfsmyth"}],"_npmOperationalInternal":{"host":"s3://npm-registry-packages","tmp":"tmp/babel-plugin-transform-es2015-parameters-7.0.0-alpha.14.tgz_1499828067043_0.6277432462666184"},"directories":{}},"7.0.0-alpha.15":{"name":"babel-plugin-transform-es2015-parameters","version":"7.0.0-alpha.15","description":"Compile ES2015 default and rest parameters to ES5","repository":{"type":"git","url":"https://github.com/babel/babel/tree/master/packages/babel-plugin-transform-es2015-parameters"},"license":"MIT","main":"lib/index.js","dependencies":{"babel-helper-call-delegate":"7.0.0-alpha.15","babel-helper-get-function-arity":"7.0.0-alpha.15","babel-template":"7.0.0-alpha.15","babel-traverse":"7.0.0-alpha.15","babel-types":"7.0.0-alpha.15"},"keywords":["babel-plugin"],"devDependencies":{"babel-helper-plugin-test-runner":"7.0.0-alpha.15"},"_id":"babel-plugin-transform-es2015-parameters@7.0.0-alpha.15","scripts":{},"_shasum":"3f2ebbd1d724758158b2dafaa4a89a818b8adaad","_from":".","_npmVersion":"4.6.1","_nodeVersion":"6.9.0","_npmUser":{"name":"hzoo","email":"hi@henryzoo.com"},"dist":{"shasum":"3f2ebbd1d724758158b2dafaa4a89a818b8adaad","tarball":"https://registry.npmjs.org/babel-plugin-transform-es2015-parameters/-/babel-plugin-transform-es2015-parameters-7.0.0-alpha.15.tgz"},"maintainers":[{"email":"sebmck@gmail.com","name":"sebmck"},{"email":"daniel@tschinder.de","name":"danez"},{"email":"hi@henryzoo.com","name":"hzoo"},{"email":"loganfsmyth@gmail.com","name":"loganfsmyth"}],"_npmOperationalInternal":{"host":"s3://npm-registry-packages","tmp":"tmp/babel-plugin-transform-es2015-parameters-7.0.0-alpha.15.tgz_1499830604214_0.6201125697698444"},"directories":{}},"7.0.0-alpha.16":{"name":"babel-plugin-transform-es2015-parameters","version":"7.0.0-alpha.16","description":"Compile ES2015 default and rest parameters to ES5","repository":{"type":"git","url":"https://github.com/babel/babel/tree/master/packages/babel-plugin-transform-es2015-parameters"},"license":"MIT","main":"lib/index.js","dependencies":{"babel-helper-call-delegate":"7.0.0-alpha.16","babel-helper-get-function-arity":"7.0.0-alpha.16","babel-template":"7.0.0-alpha.16","babel-traverse":"7.0.0-alpha.16","babel-types":"7.0.0-alpha.16"},"keywords":["babel-plugin"],"devDependencies":{"babel-helper-plugin-test-runner":"7.0.0-alpha.16"},"_id":"babel-plugin-transform-es2015-parameters@7.0.0-alpha.16","scripts":{},"_shasum":"d65268dcaf48be50b633d039769cd21f0d2798bc","_from":".","_npmVersion":"4.6.1","_nodeVersion":"6.9.0","_npmUser":{"name":"hzoo","email":"hi@henryzoo.com"},"dist":{"shasum":"d65268dcaf48be50b633d039769cd21f0d2798bc","tarball":"https://registry.npmjs.org/babel-plugin-transform-es2015-parameters/-/babel-plugin-transform-es2015-parameters-7.0.0-alpha.16.tgz"},"maintainers":[{"email":"sebmck@gmail.com","name":"sebmck"},{"email":"daniel@tschinder.de","name":"danez"},{"email":"hi@henryzoo.com","name":"hzoo"},{"email":"loganfsmyth@gmail.com","name":"loganfsmyth"}],"_npmOperationalInternal":{"host":"s3://npm-registry-packages","tmp":"tmp/babel-plugin-transform-es2015-parameters-7.0.0-alpha.16.tgz_1501017516410_0.18144312663935125"},"directories":{}},"7.0.0-alpha.17":{"name":"babel-plugin-transform-es2015-parameters","version":"7.0.0-alpha.17","description":"Compile ES2015 default and rest parameters to ES5","repository":{"type":"git","url":"https://github.com/babel/babel/tree/master/packages/babel-plugin-transform-es2015-parameters"},"license":"MIT","main":"lib/index.js","dependencies":{"babel-helper-call-delegate":"7.0.0-alpha.17","babel-helper-get-function-arity":"7.0.0-alpha.17","babel-template":"7.0.0-alpha.17","babel-traverse":"7.0.0-alpha.17","babel-types":"7.0.0-alpha.17"},"keywords":["babel-plugin"],"devDependencies":{"babel-helper-plugin-test-runner":"7.0.0-alpha.17"},"_id":"babel-plugin-transform-es2015-parameters@7.0.0-alpha.17","scripts":{},"_shasum":"44224d79b03d209aea2510a4688aa5818492c3af","_from":".","_npmVersion":"4.6.1","_nodeVersion":"6.9.0","_npmUser":{"name":"hzoo","email":"hi@henryzoo.com"},"dist":{"shasum":"44224d79b03d209aea2510a4688aa5818492c3af","tarball":"https://registry.npmjs.org/babel-plugin-transform-es2015-parameters/-/babel-plugin-transform-es2015-parameters-7.0.0-alpha.17.tgz"},"maintainers":[{"email":"sebmck@gmail.com","name":"sebmck"},{"email":"daniel@tschinder.de","name":"danez"},{"email":"hi@henryzoo.com","name":"hzoo"},{"email":"loganfsmyth@gmail.com","name":"loganfsmyth"}],"_npmOperationalInternal":{"host":"s3://npm-registry-packages","tmp":"tmp/babel-plugin-transform-es2015-parameters-7.0.0-alpha.17.tgz_1501072809633_0.36680659162811935"},"directories":{}},"7.0.0-alpha.18":{"name":"babel-plugin-transform-es2015-parameters","version":"7.0.0-alpha.18","description":"Compile ES2015 default and rest parameters to ES5","repository":{"type":"git","url":"https://github.com/babel/babel/tree/master/packages/babel-plugin-transform-es2015-parameters"},"license":"MIT","main":"lib/index.js","dependencies":{"babel-helper-call-delegate":"7.0.0-alpha.18","babel-helper-get-function-arity":"7.0.0-alpha.18","babel-template":"7.0.0-alpha.18","babel-traverse":"7.0.0-alpha.18","babel-types":"7.0.0-alpha.18"},"keywords":["babel-plugin"],"devDependencies":{"babel-helper-plugin-test-runner":"7.0.0-alpha.18"},"_id":"babel-plugin-transform-es2015-parameters@7.0.0-alpha.18","_npmVersion":"5.3.0","_nodeVersion":"8.1.4","_npmUser":{"name":"hzoo","email":"hi@henryzoo.com"},"dist":{"integrity":"sha512-V2Y0UGbIGXdXtXFLNUQAA+CfEmRmyH/weZ5/ED+MfJOTrFPNK7AdIh8tgr/ptcQuLacuFoMrPXdYudhLuMb/rw==","shasum":"ab0f3b8ab054eb0eb0a0ada4783d252de48c676a","tarball":"https://registry.npmjs.org/babel-plugin-transform-es2015-parameters/-/babel-plugin-transform-es2015-parameters-7.0.0-alpha.18.tgz"},"maintainers":[{"email":"me@thejameskyle.com","name":"thejameskyle"},{"email":"sebmck@gmail.com","name":"sebmck"},{"email":"daniel@tschinder.de","name":"danez"},{"email":"hi@henryzoo.com","name":"hzoo"},{"email":"loganfsmyth@gmail.com","name":"loganfsmyth"}],"_npmOperationalInternal":{"host":"s3://npm-registry-packages","tmp":"tmp/babel-plugin-transform-es2015-parameters-7.0.0-alpha.18.tgz_1501798898461_0.42931564315222204"},"directories":{}},"7.0.0-alpha.19":{"name":"babel-plugin-transform-es2015-parameters","version":"7.0.0-alpha.19","description":"Compile ES2015 default and rest parameters to ES5","repository":{"type":"git","url":"https://github.com/babel/babel/tree/master/packages/babel-plugin-transform-es2015-parameters"},"license":"MIT","main":"lib/index.js","dependencies":{"babel-helper-call-delegate":"7.0.0-alpha.19","babel-helper-get-function-arity":"7.0.0-alpha.19","babel-template":"7.0.0-alpha.19","babel-traverse":"7.0.0-alpha.19","babel-types":"7.0.0-alpha.19"},"keywords":["babel-plugin"],"devDependencies":{"babel-helper-plugin-test-runner":"7.0.0-alpha.19"},"_id":"babel-plugin-transform-es2015-parameters@7.0.0-alpha.19","_npmVersion":"5.3.0","_nodeVersion":"8.1.4","_npmUser":{"name":"hzoo","email":"hi@henryzoo.com"},"dist":{"integrity":"sha512-+Zq3JmnJmfM+bVURFDkwhSdu9rOrkSAtc8ePdnOMYQTCBsUhnujJMZWWylS/N1KL8oDAK/2dolk9iUisV1SnGw==","shasum":"8a7caae4d68fbb67b76ca6094b51e1f46a1c6c3c","tarball":"https://registry.npmjs.org/babel-plugin-transform-es2015-parameters/-/babel-plugin-transform-es2015-parameters-7.0.0-alpha.19.tgz"},"maintainers":[{"email":"me@thejameskyle.com","name":"thejameskyle"},{"email":"sebmck@gmail.com","name":"sebmck"},{"email":"daniel@tschinder.de","name":"danez"},{"email":"hi@henryzoo.com","name":"hzoo"},{"email":"loganfsmyth@gmail.com","name":"loganfsmyth"}],"_npmOperationalInternal":{"host":"s3://npm-registry-packages","tmp":"tmp/babel-plugin-transform-es2015-parameters-7.0.0-alpha.19.tgz_1502144542146_0.026069570798426867"},"directories":{}},"7.0.0-alpha.20":{"name":"babel-plugin-transform-es2015-parameters","version":"7.0.0-alpha.20","description":"Compile ES2015 default and rest parameters to ES5","repository":{"type":"git","url":"https://github.com/babel/babel/tree/master/packages/babel-plugin-transform-es2015-parameters"},"license":"MIT","main":"lib/index.js","dependencies":{"babel-helper-call-delegate":"7.0.0-alpha.20","babel-helper-get-function-arity":"7.0.0-alpha.20","babel-template":"7.0.0-alpha.20","babel-traverse":"7.0.0-alpha.20","babel-types":"7.0.0-alpha.20"},"keywords":["babel-plugin"],"devDependencies":{"babel-helper-plugin-test-runner":"7.0.0-alpha.20"},"_id":"babel-plugin-transform-es2015-parameters@7.0.0-alpha.20","_npmVersion":"5.3.0","_nodeVersion":"8.1.4","_npmUser":{"name":"hzoo","email":"hi@henryzoo.com"},"dist":{"integrity":"sha512-tKBqc+4YhMsDNH7exldedEFAFBSODi3y1Jps3THOY9/hvLDDxVsy+tUtrbbS8BEI2NSLyUjj777dMo0/4DHixg==","shasum":"4053bf2bf764b02d2de01cde0a9a4630bfed89bb","tarball":"https://registry.npmjs.org/babel-plugin-transform-es2015-parameters/-/babel-plugin-transform-es2015-parameters-7.0.0-alpha.20.tgz"},"maintainers":[{"email":"me@thejameskyle.com","name":"thejameskyle"},{"email":"sebmck@gmail.com","name":"sebmck"},{"email":"daniel@tschinder.de","name":"danez"},{"email":"hi@henryzoo.com","name":"hzoo"},{"email":"loganfsmyth@gmail.com","name":"loganfsmyth"}],"_npmOperationalInternal":{"host":"s3://npm-registry-packages","tmp":"tmp/babel-plugin-transform-es2015-parameters-7.0.0-alpha.20.tgz_1504119890120_0.08078033267520368"},"directories":{}},"7.0.0-beta.0":{"name":"babel-plugin-transform-es2015-parameters","version":"7.0.0-beta.0","description":"Compile ES2015 default and rest parameters to ES5","repository":{"type":"git","url":"https://github.com/babel/babel/tree/master/packages/babel-plugin-transform-es2015-parameters"},"license":"MIT","main":"lib/index.js","dependencies":{"babel-helper-call-delegate":"7.0.0-beta.0","babel-helper-get-function-arity":"7.0.0-beta.0","babel-template":"7.0.0-beta.0","babel-traverse":"7.0.0-beta.0","babel-types":"7.0.0-beta.0"},"keywords":["babel-plugin"],"devDependencies":{"babel-helper-plugin-test-runner":"7.0.0-beta.0"},"_id":"babel-plugin-transform-es2015-parameters@7.0.0-beta.0","_npmVersion":"5.3.0","_nodeVersion":"8.1.4","_npmUser":{"name":"hzoo","email":"hi@henryzoo.com"},"dist":{"integrity":"sha512-Dxwsb+wtPkldUIqSorG9FoZdFiSgWA/1VEUcZ0Nie7IF7EQYl+Wa+Hdgir4zYe4wTH69reNNbjKvq8i8Uw4QoQ==","shasum":"7c18d96167be96a9f7d2fd9bb88e809fd388cef0","tarball":"https://registry.npmjs.org/babel-plugin-transform-es2015-parameters/-/babel-plugin-transform-es2015-parameters-7.0.0-beta.0.tgz"},"maintainers":[{"email":"me@thejameskyle.com","name":"thejameskyle"},{"email":"sebmck@gmail.com","name":"sebmck"},{"email":"daniel@tschinder.de","name":"danez"},{"email":"hi@henryzoo.com","name":"hzoo"},{"email":"loganfsmyth@gmail.com","name":"loganfsmyth"}],"_npmOperationalInternal":{"host":"s3://npm-registry-packages","tmp":"tmp/babel-plugin-transform-es2015-parameters-7.0.0-beta.0.tgz_1505185389819_0.15777346258983016"},"directories":{}},"7.0.0-beta.1":{"name":"babel-plugin-transform-es2015-parameters","version":"7.0.0-beta.1","description":"Compile ES2015 default and rest parameters to ES5","repository":{"type":"git","url":"https://github.com/babel/babel/tree/master/packages/babel-plugin-transform-es2015-parameters"},"license":"MIT","main":"lib/index.js","dependencies":{"babel-helper-call-delegate":"7.0.0-beta.1","babel-helper-get-function-arity":"7.0.0-beta.1","babel-template":"7.0.0-beta.1","babel-traverse":"7.0.0-beta.1","babel-types":"7.0.0-beta.1"},"keywords":["babel-plugin"],"devDependencies":{"babel-helper-plugin-test-runner":"7.0.0-beta.1"},"_id":"babel-plugin-transform-es2015-parameters@7.0.0-beta.1","_npmVersion":"5.4.1","_nodeVersion":"8.1.4","_npmUser":{"name":"hzoo","email":"hi@henryzoo.com"},"dist":{"integrity":"sha512-pP2+J9oT5ZeO7tYHNdJpFq/Mn1oV7Cd9umEaOeoveyExQGRXbBIp7T9/Q+oy3zZig4rM2Ii5FvvkQDbevYZDgg==","shasum":"e34f6cfa350f672b0c59e6a822021060f7d8d63f","tarball":"https://registry.npmjs.org/babel-plugin-transform-es2015-parameters/-/babel-plugin-transform-es2015-parameters-7.0.0-beta.1.tgz"},"maintainers":[{"email":"me@thejameskyle.com","name":"thejameskyle"},{"email":"sebmck@gmail.com","name":"sebmck"},{"email":"daniel@tschinder.de","name":"danez"},{"email":"hi@henryzoo.com","name":"hzoo"},{"email":"loganfsmyth@gmail.com","name":"loganfsmyth"}],"_npmOperationalInternal":{"host":"s3://npm-registry-packages","tmp":"tmp/babel-plugin-transform-es2015-parameters-7.0.0-beta.1.tgz_1505852696125_0.15205282531678677"},"directories":{}},"7.0.0-beta.2":{"name":"babel-plugin-transform-es2015-parameters","version":"7.0.0-beta.2","description":"Compile ES2015 default and rest parameters to ES5","repository":{"type":"git","url":"https://github.com/babel/babel/tree/master/packages/babel-plugin-transform-es2015-parameters"},"license":"MIT","main":"lib/index.js","dependencies":{"babel-helper-call-delegate":"7.0.0-beta.2","babel-helper-get-function-arity":"7.0.0-beta.2","babel-template":"7.0.0-beta.2","babel-traverse":"7.0.0-beta.2","babel-types":"7.0.0-beta.2"},"keywords":["babel-plugin"],"devDependencies":{"babel-helper-plugin-test-runner":"7.0.0-beta.2"},"_id":"babel-plugin-transform-es2015-parameters@7.0.0-beta.2","_npmVersion":"5.4.1","_nodeVersion":"8.1.4","_npmUser":{"name":"hzoo","email":"hi@henryzoo.com"},"dist":{"integrity":"sha512-U0lsbV1CLDEN7rKMApAFMM1SnN/3N14K4yMI9/9LdS9VluKRZ1G6B+EiynG9+UDxYRfnhLLztGke84la2iKtNw==","shasum":"afcd3ca75726928584d1d2ed8920e3489e984be6","tarball":"https://registry.npmjs.org/babel-plugin-transform-es2015-parameters/-/babel-plugin-transform-es2015-parameters-7.0.0-beta.2.tgz"},"maintainers":[{"email":"bng412@gmail.com","name":"existentialism"},{"email":"me@thejameskyle.com","name":"thejameskyle"},{"email":"sebmck@gmail.com","name":"sebmck"},{"email":"daniel@tschinder.de","name":"danez"},{"email":"hi@henryzoo.com","name":"hzoo"},{"email":"loganfsmyth@gmail.com","name":"loganfsmyth"}],"_npmOperationalInternal":{"host":"s3://npm-registry-packages","tmp":"tmp/babel-plugin-transform-es2015-parameters-7.0.0-beta.2.tgz_1506438975165_0.9153590279165655"},"directories":{}},"7.0.0-beta.3":{"name":"babel-plugin-transform-es2015-parameters","version":"7.0.0-beta.3","description":"Compile ES2015 default and rest parameters to ES5","repository":{"type":"git","url":"https://github.com/babel/babel/tree/master/packages/babel-plugin-transform-es2015-parameters"},"license":"MIT","main":"lib/index.js","dependencies":{"babel-helper-call-delegate":"7.0.0-beta.3","babel-helper-get-function-arity":"7.0.0-beta.3","babel-template":"7.0.0-beta.3","babel-traverse":"7.0.0-beta.3","babel-types":"7.0.0-beta.3"},"keywords":["babel-plugin"],"devDependencies":{"babel-helper-plugin-test-runner":"7.0.0-beta.3"},"_id":"babel-plugin-transform-es2015-parameters@7.0.0-beta.3","_npmVersion":"5.5.1","_nodeVersion":"8.1.4","_npmUser":{"name":"hzoo","email":"hi@henryzoo.com"},"dist":{"integrity":"sha512-0LdLhxyhIZz5y+1jfRSM7uBen5dCIft3KWwLbr/Wy3Amz9V4Mnfn1mr25BIBDL/RTNYpZGrJ2DWan7KD7DoHEA==","shasum":"276be7b06b5e53372b9928b5a67571c43f348522","tarball":"https://registry.npmjs.org/babel-plugin-transform-es2015-parameters/-/babel-plugin-transform-es2015-parameters-7.0.0-beta.3.tgz"},"maintainers":[{"email":"bng412@gmail.com","name":"existentialism"},{"email":"me@thejameskyle.com","name":"thejameskyle"},{"email":"sebmck@gmail.com","name":"sebmck"},{"email":"daniel@tschinder.de","name":"danez"},{"email":"hi@henryzoo.com","name":"hzoo"},{"email":"loganfsmyth@gmail.com","name":"loganfsmyth"}],"_npmOperationalInternal":{"host":"s3://npm-registry-packages","tmp":"tmp/babel-plugin-transform-es2015-parameters-7.0.0-beta.3.tgz_1508073158895_0.693413509754464"},"directories":{}}},"readme":"# babel-plugin-transform-es2015-parameters\n\n> Compile ES2015 default and rest parameters to ES5\n\nThis plugin transforms ES2015 parameters to ES5, this includes:\n\n- Destructuring parameters\n- Default parameters\n- Rest parameters\n\n## Installation\n\n```sh\nnpm install --save-dev babel-plugin-transform-es2015-parameters\n```\n\n## Caveats\n\nDefault parameters desugar into `let` declarations to retain proper semantics. If this is\nnot supported in your environment then you'll need the\n[transform-block-scoping](http://babeljs.io/docs/plugins/transform-es2015-block-scoping) plugin.\n\n## Usage\n\n### Via `.babelrc` (Recommended)\n\n**.babelrc**\n\n```json\n{\n  \"plugins\": [\"transform-es2015-parameters\"]\n}\n```\n\n### Via CLI\n\n```sh\nbabel --plugins transform-es2015-parameters script.js\n```\n\n### Via Node API\n\n```javascript\nrequire(\"babel-core\").transform(\"code\", {\n  plugins: [\"transform-es2015-parameters\"]\n});\n```\n","maintainers":[{"email":"bng412@gmail.com","name":"existentialism"},{"email":"me@thejameskyle.com","name":"thejameskyle"},{"email":"sebmck@gmail.com","name":"sebmck"},{"email":"daniel@tschinder.de","name":"danez"},{"email":"hi@henryzoo.com","name":"hzoo"},{"email":"loganfsmyth@gmail.com","name":"loganfsmyth"}],"time":{"modified":"2017-10-15T13:12:39.911Z","created":"2015-10-29T18:15:15.177Z","6.0.2":"2015-10-29T18:15:15.177Z","6.0.14":"2015-10-30T23:38:27.573Z","6.0.18":"2015-11-03T01:24:52.272Z","6.1.4":"2015-11-11T10:26:18.949Z","6.1.5":"2015-11-12T07:02:38.269Z","6.1.17":"2015-11-12T21:42:19.956Z","6.1.18":"2015-11-12T21:50:28.596Z","6.2.4":"2015-11-25T03:14:34.765Z","6.3.13":"2015-12-04T11:59:23.277Z","6.3.18":"2015-12-14T07:01:49.536Z","6.3.21":"2015-12-18T08:23:08.839Z","6.3.25":"2015-12-21T21:59:17.482Z","6.3.26":"2015-12-23T07:12:07.456Z","6.4.0":"2016-01-06T20:34:54.143Z","6.4.2":"2016-01-07T02:26:51.388Z","6.4.5":"2016-01-19T23:03:00.165Z","6.5.0":"2016-02-07T00:07:42.779Z","6.5.0-1":"2016-02-07T02:40:57.260Z","6.6.0":"2016-02-29T21:12:56.547Z","6.6.4":"2016-03-02T21:29:50.038Z","6.6.5":"2016-03-04T23:17:02.381Z","6.7.0":"2016-03-09T00:53:02.104Z","6.8.0":"2016-05-02T23:44:48.741Z","6.9.0":"2016-05-17T18:49:39.070Z","6.11.3":"2016-07-13T02:34:02.602Z","6.11.4":"2016-07-20T01:59:57.205Z","6.16.0":"2016-09-28T19:38:56.134Z","6.17.0":"2016-10-01T19:23:22.885Z","6.18.0":"2016-10-24T21:19:07.592Z","6.21.0":"2016-12-16T21:55:59.845Z","6.22.0":"2017-01-20T00:34:00.059Z","6.23.0":"2017-02-14T01:14:26.728Z","7.0.0-alpha.1":"2017-03-02T21:05:49.408Z","7.0.0-alpha.3":"2017-03-23T19:49:51.424Z","7.0.0-alpha.7":"2017-04-05T21:14:21.750Z","6.24.1":"2017-04-07T15:19:24.415Z","7.0.0-alpha.8":"2017-04-17T19:13:16.102Z","7.0.0-alpha.9":"2017-04-18T14:42:22.641Z","7.0.0-alpha.10":"2017-05-25T19:17:46.963Z","7.0.0-alpha.11":"2017-05-31T20:43:56.489Z","7.0.0-alpha.12":"2017-05-31T21:12:11.663Z","7.0.0-alpha.14":"2017-07-12T02:54:27.981Z","7.0.0-alpha.15":"2017-07-12T03:36:45.123Z","7.0.0-alpha.16":"2017-07-25T21:18:37.357Z","7.0.0-alpha.17":"2017-07-26T12:40:10.566Z","7.0.0-alpha.18":"2017-08-03T22:21:38.560Z","7.0.0-alpha.19":"2017-08-07T22:22:22.221Z","7.0.0-alpha.20":"2017-08-30T19:04:50.314Z","7.0.0-beta.0":"2017-09-12T03:03:10.776Z","7.0.0-beta.1":"2017-09-19T20:24:56.213Z","7.0.0-beta.2":"2017-09-26T15:16:16.082Z","7.0.0-beta.3":"2017-10-15T13:12:39.911Z"},"keywords":["babel-plugin"],"repository":{"type":"git","url":"https://github.com/babel/babel/tree/master/packages/babel-plugin-transform-es2015-parameters"},"license":"MIT","readmeFilename":"README.md","users":{"klimnikita":true},"_attachments":{},"_etag":"W/\"128ee25ed35bc0fd8834005448fb9d9d\"","_lastModified":"Sat, 26 May 2018 17:58:39 GMT"}