{"digest":"40cefd199170c4928c60cd1e593dce5d3bd430fa","css":".github-CoAuthorForm {\n  display: flex;\n  flex-direction: column;\n  margin-top: 10px;\n  padding: 5px;\n  border-radius: 3px 3px 0 0;\n  border: 1px solid #181a1f;\n  border-bottom: 0;\n  background-color: #282c34;\n}\n.github-CoAuthorForm-row {\n  display: flex;\n  align-items: center;\n  margin: 5px;\n}\n.github-CoAuthorForm-row.has-buttons {\n  margin: 0;\n  flex-wrap: wrap;\n}\n.github-CoAuthorForm-row.has-buttons .btn {\n  flex: 1;\n  margin: 5px;\n}\n.github-CoAuthorForm-row.has-buttons .btn-primary {\n  flex: 4;\n}\n.github-CoAuthorForm-label {\n  min-width: 6ch;\n}\n.github-CoAuthorForm + .github-CommitView-coAuthorEditor {\n  margin-top: 0;\n  border-top-left-radius: 0;\n  border-top-right-radius: 0;\n}\n","imports":[{"path":"static\\variables\\ui-variables.less","digest":"b28ed6c38c4cfce23f83a1b012a3968aa63fce4c"},{"path":"static\\variables\\syntax-variables.less","digest":"812c1b7883a023f768773d14294653adcdb932d7"},{"path":"node_modules\\github\\styles\\variables.less","digest":"9ee4e4579d5fd51444f9269f6fa5074eda5bd98d"},{"path":"static\\variables\\ui-variables.less","digest":"b28ed6c38c4cfce23f83a1b012a3968aa63fce4c"},{"path":"static\\variables\\syntax-variables.less","digest":"812c1b7883a023f768773d14294653adcdb932d7"},{"path":"node_modules\\one-dark-ui\\styles\\ui-variables.less","digest":"f0cd54bb3195577225c676e2ba1a5f91fdd4a1ab"},{"path":"node_modules\\one-dark-ui\\styles\\ui-variables-custom.less","digest":"912cd9b31c4db8b551f47b4d0ced938a6b62dc95"},{"path":"node_modules\\one-dark-syntax\\styles\\syntax-variables.less","digest":"4737e2c84347b1a399426a81fc903dd3ce1abb52"},{"path":"node_modules\\one-dark-syntax\\styles\\colors.less","digest":"66bba03e9aabff000a84c2839a9d3e9a9fa08e0e"},{"path":"node_modules\\one-dark-syntax\\styles\\syntax-variables.less","digest":"4737e2c84347b1a399426a81fc903dd3ce1abb52"}],"version":1}