{"digest":"3356a1beac32671788f42690a808c687abeb4a3f","css":".github-PrUrlInputBox-Container {\n  display: flex;\n  flex: 1;\n  flex-direction: row;\n}\n.github-PrUrlInputBox-Container .github-PrUrlInputBox-Subview {\n  padding: 20px;\n}\n.github-PrUrlInputBox-Container p {\n  text-align: center;\n}\n.github-PrUrlInputBox-pinButton {\n  padding: 10px;\n  border-bottom: 1px solid #181a1f;\n  cursor: default;\n}\n.github-PrUrlInputBox-pinButton + .github-PrUrlInputBox-Subview {\n  padding: 10px;\n  border-bottom: 1px solid #181a1f;\n}\n.github-PrUrlInputBox-Subview {\n  flex: 1;\n  display: flex;\n  flex-direction: column;\n  align-self: center;\n  align-items: center;\n}\n.github-PrUrlInputBox-Subview > button,\n.github-PrUrlInputBox-Subview > input {\n  margin: 10px;\n}\n.github-PrUrlInputBox-Subview .icon-git-pull-request:before {\n  width: auto;\n  font-size: 48px;\n  color: rgba(157, 165, 180, 0.6);\n}\n.github-PrUrlInputBox-Subview p {\n  font-size: 1.1em;\n  line-height: 1.5;\n  -webkit-user-select: none;\n  cursor: default;\n}\n.github-PrUrlInputBox-Subview p:last-of-type {\n  margin-bottom: 0;\n}\n.github-PrUrlInputBox-Subview p a {\n  color: #6494ed;\n}\n.github-PrUrlInputBox-Subview input[type=text] {\n  width: 100%;\n}\n","imports":[{"path":"static\\variables\\ui-variables.less","digest":"b28ed6c38c4cfce23f83a1b012a3968aa63fce4c"},{"path":"static\\variables\\syntax-variables.less","digest":"812c1b7883a023f768773d14294653adcdb932d7"},{"path":"node_modules\\github\\styles\\variables.less","digest":"9ee4e4579d5fd51444f9269f6fa5074eda5bd98d"},{"path":"static\\variables\\ui-variables.less","digest":"b28ed6c38c4cfce23f83a1b012a3968aa63fce4c"},{"path":"static\\variables\\syntax-variables.less","digest":"812c1b7883a023f768773d14294653adcdb932d7"},{"path":"node_modules\\one-dark-ui\\styles\\ui-variables.less","digest":"f0cd54bb3195577225c676e2ba1a5f91fdd4a1ab"},{"path":"node_modules\\one-dark-ui\\styles\\ui-variables-custom.less","digest":"912cd9b31c4db8b551f47b4d0ced938a6b62dc95"},{"path":"node_modules\\one-dark-syntax\\styles\\syntax-variables.less","digest":"4737e2c84347b1a399426a81fc903dd3ce1abb52"},{"path":"node_modules\\one-dark-syntax\\styles\\colors.less","digest":"66bba03e9aabff000a84c2839a9d3e9a9fa08e0e"},{"path":"node_modules\\one-dark-syntax\\styles\\syntax-variables.less","digest":"4737e2c84347b1a399426a81fc903dd3ce1abb52"}],"version":1}