{"digest":"dd1c13acecf2cc9a731fd3039a41cd519ad8f7f8","css":".github-UserMentionTooltip {\n  display: flex;\n}\n.github-UserMentionTooltip-avatar {\n  flex-basis: 50px;\n  padding-right: 10px;\n}\n.github-UserMentionTooltip-avatar > img {\n  width: 90px;\n  height: 90px;\n  border-radius: 1.5px;\n}\n.github-UserMentionTooltip-info {\n  flex: 1;\n  text-align: left;\n  line-height: 1.6;\n}\n.github-UserMentionTooltip-info > div {\n  white-space: nowrap;\n}\n.github-UserMentionTooltip-info .icon {\n  vertical-align: middle;\n}\n","imports":[{"path":"static\\variables\\ui-variables.less","digest":"b28ed6c38c4cfce23f83a1b012a3968aa63fce4c"},{"path":"static\\variables\\syntax-variables.less","digest":"812c1b7883a023f768773d14294653adcdb932d7"},{"path":"node_modules\\github\\styles\\variables.less","digest":"9ee4e4579d5fd51444f9269f6fa5074eda5bd98d"},{"path":"static\\variables\\ui-variables.less","digest":"b28ed6c38c4cfce23f83a1b012a3968aa63fce4c"},{"path":"static\\variables\\syntax-variables.less","digest":"812c1b7883a023f768773d14294653adcdb932d7"},{"path":"node_modules\\one-dark-ui\\styles\\ui-variables.less","digest":"f0cd54bb3195577225c676e2ba1a5f91fdd4a1ab"},{"path":"node_modules\\one-dark-ui\\styles\\ui-variables-custom.less","digest":"912cd9b31c4db8b551f47b4d0ced938a6b62dc95"},{"path":"node_modules\\one-dark-syntax\\styles\\syntax-variables.less","digest":"4737e2c84347b1a399426a81fc903dd3ce1abb52"},{"path":"node_modules\\one-dark-syntax\\styles\\colors.less","digest":"66bba03e9aabff000a84c2839a9d3e9a9fa08e0e"},{"path":"node_modules\\one-dark-syntax\\styles\\syntax-variables.less","digest":"4737e2c84347b1a399426a81fc903dd3ce1abb52"}],"version":1}