{"_id":"babel-helper-builder-binary-assignment-operator-visitor","_rev":"84-ee36ec361b063c7306deb9c7aa7c655f","name":"babel-helper-builder-binary-assignment-operator-visitor","description":"Helper function to build binary assignment operator visitors","dist-tags":{"latest":"6.24.1","next":"7.0.0-beta.3"},"versions":{"6.0.0":{"name":"babel-helper-builder-binary-assignment-operator-visitor","version":"6.0.0","description":"## Usage","repository":{"type":"git","url":"git+https://github.com/babel/babel.git"},"license":"MIT","main":"lib/index.js","dependencies":{"babel-helper-explode-assignable-expression":"^6.0.0","babel-runtime":"^6.0.0","babel-types":"^6.0.0"},"bugs":{"url":"https://github.com/babel/babel/issues"},"homepage":"https://github.com/babel/babel#readme","_id":"babel-helper-builder-binary-assignment-operator-visitor@6.0.0","scripts":{},"_shasum":"1f5fdd211f37ca61e6c63497278fdf073c683a1b","_from":".","_npmVersion":"2.14.3","_nodeVersion":"4.1.0","_npmUser":{"name":"sebmck","email":"sebmck@gmail.com"},"dist":{"shasum":"1f5fdd211f37ca61e6c63497278fdf073c683a1b","tarball":"https://registry.npmjs.org/babel-helper-builder-binary-assignment-operator-visitor/-/babel-helper-builder-binary-assignment-operator-visitor-6.0.0.tgz"},"maintainers":[{"name":"sebmck","email":"sebmck@gmail.com"}],"directories":{}},"6.0.2":{"name":"babel-helper-builder-binary-assignment-operator-visitor","version":"6.0.2","description":"## Usage","repository":{"type":"git","url":"git+https://github.com/babel/babel.git"},"license":"MIT","main":"lib/index.js","dependencies":{"babel-helper-explode-assignable-expression":"^6.0.2","babel-runtime":"^6.0.2","babel-types":"^6.0.2"},"bugs":{"url":"https://github.com/babel/babel/issues"},"homepage":"https://github.com/babel/babel#readme","_id":"babel-helper-builder-binary-assignment-operator-visitor@6.0.2","scripts":{},"_shasum":"b3da311893a389c7f8a640c34ec21288cd75f472","_from":".","_npmVersion":"2.14.3","_nodeVersion":"4.1.0","_npmUser":{"name":"sebmck","email":"sebmck@gmail.com"},"dist":{"shasum":"b3da311893a389c7f8a640c34ec21288cd75f472","tarball":"https://registry.npmjs.org/babel-helper-builder-binary-assignment-operator-visitor/-/babel-helper-builder-binary-assignment-operator-visitor-6.0.2.tgz"},"maintainers":[{"name":"sebmck","email":"sebmck@gmail.com"}],"directories":{}},"6.0.14":{"name":"babel-helper-builder-binary-assignment-operator-visitor","version":"6.0.14","description":"## Usage","repository":{"type":"git","url":"https://github.com/babel/babel/tree/master/packages/babel-helper-builder-binary-assignment-operator-visitor"},"license":"MIT","main":"lib/index.js","dependencies":{"babel-helper-explode-assignable-expression":"^6.0.14","babel-runtime":"^5.0.0","babel-types":"^6.0.14"},"_id":"babel-helper-builder-binary-assignment-operator-visitor@6.0.14","scripts":{},"_shasum":"980237b0ea524a18c393bd2f8d1a97da36e87992","_from":".","_npmVersion":"2.14.9","_nodeVersion":"4.1.0","_npmUser":{"name":"sebmck","email":"sebmck@gmail.com"},"dist":{"shasum":"980237b0ea524a18c393bd2f8d1a97da36e87992","tarball":"https://registry.npmjs.org/babel-helper-builder-binary-assignment-operator-visitor/-/babel-helper-builder-binary-assignment-operator-visitor-6.0.14.tgz"},"maintainers":[{"name":"sebmck","email":"sebmck@gmail.com"}],"directories":{}},"6.0.15":{"name":"babel-helper-builder-binary-assignment-operator-visitor","version":"6.0.15","description":"## Usage","repository":{"type":"git","url":"https://github.com/babel/babel/tree/master/packages/babel-helper-builder-binary-assignment-operator-visitor"},"license":"MIT","main":"lib/index.js","dependencies":{"babel-helper-explode-assignable-expression":"^6.0.15","babel-runtime":"^5.0.0","babel-types":"^6.0.15"},"_id":"babel-helper-builder-binary-assignment-operator-visitor@6.0.15","scripts":{},"_shasum":"bec04177720875aa80450c5e76f6e05bb5e3ae12","_from":".","_npmVersion":"2.14.9","_nodeVersion":"4.1.0","_npmUser":{"name":"sebmck","email":"sebmck@gmail.com"},"dist":{"shasum":"bec04177720875aa80450c5e76f6e05bb5e3ae12","tarball":"https://registry.npmjs.org/babel-helper-builder-binary-assignment-operator-visitor/-/babel-helper-builder-binary-assignment-operator-visitor-6.0.15.tgz"},"maintainers":[{"name":"sebmck","email":"sebmck@gmail.com"}],"directories":{}},"6.1.5":{"name":"babel-helper-builder-binary-assignment-operator-visitor","version":"6.1.5","description":"## Usage","repository":{"type":"git","url":"https://github.com/babel/babel/tree/master/packages/babel-helper-builder-binary-assignment-operator-visitor"},"license":"MIT","main":"lib/index.js","dependencies":{"babel-helper-explode-assignable-expression":"^6.1.5","babel-runtime":"^5.0.0","babel-types":"^6.1.5"},"_id":"babel-helper-builder-binary-assignment-operator-visitor@6.1.5","scripts":{},"_shasum":"781bfbff99eceadf7cefb13eeb7aef8c5cb87fc5","_from":".","_npmVersion":"3.3.10","_nodeVersion":"4.1.0","_npmUser":{"name":"sebmck","email":"sebmck@gmail.com"},"dist":{"shasum":"781bfbff99eceadf7cefb13eeb7aef8c5cb87fc5","tarball":"https://registry.npmjs.org/babel-helper-builder-binary-assignment-operator-visitor/-/babel-helper-builder-binary-assignment-operator-visitor-6.1.5.tgz"},"maintainers":[{"name":"sebmck","email":"sebmck@gmail.com"}],"directories":{}},"6.1.6":{"name":"babel-helper-builder-binary-assignment-operator-visitor","version":"6.1.6","description":"## Usage","repository":{"type":"git","url":"https://github.com/babel/babel/tree/master/packages/babel-helper-builder-binary-assignment-operator-visitor"},"license":"MIT","main":"lib/index.js","dependencies":{"babel-helper-explode-assignable-expression":"^6.1.6","babel-runtime":"^5.0.0","babel-types":"^6.1.6"},"_id":"babel-helper-builder-binary-assignment-operator-visitor@6.1.6","scripts":{},"_shasum":"88dafd1cf6a5e8f89aeb5f76eb1967a07bdeb456","_from":".","_npmVersion":"3.3.10","_nodeVersion":"4.1.0","_npmUser":{"name":"sebmck","email":"sebmck@gmail.com"},"dist":{"shasum":"88dafd1cf6a5e8f89aeb5f76eb1967a07bdeb456","tarball":"https://registry.npmjs.org/babel-helper-builder-binary-assignment-operator-visitor/-/babel-helper-builder-binary-assignment-operator-visitor-6.1.6.tgz"},"maintainers":[{"name":"amasad","email":"amjad.masad@gmail.com"},{"name":"sebmck","email":"sebmck@gmail.com"},{"name":"thejameskyle","email":"me@thejameskyle.com"}],"directories":{}},"6.1.7":{"name":"babel-helper-builder-binary-assignment-operator-visitor","version":"6.1.7","description":"## Usage","repository":{"type":"git","url":"https://github.com/babel/babel/tree/master/packages/babel-helper-builder-binary-assignment-operator-visitor"},"license":"MIT","main":"lib/index.js","dependencies":{"babel-helper-explode-assignable-expression":"^6.1.7","babel-runtime":"^5.0.0","babel-types":"^6.1.7"},"_id":"babel-helper-builder-binary-assignment-operator-visitor@6.1.7","scripts":{},"_shasum":"c0b45ee85dbbf8010c35325ae0930bd29de5ae7e","_from":".","_npmVersion":"3.3.10","_nodeVersion":"4.1.0","_npmUser":{"name":"sebmck","email":"sebmck@gmail.com"},"dist":{"shasum":"c0b45ee85dbbf8010c35325ae0930bd29de5ae7e","tarball":"https://registry.npmjs.org/babel-helper-builder-binary-assignment-operator-visitor/-/babel-helper-builder-binary-assignment-operator-visitor-6.1.7.tgz"},"maintainers":[{"name":"amasad","email":"amjad.masad@gmail.com"},{"name":"sebmck","email":"sebmck@gmail.com"},{"name":"thejameskyle","email":"me@thejameskyle.com"}],"directories":{}},"6.1.8":{"name":"babel-helper-builder-binary-assignment-operator-visitor","version":"6.1.8","description":"## Usage","repository":{"type":"git","url":"https://github.com/babel/babel/tree/master/packages/babel-helper-builder-binary-assignment-operator-visitor"},"license":"MIT","main":"lib/index.js","dependencies":{"babel-helper-explode-assignable-expression":"^6.1.8","babel-runtime":"^5.0.0","babel-types":"^6.1.8"},"_id":"babel-helper-builder-binary-assignment-operator-visitor@6.1.8","scripts":{},"_shasum":"946e8a721a72b3e25f30b349c7715de1be42b478","_from":".","_npmVersion":"3.3.10","_nodeVersion":"4.1.0","_npmUser":{"name":"sebmck","email":"sebmck@gmail.com"},"dist":{"shasum":"946e8a721a72b3e25f30b349c7715de1be42b478","tarball":"https://registry.npmjs.org/babel-helper-builder-binary-assignment-operator-visitor/-/babel-helper-builder-binary-assignment-operator-visitor-6.1.8.tgz"},"maintainers":[{"name":"amasad","email":"amjad.masad@gmail.com"},{"name":"sebmck","email":"sebmck@gmail.com"},{"name":"thejameskyle","email":"me@thejameskyle.com"}],"directories":{}},"6.1.9":{"name":"babel-helper-builder-binary-assignment-operator-visitor","version":"6.1.9","description":"## Usage","repository":{"type":"git","url":"https://github.com/babel/babel/tree/master/packages/babel-helper-builder-binary-assignment-operator-visitor"},"license":"MIT","main":"lib/index.js","dependencies":{"babel-helper-explode-assignable-expression":"^6.1.9","babel-runtime":"^5.0.0","babel-types":"^6.1.9"},"_id":"babel-helper-builder-binary-assignment-operator-visitor@6.1.9","scripts":{},"_shasum":"4ca4ff266e16de69cddb2b56389da9b203bd24d9","_from":".","_npmVersion":"3.3.10","_nodeVersion":"4.1.0","_npmUser":{"name":"sebmck","email":"sebmck@gmail.com"},"dist":{"shasum":"4ca4ff266e16de69cddb2b56389da9b203bd24d9","tarball":"https://registry.npmjs.org/babel-helper-builder-binary-assignment-operator-visitor/-/babel-helper-builder-binary-assignment-operator-visitor-6.1.9.tgz"},"maintainers":[{"name":"amasad","email":"amjad.masad@gmail.com"},{"name":"sebmck","email":"sebmck@gmail.com"},{"name":"thejameskyle","email":"me@thejameskyle.com"}],"directories":{}},"6.1.10":{"name":"babel-helper-builder-binary-assignment-operator-visitor","version":"6.1.10","description":"## Usage","repository":{"type":"git","url":"https://github.com/babel/babel/tree/master/packages/babel-helper-builder-binary-assignment-operator-visitor"},"license":"MIT","main":"lib/index.js","dependencies":{"babel-helper-explode-assignable-expression":"^6.1.10","babel-runtime":"^5.0.0","babel-types":"^6.1.10"},"_id":"babel-helper-builder-binary-assignment-operator-visitor@6.1.10","scripts":{},"_shasum":"51aeee8aef83320c5018b74ab502c1ae2e3c095e","_from":".","_npmVersion":"3.3.10","_nodeVersion":"4.1.0","_npmUser":{"name":"sebmck","email":"sebmck@gmail.com"},"dist":{"shasum":"51aeee8aef83320c5018b74ab502c1ae2e3c095e","tarball":"https://registry.npmjs.org/babel-helper-builder-binary-assignment-operator-visitor/-/babel-helper-builder-binary-assignment-operator-visitor-6.1.10.tgz"},"maintainers":[{"name":"amasad","email":"amjad.masad@gmail.com"},{"name":"sebmck","email":"sebmck@gmail.com"},{"name":"thejameskyle","email":"me@thejameskyle.com"}],"directories":{}},"6.1.11":{"name":"babel-helper-builder-binary-assignment-operator-visitor","version":"6.1.11","description":"## Usage","repository":{"type":"git","url":"https://github.com/babel/babel/tree/master/packages/babel-helper-builder-binary-assignment-operator-visitor"},"license":"MIT","main":"lib/index.js","dependencies":{"babel-helper-explode-assignable-expression":"^6.1.11","babel-runtime":"^5.0.0","babel-types":"^6.1.11"},"_id":"babel-helper-builder-binary-assignment-operator-visitor@6.1.11","scripts":{},"_shasum":"2facdf14ec850b19d23a14e478b25868c8395b16","_from":".","_npmVersion":"3.3.10","_nodeVersion":"4.1.0","_npmUser":{"name":"sebmck","email":"sebmck@gmail.com"},"dist":{"shasum":"2facdf14ec850b19d23a14e478b25868c8395b16","tarball":"https://registry.npmjs.org/babel-helper-builder-binary-assignment-operator-visitor/-/babel-helper-builder-binary-assignment-operator-visitor-6.1.11.tgz"},"maintainers":[{"name":"amasad","email":"amjad.masad@gmail.com"},{"name":"sebmck","email":"sebmck@gmail.com"},{"name":"thejameskyle","email":"me@thejameskyle.com"}],"directories":{}},"6.1.12":{"name":"babel-helper-builder-binary-assignment-operator-visitor","version":"6.1.12","description":"## Usage","repository":{"type":"git","url":"https://github.com/babel/babel/tree/master/packages/babel-helper-builder-binary-assignment-operator-visitor"},"license":"MIT","main":"lib/index.js","dependencies":{"babel-helper-explode-assignable-expression":"^6.1.12","babel-runtime":"^5.0.0","babel-types":"^6.1.12"},"_id":"babel-helper-builder-binary-assignment-operator-visitor@6.1.12","scripts":{},"_shasum":"e2566e4585440207eefa3f4446b7d190695ab815","_from":".","_npmVersion":"3.3.10","_nodeVersion":"4.1.0","_npmUser":{"name":"sebmck","email":"sebmck@gmail.com"},"dist":{"shasum":"e2566e4585440207eefa3f4446b7d190695ab815","tarball":"https://registry.npmjs.org/babel-helper-builder-binary-assignment-operator-visitor/-/babel-helper-builder-binary-assignment-operator-visitor-6.1.12.tgz"},"maintainers":[{"name":"amasad","email":"amjad.masad@gmail.com"},{"name":"sebmck","email":"sebmck@gmail.com"},{"name":"thejameskyle","email":"me@thejameskyle.com"}],"directories":{}},"6.1.13":{"name":"babel-helper-builder-binary-assignment-operator-visitor","version":"6.1.13","description":"## Usage","repository":{"type":"git","url":"https://github.com/babel/babel/tree/master/packages/babel-helper-builder-binary-assignment-operator-visitor"},"license":"MIT","main":"lib/index.js","dependencies":{"babel-helper-explode-assignable-expression":"^6.1.13","babel-runtime":"^5.0.0","babel-types":"^6.1.13"},"_id":"babel-helper-builder-binary-assignment-operator-visitor@6.1.13","scripts":{},"_shasum":"ee1eb321cf67aa5273c2870ba87e248dd8fb0a1f","_from":".","_npmVersion":"3.3.10","_nodeVersion":"4.1.0","_npmUser":{"name":"sebmck","email":"sebmck@gmail.com"},"dist":{"shasum":"ee1eb321cf67aa5273c2870ba87e248dd8fb0a1f","tarball":"https://registry.npmjs.org/babel-helper-builder-binary-assignment-operator-visitor/-/babel-helper-builder-binary-assignment-operator-visitor-6.1.13.tgz"},"maintainers":[{"name":"amasad","email":"amjad.masad@gmail.com"},{"name":"sebmck","email":"sebmck@gmail.com"},{"name":"thejameskyle","email":"me@thejameskyle.com"}],"directories":{}},"6.1.15":{"name":"babel-helper-builder-binary-assignment-operator-visitor","version":"6.1.15","description":"## Usage","repository":{"type":"git","url":"https://github.com/babel/babel/tree/master/packages/babel-helper-builder-binary-assignment-operator-visitor"},"license":"MIT","main":"lib/index.js","dependencies":{"babel-helper-explode-assignable-expression":"^6.1.15","babel-runtime":"^5.0.0","babel-types":"^6.1.15"},"_id":"babel-helper-builder-binary-assignment-operator-visitor@6.1.15","scripts":{},"_shasum":"eaf0b9ac95e297570052b8b6083b81e2f2e63330","_from":".","_npmVersion":"3.3.10","_nodeVersion":"4.1.0","_npmUser":{"name":"sebmck","email":"sebmck@gmail.com"},"dist":{"shasum":"eaf0b9ac95e297570052b8b6083b81e2f2e63330","tarball":"https://registry.npmjs.org/babel-helper-builder-binary-assignment-operator-visitor/-/babel-helper-builder-binary-assignment-operator-visitor-6.1.15.tgz"},"maintainers":[{"name":"amasad","email":"amjad.masad@gmail.com"},{"name":"sebmck","email":"sebmck@gmail.com"},{"name":"thejameskyle","email":"me@thejameskyle.com"}],"directories":{}},"6.1.16":{"name":"babel-helper-builder-binary-assignment-operator-visitor","version":"6.1.16","description":"## Usage","repository":{"type":"git","url":"https://github.com/babel/babel/tree/master/packages/babel-helper-builder-binary-assignment-operator-visitor"},"license":"MIT","main":"lib/index.js","dependencies":{"babel-helper-explode-assignable-expression":"^6.1.16","babel-runtime":"^5.0.0","babel-types":"^6.1.16"},"_id":"babel-helper-builder-binary-assignment-operator-visitor@6.1.16","scripts":{},"_shasum":"ffef7bb2444bf48bf99dd76a013eaa83170ae425","_from":".","_npmVersion":"3.3.10","_nodeVersion":"4.1.0","_npmUser":{"name":"sebmck","email":"sebmck@gmail.com"},"dist":{"shasum":"ffef7bb2444bf48bf99dd76a013eaa83170ae425","tarball":"https://registry.npmjs.org/babel-helper-builder-binary-assignment-operator-visitor/-/babel-helper-builder-binary-assignment-operator-visitor-6.1.16.tgz"},"maintainers":[{"name":"amasad","email":"amjad.masad@gmail.com"},{"name":"sebmck","email":"sebmck@gmail.com"},{"name":"thejameskyle","email":"me@thejameskyle.com"}],"directories":{}},"6.1.17":{"name":"babel-helper-builder-binary-assignment-operator-visitor","version":"6.1.17","description":"## Usage","repository":{"type":"git","url":"https://github.com/babel/babel/tree/master/packages/babel-helper-builder-binary-assignment-operator-visitor"},"license":"MIT","main":"lib/index.js","dependencies":{"babel-helper-explode-assignable-expression":"^6.1.17","babel-runtime":"^5.0.0","babel-types":"^6.1.17"},"_id":"babel-helper-builder-binary-assignment-operator-visitor@6.1.17","scripts":{},"_shasum":"95a879618aa20fbb6fc70f9f2bef09f6ca8549f8","_from":".","_npmVersion":"3.3.10","_nodeVersion":"4.1.0","_npmUser":{"name":"sebmck","email":"sebmck@gmail.com"},"dist":{"shasum":"95a879618aa20fbb6fc70f9f2bef09f6ca8549f8","tarball":"https://registry.npmjs.org/babel-helper-builder-binary-assignment-operator-visitor/-/babel-helper-builder-binary-assignment-operator-visitor-6.1.17.tgz"},"maintainers":[{"name":"amasad","email":"amjad.masad@gmail.com"},{"name":"sebmck","email":"sebmck@gmail.com"},{"name":"thejameskyle","email":"me@thejameskyle.com"}],"directories":{}},"6.1.18":{"name":"babel-helper-builder-binary-assignment-operator-visitor","version":"6.1.18","description":"## Usage","repository":{"type":"git","url":"https://github.com/babel/babel/tree/master/packages/babel-helper-builder-binary-assignment-operator-visitor"},"license":"MIT","main":"lib/index.js","dependencies":{"babel-helper-explode-assignable-expression":"^6.1.18","babel-runtime":"^5.0.0","babel-types":"^6.1.18"},"_id":"babel-helper-builder-binary-assignment-operator-visitor@6.1.18","scripts":{},"_shasum":"7a77bfdd04bc14f9cb6fb5e3d672303a397d43dd","_from":".","_npmVersion":"3.3.10","_nodeVersion":"4.1.0","_npmUser":{"name":"sebmck","email":"sebmck@gmail.com"},"dist":{"shasum":"7a77bfdd04bc14f9cb6fb5e3d672303a397d43dd","tarball":"https://registry.npmjs.org/babel-helper-builder-binary-assignment-operator-visitor/-/babel-helper-builder-binary-assignment-operator-visitor-6.1.18.tgz"},"maintainers":[{"name":"amasad","email":"amjad.masad@gmail.com"},{"name":"sebmck","email":"sebmck@gmail.com"},{"name":"thejameskyle","email":"me@thejameskyle.com"}],"directories":{}},"6.2.4":{"name":"babel-helper-builder-binary-assignment-operator-visitor","version":"6.2.4","description":"## Usage","repository":{"type":"git","url":"https://github.com/babel/babel/tree/master/packages/babel-helper-builder-binary-assignment-operator-visitor"},"license":"MIT","main":"lib/index.js","dependencies":{"babel-helper-explode-assignable-expression":"^6.2.4","babel-runtime":"^5.0.0","babel-types":"^6.2.4"},"_id":"babel-helper-builder-binary-assignment-operator-visitor@6.2.4","scripts":{},"_shasum":"0a610858b26b5662ba3760246ecebe10975f3c58","_from":".","_npmVersion":"3.3.10","_nodeVersion":"4.1.0","_npmUser":{"name":"sebmck","email":"sebmck@gmail.com"},"dist":{"shasum":"0a610858b26b5662ba3760246ecebe10975f3c58","tarball":"https://registry.npmjs.org/babel-helper-builder-binary-assignment-operator-visitor/-/babel-helper-builder-binary-assignment-operator-visitor-6.2.4.tgz"},"maintainers":[{"name":"amasad","email":"amjad.masad@gmail.com"},{"name":"sebmck","email":"sebmck@gmail.com"},{"name":"thejameskyle","email":"me@thejameskyle.com"}],"directories":{}},"6.3.13":{"name":"babel-helper-builder-binary-assignment-operator-visitor","version":"6.3.13","description":"## Usage","repository":{"type":"git","url":"https://github.com/babel/babel/tree/master/packages/babel-helper-builder-binary-assignment-operator-visitor"},"license":"MIT","main":"lib/index.js","dependencies":{"babel-helper-explode-assignable-expression":"^6.3.13","babel-runtime":"^5.0.0","babel-types":"^6.3.13"},"_id":"babel-helper-builder-binary-assignment-operator-visitor@6.3.13","scripts":{},"_shasum":"90a892c4f384baa072dae7d372628f0e5d8e89bc","_from":".","_npmVersion":"3.3.10","_nodeVersion":"4.1.0","_npmUser":{"name":"sebmck","email":"sebmck@gmail.com"},"dist":{"shasum":"90a892c4f384baa072dae7d372628f0e5d8e89bc","tarball":"https://registry.npmjs.org/babel-helper-builder-binary-assignment-operator-visitor/-/babel-helper-builder-binary-assignment-operator-visitor-6.3.13.tgz"},"maintainers":[{"name":"amasad","email":"amjad.masad@gmail.com"},{"name":"hzoo","email":"hi@henryzoo.com"},{"name":"jmm","email":"npm-public@jessemccarthy.net"},{"name":"loganfsmyth","email":"loganfsmyth@gmail.com"},{"name":"sebmck","email":"sebmck@gmail.com"},{"name":"thejameskyle","email":"me@thejameskyle.com"}],"directories":{}},"6.5.0":{"name":"babel-helper-builder-binary-assignment-operator-visitor","version":"6.5.0","description":"## Usage","repository":{"type":"git","url":"https://github.com/babel/babel/tree/master/packages/babel-helper-builder-binary-assignment-operator-visitor"},"license":"MIT","main":"lib/index.js","dependencies":{"babel-helper-explode-assignable-expression":"^6.3.13","babel-runtime":"^5.0.0","babel-types":"^6.3.13"},"_id":"babel-helper-builder-binary-assignment-operator-visitor@6.5.0","scripts":{},"_shasum":"2e6d99ae9a50deca786e6d57fb4b688f3cf9b32c","_from":".","_npmVersion":"3.6.0","_nodeVersion":"5.1.0","_npmUser":{"name":"hzoo","email":"hi@henryzoo.com"},"dist":{"shasum":"2e6d99ae9a50deca786e6d57fb4b688f3cf9b32c","tarball":"https://registry.npmjs.org/babel-helper-builder-binary-assignment-operator-visitor/-/babel-helper-builder-binary-assignment-operator-visitor-6.5.0.tgz"},"maintainers":[{"name":"amasad","email":"amjad.masad@gmail.com"},{"name":"hzoo","email":"hi@henryzoo.com"},{"name":"jmm","email":"npm-public@jessemccarthy.net"},{"name":"loganfsmyth","email":"loganfsmyth@gmail.com"},{"name":"sebmck","email":"sebmck@gmail.com"},{"name":"thejameskyle","email":"me@thejameskyle.com"}],"_npmOperationalInternal":{"host":"packages-6-west.internal.npmjs.com","tmp":"tmp/babel-helper-builder-binary-assignment-operator-visitor-6.5.0.tgz_1454803608718_0.8346059923060238"},"directories":{}},"6.5.0-1":{"name":"babel-helper-builder-binary-assignment-operator-visitor","version":"6.5.0-1","description":"## Usage","repository":{"type":"git","url":"https://github.com/babel/babel/tree/master/packages/babel-helper-builder-binary-assignment-operator-visitor"},"license":"MIT","main":"lib/index.js","dependencies":{"babel-helper-explode-assignable-expression":"^6.5.0-1","babel-runtime":"^5.0.0","babel-types":"^6.5.0-1"},"_id":"babel-helper-builder-binary-assignment-operator-visitor@6.5.0-1","scripts":{},"_shasum":"63deb2107829f1716288431fed9e675e64851ce2","_from":".","_npmVersion":"3.6.0","_nodeVersion":"5.1.0","_npmUser":{"name":"hzoo","email":"hi@henryzoo.com"},"dist":{"shasum":"63deb2107829f1716288431fed9e675e64851ce2","tarball":"https://registry.npmjs.org/babel-helper-builder-binary-assignment-operator-visitor/-/babel-helper-builder-binary-assignment-operator-visitor-6.5.0-1.tgz"},"maintainers":[{"name":"amasad","email":"amjad.masad@gmail.com"},{"name":"hzoo","email":"hi@henryzoo.com"},{"name":"jmm","email":"npm-public@jessemccarthy.net"},{"name":"loganfsmyth","email":"loganfsmyth@gmail.com"},{"name":"sebmck","email":"sebmck@gmail.com"},{"name":"thejameskyle","email":"me@thejameskyle.com"}],"_npmOperationalInternal":{"host":"packages-9-west.internal.npmjs.com","tmp":"tmp/babel-helper-builder-binary-assignment-operator-visitor-6.5.0-1.tgz_1454812776175_0.026195820420980453"},"directories":{}},"6.6.0":{"name":"babel-helper-builder-binary-assignment-operator-visitor","version":"6.6.0","description":"## Usage","repository":{"type":"git","url":"https://github.com/babel/babel/tree/master/packages/babel-helper-builder-binary-assignment-operator-visitor"},"license":"MIT","main":"lib/index.js","dependencies":{"babel-helper-explode-assignable-expression":"^6.3.13","babel-runtime":"^5.0.0","babel-types":"^6.6.0"},"_id":"babel-helper-builder-binary-assignment-operator-visitor@6.6.0","scripts":{},"_shasum":"774c279ce9a154f766b516a3137a4d1d8ec1488a","_from":".","_npmVersion":"3.6.0","_nodeVersion":"5.1.0","_npmUser":{"name":"hzoo","email":"hi@henryzoo.com"},"dist":{"shasum":"774c279ce9a154f766b516a3137a4d1d8ec1488a","tarball":"https://registry.npmjs.org/babel-helper-builder-binary-assignment-operator-visitor/-/babel-helper-builder-binary-assignment-operator-visitor-6.6.0.tgz"},"maintainers":[{"name":"amasad","email":"amjad.masad@gmail.com"},{"name":"hzoo","email":"hi@henryzoo.com"},{"name":"jmm","email":"npm-public@jessemccarthy.net"},{"name":"loganfsmyth","email":"loganfsmyth@gmail.com"},{"name":"sebmck","email":"sebmck@gmail.com"},{"name":"thejameskyle","email":"me@thejameskyle.com"}],"_npmOperationalInternal":{"host":"packages-6-west.internal.npmjs.com","tmp":"tmp/babel-helper-builder-binary-assignment-operator-visitor-6.6.0.tgz_1456780341557_0.053860818734392524"},"directories":{}},"6.6.5":{"name":"babel-helper-builder-binary-assignment-operator-visitor","version":"6.6.5","description":"## Usage","repository":{"type":"git","url":"https://github.com/babel/babel/tree/master/packages/babel-helper-builder-binary-assignment-operator-visitor"},"license":"MIT","main":"lib/index.js","dependencies":{"babel-helper-explode-assignable-expression":"^6.6.5","babel-runtime":"^5.0.0","babel-types":"^6.6.5"},"_id":"babel-helper-builder-binary-assignment-operator-visitor@6.6.5","scripts":{},"_shasum":"e7023d750cbe454749513c77eb6d5ea28b428c0f","_from":".","_npmVersion":"3.6.0","_nodeVersion":"5.1.0","_npmUser":{"name":"hzoo","email":"hi@henryzoo.com"},"dist":{"shasum":"e7023d750cbe454749513c77eb6d5ea28b428c0f","tarball":"https://registry.npmjs.org/babel-helper-builder-binary-assignment-operator-visitor/-/babel-helper-builder-binary-assignment-operator-visitor-6.6.5.tgz"},"maintainers":[{"name":"amasad","email":"amjad.masad@gmail.com"},{"name":"hzoo","email":"hi@henryzoo.com"},{"name":"jmm","email":"npm-public@jessemccarthy.net"},{"name":"loganfsmyth","email":"loganfsmyth@gmail.com"},{"name":"sebmck","email":"sebmck@gmail.com"},{"name":"thejameskyle","email":"me@thejameskyle.com"}],"_npmOperationalInternal":{"host":"packages-13-west.internal.npmjs.com","tmp":"tmp/babel-helper-builder-binary-assignment-operator-visitor-6.6.5.tgz_1457133385345_0.15788508555851877"},"directories":{}},"6.8.0":{"name":"babel-helper-builder-binary-assignment-operator-visitor","version":"6.8.0","description":"## Usage","repository":{"type":"git","url":"https://github.com/babel/babel/tree/master/packages/babel-helper-builder-binary-assignment-operator-visitor"},"license":"MIT","main":"lib/index.js","dependencies":{"babel-helper-explode-assignable-expression":"^6.8.0","babel-runtime":"^6.0.0","babel-types":"^6.8.0"},"_id":"babel-helper-builder-binary-assignment-operator-visitor@6.8.0","scripts":{},"_shasum":"bb165c0705d242f6c5d98612d9d013544edec593","_from":".","_npmVersion":"3.8.6","_nodeVersion":"5.1.0","_npmUser":{"name":"hzoo","email":"hi@henryzoo.com"},"maintainers":[{"name":"amasad","email":"amjad.masad@gmail.com"},{"name":"hzoo","email":"hi@henryzoo.com"},{"name":"jmm","email":"npm-public@jessemccarthy.net"},{"name":"loganfsmyth","email":"loganfsmyth@gmail.com"},{"name":"sebmck","email":"sebmck@gmail.com"},{"name":"thejameskyle","email":"me@thejameskyle.com"}],"dist":{"shasum":"bb165c0705d242f6c5d98612d9d013544edec593","tarball":"https://registry.npmjs.org/babel-helper-builder-binary-assignment-operator-visitor/-/babel-helper-builder-binary-assignment-operator-visitor-6.8.0.tgz"},"_npmOperationalInternal":{"host":"packages-12-west.internal.npmjs.com","tmp":"tmp/babel-helper-builder-binary-assignment-operator-visitor-6.8.0.tgz_1462232634621_0.3811351377516985"},"directories":{}},"6.15.0":{"name":"babel-helper-builder-binary-assignment-operator-visitor","version":"6.15.0","description":"## Usage","repository":{"type":"git","url":"https://github.com/babel/babel/tree/master/packages/babel-helper-builder-binary-assignment-operator-visitor"},"license":"MIT","main":"lib/index.js","dependencies":{"babel-helper-explode-assignable-expression":"^6.8.0","babel-runtime":"^6.0.0","babel-types":"^6.15.0"},"_id":"babel-helper-builder-binary-assignment-operator-visitor@6.15.0","scripts":{},"_shasum":"39e9ee143f797b642262e4646c681c32089ef1ab","_from":".","_npmVersion":"3.10.6","_nodeVersion":"5.11.1","_npmUser":{"name":"hzoo","email":"hi@henryzoo.com"},"dist":{"shasum":"39e9ee143f797b642262e4646c681c32089ef1ab","tarball":"https://registry.npmjs.org/babel-helper-builder-binary-assignment-operator-visitor/-/babel-helper-builder-binary-assignment-operator-visitor-6.15.0.tgz"},"maintainers":[{"name":"amasad","email":"amjad.masad@gmail.com"},{"name":"hzoo","email":"hi@henryzoo.com"},{"name":"jmm","email":"npm-public@jessemccarthy.net"},{"name":"loganfsmyth","email":"loganfsmyth@gmail.com"},{"name":"sebmck","email":"sebmck@gmail.com"},{"name":"thejameskyle","email":"me@thejameskyle.com"}],"_npmOperationalInternal":{"host":"packages-16-east.internal.npmjs.com","tmp":"tmp/babel-helper-builder-binary-assignment-operator-visitor-6.15.0.tgz_1472742188007_0.6611878981348127"},"directories":{}},"6.18.0":{"name":"babel-helper-builder-binary-assignment-operator-visitor","version":"6.18.0","description":"Helper function to build binary assignment operator visitors","repository":{"type":"git","url":"https://github.com/babel/babel/tree/master/packages/babel-helper-builder-binary-assignment-operator-visitor"},"license":"MIT","main":"lib/index.js","dependencies":{"babel-helper-explode-assignable-expression":"^6.18.0","babel-runtime":"^6.0.0","babel-types":"^6.18.0"},"_id":"babel-helper-builder-binary-assignment-operator-visitor@6.18.0","scripts":{},"_shasum":"8ae814989f7a53682152e3401a04fabd0bb333a6","_from":".","_npmVersion":"3.10.8","_nodeVersion":"6.9.0","_npmUser":{"name":"hzoo","email":"hi@henryzoo.com"},"dist":{"shasum":"8ae814989f7a53682152e3401a04fabd0bb333a6","tarball":"https://registry.npmjs.org/babel-helper-builder-binary-assignment-operator-visitor/-/babel-helper-builder-binary-assignment-operator-visitor-6.18.0.tgz"},"maintainers":[{"name":"amasad","email":"amjad.masad@gmail.com"},{"name":"hzoo","email":"hi@henryzoo.com"},{"name":"jmm","email":"npm-public@jessemccarthy.net"},{"name":"loganfsmyth","email":"loganfsmyth@gmail.com"},{"name":"sebmck","email":"sebmck@gmail.com"},{"name":"thejameskyle","email":"me@thejameskyle.com"}],"_npmOperationalInternal":{"host":"packages-18-east.internal.npmjs.com","tmp":"tmp/babel-helper-builder-binary-assignment-operator-visitor-6.18.0.tgz_1477343920853_0.4845627639442682"},"directories":{}},"6.22.0":{"name":"babel-helper-builder-binary-assignment-operator-visitor","version":"6.22.0","description":"Helper function to build binary assignment operator visitors","repository":{"type":"git","url":"https://github.com/babel/babel/tree/master/packages/babel-helper-builder-binary-assignment-operator-visitor"},"license":"MIT","main":"lib/index.js","dependencies":{"babel-helper-explode-assignable-expression":"^6.22.0","babel-runtime":"^6.22.0","babel-types":"^6.22.0"},"_id":"babel-helper-builder-binary-assignment-operator-visitor@6.22.0","scripts":{},"_shasum":"29df56be144d81bdeac08262bfa41d2c5e91cdcd","_from":".","_npmVersion":"3.10.10","_nodeVersion":"6.9.0","_npmUser":{"name":"hzoo","email":"hi@henryzoo.com"},"dist":{"shasum":"29df56be144d81bdeac08262bfa41d2c5e91cdcd","tarball":"https://registry.npmjs.org/babel-helper-builder-binary-assignment-operator-visitor/-/babel-helper-builder-binary-assignment-operator-visitor-6.22.0.tgz"},"maintainers":[{"name":"amasad","email":"amjad.masad@gmail.com"},{"name":"hzoo","email":"hi@henryzoo.com"},{"name":"jmm","email":"npm-public@jessemccarthy.net"},{"name":"loganfsmyth","email":"loganfsmyth@gmail.com"},{"name":"sebmck","email":"sebmck@gmail.com"},{"name":"thejameskyle","email":"me@thejameskyle.com"}],"_npmOperationalInternal":{"host":"packages-12-west.internal.npmjs.com","tmp":"tmp/babel-helper-builder-binary-assignment-operator-visitor-6.22.0.tgz_1484872406861_0.2887410060502589"},"directories":{}},"7.0.0-alpha.1":{"name":"babel-helper-builder-binary-assignment-operator-visitor","version":"7.0.0-alpha.1","description":"Helper function to build binary assignment operator visitors","repository":{"type":"git","url":"https://github.com/babel/babel/tree/master/packages/babel-helper-builder-binary-assignment-operator-visitor"},"license":"MIT","main":"lib/index.js","dependencies":{"babel-helper-explode-assignable-expression":"7.0.0-alpha.1","babel-types":"7.0.0-alpha.1"},"_id":"babel-helper-builder-binary-assignment-operator-visitor@7.0.0-alpha.1","scripts":{},"_shasum":"53a9c373ef7cfcb93303539c2124d8409277e73f","_from":".","_npmVersion":"3.10.10","_nodeVersion":"6.9.0","_npmUser":{"name":"hzoo","email":"hi@henryzoo.com"},"dist":{"shasum":"53a9c373ef7cfcb93303539c2124d8409277e73f","tarball":"https://registry.npmjs.org/babel-helper-builder-binary-assignment-operator-visitor/-/babel-helper-builder-binary-assignment-operator-visitor-7.0.0-alpha.1.tgz"},"maintainers":[{"name":"amasad","email":"amjad.masad@gmail.com"},{"name":"hzoo","email":"hi@henryzoo.com"},{"name":"jmm","email":"npm-public@jessemccarthy.net"},{"name":"loganfsmyth","email":"loganfsmyth@gmail.com"},{"name":"sebmck","email":"sebmck@gmail.com"},{"name":"thejameskyle","email":"me@thejameskyle.com"}],"_npmOperationalInternal":{"host":"packages-18-east.internal.npmjs.com","tmp":"tmp/babel-helper-builder-binary-assignment-operator-visitor-7.0.0-alpha.1.tgz_1488488742231_0.4727289234288037"},"directories":{}},"7.0.0-alpha.3":{"name":"babel-helper-builder-binary-assignment-operator-visitor","version":"7.0.0-alpha.3","description":"Helper function to build binary assignment operator visitors","repository":{"type":"git","url":"https://github.com/babel/babel/tree/master/packages/babel-helper-builder-binary-assignment-operator-visitor"},"license":"MIT","main":"lib/index.js","dependencies":{"babel-helper-explode-assignable-expression":"7.0.0-alpha.3","babel-types":"7.0.0-alpha.3"},"_id":"babel-helper-builder-binary-assignment-operator-visitor@7.0.0-alpha.3","scripts":{},"_shasum":"36d95f05539d19e56a93f52f147c772367c53ca5","_from":".","_npmVersion":"3.10.10","_nodeVersion":"6.9.0","_npmUser":{"name":"hzoo","email":"hi@henryzoo.com"},"dist":{"shasum":"36d95f05539d19e56a93f52f147c772367c53ca5","tarball":"https://registry.npmjs.org/babel-helper-builder-binary-assignment-operator-visitor/-/babel-helper-builder-binary-assignment-operator-visitor-7.0.0-alpha.3.tgz"},"maintainers":[{"name":"amasad","email":"amjad.masad@gmail.com"},{"name":"hzoo","email":"hi@henryzoo.com"},{"name":"jmm","email":"npm-public@jessemccarthy.net"},{"name":"loganfsmyth","email":"loganfsmyth@gmail.com"},{"name":"sebmck","email":"sebmck@gmail.com"},{"name":"thejameskyle","email":"me@thejameskyle.com"}],"_npmOperationalInternal":{"host":"packages-12-west.internal.npmjs.com","tmp":"tmp/babel-helper-builder-binary-assignment-operator-visitor-7.0.0-alpha.3.tgz_1490298583945_0.6283574437256902"},"directories":{}},"7.0.0-alpha.7":{"name":"babel-helper-builder-binary-assignment-operator-visitor","version":"7.0.0-alpha.7","description":"Helper function to build binary assignment operator visitors","repository":{"type":"git","url":"https://github.com/babel/babel/tree/master/packages/babel-helper-builder-binary-assignment-operator-visitor"},"license":"MIT","main":"lib/index.js","dependencies":{"babel-helper-explode-assignable-expression":"7.0.0-alpha.7","babel-types":"7.0.0-alpha.7"},"_id":"babel-helper-builder-binary-assignment-operator-visitor@7.0.0-alpha.7","scripts":{},"_shasum":"5c909122947ac486f1d3a84836327e9cd9553980","_from":".","_npmVersion":"3.10.10","_nodeVersion":"6.9.0","_npmUser":{"name":"hzoo","email":"hi@henryzoo.com"},"dist":{"shasum":"5c909122947ac486f1d3a84836327e9cd9553980","tarball":"https://registry.npmjs.org/babel-helper-builder-binary-assignment-operator-visitor/-/babel-helper-builder-binary-assignment-operator-visitor-7.0.0-alpha.7.tgz"},"maintainers":[{"name":"amasad","email":"amjad.masad@gmail.com"},{"name":"hzoo","email":"hi@henryzoo.com"},{"name":"jmm","email":"npm-public@jessemccarthy.net"},{"name":"loganfsmyth","email":"loganfsmyth@gmail.com"},{"name":"sebmck","email":"sebmck@gmail.com"},{"name":"thejameskyle","email":"me@thejameskyle.com"}],"_npmOperationalInternal":{"host":"packages-18-east.internal.npmjs.com","tmp":"tmp/babel-helper-builder-binary-assignment-operator-visitor-7.0.0-alpha.7.tgz_1491426854164_0.7132191329728812"},"directories":{}},"6.24.1":{"name":"babel-helper-builder-binary-assignment-operator-visitor","version":"6.24.1","description":"Helper function to build binary assignment operator visitors","repository":{"type":"git","url":"https://github.com/babel/babel/tree/master/packages/babel-helper-builder-binary-assignment-operator-visitor"},"license":"MIT","main":"lib/index.js","dependencies":{"babel-helper-explode-assignable-expression":"^6.24.1","babel-runtime":"^6.22.0","babel-types":"^6.24.1"},"_id":"babel-helper-builder-binary-assignment-operator-visitor@6.24.1","scripts":{},"_shasum":"cce4517ada356f4220bcae8a02c2b346f9a56664","_from":".","_npmVersion":"3.10.10","_nodeVersion":"6.9.0","_npmUser":{"name":"hzoo","email":"hi@henryzoo.com"},"dist":{"shasum":"cce4517ada356f4220bcae8a02c2b346f9a56664","tarball":"https://registry.npmjs.org/babel-helper-builder-binary-assignment-operator-visitor/-/babel-helper-builder-binary-assignment-operator-visitor-6.24.1.tgz"},"maintainers":[{"name":"amasad","email":"amjad.masad@gmail.com"},{"name":"hzoo","email":"hi@henryzoo.com"},{"name":"jmm","email":"npm-public@jessemccarthy.net"},{"name":"loganfsmyth","email":"loganfsmyth@gmail.com"},{"name":"sebmck","email":"sebmck@gmail.com"},{"name":"thejameskyle","email":"me@thejameskyle.com"}],"_npmOperationalInternal":{"host":"packages-18-east.internal.npmjs.com","tmp":"tmp/babel-helper-builder-binary-assignment-operator-visitor-6.24.1.tgz_1491578357045_0.2605686045717448"},"directories":{}},"7.0.0-alpha.8":{"name":"babel-helper-builder-binary-assignment-operator-visitor","version":"7.0.0-alpha.8","description":"Helper function to build binary assignment operator visitors","repository":{"type":"git","url":"https://github.com/babel/babel/tree/master/packages/babel-helper-builder-binary-assignment-operator-visitor"},"license":"MIT","main":"lib/index.js","dependencies":{"babel-helper-explode-assignable-expression":"7.0.0-alpha.8","babel-types":"7.0.0-alpha.7"},"_id":"babel-helper-builder-binary-assignment-operator-visitor@7.0.0-alpha.8","scripts":{},"_shasum":"38daf02a4854f62ca3cc3accc731faa24dc018dd","_from":".","_npmVersion":"3.10.10","_nodeVersion":"6.9.0","_npmUser":{"name":"hzoo","email":"hi@henryzoo.com"},"dist":{"shasum":"38daf02a4854f62ca3cc3accc731faa24dc018dd","tarball":"https://registry.npmjs.org/babel-helper-builder-binary-assignment-operator-visitor/-/babel-helper-builder-binary-assignment-operator-visitor-7.0.0-alpha.8.tgz"},"maintainers":[{"name":"amasad","email":"amjad.masad@gmail.com"},{"name":"hzoo","email":"hi@henryzoo.com"},{"name":"jmm","email":"npm-public@jessemccarthy.net"},{"name":"loganfsmyth","email":"loganfsmyth@gmail.com"},{"name":"sebmck","email":"sebmck@gmail.com"},{"name":"thejameskyle","email":"me@thejameskyle.com"}],"_npmOperationalInternal":{"host":"packages-18-east.internal.npmjs.com","tmp":"tmp/babel-helper-builder-binary-assignment-operator-visitor-7.0.0-alpha.8.tgz_1492456389081_0.2807926293462515"},"directories":{}},"7.0.0-alpha.9":{"name":"babel-helper-builder-binary-assignment-operator-visitor","version":"7.0.0-alpha.9","description":"Helper function to build binary assignment operator visitors","repository":{"type":"git","url":"https://github.com/babel/babel/tree/master/packages/babel-helper-builder-binary-assignment-operator-visitor"},"license":"MIT","main":"lib/index.js","dependencies":{"babel-helper-explode-assignable-expression":"7.0.0-alpha.9","babel-types":"7.0.0-alpha.9"},"_id":"babel-helper-builder-binary-assignment-operator-visitor@7.0.0-alpha.9","scripts":{},"_shasum":"e4fba3497096df735c50fab945f61917bb4f6dff","_from":".","_npmVersion":"3.10.10","_nodeVersion":"6.9.0","_npmUser":{"name":"hzoo","email":"hi@henryzoo.com"},"dist":{"shasum":"e4fba3497096df735c50fab945f61917bb4f6dff","tarball":"https://registry.npmjs.org/babel-helper-builder-binary-assignment-operator-visitor/-/babel-helper-builder-binary-assignment-operator-visitor-7.0.0-alpha.9.tgz"},"maintainers":[{"name":"amasad","email":"amjad.masad@gmail.com"},{"name":"hzoo","email":"hi@henryzoo.com"},{"name":"jmm","email":"npm-public@jessemccarthy.net"},{"name":"loganfsmyth","email":"loganfsmyth@gmail.com"},{"name":"sebmck","email":"sebmck@gmail.com"},{"name":"thejameskyle","email":"me@thejameskyle.com"}],"_npmOperationalInternal":{"host":"packages-18-east.internal.npmjs.com","tmp":"tmp/babel-helper-builder-binary-assignment-operator-visitor-7.0.0-alpha.9.tgz_1492526535748_0.6129749538376927"},"directories":{}},"7.0.0-alpha.10":{"name":"babel-helper-builder-binary-assignment-operator-visitor","version":"7.0.0-alpha.10","description":"Helper function to build binary assignment operator visitors","repository":{"type":"git","url":"https://github.com/babel/babel/tree/master/packages/babel-helper-builder-binary-assignment-operator-visitor"},"license":"MIT","main":"lib/index.js","dependencies":{"babel-helper-explode-assignable-expression":"7.0.0-alpha.10","babel-types":"7.0.0-alpha.10"},"_id":"babel-helper-builder-binary-assignment-operator-visitor@7.0.0-alpha.10","scripts":{},"_shasum":"7a9d98abc232291e8abf3bb17a0a64f8b7e4ce45","_from":".","_npmVersion":"3.10.10","_nodeVersion":"6.9.0","_npmUser":{"name":"hzoo","email":"hi@henryzoo.com"},"dist":{"shasum":"7a9d98abc232291e8abf3bb17a0a64f8b7e4ce45","tarball":"https://registry.npmjs.org/babel-helper-builder-binary-assignment-operator-visitor/-/babel-helper-builder-binary-assignment-operator-visitor-7.0.0-alpha.10.tgz"},"maintainers":[{"email":"daniel@tschinder.de","name":"danez"},{"email":"hi@henryzoo.com","name":"hzoo"},{"email":"loganfsmyth@gmail.com","name":"loganfsmyth"}],"_npmOperationalInternal":{"host":"s3://npm-registry-packages","tmp":"tmp/babel-helper-builder-binary-assignment-operator-visitor-7.0.0-alpha.10.tgz_1495739861172_0.7428915523923934"},"directories":{}},"7.0.0-alpha.11":{"name":"babel-helper-builder-binary-assignment-operator-visitor","version":"7.0.0-alpha.11","description":"Helper function to build binary assignment operator visitors","repository":{"type":"git","url":"https://github.com/babel/babel/tree/master/packages/babel-helper-builder-binary-assignment-operator-visitor"},"license":"MIT","main":"lib/index.js","dependencies":{"babel-helper-explode-assignable-expression":"7.0.0-alpha.11","babel-types":"7.0.0-alpha.11"},"_id":"babel-helper-builder-binary-assignment-operator-visitor@7.0.0-alpha.11","_npmVersion":"5.0.0","_nodeVersion":"6.9.0","_npmUser":{"name":"hzoo","email":"hi@henryzoo.com"},"dist":{"integrity":"sha512-vMQpLio494fg9VsOcPHF+c3sNYGNt/OOQucYGq3GpfyuzXHGOF61zFTgHgkeIlNRQXPZjj9tdoChYr51JAMdBw==","shasum":"b11933488c4e9c6c285c4d6c7a5515a662fe3c23","tarball":"https://registry.npmjs.org/babel-helper-builder-binary-assignment-operator-visitor/-/babel-helper-builder-binary-assignment-operator-visitor-7.0.0-alpha.11.tgz"},"maintainers":[{"email":"sebmck@gmail.com","name":"sebmck"},{"email":"daniel@tschinder.de","name":"danez"},{"email":"hi@henryzoo.com","name":"hzoo"},{"email":"loganfsmyth@gmail.com","name":"loganfsmyth"}],"_npmOperationalInternal":{"host":"s3://npm-registry-packages","tmp":"tmp/babel-helper-builder-binary-assignment-operator-visitor-7.0.0-alpha.11.tgz_1496263432479_0.2538347286172211"},"directories":{}},"7.0.0-alpha.12":{"name":"babel-helper-builder-binary-assignment-operator-visitor","version":"7.0.0-alpha.12","description":"Helper function to build binary assignment operator visitors","repository":{"type":"git","url":"https://github.com/babel/babel/tree/master/packages/babel-helper-builder-binary-assignment-operator-visitor"},"license":"MIT","main":"lib/index.js","dependencies":{"babel-helper-explode-assignable-expression":"7.0.0-alpha.12","babel-types":"7.0.0-alpha.12"},"_id":"babel-helper-builder-binary-assignment-operator-visitor@7.0.0-alpha.12","_npmVersion":"5.0.0","_nodeVersion":"6.9.0","_npmUser":{"name":"hzoo","email":"hi@henryzoo.com"},"dist":{"integrity":"sha512-XAkJAZnCCjRJiuqIPw+ECyS7y44wJEe7qLRJ5mW+2/UkDA3aysS5Rsh5+w78Bjv3veFCJn8dNbqRB8PiJWH7Jw==","shasum":"60b19d499ef29cc9e52e6a5cedc5809a443278a8","tarball":"https://registry.npmjs.org/babel-helper-builder-binary-assignment-operator-visitor/-/babel-helper-builder-binary-assignment-operator-visitor-7.0.0-alpha.12.tgz"},"maintainers":[{"email":"sebmck@gmail.com","name":"sebmck"},{"email":"daniel@tschinder.de","name":"danez"},{"email":"hi@henryzoo.com","name":"hzoo"},{"email":"loganfsmyth@gmail.com","name":"loganfsmyth"}],"_npmOperationalInternal":{"host":"s3://npm-registry-packages","tmp":"tmp/babel-helper-builder-binary-assignment-operator-visitor-7.0.0-alpha.12.tgz_1496265128593_0.9858347030822188"},"directories":{}},"7.0.0-alpha.14":{"name":"babel-helper-builder-binary-assignment-operator-visitor","version":"7.0.0-alpha.14","description":"Helper function to build binary assignment operator visitors","repository":{"type":"git","url":"https://github.com/babel/babel/tree/master/packages/babel-helper-builder-binary-assignment-operator-visitor"},"license":"MIT","main":"lib/index.js","dependencies":{"babel-helper-explode-assignable-expression":"7.0.0-alpha.14","babel-types":"7.0.0-alpha.14"},"_id":"babel-helper-builder-binary-assignment-operator-visitor@7.0.0-alpha.14","scripts":{},"_shasum":"a69c99cc28d1f3846447fb8732d058fabf11afbb","_from":".","_npmVersion":"4.6.1","_nodeVersion":"6.9.0","_npmUser":{"name":"hzoo","email":"hi@henryzoo.com"},"dist":{"shasum":"a69c99cc28d1f3846447fb8732d058fabf11afbb","tarball":"https://registry.npmjs.org/babel-helper-builder-binary-assignment-operator-visitor/-/babel-helper-builder-binary-assignment-operator-visitor-7.0.0-alpha.14.tgz"},"maintainers":[{"email":"sebmck@gmail.com","name":"sebmck"},{"email":"daniel@tschinder.de","name":"danez"},{"email":"hi@henryzoo.com","name":"hzoo"},{"email":"loganfsmyth@gmail.com","name":"loganfsmyth"}],"_npmOperationalInternal":{"host":"s3://npm-registry-packages","tmp":"tmp/babel-helper-builder-binary-assignment-operator-visitor-7.0.0-alpha.14.tgz_1499828062122_0.1798926661722362"},"directories":{}},"7.0.0-alpha.15":{"name":"babel-helper-builder-binary-assignment-operator-visitor","version":"7.0.0-alpha.15","description":"Helper function to build binary assignment operator visitors","repository":{"type":"git","url":"https://github.com/babel/babel/tree/master/packages/babel-helper-builder-binary-assignment-operator-visitor"},"license":"MIT","main":"lib/index.js","dependencies":{"babel-helper-explode-assignable-expression":"7.0.0-alpha.15","babel-types":"7.0.0-alpha.15"},"_id":"babel-helper-builder-binary-assignment-operator-visitor@7.0.0-alpha.15","scripts":{},"_shasum":"67104d0ca28fefd3fd5cbba8b7f780144a116a7c","_from":".","_npmVersion":"4.6.1","_nodeVersion":"6.9.0","_npmUser":{"name":"hzoo","email":"hi@henryzoo.com"},"dist":{"shasum":"67104d0ca28fefd3fd5cbba8b7f780144a116a7c","tarball":"https://registry.npmjs.org/babel-helper-builder-binary-assignment-operator-visitor/-/babel-helper-builder-binary-assignment-operator-visitor-7.0.0-alpha.15.tgz"},"maintainers":[{"email":"sebmck@gmail.com","name":"sebmck"},{"email":"daniel@tschinder.de","name":"danez"},{"email":"hi@henryzoo.com","name":"hzoo"},{"email":"loganfsmyth@gmail.com","name":"loganfsmyth"}],"_npmOperationalInternal":{"host":"s3://npm-registry-packages","tmp":"tmp/babel-helper-builder-binary-assignment-operator-visitor-7.0.0-alpha.15.tgz_1499830599212_0.35090986103750765"},"directories":{}},"7.0.0-alpha.16":{"name":"babel-helper-builder-binary-assignment-operator-visitor","version":"7.0.0-alpha.16","description":"Helper function to build binary assignment operator visitors","repository":{"type":"git","url":"https://github.com/babel/babel/tree/master/packages/babel-helper-builder-binary-assignment-operator-visitor"},"license":"MIT","main":"lib/index.js","dependencies":{"babel-helper-explode-assignable-expression":"7.0.0-alpha.16","babel-types":"7.0.0-alpha.16"},"_id":"babel-helper-builder-binary-assignment-operator-visitor@7.0.0-alpha.16","scripts":{},"_shasum":"31c66895ff3de0857fad45760bc2e569ff1120ec","_from":".","_npmVersion":"4.6.1","_nodeVersion":"6.9.0","_npmUser":{"name":"hzoo","email":"hi@henryzoo.com"},"dist":{"shasum":"31c66895ff3de0857fad45760bc2e569ff1120ec","tarball":"https://registry.npmjs.org/babel-helper-builder-binary-assignment-operator-visitor/-/babel-helper-builder-binary-assignment-operator-visitor-7.0.0-alpha.16.tgz"},"maintainers":[{"email":"sebmck@gmail.com","name":"sebmck"},{"email":"daniel@tschinder.de","name":"danez"},{"email":"hi@henryzoo.com","name":"hzoo"},{"email":"loganfsmyth@gmail.com","name":"loganfsmyth"}],"_npmOperationalInternal":{"host":"s3://npm-registry-packages","tmp":"tmp/babel-helper-builder-binary-assignment-operator-visitor-7.0.0-alpha.16.tgz_1501017511635_0.006229247665032744"},"directories":{}},"7.0.0-alpha.17":{"name":"babel-helper-builder-binary-assignment-operator-visitor","version":"7.0.0-alpha.17","description":"Helper function to build binary assignment operator visitors","repository":{"type":"git","url":"https://github.com/babel/babel/tree/master/packages/babel-helper-builder-binary-assignment-operator-visitor"},"license":"MIT","main":"lib/index.js","dependencies":{"babel-helper-explode-assignable-expression":"7.0.0-alpha.17","babel-types":"7.0.0-alpha.17"},"_id":"babel-helper-builder-binary-assignment-operator-visitor@7.0.0-alpha.17","scripts":{},"_shasum":"422255eb0fbd3d6090b454aeeb5959f6dff5c3d9","_from":".","_npmVersion":"4.6.1","_nodeVersion":"6.9.0","_npmUser":{"name":"hzoo","email":"hi@henryzoo.com"},"dist":{"shasum":"422255eb0fbd3d6090b454aeeb5959f6dff5c3d9","tarball":"https://registry.npmjs.org/babel-helper-builder-binary-assignment-operator-visitor/-/babel-helper-builder-binary-assignment-operator-visitor-7.0.0-alpha.17.tgz"},"maintainers":[{"email":"sebmck@gmail.com","name":"sebmck"},{"email":"daniel@tschinder.de","name":"danez"},{"email":"hi@henryzoo.com","name":"hzoo"},{"email":"loganfsmyth@gmail.com","name":"loganfsmyth"}],"_npmOperationalInternal":{"host":"s3://npm-registry-packages","tmp":"tmp/babel-helper-builder-binary-assignment-operator-visitor-7.0.0-alpha.17.tgz_1501072804529_0.766813884023577"},"directories":{}},"7.0.0-alpha.18":{"name":"babel-helper-builder-binary-assignment-operator-visitor","version":"7.0.0-alpha.18","description":"Helper function to build binary assignment operator visitors","repository":{"type":"git","url":"https://github.com/babel/babel/tree/master/packages/babel-helper-builder-binary-assignment-operator-visitor"},"license":"MIT","main":"lib/index.js","dependencies":{"babel-helper-explode-assignable-expression":"7.0.0-alpha.18","babel-types":"7.0.0-alpha.18"},"_id":"babel-helper-builder-binary-assignment-operator-visitor@7.0.0-alpha.18","_npmVersion":"5.3.0","_nodeVersion":"8.1.4","_npmUser":{"name":"hzoo","email":"hi@henryzoo.com"},"dist":{"integrity":"sha512-Lnh8RjSrxM2xEGF+vQ5zePQROLakOxyydDd3FjKOUb5YZtY990q2iqt82OJsWQq+ogaNzvSIqJ9MN0+b4RT0zA==","shasum":"a596a17aa1afa4557e69b9d41664235805b6cf6f","tarball":"https://registry.npmjs.org/babel-helper-builder-binary-assignment-operator-visitor/-/babel-helper-builder-binary-assignment-operator-visitor-7.0.0-alpha.18.tgz"},"maintainers":[{"email":"me@thejameskyle.com","name":"thejameskyle"},{"email":"sebmck@gmail.com","name":"sebmck"},{"email":"daniel@tschinder.de","name":"danez"},{"email":"hi@henryzoo.com","name":"hzoo"},{"email":"loganfsmyth@gmail.com","name":"loganfsmyth"}],"_npmOperationalInternal":{"host":"s3://npm-registry-packages","tmp":"tmp/babel-helper-builder-binary-assignment-operator-visitor-7.0.0-alpha.18.tgz_1501798895202_0.32709963782690465"},"directories":{}},"7.0.0-alpha.19":{"name":"babel-helper-builder-binary-assignment-operator-visitor","version":"7.0.0-alpha.19","description":"Helper function to build binary assignment operator visitors","repository":{"type":"git","url":"https://github.com/babel/babel/tree/master/packages/babel-helper-builder-binary-assignment-operator-visitor"},"license":"MIT","main":"lib/index.js","dependencies":{"babel-helper-explode-assignable-expression":"7.0.0-alpha.19","babel-types":"7.0.0-alpha.19"},"_id":"babel-helper-builder-binary-assignment-operator-visitor@7.0.0-alpha.19","_npmVersion":"5.3.0","_nodeVersion":"8.1.4","_npmUser":{"name":"hzoo","email":"hi@henryzoo.com"},"dist":{"integrity":"sha512-Kgzqk2IE3ZZfIT4q1t9wYXof6UdyWeMKSvaZ3CCdl7LK/d0fZ40INuMraTJM7KIfkzNLBZ3orbJ+XT1wh6gYJA==","shasum":"b1f685023ca414bf6edeb6d4c99604523fdb6d6a","tarball":"https://registry.npmjs.org/babel-helper-builder-binary-assignment-operator-visitor/-/babel-helper-builder-binary-assignment-operator-visitor-7.0.0-alpha.19.tgz"},"maintainers":[{"email":"me@thejameskyle.com","name":"thejameskyle"},{"email":"sebmck@gmail.com","name":"sebmck"},{"email":"daniel@tschinder.de","name":"danez"},{"email":"hi@henryzoo.com","name":"hzoo"},{"email":"loganfsmyth@gmail.com","name":"loganfsmyth"}],"_npmOperationalInternal":{"host":"s3://npm-registry-packages","tmp":"tmp/babel-helper-builder-binary-assignment-operator-visitor-7.0.0-alpha.19.tgz_1502144538104_0.19323258404619992"},"directories":{}},"7.0.0-alpha.20":{"name":"babel-helper-builder-binary-assignment-operator-visitor","version":"7.0.0-alpha.20","description":"Helper function to build binary assignment operator visitors","repository":{"type":"git","url":"https://github.com/babel/babel/tree/master/packages/babel-helper-builder-binary-assignment-operator-visitor"},"license":"MIT","main":"lib/index.js","dependencies":{"babel-helper-explode-assignable-expression":"7.0.0-alpha.20","babel-types":"7.0.0-alpha.20"},"_id":"babel-helper-builder-binary-assignment-operator-visitor@7.0.0-alpha.20","_npmVersion":"5.3.0","_nodeVersion":"8.1.4","_npmUser":{"name":"hzoo","email":"hi@henryzoo.com"},"dist":{"integrity":"sha512-p2C1W/QCklBD9Gk53BaRfqOUoRWEv+FqtMjunimSLPl55bHlLLiSLPbJ+wn83cUtRTjBAoUSWnQdZBLY4I/+xQ==","shasum":"0fe2ec68b5a48a1520568b95a391c680d672ee19","tarball":"https://registry.npmjs.org/babel-helper-builder-binary-assignment-operator-visitor/-/babel-helper-builder-binary-assignment-operator-visitor-7.0.0-alpha.20.tgz"},"maintainers":[{"email":"me@thejameskyle.com","name":"thejameskyle"},{"email":"sebmck@gmail.com","name":"sebmck"},{"email":"daniel@tschinder.de","name":"danez"},{"email":"hi@henryzoo.com","name":"hzoo"},{"email":"loganfsmyth@gmail.com","name":"loganfsmyth"}],"_npmOperationalInternal":{"host":"s3://npm-registry-packages","tmp":"tmp/babel-helper-builder-binary-assignment-operator-visitor-7.0.0-alpha.20.tgz_1504119882486_0.0539586772210896"},"directories":{}},"7.0.0-beta.0":{"name":"babel-helper-builder-binary-assignment-operator-visitor","version":"7.0.0-beta.0","description":"Helper function to build binary assignment operator visitors","repository":{"type":"git","url":"https://github.com/babel/babel/tree/master/packages/babel-helper-builder-binary-assignment-operator-visitor"},"license":"MIT","main":"lib/index.js","dependencies":{"babel-helper-explode-assignable-expression":"7.0.0-beta.0","babel-types":"7.0.0-beta.0"},"_id":"babel-helper-builder-binary-assignment-operator-visitor@7.0.0-beta.0","_npmVersion":"5.3.0","_nodeVersion":"8.1.4","_npmUser":{"name":"hzoo","email":"hi@henryzoo.com"},"dist":{"integrity":"sha512-8qCbLCB4FIPQORYhcl1BTht5JE5KvPl4FsS0dtAxfSwp4n96/Haip2H8SCBdwqVqwCZBbwvZ3eY/yyE/BLugow==","shasum":"693fafa04de4fae7ab4b1db1d1a2432a3d854508","tarball":"https://registry.npmjs.org/babel-helper-builder-binary-assignment-operator-visitor/-/babel-helper-builder-binary-assignment-operator-visitor-7.0.0-beta.0.tgz"},"maintainers":[{"email":"me@thejameskyle.com","name":"thejameskyle"},{"email":"sebmck@gmail.com","name":"sebmck"},{"email":"daniel@tschinder.de","name":"danez"},{"email":"hi@henryzoo.com","name":"hzoo"},{"email":"loganfsmyth@gmail.com","name":"loganfsmyth"}],"_npmOperationalInternal":{"host":"s3://npm-registry-packages","tmp":"tmp/babel-helper-builder-binary-assignment-operator-visitor-7.0.0-beta.0.tgz_1505185384988_0.5963106837589294"},"directories":{}},"7.0.0-beta.1":{"name":"babel-helper-builder-binary-assignment-operator-visitor","version":"7.0.0-beta.1","description":"Helper function to build binary assignment operator visitors","repository":{"type":"git","url":"https://github.com/babel/babel/tree/master/packages/babel-helper-builder-binary-assignment-operator-visitor"},"license":"MIT","main":"lib/index.js","dependencies":{"babel-helper-explode-assignable-expression":"7.0.0-beta.1","babel-types":"7.0.0-beta.1"},"_id":"babel-helper-builder-binary-assignment-operator-visitor@7.0.0-beta.1","_npmVersion":"5.4.1","_nodeVersion":"8.1.4","_npmUser":{"name":"hzoo","email":"hi@henryzoo.com"},"dist":{"integrity":"sha512-tz8qLEQnEmKCGgpuzkGKGaWtqvudKZSn2hPa2FT9U6OA4O6jAwMMBxEPxxOaGBK/hHUlyArUtUL66ziVPuX0xg==","shasum":"7df91f4764ce1462d84d842c0d9dd685e6a30c13","tarball":"https://registry.npmjs.org/babel-helper-builder-binary-assignment-operator-visitor/-/babel-helper-builder-binary-assignment-operator-visitor-7.0.0-beta.1.tgz"},"maintainers":[{"email":"me@thejameskyle.com","name":"thejameskyle"},{"email":"sebmck@gmail.com","name":"sebmck"},{"email":"daniel@tschinder.de","name":"danez"},{"email":"hi@henryzoo.com","name":"hzoo"},{"email":"loganfsmyth@gmail.com","name":"loganfsmyth"}],"_npmOperationalInternal":{"host":"s3://npm-registry-packages","tmp":"tmp/babel-helper-builder-binary-assignment-operator-visitor-7.0.0-beta.1.tgz_1505852692827_0.34433254273608327"},"directories":{}},"7.0.0-beta.2":{"name":"babel-helper-builder-binary-assignment-operator-visitor","version":"7.0.0-beta.2","description":"Helper function to build binary assignment operator visitors","repository":{"type":"git","url":"https://github.com/babel/babel/tree/master/packages/babel-helper-builder-binary-assignment-operator-visitor"},"license":"MIT","main":"lib/index.js","dependencies":{"babel-helper-explode-assignable-expression":"7.0.0-beta.2","babel-types":"7.0.0-beta.2"},"_id":"babel-helper-builder-binary-assignment-operator-visitor@7.0.0-beta.2","_npmVersion":"5.4.1","_nodeVersion":"8.1.4","_npmUser":{"name":"hzoo","email":"hi@henryzoo.com"},"dist":{"integrity":"sha512-sjI5PTdi1uqFMgLBb/EbQ5bs3owL0hxZIyXLcDYFrovI6Ks4UrshZC6ffBMX5VtWQdyQdwDmzirMLNqkp4FDYg==","shasum":"a9d510e27835c25c3de167813abb7a655c3c5a57","tarball":"https://registry.npmjs.org/babel-helper-builder-binary-assignment-operator-visitor/-/babel-helper-builder-binary-assignment-operator-visitor-7.0.0-beta.2.tgz"},"maintainers":[{"email":"bng412@gmail.com","name":"existentialism"},{"email":"me@thejameskyle.com","name":"thejameskyle"},{"email":"sebmck@gmail.com","name":"sebmck"},{"email":"daniel@tschinder.de","name":"danez"},{"email":"hi@henryzoo.com","name":"hzoo"},{"email":"loganfsmyth@gmail.com","name":"loganfsmyth"}],"_npmOperationalInternal":{"host":"s3://npm-registry-packages","tmp":"tmp/babel-helper-builder-binary-assignment-operator-visitor-7.0.0-beta.2.tgz_1506438968261_0.33015893236733973"},"directories":{}},"7.0.0-beta.3":{"name":"babel-helper-builder-binary-assignment-operator-visitor","version":"7.0.0-beta.3","description":"Helper function to build binary assignment operator visitors","repository":{"type":"git","url":"https://github.com/babel/babel/tree/master/packages/babel-helper-builder-binary-assignment-operator-visitor"},"license":"MIT","main":"lib/index.js","dependencies":{"babel-helper-explode-assignable-expression":"7.0.0-beta.3","babel-types":"7.0.0-beta.3"},"_id":"babel-helper-builder-binary-assignment-operator-visitor@7.0.0-beta.3","_npmVersion":"5.5.1","_nodeVersion":"8.1.4","_npmUser":{"name":"hzoo","email":"hi@henryzoo.com"},"dist":{"integrity":"sha512-faPNvJ2w/YLRN0pD3mX3Ro/Og+uBNMdwPXg2bq5xXERQCyuYWzAmVbKnjGNaI4CLPDEbAZiZpq+AlMO3cT0QQA==","shasum":"2066d342b96c2874db1f650443438ca15b497e79","tarball":"https://registry.npmjs.org/babel-helper-builder-binary-assignment-operator-visitor/-/babel-helper-builder-binary-assignment-operator-visitor-7.0.0-beta.3.tgz"},"maintainers":[{"email":"bng412@gmail.com","name":"existentialism"},{"email":"me@thejameskyle.com","name":"thejameskyle"},{"email":"sebmck@gmail.com","name":"sebmck"},{"email":"daniel@tschinder.de","name":"danez"},{"email":"hi@henryzoo.com","name":"hzoo"},{"email":"loganfsmyth@gmail.com","name":"loganfsmyth"}],"_npmOperationalInternal":{"host":"s3://npm-registry-packages","tmp":"tmp/babel-helper-builder-binary-assignment-operator-visitor-7.0.0-beta.3.tgz_1508073153668_0.922301834449172"},"directories":{}}},"readme":"# babel-helper-builder-binary-assignment-operator-visitor\n\n## Usage\n\nTODO\n","maintainers":[{"email":"bng412@gmail.com","name":"existentialism"},{"email":"me@thejameskyle.com","name":"thejameskyle"},{"email":"sebmck@gmail.com","name":"sebmck"},{"email":"daniel@tschinder.de","name":"danez"},{"email":"hi@henryzoo.com","name":"hzoo"},{"email":"loganfsmyth@gmail.com","name":"loganfsmyth"}],"time":{"modified":"2017-10-15T13:12:34.617Z","created":"2015-10-29T17:53:45.824Z","6.0.0":"2015-10-29T17:53:45.824Z","6.0.2":"2015-10-29T18:08:12.777Z","6.0.14":"2015-10-30T23:32:04.663Z","6.0.15":"2015-11-01T22:08:13.564Z","6.1.5":"2015-11-12T06:49:52.249Z","6.1.6":"2015-11-12T07:33:26.517Z","6.1.7":"2015-11-12T07:37:58.425Z","6.1.8":"2015-11-12T07:40:59.825Z","6.1.9":"2015-11-12T07:46:41.721Z","6.1.10":"2015-11-12T07:53:28.425Z","6.1.11":"2015-11-12T07:59:14.362Z","6.1.12":"2015-11-12T08:48:29.529Z","6.1.13":"2015-11-12T19:58:16.710Z","6.1.15":"2015-11-12T20:20:08.738Z","6.1.16":"2015-11-12T21:33:48.313Z","6.1.17":"2015-11-12T21:40:53.778Z","6.1.18":"2015-11-12T21:46:58.670Z","6.2.4":"2015-11-25T03:12:38.594Z","6.3.13":"2015-12-04T11:57:04.601Z","6.5.0":"2016-02-07T00:06:51.360Z","6.5.0-1":"2016-02-07T02:39:38.626Z","6.6.0":"2016-02-29T21:12:25.660Z","6.6.5":"2016-03-04T23:16:28.737Z","6.8.0":"2016-05-02T23:43:56.991Z","6.15.0":"2016-09-01T15:03:10.082Z","6.18.0":"2016-10-24T21:18:42.770Z","6.22.0":"2017-01-20T00:33:28.733Z","7.0.0-alpha.1":"2017-03-02T21:05:43.088Z","7.0.0-alpha.3":"2017-03-23T19:49:44.220Z","7.0.0-alpha.7":"2017-04-05T21:14:15.035Z","6.24.1":"2017-04-07T15:19:19.637Z","7.0.0-alpha.8":"2017-04-17T19:13:10.884Z","7.0.0-alpha.9":"2017-04-18T14:42:17.713Z","7.0.0-alpha.10":"2017-05-25T19:17:42.024Z","7.0.0-alpha.11":"2017-05-31T20:43:54.961Z","7.0.0-alpha.12":"2017-05-31T21:12:08.662Z","7.0.0-alpha.14":"2017-07-12T02:54:23.051Z","7.0.0-alpha.15":"2017-07-12T03:36:40.414Z","7.0.0-alpha.16":"2017-07-25T21:18:32.667Z","7.0.0-alpha.17":"2017-07-26T12:40:05.637Z","7.0.0-alpha.18":"2017-08-03T22:21:35.345Z","7.0.0-alpha.19":"2017-08-07T22:22:18.181Z","7.0.0-alpha.20":"2017-08-30T19:04:42.586Z","7.0.0-beta.0":"2017-09-12T03:03:05.964Z","7.0.0-beta.1":"2017-09-19T20:24:52.941Z","7.0.0-beta.2":"2017-09-26T15:16:09.127Z","7.0.0-beta.3":"2017-10-15T13:12:34.617Z"},"repository":{"type":"git","url":"https://github.com/babel/babel/tree/master/packages/babel-helper-builder-binary-assignment-operator-visitor"},"license":"MIT","readmeFilename":"README.md","_attachments":{},"_etag":"W/\"23ceee94fcf3366a4f4eae5b1ee69542\"","_lastModified":"Sat, 26 May 2018 01:34:20 GMT"}