{"_id":"babel-plugin-transform-es2015-arrow-functions","_rev":"71-6083261b8d2dedf1c85c982d49a166e6","name":"babel-plugin-transform-es2015-arrow-functions","description":"Compile ES2015 arrow functions to ES5","dist-tags":{"latest":"6.22.0","next":"7.0.0-beta.3"},"versions":{"6.0.2":{"name":"babel-plugin-transform-es2015-arrow-functions","version":"6.0.2","description":"Compile ES2015 arrow functions to ES5","repository":{"type":"git","url":"git+https://github.com/babel/babel.git"},"license":"MIT","main":"lib/index.js","keywords":["babel-plugin"],"dependencies":{"babel-runtime":"^6.0.2"},"bugs":{"url":"https://github.com/babel/babel/issues"},"homepage":"https://github.com/babel/babel#readme","_id":"babel-plugin-transform-es2015-arrow-functions@6.0.2","scripts":{},"_shasum":"1a77e3c5c7823948ce3de340a8c0a6f2a3d7c660","_from":".","_npmVersion":"2.14.3","_nodeVersion":"4.1.0","_npmUser":{"name":"sebmck","email":"sebmck@gmail.com"},"dist":{"shasum":"1a77e3c5c7823948ce3de340a8c0a6f2a3d7c660","tarball":"https://registry.npmjs.org/babel-plugin-transform-es2015-arrow-functions/-/babel-plugin-transform-es2015-arrow-functions-6.0.2.tgz"},"maintainers":[{"name":"sebmck","email":"sebmck@gmail.com"}],"directories":{}},"6.0.14":{"name":"babel-plugin-transform-es2015-arrow-functions","version":"6.0.14","description":"Compile ES2015 arrow functions to ES5","repository":{"type":"git","url":"https://github.com/babel/babel/tree/master/packages/babel-plugin-transform-es2015-arrow-functions"},"license":"MIT","main":"lib/index.js","keywords":["babel-plugin"],"dependencies":{"babel-runtime":"^5.0.0"},"_id":"babel-plugin-transform-es2015-arrow-functions@6.0.14","scripts":{},"_shasum":"c94706f9ee6dc06c42368456fb007e6c68b2cf39","_from":".","_npmVersion":"2.14.9","_nodeVersion":"4.1.0","_npmUser":{"name":"sebmck","email":"sebmck@gmail.com"},"dist":{"shasum":"c94706f9ee6dc06c42368456fb007e6c68b2cf39","tarball":"https://registry.npmjs.org/babel-plugin-transform-es2015-arrow-functions/-/babel-plugin-transform-es2015-arrow-functions-6.0.14.tgz"},"maintainers":[{"name":"sebmck","email":"sebmck@gmail.com"}],"directories":{}},"6.1.4":{"name":"babel-plugin-transform-es2015-arrow-functions","version":"6.1.4","description":"Compile ES2015 arrow functions to ES5","repository":{"type":"git","url":"https://github.com/babel/babel/tree/master/packages/babel-plugin-transform-es2015-arrow-functions"},"license":"MIT","main":"lib/index.js","keywords":["babel-plugin"],"dependencies":{"babel-runtime":"^5.0.0"},"devDependencies":{"babel-helper-plugin-test-runner":"^6.1.4"},"_id":"babel-plugin-transform-es2015-arrow-functions@6.1.4","scripts":{},"_shasum":"928188011b153daa189eb0aefa75d4ceb92dbbea","_from":".","_npmVersion":"3.3.10","_nodeVersion":"4.1.0","_npmUser":{"name":"sebmck","email":"sebmck@gmail.com"},"dist":{"shasum":"928188011b153daa189eb0aefa75d4ceb92dbbea","tarball":"https://registry.npmjs.org/babel-plugin-transform-es2015-arrow-functions/-/babel-plugin-transform-es2015-arrow-functions-6.1.4.tgz"},"maintainers":[{"name":"sebmck","email":"sebmck@gmail.com"}],"directories":{}},"6.1.5":{"name":"babel-plugin-transform-es2015-arrow-functions","version":"6.1.5","description":"Compile ES2015 arrow functions to ES5","repository":{"type":"git","url":"https://github.com/babel/babel/tree/master/packages/babel-plugin-transform-es2015-arrow-functions"},"license":"MIT","main":"lib/index.js","keywords":["babel-plugin"],"dependencies":{"babel-runtime":"^5.0.0"},"devDependencies":{"babel-helper-plugin-test-runner":"^6.1.5"},"_id":"babel-plugin-transform-es2015-arrow-functions@6.1.5","scripts":{},"_shasum":"d3aec9e694f789ca5d908bb63ee1ff95e2f29632","_from":".","_npmVersion":"3.3.10","_nodeVersion":"4.1.0","_npmUser":{"name":"sebmck","email":"sebmck@gmail.com"},"dist":{"shasum":"d3aec9e694f789ca5d908bb63ee1ff95e2f29632","tarball":"https://registry.npmjs.org/babel-plugin-transform-es2015-arrow-functions/-/babel-plugin-transform-es2015-arrow-functions-6.1.5.tgz"},"maintainers":[{"name":"sebmck","email":"sebmck@gmail.com"}],"directories":{}},"6.1.10":{"name":"babel-plugin-transform-es2015-arrow-functions","version":"6.1.10","description":"Compile ES2015 arrow functions to ES5","repository":{"type":"git","url":"https://github.com/babel/babel/tree/master/packages/babel-plugin-transform-es2015-arrow-functions"},"license":"MIT","main":"lib/index.js","keywords":["babel-plugin"],"dependencies":{"babel-runtime":"^5.0.0"},"devDependencies":{"babel-helper-plugin-test-runner":"^6.1.10"},"_id":"babel-plugin-transform-es2015-arrow-functions@6.1.10","scripts":{},"_shasum":"83a06af7ca4e31fa08b1d035c24d875cdfc8175b","_from":".","_npmVersion":"3.3.10","_nodeVersion":"4.1.0","_npmUser":{"name":"sebmck","email":"sebmck@gmail.com"},"dist":{"shasum":"83a06af7ca4e31fa08b1d035c24d875cdfc8175b","tarball":"https://registry.npmjs.org/babel-plugin-transform-es2015-arrow-functions/-/babel-plugin-transform-es2015-arrow-functions-6.1.10.tgz"},"maintainers":[{"name":"amasad","email":"amjad.masad@gmail.com"},{"name":"sebmck","email":"sebmck@gmail.com"},{"name":"thejameskyle","email":"me@thejameskyle.com"}],"directories":{}},"6.1.17":{"name":"babel-plugin-transform-es2015-arrow-functions","version":"6.1.17","description":"Compile ES2015 arrow functions to ES5","repository":{"type":"git","url":"https://github.com/babel/babel/tree/master/packages/babel-plugin-transform-es2015-arrow-functions"},"license":"MIT","main":"lib/index.js","keywords":["babel-plugin"],"dependencies":{"babel-runtime":"^5.0.0"},"devDependencies":{"babel-helper-plugin-test-runner":"^6.1.17"},"_id":"babel-plugin-transform-es2015-arrow-functions@6.1.17","scripts":{},"_shasum":"1ffeacdb1659d9d48966b6e61900a100d4e6c2ad","_from":".","_npmVersion":"3.3.10","_nodeVersion":"4.1.0","_npmUser":{"name":"sebmck","email":"sebmck@gmail.com"},"dist":{"shasum":"1ffeacdb1659d9d48966b6e61900a100d4e6c2ad","tarball":"https://registry.npmjs.org/babel-plugin-transform-es2015-arrow-functions/-/babel-plugin-transform-es2015-arrow-functions-6.1.17.tgz"},"maintainers":[{"name":"amasad","email":"amjad.masad@gmail.com"},{"name":"sebmck","email":"sebmck@gmail.com"},{"name":"thejameskyle","email":"me@thejameskyle.com"}],"directories":{}},"6.1.18":{"name":"babel-plugin-transform-es2015-arrow-functions","version":"6.1.18","description":"Compile ES2015 arrow functions to ES5","repository":{"type":"git","url":"https://github.com/babel/babel/tree/master/packages/babel-plugin-transform-es2015-arrow-functions"},"license":"MIT","main":"lib/index.js","keywords":["babel-plugin"],"dependencies":{"babel-runtime":"^5.0.0"},"devDependencies":{"babel-helper-plugin-test-runner":"^6.1.18"},"_id":"babel-plugin-transform-es2015-arrow-functions@6.1.18","scripts":{},"_shasum":"eb6c9d140ce5b8a75a8dc466a43ea1cebed67a33","_from":".","_npmVersion":"3.3.10","_nodeVersion":"4.1.0","_npmUser":{"name":"sebmck","email":"sebmck@gmail.com"},"dist":{"shasum":"eb6c9d140ce5b8a75a8dc466a43ea1cebed67a33","tarball":"https://registry.npmjs.org/babel-plugin-transform-es2015-arrow-functions/-/babel-plugin-transform-es2015-arrow-functions-6.1.18.tgz"},"maintainers":[{"name":"amasad","email":"amjad.masad@gmail.com"},{"name":"sebmck","email":"sebmck@gmail.com"},{"name":"thejameskyle","email":"me@thejameskyle.com"}],"directories":{}},"6.2.4":{"name":"babel-plugin-transform-es2015-arrow-functions","version":"6.2.4","description":"Compile ES2015 arrow functions to ES5","repository":{"type":"git","url":"https://github.com/babel/babel/tree/master/packages/babel-plugin-transform-es2015-arrow-functions"},"license":"MIT","main":"lib/index.js","keywords":["babel-plugin"],"dependencies":{"babel-runtime":"^5.0.0"},"devDependencies":{"babel-helper-plugin-test-runner":"^6.2.4"},"_id":"babel-plugin-transform-es2015-arrow-functions@6.2.4","scripts":{},"_shasum":"92e0d1ff9319a1e29e3e1cec27deebe23f95918a","_from":".","_npmVersion":"3.3.10","_nodeVersion":"4.1.0","_npmUser":{"name":"sebmck","email":"sebmck@gmail.com"},"dist":{"shasum":"92e0d1ff9319a1e29e3e1cec27deebe23f95918a","tarball":"https://registry.npmjs.org/babel-plugin-transform-es2015-arrow-functions/-/babel-plugin-transform-es2015-arrow-functions-6.2.4.tgz"},"maintainers":[{"name":"amasad","email":"amjad.masad@gmail.com"},{"name":"sebmck","email":"sebmck@gmail.com"},{"name":"thejameskyle","email":"me@thejameskyle.com"}],"directories":{}},"6.3.13":{"name":"babel-plugin-transform-es2015-arrow-functions","version":"6.3.13","description":"Compile ES2015 arrow functions to ES5","repository":{"type":"git","url":"https://github.com/babel/babel/tree/master/packages/babel-plugin-transform-es2015-arrow-functions"},"license":"MIT","main":"lib/index.js","keywords":["babel-plugin"],"dependencies":{"babel-runtime":"^5.0.0"},"devDependencies":{"babel-helper-plugin-test-runner":"^6.3.13"},"_id":"babel-plugin-transform-es2015-arrow-functions@6.3.13","scripts":{},"_shasum":"a5e1e26e0d81b877fea0c06fb2a91fd247ed7d35","_from":".","_npmVersion":"3.3.10","_nodeVersion":"4.1.0","_npmUser":{"name":"sebmck","email":"sebmck@gmail.com"},"dist":{"shasum":"a5e1e26e0d81b877fea0c06fb2a91fd247ed7d35","tarball":"https://registry.npmjs.org/babel-plugin-transform-es2015-arrow-functions/-/babel-plugin-transform-es2015-arrow-functions-6.3.13.tgz"},"maintainers":[{"name":"amasad","email":"amjad.masad@gmail.com"},{"name":"hzoo","email":"hi@henryzoo.com"},{"name":"jmm","email":"npm-public@jessemccarthy.net"},{"name":"loganfsmyth","email":"loganfsmyth@gmail.com"},{"name":"sebmck","email":"sebmck@gmail.com"},{"name":"thejameskyle","email":"me@thejameskyle.com"}],"directories":{}},"6.4.0":{"name":"babel-plugin-transform-es2015-arrow-functions","version":"6.4.0","description":"Compile ES2015 arrow functions to ES5","repository":{"type":"git","url":"https://github.com/babel/babel/tree/master/packages/babel-plugin-transform-es2015-arrow-functions"},"license":"MIT","main":"lib/index.js","keywords":["babel-plugin"],"dependencies":{"babel-runtime":"^5.0.0"},"devDependencies":{"babel-helper-plugin-test-runner":"^6.3.13"},"_id":"babel-plugin-transform-es2015-arrow-functions@6.4.0","scripts":{},"_shasum":"acca02638d77695127958ad05d0a2efd87e42917","_from":".","_npmVersion":"3.5.2","_nodeVersion":"5.1.0","_npmUser":{"name":"hzoo","email":"hi@henryzoo.com"},"dist":{"shasum":"acca02638d77695127958ad05d0a2efd87e42917","tarball":"https://registry.npmjs.org/babel-plugin-transform-es2015-arrow-functions/-/babel-plugin-transform-es2015-arrow-functions-6.4.0.tgz"},"maintainers":[{"name":"amasad","email":"amjad.masad@gmail.com"},{"name":"hzoo","email":"hi@henryzoo.com"},{"name":"jmm","email":"npm-public@jessemccarthy.net"},{"name":"loganfsmyth","email":"loganfsmyth@gmail.com"},{"name":"sebmck","email":"sebmck@gmail.com"},{"name":"thejameskyle","email":"me@thejameskyle.com"}],"directories":{}},"6.5.0":{"name":"babel-plugin-transform-es2015-arrow-functions","version":"6.5.0","description":"Compile ES2015 arrow functions to ES5","repository":{"type":"git","url":"https://github.com/babel/babel/tree/master/packages/babel-plugin-transform-es2015-arrow-functions"},"license":"MIT","main":"lib/index.js","keywords":["babel-plugin"],"dependencies":{"babel-runtime":"^5.0.0"},"devDependencies":{"babel-helper-plugin-test-runner":"^6.3.13"},"_id":"babel-plugin-transform-es2015-arrow-functions@6.5.0","scripts":{},"_shasum":"3699a3d990b8ba9bb26499f6e9e65b3155645fa5","_from":".","_npmVersion":"3.6.0","_nodeVersion":"5.1.0","_npmUser":{"name":"hzoo","email":"hi@henryzoo.com"},"dist":{"shasum":"3699a3d990b8ba9bb26499f6e9e65b3155645fa5","tarball":"https://registry.npmjs.org/babel-plugin-transform-es2015-arrow-functions/-/babel-plugin-transform-es2015-arrow-functions-6.5.0.tgz"},"maintainers":[{"name":"amasad","email":"amjad.masad@gmail.com"},{"name":"hzoo","email":"hi@henryzoo.com"},{"name":"jmm","email":"npm-public@jessemccarthy.net"},{"name":"loganfsmyth","email":"loganfsmyth@gmail.com"},{"name":"sebmck","email":"sebmck@gmail.com"},{"name":"thejameskyle","email":"me@thejameskyle.com"}],"_npmOperationalInternal":{"host":"packages-5-east.internal.npmjs.com","tmp":"tmp/babel-plugin-transform-es2015-arrow-functions-6.5.0.tgz_1454803648186_0.6489328243769705"},"directories":{}},"6.5.0-1":{"name":"babel-plugin-transform-es2015-arrow-functions","version":"6.5.0-1","description":"Compile ES2015 arrow functions to ES5","repository":{"type":"git","url":"https://github.com/babel/babel/tree/master/packages/babel-plugin-transform-es2015-arrow-functions"},"license":"MIT","main":"lib/index.js","keywords":["babel-plugin"],"dependencies":{"babel-runtime":"^5.0.0"},"devDependencies":{"babel-helper-plugin-test-runner":"^6.5.0-1"},"_id":"babel-plugin-transform-es2015-arrow-functions@6.5.0-1","scripts":{},"_shasum":"f04c9e1e90bf2b45fb75124db60e5a5307c5ff34","_from":".","_npmVersion":"3.6.0","_nodeVersion":"5.1.0","_npmUser":{"name":"hzoo","email":"hi@henryzoo.com"},"dist":{"shasum":"f04c9e1e90bf2b45fb75124db60e5a5307c5ff34","tarball":"https://registry.npmjs.org/babel-plugin-transform-es2015-arrow-functions/-/babel-plugin-transform-es2015-arrow-functions-6.5.0-1.tgz"},"maintainers":[{"name":"amasad","email":"amjad.masad@gmail.com"},{"name":"hzoo","email":"hi@henryzoo.com"},{"name":"jmm","email":"npm-public@jessemccarthy.net"},{"name":"loganfsmyth","email":"loganfsmyth@gmail.com"},{"name":"sebmck","email":"sebmck@gmail.com"},{"name":"thejameskyle","email":"me@thejameskyle.com"}],"_npmOperationalInternal":{"host":"packages-9-west.internal.npmjs.com","tmp":"tmp/babel-plugin-transform-es2015-arrow-functions-6.5.0-1.tgz_1454812824587_0.6692928543779999"},"directories":{}},"6.5.2":{"name":"babel-plugin-transform-es2015-arrow-functions","version":"6.5.2","description":"Compile ES2015 arrow functions to ES5","repository":{"type":"git","url":"https://github.com/babel/babel/tree/master/packages/babel-plugin-transform-es2015-arrow-functions"},"license":"MIT","main":"lib/index.js","keywords":["babel-plugin"],"dependencies":{"babel-runtime":"^5.0.0"},"devDependencies":{"babel-helper-plugin-test-runner":"^6.3.13"},"_id":"babel-plugin-transform-es2015-arrow-functions@6.5.2","scripts":{},"_shasum":"054405840d5d70d911c8f5acab4f36b38170c79c","_from":".","_npmVersion":"3.6.0","_nodeVersion":"5.1.0","_npmUser":{"name":"hzoo","email":"hi@henryzoo.com"},"dist":{"shasum":"054405840d5d70d911c8f5acab4f36b38170c79c","tarball":"https://registry.npmjs.org/babel-plugin-transform-es2015-arrow-functions/-/babel-plugin-transform-es2015-arrow-functions-6.5.2.tgz"},"maintainers":[{"name":"amasad","email":"amjad.masad@gmail.com"},{"name":"hzoo","email":"hi@henryzoo.com"},{"name":"jmm","email":"npm-public@jessemccarthy.net"},{"name":"loganfsmyth","email":"loganfsmyth@gmail.com"},{"name":"sebmck","email":"sebmck@gmail.com"},{"name":"thejameskyle","email":"me@thejameskyle.com"}],"_npmOperationalInternal":{"host":"packages-5-east.internal.npmjs.com","tmp":"tmp/babel-plugin-transform-es2015-arrow-functions-6.5.2.tgz_1455294605097_0.8632690703961998"},"directories":{}},"6.7.7":{"name":"babel-plugin-transform-es2015-arrow-functions","version":"6.7.7","description":"Compile ES2015 arrow functions to ES5","repository":{"type":"git","url":"https://github.com/babel/babel/tree/master/packages/babel-plugin-transform-es2015-arrow-functions"},"license":"MIT","main":"lib/index.js","keywords":["babel-plugin"],"dependencies":{"babel-runtime":"^5.0.0"},"devDependencies":{"babel-helper-plugin-test-runner":"^6.3.13"},"_id":"babel-plugin-transform-es2015-arrow-functions@6.7.7","scripts":{},"_shasum":"66b8f0c4a2f375e2b70ab67f6e4ed057cd492d77","_from":".","_npmVersion":"3.7.3","_nodeVersion":"5.9.0","_npmUser":{"name":"loganfsmyth","email":"loganfsmyth@gmail.com"},"dist":{"shasum":"66b8f0c4a2f375e2b70ab67f6e4ed057cd492d77","tarball":"https://registry.npmjs.org/babel-plugin-transform-es2015-arrow-functions/-/babel-plugin-transform-es2015-arrow-functions-6.7.7.tgz"},"maintainers":[{"name":"amasad","email":"amjad.masad@gmail.com"},{"name":"hzoo","email":"hi@henryzoo.com"},{"name":"jmm","email":"npm-public@jessemccarthy.net"},{"name":"loganfsmyth","email":"loganfsmyth@gmail.com"},{"name":"sebmck","email":"sebmck@gmail.com"},{"name":"thejameskyle","email":"me@thejameskyle.com"}],"_npmOperationalInternal":{"host":"packages-16-east.internal.npmjs.com","tmp":"tmp/babel-plugin-transform-es2015-arrow-functions-6.7.7.tgz_1461208164171_0.05138319660909474"},"directories":{}},"6.8.0":{"name":"babel-plugin-transform-es2015-arrow-functions","version":"6.8.0","description":"Compile ES2015 arrow functions to ES5","repository":{"type":"git","url":"https://github.com/babel/babel/tree/master/packages/babel-plugin-transform-es2015-arrow-functions"},"license":"MIT","main":"lib/index.js","keywords":["babel-plugin"],"dependencies":{"babel-runtime":"^6.0.0"},"devDependencies":{"babel-helper-plugin-test-runner":"^6.8.0"},"_id":"babel-plugin-transform-es2015-arrow-functions@6.8.0","scripts":{},"_shasum":"5b63afc3181bdc9a8c4d481b5a4f3f7d7fef3d9d","_from":".","_npmVersion":"3.8.6","_nodeVersion":"5.1.0","_npmUser":{"name":"hzoo","email":"hi@henryzoo.com"},"maintainers":[{"name":"amasad","email":"amjad.masad@gmail.com"},{"name":"hzoo","email":"hi@henryzoo.com"},{"name":"jmm","email":"npm-public@jessemccarthy.net"},{"name":"loganfsmyth","email":"loganfsmyth@gmail.com"},{"name":"sebmck","email":"sebmck@gmail.com"},{"name":"thejameskyle","email":"me@thejameskyle.com"}],"dist":{"shasum":"5b63afc3181bdc9a8c4d481b5a4f3f7d7fef3d9d","tarball":"https://registry.npmjs.org/babel-plugin-transform-es2015-arrow-functions/-/babel-plugin-transform-es2015-arrow-functions-6.8.0.tgz"},"_npmOperationalInternal":{"host":"packages-12-west.internal.npmjs.com","tmp":"tmp/babel-plugin-transform-es2015-arrow-functions-6.8.0.tgz_1462232672265_0.3574646641500294"},"directories":{}},"6.22.0":{"name":"babel-plugin-transform-es2015-arrow-functions","version":"6.22.0","description":"Compile ES2015 arrow functions to ES5","repository":{"type":"git","url":"https://github.com/babel/babel/tree/master/packages/babel-plugin-transform-es2015-arrow-functions"},"license":"MIT","main":"lib/index.js","keywords":["babel-plugin"],"dependencies":{"babel-runtime":"^6.22.0"},"devDependencies":{"babel-helper-plugin-test-runner":"^6.22.0"},"_id":"babel-plugin-transform-es2015-arrow-functions@6.22.0","scripts":{},"_shasum":"452692cb711d5f79dc7f85e440ce41b9f244d221","_from":".","_npmVersion":"3.10.10","_nodeVersion":"6.9.0","_npmUser":{"name":"hzoo","email":"hi@henryzoo.com"},"dist":{"shasum":"452692cb711d5f79dc7f85e440ce41b9f244d221","tarball":"https://registry.npmjs.org/babel-plugin-transform-es2015-arrow-functions/-/babel-plugin-transform-es2015-arrow-functions-6.22.0.tgz"},"maintainers":[{"name":"amasad","email":"amjad.masad@gmail.com"},{"name":"hzoo","email":"hi@henryzoo.com"},{"name":"jmm","email":"npm-public@jessemccarthy.net"},{"name":"loganfsmyth","email":"loganfsmyth@gmail.com"},{"name":"sebmck","email":"sebmck@gmail.com"},{"name":"thejameskyle","email":"me@thejameskyle.com"}],"_npmOperationalInternal":{"host":"packages-12-west.internal.npmjs.com","tmp":"tmp/babel-plugin-transform-es2015-arrow-functions-6.22.0.tgz_1484872427408_0.779699427774176"},"directories":{}},"7.0.0-alpha.1":{"name":"babel-plugin-transform-es2015-arrow-functions","version":"7.0.0-alpha.1","description":"Compile ES2015 arrow functions to ES5","repository":{"type":"git","url":"https://github.com/babel/babel/tree/master/packages/babel-plugin-transform-es2015-arrow-functions"},"license":"MIT","main":"lib/index.js","keywords":["babel-plugin"],"devDependencies":{"babel-helper-plugin-test-runner":"7.0.0-alpha.1"},"_id":"babel-plugin-transform-es2015-arrow-functions@7.0.0-alpha.1","scripts":{},"_shasum":"52bc08a31c74ae04fd35043014ab07929d67b5ef","_from":".","_npmVersion":"3.10.10","_nodeVersion":"6.9.0","_npmUser":{"name":"hzoo","email":"hi@henryzoo.com"},"dist":{"shasum":"52bc08a31c74ae04fd35043014ab07929d67b5ef","tarball":"https://registry.npmjs.org/babel-plugin-transform-es2015-arrow-functions/-/babel-plugin-transform-es2015-arrow-functions-7.0.0-alpha.1.tgz"},"maintainers":[{"name":"amasad","email":"amjad.masad@gmail.com"},{"name":"hzoo","email":"hi@henryzoo.com"},{"name":"jmm","email":"npm-public@jessemccarthy.net"},{"name":"loganfsmyth","email":"loganfsmyth@gmail.com"},{"name":"sebmck","email":"sebmck@gmail.com"},{"name":"thejameskyle","email":"me@thejameskyle.com"}],"_npmOperationalInternal":{"host":"packages-12-west.internal.npmjs.com","tmp":"tmp/babel-plugin-transform-es2015-arrow-functions-7.0.0-alpha.1.tgz_1488488700728_0.6403665640391409"},"directories":{}},"7.0.0-alpha.3":{"name":"babel-plugin-transform-es2015-arrow-functions","version":"7.0.0-alpha.3","description":"Compile ES2015 arrow functions to ES5","repository":{"type":"git","url":"https://github.com/babel/babel/tree/master/packages/babel-plugin-transform-es2015-arrow-functions"},"license":"MIT","main":"lib/index.js","keywords":["babel-plugin"],"devDependencies":{"babel-helper-plugin-test-runner":"7.0.0-alpha.3"},"_id":"babel-plugin-transform-es2015-arrow-functions@7.0.0-alpha.3","scripts":{},"_shasum":"1c07e322a1d6d58173f69e0a48f7b7e89a1d64ef","_from":".","_npmVersion":"3.10.10","_nodeVersion":"6.9.0","_npmUser":{"name":"hzoo","email":"hi@henryzoo.com"},"dist":{"shasum":"1c07e322a1d6d58173f69e0a48f7b7e89a1d64ef","tarball":"https://registry.npmjs.org/babel-plugin-transform-es2015-arrow-functions/-/babel-plugin-transform-es2015-arrow-functions-7.0.0-alpha.3.tgz"},"maintainers":[{"name":"amasad","email":"amjad.masad@gmail.com"},{"name":"hzoo","email":"hi@henryzoo.com"},{"name":"jmm","email":"npm-public@jessemccarthy.net"},{"name":"loganfsmyth","email":"loganfsmyth@gmail.com"},{"name":"sebmck","email":"sebmck@gmail.com"},{"name":"thejameskyle","email":"me@thejameskyle.com"}],"_npmOperationalInternal":{"host":"packages-12-west.internal.npmjs.com","tmp":"tmp/babel-plugin-transform-es2015-arrow-functions-7.0.0-alpha.3.tgz_1490298551080_0.7143832736182958"},"directories":{}},"7.0.0-alpha.7":{"name":"babel-plugin-transform-es2015-arrow-functions","version":"7.0.0-alpha.7","description":"Compile ES2015 arrow functions to ES5","repository":{"type":"git","url":"https://github.com/babel/babel/tree/master/packages/babel-plugin-transform-es2015-arrow-functions"},"license":"MIT","main":"lib/index.js","keywords":["babel-plugin"],"devDependencies":{"babel-helper-plugin-test-runner":"7.0.0-alpha.7"},"_id":"babel-plugin-transform-es2015-arrow-functions@7.0.0-alpha.7","scripts":{},"_shasum":"5921b86f8ad9391177cb7ec8793bdf2daca1cc4b","_from":".","_npmVersion":"3.10.10","_nodeVersion":"6.9.0","_npmUser":{"name":"hzoo","email":"hi@henryzoo.com"},"dist":{"shasum":"5921b86f8ad9391177cb7ec8793bdf2daca1cc4b","tarball":"https://registry.npmjs.org/babel-plugin-transform-es2015-arrow-functions/-/babel-plugin-transform-es2015-arrow-functions-7.0.0-alpha.7.tgz"},"maintainers":[{"name":"amasad","email":"amjad.masad@gmail.com"},{"name":"hzoo","email":"hi@henryzoo.com"},{"name":"jmm","email":"npm-public@jessemccarthy.net"},{"name":"loganfsmyth","email":"loganfsmyth@gmail.com"},{"name":"sebmck","email":"sebmck@gmail.com"},{"name":"thejameskyle","email":"me@thejameskyle.com"}],"_npmOperationalInternal":{"host":"packages-12-west.internal.npmjs.com","tmp":"tmp/babel-plugin-transform-es2015-arrow-functions-7.0.0-alpha.7.tgz_1491426811185_0.9395481578540057"},"directories":{}},"7.0.0-alpha.8":{"name":"babel-plugin-transform-es2015-arrow-functions","version":"7.0.0-alpha.8","description":"Compile ES2015 arrow functions to ES5","repository":{"type":"git","url":"https://github.com/babel/babel/tree/master/packages/babel-plugin-transform-es2015-arrow-functions"},"license":"MIT","main":"lib/index.js","keywords":["babel-plugin"],"devDependencies":{"babel-helper-plugin-test-runner":"7.0.0-alpha.8"},"_id":"babel-plugin-transform-es2015-arrow-functions@7.0.0-alpha.8","scripts":{},"_shasum":"687c40022147a32fa18b4bd3ffe0b5209f121d41","_from":".","_npmVersion":"3.10.10","_nodeVersion":"6.9.0","_npmUser":{"name":"hzoo","email":"hi@henryzoo.com"},"dist":{"shasum":"687c40022147a32fa18b4bd3ffe0b5209f121d41","tarball":"https://registry.npmjs.org/babel-plugin-transform-es2015-arrow-functions/-/babel-plugin-transform-es2015-arrow-functions-7.0.0-alpha.8.tgz"},"maintainers":[{"name":"amasad","email":"amjad.masad@gmail.com"},{"name":"hzoo","email":"hi@henryzoo.com"},{"name":"jmm","email":"npm-public@jessemccarthy.net"},{"name":"loganfsmyth","email":"loganfsmyth@gmail.com"},{"name":"sebmck","email":"sebmck@gmail.com"},{"name":"thejameskyle","email":"me@thejameskyle.com"}],"_npmOperationalInternal":{"host":"packages-12-west.internal.npmjs.com","tmp":"tmp/babel-plugin-transform-es2015-arrow-functions-7.0.0-alpha.8.tgz_1492456355150_0.33677552081644535"},"directories":{}},"7.0.0-alpha.9":{"name":"babel-plugin-transform-es2015-arrow-functions","version":"7.0.0-alpha.9","description":"Compile ES2015 arrow functions to ES5","repository":{"type":"git","url":"https://github.com/babel/babel/tree/master/packages/babel-plugin-transform-es2015-arrow-functions"},"license":"MIT","main":"lib/index.js","keywords":["babel-plugin"],"devDependencies":{"babel-helper-plugin-test-runner":"7.0.0-alpha.9"},"_id":"babel-plugin-transform-es2015-arrow-functions@7.0.0-alpha.9","scripts":{},"_shasum":"1679372c8485a5af41d8ae18eee8e2f73df4f463","_from":".","_npmVersion":"3.10.10","_nodeVersion":"6.9.0","_npmUser":{"name":"hzoo","email":"hi@henryzoo.com"},"dist":{"shasum":"1679372c8485a5af41d8ae18eee8e2f73df4f463","tarball":"https://registry.npmjs.org/babel-plugin-transform-es2015-arrow-functions/-/babel-plugin-transform-es2015-arrow-functions-7.0.0-alpha.9.tgz"},"maintainers":[{"name":"amasad","email":"amjad.masad@gmail.com"},{"name":"hzoo","email":"hi@henryzoo.com"},{"name":"jmm","email":"npm-public@jessemccarthy.net"},{"name":"loganfsmyth","email":"loganfsmyth@gmail.com"},{"name":"sebmck","email":"sebmck@gmail.com"},{"name":"thejameskyle","email":"me@thejameskyle.com"}],"_npmOperationalInternal":{"host":"packages-12-west.internal.npmjs.com","tmp":"tmp/babel-plugin-transform-es2015-arrow-functions-7.0.0-alpha.9.tgz_1492526503728_0.07669217674992979"},"directories":{}},"7.0.0-alpha.10":{"name":"babel-plugin-transform-es2015-arrow-functions","version":"7.0.0-alpha.10","description":"Compile ES2015 arrow functions to ES5","repository":{"type":"git","url":"https://github.com/babel/babel/tree/master/packages/babel-plugin-transform-es2015-arrow-functions"},"license":"MIT","main":"lib/index.js","keywords":["babel-plugin"],"devDependencies":{"babel-helper-plugin-test-runner":"7.0.0-alpha.10","babel-traverse":"7.0.0-alpha.10","babel-types":"7.0.0-alpha.10"},"_id":"babel-plugin-transform-es2015-arrow-functions@7.0.0-alpha.10","scripts":{},"_shasum":"8d89fe1d3bf316ee2b965d59b2e0fb4e1cae43ac","_from":".","_npmVersion":"3.10.10","_nodeVersion":"6.9.0","_npmUser":{"name":"hzoo","email":"hi@henryzoo.com"},"dist":{"shasum":"8d89fe1d3bf316ee2b965d59b2e0fb4e1cae43ac","tarball":"https://registry.npmjs.org/babel-plugin-transform-es2015-arrow-functions/-/babel-plugin-transform-es2015-arrow-functions-7.0.0-alpha.10.tgz"},"maintainers":[{"email":"daniel@tschinder.de","name":"danez"},{"email":"hi@henryzoo.com","name":"hzoo"},{"email":"loganfsmyth@gmail.com","name":"loganfsmyth"}],"_npmOperationalInternal":{"host":"s3://npm-registry-packages","tmp":"tmp/babel-plugin-transform-es2015-arrow-functions-7.0.0-alpha.10.tgz_1495739831594_0.5903449030593038"},"directories":{}},"7.0.0-alpha.11":{"name":"babel-plugin-transform-es2015-arrow-functions","version":"7.0.0-alpha.11","description":"Compile ES2015 arrow functions to ES5","repository":{"type":"git","url":"https://github.com/babel/babel/tree/master/packages/babel-plugin-transform-es2015-arrow-functions"},"license":"MIT","main":"lib/index.js","keywords":["babel-plugin"],"devDependencies":{"babel-helper-plugin-test-runner":"7.0.0-alpha.11","babel-traverse":"7.0.0-alpha.11","babel-types":"7.0.0-alpha.11"},"_id":"babel-plugin-transform-es2015-arrow-functions@7.0.0-alpha.11","_npmVersion":"5.0.0","_nodeVersion":"6.9.0","_npmUser":{"name":"hzoo","email":"hi@henryzoo.com"},"dist":{"integrity":"sha512-QEhNYDMZCY3f4VREr64oB3TGj3Vq/3+m/ED2ppGoaD7ex1X+hl2JFwzSl6RShGP5sSHa5HZJFyhXtUKZPxSX8g==","shasum":"6475356d000e8eea3b20a4c97adec4021183e1af","tarball":"https://registry.npmjs.org/babel-plugin-transform-es2015-arrow-functions/-/babel-plugin-transform-es2015-arrow-functions-7.0.0-alpha.11.tgz"},"maintainers":[{"email":"sebmck@gmail.com","name":"sebmck"},{"email":"daniel@tschinder.de","name":"danez"},{"email":"hi@henryzoo.com","name":"hzoo"},{"email":"loganfsmyth@gmail.com","name":"loganfsmyth"}],"_npmOperationalInternal":{"host":"s3://npm-registry-packages","tmp":"tmp/babel-plugin-transform-es2015-arrow-functions-7.0.0-alpha.11.tgz_1496263413177_0.16134357964619994"},"directories":{}},"7.0.0-alpha.12":{"name":"babel-plugin-transform-es2015-arrow-functions","version":"7.0.0-alpha.12","description":"Compile ES2015 arrow functions to ES5","repository":{"type":"git","url":"https://github.com/babel/babel/tree/master/packages/babel-plugin-transform-es2015-arrow-functions"},"license":"MIT","main":"lib/index.js","keywords":["babel-plugin"],"devDependencies":{"babel-helper-plugin-test-runner":"7.0.0-alpha.12","babel-traverse":"7.0.0-alpha.12","babel-types":"7.0.0-alpha.12"},"_id":"babel-plugin-transform-es2015-arrow-functions@7.0.0-alpha.12","_npmVersion":"5.0.0","_nodeVersion":"6.9.0","_npmUser":{"name":"hzoo","email":"hi@henryzoo.com"},"dist":{"integrity":"sha512-lQJmNa6aFWgjvyOf2GvFOt6EzhZ/nx4VYbaKB2f1DUtLI/Y4XGJ6Zda0PcSRPFM+AUgrRIljmJG6swZo08Y6Ow==","shasum":"e1a6060ef2bc785bea194bd59b9218a3e3998bb5","tarball":"https://registry.npmjs.org/babel-plugin-transform-es2015-arrow-functions/-/babel-plugin-transform-es2015-arrow-functions-7.0.0-alpha.12.tgz"},"maintainers":[{"email":"sebmck@gmail.com","name":"sebmck"},{"email":"daniel@tschinder.de","name":"danez"},{"email":"hi@henryzoo.com","name":"hzoo"},{"email":"loganfsmyth@gmail.com","name":"loganfsmyth"}],"_npmOperationalInternal":{"host":"s3://npm-registry-packages","tmp":"tmp/babel-plugin-transform-es2015-arrow-functions-7.0.0-alpha.12.tgz_1496265107227_0.9283586132805794"},"directories":{}},"7.0.0-alpha.13":{"name":"babel-plugin-transform-es2015-arrow-functions","version":"7.0.0-alpha.13","description":"Compile ES2015 arrow functions to ES5","repository":{"type":"git","url":"https://github.com/babel/babel/tree/master/packages/babel-plugin-transform-es2015-arrow-functions"},"license":"MIT","main":"lib/index.js","keywords":["babel-plugin"],"devDependencies":{"babel-helper-plugin-test-runner":"7.0.0-alpha.13","babel-traverse":"7.0.0-alpha.13","babel-types":"7.0.0-alpha.13"},"_id":"babel-plugin-transform-es2015-arrow-functions@7.0.0-alpha.13","scripts":{},"_shasum":"ba8dd682f3db70f7027489b45224e92c4f0c9f35","_from":".","_npmVersion":"4.6.1","_nodeVersion":"6.9.0","_npmUser":{"name":"hzoo","email":"hi@henryzoo.com"},"dist":{"shasum":"ba8dd682f3db70f7027489b45224e92c4f0c9f35","tarball":"https://registry.npmjs.org/babel-plugin-transform-es2015-arrow-functions/-/babel-plugin-transform-es2015-arrow-functions-7.0.0-alpha.13.tgz"},"maintainers":[{"email":"sebmck@gmail.com","name":"sebmck"},{"email":"daniel@tschinder.de","name":"danez"},{"email":"hi@henryzoo.com","name":"hzoo"},{"email":"loganfsmyth@gmail.com","name":"loganfsmyth"}],"_npmOperationalInternal":{"host":"s3://npm-registry-packages","tmp":"tmp/babel-plugin-transform-es2015-arrow-functions-7.0.0-alpha.13.tgz_1499826491652_0.469744841568172"},"directories":{}},"7.0.0-alpha.14":{"name":"babel-plugin-transform-es2015-arrow-functions","version":"7.0.0-alpha.14","description":"Compile ES2015 arrow functions to ES5","repository":{"type":"git","url":"https://github.com/babel/babel/tree/master/packages/babel-plugin-transform-es2015-arrow-functions"},"license":"MIT","main":"lib/index.js","keywords":["babel-plugin"],"devDependencies":{"babel-helper-plugin-test-runner":"7.0.0-alpha.14","babel-traverse":"7.0.0-alpha.14","babel-types":"7.0.0-alpha.14"},"_id":"babel-plugin-transform-es2015-arrow-functions@7.0.0-alpha.14","scripts":{},"_shasum":"64db850f4d73e025d3d4740f0e7c79cdeb092939","_from":".","_npmVersion":"4.6.1","_nodeVersion":"6.9.0","_npmUser":{"name":"hzoo","email":"hi@henryzoo.com"},"dist":{"shasum":"64db850f4d73e025d3d4740f0e7c79cdeb092939","tarball":"https://registry.npmjs.org/babel-plugin-transform-es2015-arrow-functions/-/babel-plugin-transform-es2015-arrow-functions-7.0.0-alpha.14.tgz"},"maintainers":[{"email":"sebmck@gmail.com","name":"sebmck"},{"email":"daniel@tschinder.de","name":"danez"},{"email":"hi@henryzoo.com","name":"hzoo"},{"email":"loganfsmyth@gmail.com","name":"loganfsmyth"}],"_npmOperationalInternal":{"host":"s3://npm-registry-packages","tmp":"tmp/babel-plugin-transform-es2015-arrow-functions-7.0.0-alpha.14.tgz_1499828003122_0.7781230744440109"},"directories":{}},"7.0.0-alpha.15":{"name":"babel-plugin-transform-es2015-arrow-functions","version":"7.0.0-alpha.15","description":"Compile ES2015 arrow functions to ES5","repository":{"type":"git","url":"https://github.com/babel/babel/tree/master/packages/babel-plugin-transform-es2015-arrow-functions"},"license":"MIT","main":"lib/index.js","keywords":["babel-plugin"],"devDependencies":{"babel-helper-plugin-test-runner":"7.0.0-alpha.15","babel-traverse":"7.0.0-alpha.15","babel-types":"7.0.0-alpha.15"},"_id":"babel-plugin-transform-es2015-arrow-functions@7.0.0-alpha.15","scripts":{},"_shasum":"442bb2cf196f837a2241436d898181673913ac79","_from":".","_npmVersion":"4.6.1","_nodeVersion":"6.9.0","_npmUser":{"name":"hzoo","email":"hi@henryzoo.com"},"dist":{"shasum":"442bb2cf196f837a2241436d898181673913ac79","tarball":"https://registry.npmjs.org/babel-plugin-transform-es2015-arrow-functions/-/babel-plugin-transform-es2015-arrow-functions-7.0.0-alpha.15.tgz"},"maintainers":[{"email":"sebmck@gmail.com","name":"sebmck"},{"email":"daniel@tschinder.de","name":"danez"},{"email":"hi@henryzoo.com","name":"hzoo"},{"email":"loganfsmyth@gmail.com","name":"loganfsmyth"}],"_npmOperationalInternal":{"host":"s3://npm-registry-packages","tmp":"tmp/babel-plugin-transform-es2015-arrow-functions-7.0.0-alpha.15.tgz_1499830537609_0.7037695767357945"},"directories":{}},"7.0.0-alpha.16":{"name":"babel-plugin-transform-es2015-arrow-functions","version":"7.0.0-alpha.16","description":"Compile ES2015 arrow functions to ES5","repository":{"type":"git","url":"https://github.com/babel/babel/tree/master/packages/babel-plugin-transform-es2015-arrow-functions"},"license":"MIT","main":"lib/index.js","keywords":["babel-plugin"],"devDependencies":{"babel-helper-plugin-test-runner":"7.0.0-alpha.16","babel-traverse":"7.0.0-alpha.16","babel-types":"7.0.0-alpha.16"},"_id":"babel-plugin-transform-es2015-arrow-functions@7.0.0-alpha.16","scripts":{},"_shasum":"0cfd5ed3c5c74f6d0a13cc606dd3d0039b9f1728","_from":".","_npmVersion":"4.6.1","_nodeVersion":"6.9.0","_npmUser":{"name":"hzoo","email":"hi@henryzoo.com"},"dist":{"shasum":"0cfd5ed3c5c74f6d0a13cc606dd3d0039b9f1728","tarball":"https://registry.npmjs.org/babel-plugin-transform-es2015-arrow-functions/-/babel-plugin-transform-es2015-arrow-functions-7.0.0-alpha.16.tgz"},"maintainers":[{"email":"sebmck@gmail.com","name":"sebmck"},{"email":"daniel@tschinder.de","name":"danez"},{"email":"hi@henryzoo.com","name":"hzoo"},{"email":"loganfsmyth@gmail.com","name":"loganfsmyth"}],"_npmOperationalInternal":{"host":"s3://npm-registry-packages","tmp":"tmp/babel-plugin-transform-es2015-arrow-functions-7.0.0-alpha.16.tgz_1501017451166_0.6140224551782012"},"directories":{}},"7.0.0-alpha.17":{"name":"babel-plugin-transform-es2015-arrow-functions","version":"7.0.0-alpha.17","description":"Compile ES2015 arrow functions to ES5","repository":{"type":"git","url":"https://github.com/babel/babel/tree/master/packages/babel-plugin-transform-es2015-arrow-functions"},"license":"MIT","main":"lib/index.js","keywords":["babel-plugin"],"devDependencies":{"babel-helper-plugin-test-runner":"7.0.0-alpha.17","babel-traverse":"7.0.0-alpha.17","babel-types":"7.0.0-alpha.17"},"_id":"babel-plugin-transform-es2015-arrow-functions@7.0.0-alpha.17","scripts":{},"_shasum":"3cbd78457ea603e30b23408b3c11090e998153f2","_from":".","_npmVersion":"4.6.1","_nodeVersion":"6.9.0","_npmUser":{"name":"hzoo","email":"hi@henryzoo.com"},"dist":{"shasum":"3cbd78457ea603e30b23408b3c11090e998153f2","tarball":"https://registry.npmjs.org/babel-plugin-transform-es2015-arrow-functions/-/babel-plugin-transform-es2015-arrow-functions-7.0.0-alpha.17.tgz"},"maintainers":[{"email":"sebmck@gmail.com","name":"sebmck"},{"email":"daniel@tschinder.de","name":"danez"},{"email":"hi@henryzoo.com","name":"hzoo"},{"email":"loganfsmyth@gmail.com","name":"loganfsmyth"}],"_npmOperationalInternal":{"host":"s3://npm-registry-packages","tmp":"tmp/babel-plugin-transform-es2015-arrow-functions-7.0.0-alpha.17.tgz_1501072739367_0.745655546663329"},"directories":{}},"7.0.0-alpha.18":{"name":"babel-plugin-transform-es2015-arrow-functions","version":"7.0.0-alpha.18","description":"Compile ES2015 arrow functions to ES5","repository":{"type":"git","url":"https://github.com/babel/babel/tree/master/packages/babel-plugin-transform-es2015-arrow-functions"},"license":"MIT","main":"lib/index.js","keywords":["babel-plugin"],"devDependencies":{"babel-helper-plugin-test-runner":"7.0.0-alpha.18","babel-traverse":"7.0.0-alpha.18","babel-types":"7.0.0-alpha.18"},"_id":"babel-plugin-transform-es2015-arrow-functions@7.0.0-alpha.18","_npmVersion":"5.3.0","_nodeVersion":"8.1.4","_npmUser":{"name":"hzoo","email":"hi@henryzoo.com"},"dist":{"integrity":"sha512-ndbnlwMponvKD2hukyLU0iuoIcdNAKDf39hJvNTf4n/oLQkNUX0B7ytEaHcSgf3Z3cUhGbdITPySkeaX+j8HSA==","shasum":"886758b8bc44ac1c5a835c4627271edc0b6ae425","tarball":"https://registry.npmjs.org/babel-plugin-transform-es2015-arrow-functions/-/babel-plugin-transform-es2015-arrow-functions-7.0.0-alpha.18.tgz"},"maintainers":[{"email":"me@thejameskyle.com","name":"thejameskyle"},{"email":"sebmck@gmail.com","name":"sebmck"},{"email":"daniel@tschinder.de","name":"danez"},{"email":"hi@henryzoo.com","name":"hzoo"},{"email":"loganfsmyth@gmail.com","name":"loganfsmyth"}],"_npmOperationalInternal":{"host":"s3://npm-registry-packages","tmp":"tmp/babel-plugin-transform-es2015-arrow-functions-7.0.0-alpha.18.tgz_1501798847456_0.9220400627236813"},"directories":{}},"7.0.0-alpha.19":{"name":"babel-plugin-transform-es2015-arrow-functions","version":"7.0.0-alpha.19","description":"Compile ES2015 arrow functions to ES5","repository":{"type":"git","url":"https://github.com/babel/babel/tree/master/packages/babel-plugin-transform-es2015-arrow-functions"},"license":"MIT","main":"lib/index.js","keywords":["babel-plugin"],"devDependencies":{"babel-helper-plugin-test-runner":"7.0.0-alpha.19","babel-traverse":"7.0.0-alpha.19","babel-types":"7.0.0-alpha.19"},"_id":"babel-plugin-transform-es2015-arrow-functions@7.0.0-alpha.19","_npmVersion":"5.3.0","_nodeVersion":"8.1.4","_npmUser":{"name":"hzoo","email":"hi@henryzoo.com"},"dist":{"integrity":"sha512-yrf4c+1IUUJptxlXKN2pnd9ebT6+ctmOQHAiwX1IEGQUMWSoffhybElAPcykR6MVZUzj1Fcb508wqEoBH8DZcw==","shasum":"1969b464f812b8514c3830130c683419909d505a","tarball":"https://registry.npmjs.org/babel-plugin-transform-es2015-arrow-functions/-/babel-plugin-transform-es2015-arrow-functions-7.0.0-alpha.19.tgz"},"maintainers":[{"email":"me@thejameskyle.com","name":"thejameskyle"},{"email":"sebmck@gmail.com","name":"sebmck"},{"email":"daniel@tschinder.de","name":"danez"},{"email":"hi@henryzoo.com","name":"hzoo"},{"email":"loganfsmyth@gmail.com","name":"loganfsmyth"}],"_npmOperationalInternal":{"host":"s3://npm-registry-packages","tmp":"tmp/babel-plugin-transform-es2015-arrow-functions-7.0.0-alpha.19.tgz_1502144483160_0.0010831961408257484"},"directories":{}},"7.0.0-alpha.20":{"name":"babel-plugin-transform-es2015-arrow-functions","version":"7.0.0-alpha.20","description":"Compile ES2015 arrow functions to ES5","repository":{"type":"git","url":"https://github.com/babel/babel/tree/master/packages/babel-plugin-transform-es2015-arrow-functions"},"license":"MIT","main":"lib/index.js","keywords":["babel-plugin"],"devDependencies":{"babel-helper-plugin-test-runner":"7.0.0-alpha.20","babel-traverse":"7.0.0-alpha.20","babel-types":"7.0.0-alpha.20"},"_id":"babel-plugin-transform-es2015-arrow-functions@7.0.0-alpha.20","_npmVersion":"5.3.0","_nodeVersion":"8.1.4","_npmUser":{"name":"hzoo","email":"hi@henryzoo.com"},"dist":{"integrity":"sha512-YcVgrk/f+qu+sYXcCLqHK5eIXK4sAEfSfEjrpJy0eaOCbVfNcJFSiSdVWGjDVMQKXNs7+W4K1qc1HKAOpUzfrQ==","shasum":"e3b8f08672585a54cfe3ffdb7243784a03b52f5b","tarball":"https://registry.npmjs.org/babel-plugin-transform-es2015-arrow-functions/-/babel-plugin-transform-es2015-arrow-functions-7.0.0-alpha.20.tgz"},"maintainers":[{"email":"me@thejameskyle.com","name":"thejameskyle"},{"email":"sebmck@gmail.com","name":"sebmck"},{"email":"daniel@tschinder.de","name":"danez"},{"email":"hi@henryzoo.com","name":"hzoo"},{"email":"loganfsmyth@gmail.com","name":"loganfsmyth"}],"_npmOperationalInternal":{"host":"s3://npm-registry-packages","tmp":"tmp/babel-plugin-transform-es2015-arrow-functions-7.0.0-alpha.20.tgz_1504119113030_0.4599798156414181"},"directories":{}},"7.0.0-beta.0":{"name":"babel-plugin-transform-es2015-arrow-functions","version":"7.0.0-beta.0","description":"Compile ES2015 arrow functions to ES5","repository":{"type":"git","url":"https://github.com/babel/babel/tree/master/packages/babel-plugin-transform-es2015-arrow-functions"},"license":"MIT","main":"lib/index.js","keywords":["babel-plugin"],"devDependencies":{"babel-helper-plugin-test-runner":"7.0.0-beta.0","babel-traverse":"7.0.0-beta.0","babel-types":"7.0.0-beta.0"},"_id":"babel-plugin-transform-es2015-arrow-functions@7.0.0-beta.0","_npmVersion":"5.3.0","_nodeVersion":"8.1.4","_npmUser":{"name":"hzoo","email":"hi@henryzoo.com"},"dist":{"integrity":"sha512-1P8L4WQuWJnWYfuGDYKF5SbJLgDGNStEObudNywGGzwWV+Fea9sUg3VGSiZz1TgLKC207Ym/4QWy+jpiTszxMQ==","shasum":"34d33ba443f2103b17407c310aeed282e9a731e1","tarball":"https://registry.npmjs.org/babel-plugin-transform-es2015-arrow-functions/-/babel-plugin-transform-es2015-arrow-functions-7.0.0-beta.0.tgz"},"maintainers":[{"email":"me@thejameskyle.com","name":"thejameskyle"},{"email":"sebmck@gmail.com","name":"sebmck"},{"email":"daniel@tschinder.de","name":"danez"},{"email":"hi@henryzoo.com","name":"hzoo"},{"email":"loganfsmyth@gmail.com","name":"loganfsmyth"}],"_npmOperationalInternal":{"host":"s3://npm-registry-packages","tmp":"tmp/babel-plugin-transform-es2015-arrow-functions-7.0.0-beta.0.tgz_1505185317513_0.9812199415173382"},"directories":{}},"7.0.0-beta.1":{"name":"babel-plugin-transform-es2015-arrow-functions","version":"7.0.0-beta.1","description":"Compile ES2015 arrow functions to ES5","repository":{"type":"git","url":"https://github.com/babel/babel/tree/master/packages/babel-plugin-transform-es2015-arrow-functions"},"license":"MIT","main":"lib/index.js","keywords":["babel-plugin"],"devDependencies":{"babel-helper-plugin-test-runner":"7.0.0-beta.1","babel-traverse":"7.0.0-beta.1","babel-types":"7.0.0-beta.1"},"_id":"babel-plugin-transform-es2015-arrow-functions@7.0.0-beta.1","_npmVersion":"5.4.1","_nodeVersion":"8.1.4","_npmUser":{"name":"hzoo","email":"hi@henryzoo.com"},"dist":{"integrity":"sha512-rMHbWLKVQihi4k1z0fiCKUAv+eXlZW5pA90WXiCh/zKDGRPiDOFpW+gHvOjgTXsRc4ZrDLb5Os4Xgfw0rmvnaA==","shasum":"f533cc19660fe3f6f86555efe2a20566051efc2a","tarball":"https://registry.npmjs.org/babel-plugin-transform-es2015-arrow-functions/-/babel-plugin-transform-es2015-arrow-functions-7.0.0-beta.1.tgz"},"maintainers":[{"email":"me@thejameskyle.com","name":"thejameskyle"},{"email":"sebmck@gmail.com","name":"sebmck"},{"email":"daniel@tschinder.de","name":"danez"},{"email":"hi@henryzoo.com","name":"hzoo"},{"email":"loganfsmyth@gmail.com","name":"loganfsmyth"}],"_npmOperationalInternal":{"host":"s3://npm-registry-packages","tmp":"tmp/babel-plugin-transform-es2015-arrow-functions-7.0.0-beta.1.tgz_1505851749820_0.32185725029557943"},"directories":{}},"7.0.0-beta.2":{"name":"babel-plugin-transform-es2015-arrow-functions","version":"7.0.0-beta.2","description":"Compile ES2015 arrow functions to ES5","repository":{"type":"git","url":"https://github.com/babel/babel/tree/master/packages/babel-plugin-transform-es2015-arrow-functions"},"license":"MIT","main":"lib/index.js","keywords":["babel-plugin"],"devDependencies":{"babel-helper-plugin-test-runner":"7.0.0-beta.2","babel-traverse":"7.0.0-beta.2","babel-types":"7.0.0-beta.2"},"_id":"babel-plugin-transform-es2015-arrow-functions@7.0.0-beta.2","_npmVersion":"5.4.1","_nodeVersion":"8.1.4","_npmUser":{"name":"hzoo","email":"hi@henryzoo.com"},"dist":{"integrity":"sha512-ZYzXqPPanY6NuNj88Uo7YfYmYNp39s/DUt+PMrK76dvm61nBJQquyS5RRND75W36dWpjgml8tb90RZVFcqlOCg==","shasum":"152f73140038d620af0c692fec0a81352f4a3683","tarball":"https://registry.npmjs.org/babel-plugin-transform-es2015-arrow-functions/-/babel-plugin-transform-es2015-arrow-functions-7.0.0-beta.2.tgz"},"maintainers":[{"email":"bng412@gmail.com","name":"existentialism"},{"email":"me@thejameskyle.com","name":"thejameskyle"},{"email":"sebmck@gmail.com","name":"sebmck"},{"email":"daniel@tschinder.de","name":"danez"},{"email":"hi@henryzoo.com","name":"hzoo"},{"email":"loganfsmyth@gmail.com","name":"loganfsmyth"}],"_npmOperationalInternal":{"host":"s3://npm-registry-packages","tmp":"tmp/babel-plugin-transform-es2015-arrow-functions-7.0.0-beta.2.tgz_1506438897018_0.1624248269945383"},"directories":{}},"7.0.0-beta.3":{"name":"babel-plugin-transform-es2015-arrow-functions","version":"7.0.0-beta.3","description":"Compile ES2015 arrow functions to ES5","repository":{"type":"git","url":"https://github.com/babel/babel/tree/master/packages/babel-plugin-transform-es2015-arrow-functions"},"license":"MIT","main":"lib/index.js","keywords":["babel-plugin"],"devDependencies":{"babel-helper-plugin-test-runner":"7.0.0-beta.3","babel-traverse":"7.0.0-beta.3","babel-types":"7.0.0-beta.3"},"_id":"babel-plugin-transform-es2015-arrow-functions@7.0.0-beta.3","_npmVersion":"5.5.1","_nodeVersion":"8.1.4","_npmUser":{"name":"hzoo","email":"hi@henryzoo.com"},"dist":{"integrity":"sha512-zrdLNzy22R6hzRrlSTPJWmN6N0Z11S0GPHE6R8SpSeAN4p9REgOOmNgfdHn5Nw3hDxWyvrPnBXdYug9HpBt8Yg==","shasum":"89fb349000d5275927f4f8a722c3d0212e13dc5e","tarball":"https://registry.npmjs.org/babel-plugin-transform-es2015-arrow-functions/-/babel-plugin-transform-es2015-arrow-functions-7.0.0-beta.3.tgz"},"maintainers":[{"email":"bng412@gmail.com","name":"existentialism"},{"email":"me@thejameskyle.com","name":"thejameskyle"},{"email":"sebmck@gmail.com","name":"sebmck"},{"email":"daniel@tschinder.de","name":"danez"},{"email":"hi@henryzoo.com","name":"hzoo"},{"email":"loganfsmyth@gmail.com","name":"loganfsmyth"}],"_npmOperationalInternal":{"host":"s3://npm-registry-packages","tmp":"tmp/babel-plugin-transform-es2015-arrow-functions-7.0.0-beta.3.tgz_1508073083068_0.6832637016195804"},"directories":{}}},"readme":"# babel-plugin-transform-es2015-arrow-functions\n\nCompile ES2015 arrow functions to ES5\n\n## Installation\n\n```sh\n$ npm install babel-plugin-transform-es2015-arrow-functions\n```\n\n## Usage\n\n### Via `.babelrc` (Recommended)\n\n**.babelrc**\n\n```json\n{\n  \"plugins\": [\"transform-es2015-arrow-functions\"]\n}\n```\n\n### Via CLI\n\n```sh\n$ babel --plugins transform-es2015-arrow-functions script.js\n```\n\n### Via Node API\n\n```javascript\nrequire(\"babel-core\").transform(\"code\", {\n  plugins: [\"transform-es2015-arrow-functions\"]\n});\n```\n","maintainers":[{"email":"bng412@gmail.com","name":"existentialism"},{"email":"me@thejameskyle.com","name":"thejameskyle"},{"email":"sebmck@gmail.com","name":"sebmck"},{"email":"daniel@tschinder.de","name":"danez"},{"email":"hi@henryzoo.com","name":"hzoo"},{"email":"loganfsmyth@gmail.com","name":"loganfsmyth"}],"time":{"modified":"2017-10-15T13:11:24.035Z","created":"2015-10-29T18:13:06.977Z","6.0.2":"2015-10-29T18:13:06.977Z","6.0.14":"2015-10-30T23:36:37.264Z","6.1.4":"2015-11-11T10:16:59.814Z","6.1.5":"2015-11-12T06:55:18.549Z","6.1.10":"2015-11-12T07:54:51.357Z","6.1.17":"2015-11-12T21:41:56.049Z","6.1.18":"2015-11-12T21:49:26.213Z","6.2.4":"2015-11-25T03:14:11.473Z","6.3.13":"2015-12-04T11:58:51.123Z","6.4.0":"2016-01-06T20:34:36.153Z","6.5.0":"2016-02-07T00:07:29.364Z","6.5.0-1":"2016-02-07T02:40:27.098Z","6.5.2":"2016-02-12T16:30:07.025Z","6.7.7":"2016-04-21T03:09:26.907Z","6.8.0":"2016-05-02T23:44:34.850Z","6.22.0":"2017-01-20T00:33:49.253Z","7.0.0-alpha.1":"2017-03-02T21:05:02.800Z","7.0.0-alpha.3":"2017-03-23T19:49:11.636Z","7.0.0-alpha.7":"2017-04-05T21:13:34.568Z","7.0.0-alpha.8":"2017-04-17T19:12:35.392Z","7.0.0-alpha.9":"2017-04-18T14:41:43.952Z","7.0.0-alpha.10":"2017-05-25T19:17:12.701Z","7.0.0-alpha.11":"2017-05-31T20:43:33.256Z","7.0.0-alpha.12":"2017-05-31T21:11:47.291Z","7.0.0-alpha.13":"2017-07-12T02:28:12.580Z","7.0.0-alpha.14":"2017-07-12T02:53:24.163Z","7.0.0-alpha.15":"2017-07-12T03:35:38.533Z","7.0.0-alpha.16":"2017-07-25T21:17:32.110Z","7.0.0-alpha.17":"2017-07-26T12:39:00.486Z","7.0.0-alpha.18":"2017-08-03T22:20:47.536Z","7.0.0-alpha.19":"2017-08-07T22:21:23.261Z","7.0.0-alpha.20":"2017-08-30T18:51:53.143Z","7.0.0-beta.0":"2017-09-12T03:01:58.415Z","7.0.0-beta.1":"2017-09-19T20:09:09.902Z","7.0.0-beta.2":"2017-09-26T15:14:58.059Z","7.0.0-beta.3":"2017-10-15T13:11:24.035Z"},"keywords":["babel-plugin"],"repository":{"type":"git","url":"https://github.com/babel/babel/tree/master/packages/babel-plugin-transform-es2015-arrow-functions"},"license":"MIT","readmeFilename":"README.md","users":{"klimnikita":true,"ahmehri":true},"_attachments":{},"_etag":"W/\"c292710ba8761b7d8d8c11bdb7ac3e9f\"","_lastModified":"Sat, 26 May 2018 17:58:25 GMT"}