{"_id":"babel-register","_rev":"163-ea486d74952af407372466e210191379","name":"babel-register","description":"babel require hook","dist-tags":{"latest":"6.26.0","next":"7.0.0-beta.3"},"versions":{"6.1.4":{"name":"babel-register","version":"6.1.4","description":"babel require hook","license":"MIT","repository":{"type":"git","url":"https://github.com/babel/babel/tree/master/packages/babel-register"},"author":{"name":"Sebastian McKenzie","email":"sebmck@gmail.com"},"main":"lib/node.js","browser":"lib/browser.js","dependencies":{"core-js":"^1.0.0","home-or-tmp":"^1.0.0","path-exists":"^1.0.0","lodash":"^3.10.0","source-map-support":"^0.2.10","babel-core":"^6.1.4"},"devDependencies":{"babel-runtime":"^5.0.0"},"_id":"babel-register@6.1.4","scripts":{},"_shasum":"c5015a301df5dfd19c137d9827ba59215abc1583","_from":".","_npmVersion":"3.3.10","_nodeVersion":"4.1.0","_npmUser":{"name":"sebmck","email":"sebmck@gmail.com"},"dist":{"shasum":"c5015a301df5dfd19c137d9827ba59215abc1583","tarball":"https://registry.npmjs.org/babel-register/-/babel-register-6.1.4.tgz"},"maintainers":[{"name":"sebmck","email":"sebmck@gmail.com"}],"directories":{}},"6.1.17":{"name":"babel-register","version":"6.1.17","description":"babel require hook","license":"MIT","repository":{"type":"git","url":"https://github.com/babel/babel/tree/master/packages/babel-register"},"author":{"name":"Sebastian McKenzie","email":"sebmck@gmail.com"},"main":"lib/node.js","browser":"lib/browser.js","dependencies":{"core-js":"^1.0.0","home-or-tmp":"^1.0.0","path-exists":"^1.0.0","lodash":"^3.10.0","source-map-support":"^0.2.10","babel-core":"^6.1.17","babel-runtime":"^5.0.0"},"_id":"babel-register@6.1.17","scripts":{},"_shasum":"e63acb3dadfd34f03c6e8df6283e19b93c7abf2d","_from":".","_npmVersion":"3.3.10","_nodeVersion":"4.1.0","_npmUser":{"name":"sebmck","email":"sebmck@gmail.com"},"dist":{"shasum":"e63acb3dadfd34f03c6e8df6283e19b93c7abf2d","tarball":"https://registry.npmjs.org/babel-register/-/babel-register-6.1.17.tgz"},"maintainers":[{"name":"amasad","email":"amjad.masad@gmail.com"},{"name":"sebmck","email":"sebmck@gmail.com"},{"name":"thejameskyle","email":"me@thejameskyle.com"}],"directories":{}},"6.1.18":{"name":"babel-register","version":"6.1.18","description":"babel require hook","license":"MIT","repository":{"type":"git","url":"https://github.com/babel/babel/tree/master/packages/babel-register"},"author":{"name":"Sebastian McKenzie","email":"sebmck@gmail.com"},"main":"lib/node.js","browser":"lib/browser.js","dependencies":{"core-js":"^1.0.0","home-or-tmp":"^1.0.0","path-exists":"^1.0.0","lodash":"^3.10.0","source-map-support":"^0.2.10","babel-core":"^6.1.18","babel-runtime":"^5.0.0"},"_id":"babel-register@6.1.18","scripts":{},"_shasum":"19eb28bcbb56d161bc80ab71b5b126f38b97515f","_from":".","_npmVersion":"3.3.10","_nodeVersion":"4.1.0","_npmUser":{"name":"sebmck","email":"sebmck@gmail.com"},"dist":{"shasum":"19eb28bcbb56d161bc80ab71b5b126f38b97515f","tarball":"https://registry.npmjs.org/babel-register/-/babel-register-6.1.18.tgz"},"maintainers":[{"name":"amasad","email":"amjad.masad@gmail.com"},{"name":"sebmck","email":"sebmck@gmail.com"},{"name":"thejameskyle","email":"me@thejameskyle.com"}],"directories":{}},"6.2.0":{"name":"babel-register","version":"6.2.0","description":"babel require hook","license":"MIT","repository":{"type":"git","url":"https://github.com/babel/babel/tree/master/packages/babel-register"},"author":{"name":"Sebastian McKenzie","email":"sebmck@gmail.com"},"main":"lib/node.js","browser":"lib/browser.js","dependencies":{"core-js":"^1.0.0","home-or-tmp":"^1.0.0","path-exists":"^1.0.0","lodash":"^3.10.0","source-map-support":"^0.2.10","babel-core":"^6.2.0","babel-runtime":"^5.0.0"},"_id":"babel-register@6.2.0","scripts":{},"_shasum":"181e3ddfbf97b30770d7de70e0a8f48560460e1d","_from":".","_npmVersion":"3.3.10","_nodeVersion":"4.1.0","_npmUser":{"name":"sebmck","email":"sebmck@gmail.com"},"dist":{"shasum":"181e3ddfbf97b30770d7de70e0a8f48560460e1d","tarball":"https://registry.npmjs.org/babel-register/-/babel-register-6.2.0.tgz"},"maintainers":[{"name":"amasad","email":"amjad.masad@gmail.com"},{"name":"sebmck","email":"sebmck@gmail.com"},{"name":"thejameskyle","email":"me@thejameskyle.com"}],"directories":{}},"6.2.4":{"name":"babel-register","version":"6.2.4","description":"babel require hook","license":"MIT","repository":{"type":"git","url":"https://github.com/babel/babel/tree/master/packages/babel-register"},"author":{"name":"Sebastian McKenzie","email":"sebmck@gmail.com"},"main":"lib/node.js","browser":"lib/browser.js","dependencies":{"core-js":"^1.0.0","home-or-tmp":"^1.0.0","path-exists":"^1.0.0","lodash":"^3.10.0","source-map-support":"^0.2.10","babel-core":"^6.2.4","babel-runtime":"^5.0.0"},"_id":"babel-register@6.2.4","scripts":{},"_shasum":"75dd4512c15479c69578507b3d62c9b5a284be31","_from":".","_npmVersion":"3.3.10","_nodeVersion":"4.1.0","_npmUser":{"name":"sebmck","email":"sebmck@gmail.com"},"dist":{"shasum":"75dd4512c15479c69578507b3d62c9b5a284be31","tarball":"https://registry.npmjs.org/babel-register/-/babel-register-6.2.4.tgz"},"maintainers":[{"name":"amasad","email":"amjad.masad@gmail.com"},{"name":"sebmck","email":"sebmck@gmail.com"},{"name":"thejameskyle","email":"me@thejameskyle.com"}],"directories":{}},"6.3.2":{"name":"babel-register","version":"6.3.2","description":"babel require hook","license":"MIT","repository":{"type":"git","url":"https://github.com/babel/babel/tree/master/packages/babel-register"},"author":{"name":"Sebastian McKenzie","email":"sebmck@gmail.com"},"main":"lib/node.js","browser":"lib/browser.js","dependencies":{"core-js":"^1.0.0","home-or-tmp":"^1.0.0","path-exists":"^1.0.0","lodash":"^3.10.0","source-map-support":"^0.2.10","babel-core":"^6.3.2","babel-runtime":"^5.0.0"},"_id":"babel-register@6.3.2","scripts":{},"_shasum":"442b6e03b69bd26d35149791426bb761c2fb45ca","_from":".","_npmVersion":"3.3.12","_nodeVersion":"5.1.0","_npmUser":{"name":"hzoo","email":"hi@henryzoo.com"},"dist":{"shasum":"442b6e03b69bd26d35149791426bb761c2fb45ca","tarball":"https://registry.npmjs.org/babel-register/-/babel-register-6.3.2.tgz"},"maintainers":[{"name":"amasad","email":"amjad.masad@gmail.com"},{"name":"hzoo","email":"hi@henryzoo.com"},{"name":"jmm","email":"npm-public@jessemccarthy.net"},{"name":"loganfsmyth","email":"loganfsmyth@gmail.com"},{"name":"sebmck","email":"sebmck@gmail.com"},{"name":"thejameskyle","email":"me@thejameskyle.com"}],"directories":{}},"6.3.13":{"name":"babel-register","version":"6.3.13","description":"babel require hook","license":"MIT","repository":{"type":"git","url":"https://github.com/babel/babel/tree/master/packages/babel-register"},"author":{"name":"Sebastian McKenzie","email":"sebmck@gmail.com"},"main":"lib/node.js","browser":"lib/browser.js","dependencies":{"core-js":"^1.0.0","home-or-tmp":"^1.0.0","path-exists":"^1.0.0","lodash":"^3.10.0","source-map-support":"^0.2.10","babel-core":"^6.3.13","babel-runtime":"^5.0.0"},"_id":"babel-register@6.3.13","scripts":{},"_shasum":"858b77cd7765aa5a82a33c26bbb1bc7b264713bf","_from":".","_npmVersion":"3.3.10","_nodeVersion":"4.1.0","_npmUser":{"name":"sebmck","email":"sebmck@gmail.com"},"dist":{"shasum":"858b77cd7765aa5a82a33c26bbb1bc7b264713bf","tarball":"https://registry.npmjs.org/babel-register/-/babel-register-6.3.13.tgz"},"maintainers":[{"name":"amasad","email":"amjad.masad@gmail.com"},{"name":"hzoo","email":"hi@henryzoo.com"},{"name":"jmm","email":"npm-public@jessemccarthy.net"},{"name":"loganfsmyth","email":"loganfsmyth@gmail.com"},{"name":"sebmck","email":"sebmck@gmail.com"},{"name":"thejameskyle","email":"me@thejameskyle.com"}],"directories":{}},"6.4.3":{"name":"babel-register","version":"6.4.3","description":"babel require hook","license":"MIT","repository":{"type":"git","url":"https://github.com/babel/babel/tree/master/packages/babel-register"},"author":{"name":"Sebastian McKenzie","email":"sebmck@gmail.com"},"main":"lib/node.js","browser":"lib/browser.js","dependencies":{"babel-core":"^6.3.13","babel-runtime":"^5.0.0","core-js":"^1.0.0","home-or-tmp":"^1.0.0","lodash":"^3.10.0","mkdirp":"^0.5.1","path-exists":"^1.0.0","source-map-support":"^0.2.10"},"_id":"babel-register@6.4.3","scripts":{},"_shasum":"fd6413fb1a9eeda20290ba7005bc5bb8cb20782e","_from":".","_npmVersion":"2.14.7","_nodeVersion":"4.2.2","_npmUser":{"name":"amasad","email":"amjad.masad@gmail.com"},"maintainers":[{"name":"amasad","email":"amjad.masad@gmail.com"},{"name":"hzoo","email":"hi@henryzoo.com"},{"name":"jmm","email":"npm-public@jessemccarthy.net"},{"name":"loganfsmyth","email":"loganfsmyth@gmail.com"},{"name":"sebmck","email":"sebmck@gmail.com"},{"name":"thejameskyle","email":"me@thejameskyle.com"}],"dist":{"shasum":"fd6413fb1a9eeda20290ba7005bc5bb8cb20782e","tarball":"https://registry.npmjs.org/babel-register/-/babel-register-6.4.3.tgz"},"directories":{}},"6.5.0":{"name":"babel-register","version":"6.5.0","description":"babel require hook","license":"MIT","repository":{"type":"git","url":"https://github.com/babel/babel/tree/master/packages/babel-register"},"author":{"name":"Sebastian McKenzie","email":"sebmck@gmail.com"},"main":"lib/node.js","browser":"lib/browser.js","dependencies":{"babel-core":"^6.3.13","babel-runtime":"^5.0.0","core-js":"^1.0.0","home-or-tmp":"^1.0.0","lodash":"^3.10.0","mkdirp":"^0.5.1","path-exists":"^1.0.0","source-map-support":"^0.2.10"},"_id":"babel-register@6.5.0","scripts":{},"_shasum":"c91c7f21f1f0ef9a56e779b730da794bbc3fb1be","_from":".","_npmVersion":"3.6.0","_nodeVersion":"5.1.0","_npmUser":{"name":"hzoo","email":"hi@henryzoo.com"},"dist":{"shasum":"c91c7f21f1f0ef9a56e779b730da794bbc3fb1be","tarball":"https://registry.npmjs.org/babel-register/-/babel-register-6.5.0.tgz"},"maintainers":[{"name":"amasad","email":"amjad.masad@gmail.com"},{"name":"hzoo","email":"hi@henryzoo.com"},{"name":"jmm","email":"npm-public@jessemccarthy.net"},{"name":"loganfsmyth","email":"loganfsmyth@gmail.com"},{"name":"sebmck","email":"sebmck@gmail.com"},{"name":"thejameskyle","email":"me@thejameskyle.com"}],"_npmOperationalInternal":{"host":"packages-5-east.internal.npmjs.com","tmp":"tmp/babel-register-6.5.0.tgz_1454803706478_0.2790196056012064"},"directories":{}},"6.5.0-1":{"name":"babel-register","version":"6.5.0-1","description":"babel require hook","license":"MIT","repository":{"type":"git","url":"https://github.com/babel/babel/tree/master/packages/babel-register"},"author":{"name":"Sebastian McKenzie","email":"sebmck@gmail.com"},"main":"lib/node.js","browser":"lib/browser.js","dependencies":{"babel-core":"^6.5.0-1","babel-runtime":"^5.0.0","core-js":"^1.0.0","home-or-tmp":"^1.0.0","lodash":"^3.10.0","mkdirp":"^0.5.1","path-exists":"^1.0.0","source-map-support":"^0.2.10"},"_id":"babel-register@6.5.0-1","scripts":{},"_shasum":"3beb4648765cd36180ab635a0c92542d8ceaa54e","_from":".","_npmVersion":"3.6.0","_nodeVersion":"5.1.0","_npmUser":{"name":"hzoo","email":"hi@henryzoo.com"},"dist":{"shasum":"3beb4648765cd36180ab635a0c92542d8ceaa54e","tarball":"https://registry.npmjs.org/babel-register/-/babel-register-6.5.0-1.tgz"},"maintainers":[{"name":"amasad","email":"amjad.masad@gmail.com"},{"name":"hzoo","email":"hi@henryzoo.com"},{"name":"jmm","email":"npm-public@jessemccarthy.net"},{"name":"loganfsmyth","email":"loganfsmyth@gmail.com"},{"name":"sebmck","email":"sebmck@gmail.com"},{"name":"thejameskyle","email":"me@thejameskyle.com"}],"_npmOperationalInternal":{"host":"packages-9-west.internal.npmjs.com","tmp":"tmp/babel-register-6.5.0-1.tgz_1454812907506_0.17617562226951122"},"directories":{}},"6.5.1":{"name":"babel-register","version":"6.5.1","description":"babel require hook","license":"MIT","repository":{"type":"git","url":"https://github.com/babel/babel/tree/master/packages/babel-register"},"author":{"name":"Sebastian McKenzie","email":"sebmck@gmail.com"},"main":"lib/node.js","browser":"lib/browser.js","dependencies":{"babel-core":"^6.5.1","babel-runtime":"^5.0.0","core-js":"^1.0.0","home-or-tmp":"^1.0.0","lodash":"^3.10.0","mkdirp":"^0.5.1","path-exists":"^1.0.0","source-map-support":"^0.2.10"},"_id":"babel-register@6.5.1","scripts":{},"_shasum":"e895fe12bb02081f0a3019dbcaceacc51676aab9","_from":".","_npmVersion":"3.3.12","_nodeVersion":"5.4.0","_npmUser":{"name":"sebmck","email":"sebmck@gmail.com"},"dist":{"shasum":"e895fe12bb02081f0a3019dbcaceacc51676aab9","tarball":"https://registry.npmjs.org/babel-register/-/babel-register-6.5.1.tgz"},"maintainers":[{"name":"amasad","email":"amjad.masad@gmail.com"},{"name":"hzoo","email":"hi@henryzoo.com"},{"name":"jmm","email":"npm-public@jessemccarthy.net"},{"name":"loganfsmyth","email":"loganfsmyth@gmail.com"},{"name":"sebmck","email":"sebmck@gmail.com"},{"name":"thejameskyle","email":"me@thejameskyle.com"}],"_npmOperationalInternal":{"host":"packages-9-west.internal.npmjs.com","tmp":"tmp/babel-register-6.5.1.tgz_1454897893758_0.8113697345834225"},"directories":{}},"6.5.2":{"name":"babel-register","version":"6.5.2","description":"babel require hook","license":"MIT","repository":{"type":"git","url":"https://github.com/babel/babel/tree/master/packages/babel-register"},"author":{"name":"Sebastian McKenzie","email":"sebmck@gmail.com"},"main":"lib/node.js","browser":"lib/browser.js","dependencies":{"babel-core":"^6.5.2","babel-runtime":"^5.0.0","core-js":"^1.0.0","home-or-tmp":"^1.0.0","lodash":"^3.10.0","mkdirp":"^0.5.1","path-exists":"^1.0.0","source-map-support":"^0.2.10"},"_id":"babel-register@6.5.2","scripts":{},"_shasum":"54983d575aba14205fa940fdfb2f5b5370833b5f","_from":".","_npmVersion":"3.6.0","_nodeVersion":"5.1.0","_npmUser":{"name":"hzoo","email":"hi@henryzoo.com"},"dist":{"shasum":"54983d575aba14205fa940fdfb2f5b5370833b5f","tarball":"https://registry.npmjs.org/babel-register/-/babel-register-6.5.2.tgz"},"maintainers":[{"name":"amasad","email":"amjad.masad@gmail.com"},{"name":"hzoo","email":"hi@henryzoo.com"},{"name":"jmm","email":"npm-public@jessemccarthy.net"},{"name":"loganfsmyth","email":"loganfsmyth@gmail.com"},{"name":"sebmck","email":"sebmck@gmail.com"},{"name":"thejameskyle","email":"me@thejameskyle.com"}],"_npmOperationalInternal":{"host":"packages-9-west.internal.npmjs.com","tmp":"tmp/babel-register-6.5.2.tgz_1455294621411_0.10972162638790905"},"directories":{}},"6.6.0":{"name":"babel-register","version":"6.6.0","description":"babel require hook","license":"MIT","repository":{"type":"git","url":"https://github.com/babel/babel/tree/master/packages/babel-register"},"author":{"name":"Sebastian McKenzie","email":"sebmck@gmail.com"},"main":"lib/node.js","browser":"lib/browser.js","dependencies":{"babel-core":"^6.6.0","babel-runtime":"^5.0.0","core-js":"^2.1.0","home-or-tmp":"^1.0.0","lodash":"^3.10.0","mkdirp":"^0.5.1","path-exists":"^1.0.0","source-map-support":"^0.2.10"},"_id":"babel-register@6.6.0","scripts":{},"_shasum":"ca849b592d92dbf31e026b5f8cf2fcf15a2a27a2","_from":".","_npmVersion":"3.6.0","_nodeVersion":"5.1.0","_npmUser":{"name":"hzoo","email":"hi@henryzoo.com"},"dist":{"shasum":"ca849b592d92dbf31e026b5f8cf2fcf15a2a27a2","tarball":"https://registry.npmjs.org/babel-register/-/babel-register-6.6.0.tgz"},"maintainers":[{"name":"amasad","email":"amjad.masad@gmail.com"},{"name":"hzoo","email":"hi@henryzoo.com"},{"name":"jmm","email":"npm-public@jessemccarthy.net"},{"name":"loganfsmyth","email":"loganfsmyth@gmail.com"},{"name":"sebmck","email":"sebmck@gmail.com"},{"name":"thejameskyle","email":"me@thejameskyle.com"}],"_npmOperationalInternal":{"host":"packages-5-east.internal.npmjs.com","tmp":"tmp/babel-register-6.6.0.tgz_1456780387071_0.005445967428386211"},"directories":{}},"6.6.5":{"name":"babel-register","version":"6.6.5","description":"babel require hook","license":"MIT","repository":{"type":"git","url":"https://github.com/babel/babel/tree/master/packages/babel-register"},"author":{"name":"Sebastian McKenzie","email":"sebmck@gmail.com"},"main":"lib/node.js","browser":"lib/browser.js","dependencies":{"babel-core":"^6.6.5","babel-runtime":"^5.0.0","core-js":"^2.1.0","home-or-tmp":"^1.0.0","lodash":"^3.10.0","mkdirp":"^0.5.1","path-exists":"^1.0.0","source-map-support":"^0.2.10"},"_id":"babel-register@6.6.5","scripts":{},"_shasum":"ae314c21e862e3673c8c3432465bac73a8f62701","_from":".","_npmVersion":"3.6.0","_nodeVersion":"5.1.0","_npmUser":{"name":"hzoo","email":"hi@henryzoo.com"},"dist":{"shasum":"ae314c21e862e3673c8c3432465bac73a8f62701","tarball":"https://registry.npmjs.org/babel-register/-/babel-register-6.6.5.tgz"},"maintainers":[{"name":"amasad","email":"amjad.masad@gmail.com"},{"name":"hzoo","email":"hi@henryzoo.com"},{"name":"jmm","email":"npm-public@jessemccarthy.net"},{"name":"loganfsmyth","email":"loganfsmyth@gmail.com"},{"name":"sebmck","email":"sebmck@gmail.com"},{"name":"thejameskyle","email":"me@thejameskyle.com"}],"_npmOperationalInternal":{"host":"packages-12-west.internal.npmjs.com","tmp":"tmp/babel-register-6.6.5.tgz_1457133431990_0.4093284069094807"},"directories":{}},"6.7.2":{"name":"babel-register","version":"6.7.2","description":"babel require hook","license":"MIT","repository":{"type":"git","url":"https://github.com/babel/babel/tree/master/packages/babel-register"},"author":{"name":"Sebastian McKenzie","email":"sebmck@gmail.com"},"main":"lib/node.js","browser":"lib/browser.js","dependencies":{"babel-core":"^6.7.2","babel-runtime":"^5.0.0","core-js":"^2.1.0","home-or-tmp":"^1.0.0","lodash":"^3.10.0","mkdirp":"^0.5.1","path-exists":"^1.0.0","source-map-support":"^0.2.10"},"_id":"babel-register@6.7.2","scripts":{},"_shasum":"4dec809ba2d4ccadd185efb2c0a3f560e1f6c8a0","_from":".","_npmVersion":"3.3.12","_nodeVersion":"5.5.0","_npmUser":{"name":"amasad","email":"amjad.masad@gmail.com"},"maintainers":[{"name":"amasad","email":"amjad.masad@gmail.com"},{"name":"hzoo","email":"hi@henryzoo.com"},{"name":"jmm","email":"npm-public@jessemccarthy.net"},{"name":"loganfsmyth","email":"loganfsmyth@gmail.com"},{"name":"sebmck","email":"sebmck@gmail.com"},{"name":"thejameskyle","email":"me@thejameskyle.com"}],"dist":{"shasum":"4dec809ba2d4ccadd185efb2c0a3f560e1f6c8a0","tarball":"https://registry.npmjs.org/babel-register/-/babel-register-6.7.2.tgz"},"_npmOperationalInternal":{"host":"packages-13-west.internal.npmjs.com","tmp":"tmp/babel-register-6.7.2.tgz_1457649692292_0.6993277075234801"},"directories":{}},"6.8.0":{"name":"babel-register","version":"6.8.0","description":"babel require hook","license":"MIT","repository":{"type":"git","url":"https://github.com/babel/babel/tree/master/packages/babel-register"},"author":{"name":"Sebastian McKenzie","email":"sebmck@gmail.com"},"main":"lib/node.js","browser":"lib/browser.js","dependencies":{"babel-core":"^6.8.0","babel-runtime":"^6.0.0","core-js":"^2.1.0","home-or-tmp":"^1.0.0","lodash":"^3.10.0","mkdirp":"^0.5.1","path-exists":"^1.0.0","source-map-support":"^0.2.10"},"_id":"babel-register@6.8.0","scripts":{},"_shasum":"fa027da807a93b944329d1715719e72866d84cf1","_from":".","_npmVersion":"3.8.6","_nodeVersion":"5.1.0","_npmUser":{"name":"hzoo","email":"hi@henryzoo.com"},"maintainers":[{"name":"amasad","email":"amjad.masad@gmail.com"},{"name":"hzoo","email":"hi@henryzoo.com"},{"name":"jmm","email":"npm-public@jessemccarthy.net"},{"name":"loganfsmyth","email":"loganfsmyth@gmail.com"},{"name":"sebmck","email":"sebmck@gmail.com"},{"name":"thejameskyle","email":"me@thejameskyle.com"}],"dist":{"shasum":"fa027da807a93b944329d1715719e72866d84cf1","tarball":"https://registry.npmjs.org/babel-register/-/babel-register-6.8.0.tgz"},"_npmOperationalInternal":{"host":"packages-12-west.internal.npmjs.com","tmp":"tmp/babel-register-6.8.0.tgz_1462232721682_0.0181383544113487"},"directories":{}},"6.9.0":{"name":"babel-register","version":"6.9.0","description":"babel require hook","license":"MIT","repository":{"type":"git","url":"https://github.com/babel/babel/tree/master/packages/babel-register"},"author":{"name":"Sebastian McKenzie","email":"sebmck@gmail.com"},"main":"lib/node.js","browser":"lib/browser.js","dependencies":{"babel-core":"^6.9.0","babel-runtime":"^6.9.0","core-js":"^2.4.0","home-or-tmp":"^1.0.0","lodash":"^4.2.0","mkdirp":"^0.5.1","path-exists":"^1.0.0","source-map-support":"^0.2.10"},"_id":"babel-register@6.9.0","scripts":{},"_shasum":"dd5f3572ef5bd4082ca05471e942e4a91b162ff0","_from":".","_npmVersion":"3.8.6","_nodeVersion":"5.1.0","_npmUser":{"name":"hzoo","email":"hi@henryzoo.com"},"maintainers":[{"name":"amasad","email":"amjad.masad@gmail.com"},{"name":"hzoo","email":"hi@henryzoo.com"},{"name":"jmm","email":"npm-public@jessemccarthy.net"},{"name":"loganfsmyth","email":"loganfsmyth@gmail.com"},{"name":"sebmck","email":"sebmck@gmail.com"},{"name":"thejameskyle","email":"me@thejameskyle.com"}],"dist":{"shasum":"dd5f3572ef5bd4082ca05471e942e4a91b162ff0","tarball":"https://registry.npmjs.org/babel-register/-/babel-register-6.9.0.tgz"},"_npmOperationalInternal":{"host":"packages-16-east.internal.npmjs.com","tmp":"tmp/babel-register-6.9.0.tgz_1463510986404_0.9214576899539679"},"directories":{}},"6.11.5":{"name":"babel-register","version":"6.11.5","description":"babel require hook","license":"MIT","repository":{"type":"git","url":"https://github.com/babel/babel/tree/master/packages/babel-register"},"author":{"name":"Sebastian McKenzie","email":"sebmck@gmail.com"},"main":"lib/node.js","browser":"lib/browser.js","dependencies":{"babel-core":"^6.9.0","babel-runtime":"^6.9.0","core-js":"^2.4.0","home-or-tmp":"^1.0.0","lodash":"^4.2.0","mkdirp":"^0.5.1","path-exists":"^1.0.0","source-map-support":"^0.2.10"},"_id":"babel-register@6.11.5","scripts":{},"_shasum":"d40de86b99e8f105e3b4a58ab711f2143375c923","_from":".","_npmVersion":"3.10.3","_nodeVersion":"5.11.1","_npmUser":{"name":"hzoo","email":"hi@henryzoo.com"},"dist":{"shasum":"d40de86b99e8f105e3b4a58ab711f2143375c923","tarball":"https://registry.npmjs.org/babel-register/-/babel-register-6.11.5.tgz"},"maintainers":[{"name":"amasad","email":"amjad.masad@gmail.com"},{"name":"hzoo","email":"hi@henryzoo.com"},{"name":"jmm","email":"npm-public@jessemccarthy.net"},{"name":"loganfsmyth","email":"loganfsmyth@gmail.com"},{"name":"sebmck","email":"sebmck@gmail.com"},{"name":"thejameskyle","email":"me@thejameskyle.com"}],"_npmOperationalInternal":{"host":"packages-16-east.internal.npmjs.com","tmp":"tmp/babel-register-6.11.5.tgz_1469297376615_0.4524226544890553"},"directories":{}},"6.11.6":{"name":"babel-register","version":"6.11.6","description":"babel require hook","license":"MIT","repository":{"type":"git","url":"https://github.com/babel/babel/tree/master/packages/babel-register"},"author":{"name":"Sebastian McKenzie","email":"sebmck@gmail.com"},"main":"lib/node.js","browser":"lib/browser.js","dependencies":{"babel-core":"^6.9.0","babel-runtime":"^6.11.6","core-js":"^2.4.0","home-or-tmp":"^1.0.0","lodash":"^4.2.0","mkdirp":"^0.5.1","path-exists":"^1.0.0","source-map-support":"^0.2.10"},"_id":"babel-register@6.11.6","scripts":{},"_shasum":"d235f6102b9350fce6384064e0c12d6892680c46","_from":".","_npmVersion":"3.10.3","_nodeVersion":"5.11.1","_npmUser":{"name":"hzoo","email":"hi@henryzoo.com"},"dist":{"shasum":"d235f6102b9350fce6384064e0c12d6892680c46","tarball":"https://registry.npmjs.org/babel-register/-/babel-register-6.11.6.tgz"},"maintainers":[{"name":"amasad","email":"amjad.masad@gmail.com"},{"name":"hzoo","email":"hi@henryzoo.com"},{"name":"jmm","email":"npm-public@jessemccarthy.net"},{"name":"loganfsmyth","email":"loganfsmyth@gmail.com"},{"name":"sebmck","email":"sebmck@gmail.com"},{"name":"thejameskyle","email":"me@thejameskyle.com"}],"_npmOperationalInternal":{"host":"packages-12-west.internal.npmjs.com","tmp":"tmp/babel-register-6.11.6.tgz_1469571147040_0.24511170643381774"},"directories":{}},"6.14.0":{"name":"babel-register","version":"6.14.0","description":"babel require hook","license":"MIT","repository":{"type":"git","url":"https://github.com/babel/babel/tree/master/packages/babel-register"},"author":{"name":"Sebastian McKenzie","email":"sebmck@gmail.com"},"main":"lib/node.js","browser":"lib/browser.js","dependencies":{"babel-core":"^6.14.0","babel-runtime":"^6.11.6","core-js":"^2.4.0","home-or-tmp":"^1.0.0","lodash":"^4.2.0","mkdirp":"^0.5.1","path-exists":"^1.0.0","source-map-support":"^0.2.10"},"_id":"babel-register@6.14.0","scripts":{},"_shasum":"1261f94ee375808b564e24a800cc2179afbf0067","_from":".","_npmVersion":"3.10.6","_nodeVersion":"5.11.1","_npmUser":{"name":"hzoo","email":"hi@henryzoo.com"},"dist":{"shasum":"1261f94ee375808b564e24a800cc2179afbf0067","tarball":"https://registry.npmjs.org/babel-register/-/babel-register-6.14.0.tgz"},"maintainers":[{"name":"amasad","email":"amjad.masad@gmail.com"},{"name":"hzoo","email":"hi@henryzoo.com"},{"name":"jmm","email":"npm-public@jessemccarthy.net"},{"name":"loganfsmyth","email":"loganfsmyth@gmail.com"},{"name":"sebmck","email":"sebmck@gmail.com"},{"name":"thejameskyle","email":"me@thejameskyle.com"}],"_npmOperationalInternal":{"host":"packages-16-east.internal.npmjs.com","tmp":"tmp/babel-register-6.14.0.tgz_1472082059458_0.30287572811357677"},"directories":{}},"6.16.0":{"name":"babel-register","version":"6.16.0","description":"babel require hook","license":"MIT","repository":{"type":"git","url":"https://github.com/babel/babel/tree/master/packages/babel-register"},"author":{"name":"Sebastian McKenzie","email":"sebmck@gmail.com"},"main":"lib/node.js","browser":"lib/browser.js","dependencies":{"babel-core":"^6.16.0","babel-runtime":"^6.11.6","core-js":"^2.4.0","home-or-tmp":"^1.0.0","lodash":"^4.2.0","mkdirp":"^0.5.1","path-exists":"^1.0.0","source-map-support":"^0.4.2"},"_id":"babel-register@6.16.0","scripts":{},"_shasum":"0d1c12aefb0bc839fbd5b3ecb4eca112b9d20ed1","_from":".","_npmVersion":"3.10.8","_nodeVersion":"5.11.1","_npmUser":{"name":"hzoo","email":"hi@henryzoo.com"},"dist":{"shasum":"0d1c12aefb0bc839fbd5b3ecb4eca112b9d20ed1","tarball":"https://registry.npmjs.org/babel-register/-/babel-register-6.16.0.tgz"},"maintainers":[{"name":"amasad","email":"amjad.masad@gmail.com"},{"name":"hzoo","email":"hi@henryzoo.com"},{"name":"jmm","email":"npm-public@jessemccarthy.net"},{"name":"loganfsmyth","email":"loganfsmyth@gmail.com"},{"name":"sebmck","email":"sebmck@gmail.com"},{"name":"thejameskyle","email":"me@thejameskyle.com"}],"_npmOperationalInternal":{"host":"packages-12-west.internal.npmjs.com","tmp":"tmp/babel-register-6.16.0.tgz_1475091544001_0.21346236462704837"},"directories":{}},"6.16.3":{"name":"babel-register","version":"6.16.3","description":"babel require hook","license":"MIT","repository":{"type":"git","url":"https://github.com/babel/babel/tree/master/packages/babel-register"},"author":{"name":"Sebastian McKenzie","email":"sebmck@gmail.com"},"main":"lib/node.js","browser":"lib/browser.js","dependencies":{"babel-core":"^6.16.0","babel-runtime":"^6.11.6","core-js":"^2.4.0","home-or-tmp":"^1.0.0","lodash":"^4.2.0","mkdirp":"^0.5.1","path-exists":"^1.0.0","source-map-support":"^0.4.2"},"_id":"babel-register@6.16.3","scripts":{},"_shasum":"7b0c0ca7bfdeb9188ba4c27e5fcb7599a497c624","_from":".","_npmVersion":"3.10.8","_nodeVersion":"5.11.1","_npmUser":{"name":"hzoo","email":"hi@henryzoo.com"},"dist":{"shasum":"7b0c0ca7bfdeb9188ba4c27e5fcb7599a497c624","tarball":"https://registry.npmjs.org/babel-register/-/babel-register-6.16.3.tgz"},"maintainers":[{"name":"amasad","email":"amjad.masad@gmail.com"},{"name":"hzoo","email":"hi@henryzoo.com"},{"name":"jmm","email":"npm-public@jessemccarthy.net"},{"name":"loganfsmyth","email":"loganfsmyth@gmail.com"},{"name":"sebmck","email":"sebmck@gmail.com"},{"name":"thejameskyle","email":"me@thejameskyle.com"}],"_npmOperationalInternal":{"host":"packages-12-west.internal.npmjs.com","tmp":"tmp/babel-register-6.16.3.tgz_1475164015371_0.4618200524710119"},"directories":{}},"6.18.0":{"name":"babel-register","version":"6.18.0","description":"babel require hook","license":"MIT","repository":{"type":"git","url":"https://github.com/babel/babel/tree/master/packages/babel-register"},"author":{"name":"Sebastian McKenzie","email":"sebmck@gmail.com"},"main":"lib/node.js","browser":"lib/browser.js","dependencies":{"babel-core":"^6.18.0","babel-runtime":"^6.11.6","core-js":"^2.4.0","home-or-tmp":"^2.0.0","lodash":"^4.2.0","mkdirp":"^0.5.1","source-map-support":"^0.4.2"},"_id":"babel-register@6.18.0","scripts":{},"_shasum":"892e2e03865078dd90ad2c715111ec4449b32a68","_from":".","_npmVersion":"3.10.8","_nodeVersion":"6.9.0","_npmUser":{"name":"hzoo","email":"hi@henryzoo.com"},"dist":{"shasum":"892e2e03865078dd90ad2c715111ec4449b32a68","tarball":"https://registry.npmjs.org/babel-register/-/babel-register-6.18.0.tgz"},"maintainers":[{"name":"amasad","email":"amjad.masad@gmail.com"},{"name":"hzoo","email":"hi@henryzoo.com"},{"name":"jmm","email":"npm-public@jessemccarthy.net"},{"name":"loganfsmyth","email":"loganfsmyth@gmail.com"},{"name":"sebmck","email":"sebmck@gmail.com"},{"name":"thejameskyle","email":"me@thejameskyle.com"}],"_npmOperationalInternal":{"host":"packages-12-west.internal.npmjs.com","tmp":"tmp/babel-register-6.18.0.tgz_1477343950702_0.14294588356278837"},"directories":{}},"6.22.0":{"name":"babel-register","version":"6.22.0","description":"babel require hook","license":"MIT","repository":{"type":"git","url":"https://github.com/babel/babel/tree/master/packages/babel-register"},"author":{"name":"Sebastian McKenzie","email":"sebmck@gmail.com"},"main":"lib/node.js","browser":"lib/browser.js","dependencies":{"babel-core":"^6.22.0","babel-runtime":"^6.22.0","core-js":"^2.4.0","home-or-tmp":"^2.0.0","lodash":"^4.2.0","mkdirp":"^0.5.1","source-map-support":"^0.4.2"},"_id":"babel-register@6.22.0","scripts":{},"_shasum":"a61dd83975f9ca4a9e7d6eff3059494cd5ea4c63","_from":".","_npmVersion":"3.10.10","_nodeVersion":"6.9.0","_npmUser":{"name":"hzoo","email":"hi@henryzoo.com"},"dist":{"shasum":"a61dd83975f9ca4a9e7d6eff3059494cd5ea4c63","tarball":"https://registry.npmjs.org/babel-register/-/babel-register-6.22.0.tgz"},"maintainers":[{"name":"amasad","email":"amjad.masad@gmail.com"},{"name":"hzoo","email":"hi@henryzoo.com"},{"name":"jmm","email":"npm-public@jessemccarthy.net"},{"name":"loganfsmyth","email":"loganfsmyth@gmail.com"},{"name":"sebmck","email":"sebmck@gmail.com"},{"name":"thejameskyle","email":"me@thejameskyle.com"}],"_npmOperationalInternal":{"host":"packages-18-east.internal.npmjs.com","tmp":"tmp/babel-register-6.22.0.tgz_1484872467013_0.34064371860586107"},"directories":{}},"6.23.0":{"name":"babel-register","version":"6.23.0","description":"babel require hook","license":"MIT","repository":{"type":"git","url":"https://github.com/babel/babel/tree/master/packages/babel-register"},"author":{"name":"Sebastian McKenzie","email":"sebmck@gmail.com"},"main":"lib/node.js","browser":"lib/browser.js","dependencies":{"babel-core":"^6.23.0","babel-runtime":"^6.22.0","core-js":"^2.4.0","home-or-tmp":"^2.0.0","lodash":"^4.2.0","mkdirp":"^0.5.1","source-map-support":"^0.4.2"},"devDependencies":{"decache":"^4.1.0"},"_id":"babel-register@6.23.0","scripts":{},"_shasum":"c9aa3d4cca94b51da34826c4a0f9e08145d74ff3","_from":".","_npmVersion":"3.10.8","_nodeVersion":"6.9.1","_npmUser":{"name":"loganfsmyth","email":"loganfsmyth@gmail.com"},"dist":{"shasum":"c9aa3d4cca94b51da34826c4a0f9e08145d74ff3","tarball":"https://registry.npmjs.org/babel-register/-/babel-register-6.23.0.tgz"},"maintainers":[{"name":"amasad","email":"amjad.masad@gmail.com"},{"name":"hzoo","email":"hi@henryzoo.com"},{"name":"jmm","email":"npm-public@jessemccarthy.net"},{"name":"loganfsmyth","email":"loganfsmyth@gmail.com"},{"name":"sebmck","email":"sebmck@gmail.com"},{"name":"thejameskyle","email":"me@thejameskyle.com"}],"_npmOperationalInternal":{"host":"packages-18-east.internal.npmjs.com","tmp":"tmp/babel-register-6.23.0.tgz_1487034874504_0.008369870251044631"},"directories":{}},"7.0.0-alpha.1":{"name":"babel-register","version":"7.0.0-alpha.1","description":"babel require hook","license":"MIT","repository":{"type":"git","url":"https://github.com/babel/babel/tree/master/packages/babel-register"},"author":{"name":"Sebastian McKenzie","email":"sebmck@gmail.com"},"main":"lib/node.js","browser":"lib/browser.js","dependencies":{"babel-core":"7.0.0-alpha.1","core-js":"^2.4.0","home-or-tmp":"^3.0.0","lodash":"^4.2.0","mkdirp":"^0.5.1","source-map-support":"^0.4.2"},"devDependencies":{"decache":"^4.1.0"},"_id":"babel-register@7.0.0-alpha.1","scripts":{},"_shasum":"d4f8600e773bbe9ad47c2e4f54c0209dff318cb0","_from":".","_npmVersion":"3.10.10","_nodeVersion":"6.9.0","_npmUser":{"name":"hzoo","email":"hi@henryzoo.com"},"dist":{"shasum":"d4f8600e773bbe9ad47c2e4f54c0209dff318cb0","tarball":"https://registry.npmjs.org/babel-register/-/babel-register-7.0.0-alpha.1.tgz"},"maintainers":[{"name":"amasad","email":"amjad.masad@gmail.com"},{"name":"hzoo","email":"hi@henryzoo.com"},{"name":"jmm","email":"npm-public@jessemccarthy.net"},{"name":"loganfsmyth","email":"loganfsmyth@gmail.com"},{"name":"sebmck","email":"sebmck@gmail.com"},{"name":"thejameskyle","email":"me@thejameskyle.com"}],"_npmOperationalInternal":{"host":"packages-18-east.internal.npmjs.com","tmp":"tmp/babel-register-7.0.0-alpha.1.tgz_1488488778975_0.02030518208630383"},"directories":{}},"7.0.0-alpha.2":{"name":"babel-register","version":"7.0.0-alpha.2","description":"babel require hook","license":"MIT","repository":{"type":"git","url":"https://github.com/babel/babel/tree/master/packages/babel-register"},"author":{"name":"Sebastian McKenzie","email":"sebmck@gmail.com"},"main":"lib/node.js","browser":"lib/browser.js","dependencies":{"babel-core":"7.0.0-alpha.2","core-js":"^2.4.0","home-or-tmp":"^3.0.0","lodash":"^4.2.0","mkdirp":"^0.5.1","source-map-support":"^0.4.2"},"devDependencies":{"decache":"^4.1.0"},"_id":"babel-register@7.0.0-alpha.2","scripts":{},"_shasum":"020a7ba7384792ca3ee8a44c5c14bf38501b4edb","_from":".","_npmVersion":"3.10.10","_nodeVersion":"6.9.0","_npmUser":{"name":"hzoo","email":"hi@henryzoo.com"},"dist":{"shasum":"020a7ba7384792ca3ee8a44c5c14bf38501b4edb","tarball":"https://registry.npmjs.org/babel-register/-/babel-register-7.0.0-alpha.2.tgz"},"maintainers":[{"name":"amasad","email":"amjad.masad@gmail.com"},{"name":"hzoo","email":"hi@henryzoo.com"},{"name":"jmm","email":"npm-public@jessemccarthy.net"},{"name":"loganfsmyth","email":"loganfsmyth@gmail.com"},{"name":"sebmck","email":"sebmck@gmail.com"},{"name":"thejameskyle","email":"me@thejameskyle.com"}],"_npmOperationalInternal":{"host":"packages-18-east.internal.npmjs.com","tmp":"tmp/babel-register-7.0.0-alpha.2.tgz_1488996528662_0.3558731551747769"},"directories":{}},"6.24.0":{"name":"babel-register","version":"6.24.0","description":"babel require hook","license":"MIT","repository":{"type":"git","url":"https://github.com/babel/babel/tree/master/packages/babel-register"},"author":{"name":"Sebastian McKenzie","email":"sebmck@gmail.com"},"main":"lib/node.js","browser":"lib/browser.js","dependencies":{"babel-core":"^6.24.0","babel-runtime":"^6.22.0","core-js":"^2.4.0","home-or-tmp":"^2.0.0","lodash":"^4.2.0","mkdirp":"^0.5.1","source-map-support":"^0.4.2"},"devDependencies":{"decache":"^4.1.0"},"_id":"babel-register@6.24.0","scripts":{},"_shasum":"5e89f8463ba9970356d02eb07dabe3308b080cfd","_from":".","_npmVersion":"3.10.10","_nodeVersion":"6.9.0","_npmUser":{"name":"hzoo","email":"hi@henryzoo.com"},"dist":{"shasum":"5e89f8463ba9970356d02eb07dabe3308b080cfd","tarball":"https://registry.npmjs.org/babel-register/-/babel-register-6.24.0.tgz"},"maintainers":[{"name":"amasad","email":"amjad.masad@gmail.com"},{"name":"hzoo","email":"hi@henryzoo.com"},{"name":"jmm","email":"npm-public@jessemccarthy.net"},{"name":"loganfsmyth","email":"loganfsmyth@gmail.com"},{"name":"sebmck","email":"sebmck@gmail.com"},{"name":"thejameskyle","email":"me@thejameskyle.com"}],"_npmOperationalInternal":{"host":"packages-18-east.internal.npmjs.com","tmp":"tmp/babel-register-6.24.0.tgz_1489371496636_0.15557522932067513"},"directories":{}},"7.0.0-alpha.3":{"name":"babel-register","version":"7.0.0-alpha.3","description":"babel require hook","license":"MIT","repository":{"type":"git","url":"https://github.com/babel/babel/tree/master/packages/babel-register"},"author":{"name":"Sebastian McKenzie","email":"sebmck@gmail.com"},"main":"lib/node.js","browser":"lib/browser.js","dependencies":{"babel-core":"7.0.0-alpha.3","core-js":"^2.4.0","home-or-tmp":"^3.0.0","lodash":"^4.2.0","mkdirp":"^0.5.1","source-map-support":"^0.4.2"},"devDependencies":{"decache":"^4.1.0"},"_id":"babel-register@7.0.0-alpha.3","scripts":{},"_shasum":"ecdb4abcf3cfe318984f202db3cab0fb2fb0c362","_from":".","_npmVersion":"3.10.10","_nodeVersion":"6.9.0","_npmUser":{"name":"hzoo","email":"hi@henryzoo.com"},"dist":{"shasum":"ecdb4abcf3cfe318984f202db3cab0fb2fb0c362","tarball":"https://registry.npmjs.org/babel-register/-/babel-register-7.0.0-alpha.3.tgz"},"maintainers":[{"name":"amasad","email":"amjad.masad@gmail.com"},{"name":"hzoo","email":"hi@henryzoo.com"},{"name":"jmm","email":"npm-public@jessemccarthy.net"},{"name":"loganfsmyth","email":"loganfsmyth@gmail.com"},{"name":"sebmck","email":"sebmck@gmail.com"},{"name":"thejameskyle","email":"me@thejameskyle.com"}],"_npmOperationalInternal":{"host":"packages-12-west.internal.npmjs.com","tmp":"tmp/babel-register-7.0.0-alpha.3.tgz_1490298612906_0.09224978112615645"},"directories":{}},"7.0.0-alpha.4":{"name":"babel-register","version":"7.0.0-alpha.4","description":"babel require hook","license":"MIT","repository":{"type":"git","url":"https://github.com/babel/babel/tree/master/packages/babel-register"},"author":{"name":"Sebastian McKenzie","email":"sebmck@gmail.com"},"main":"lib/node.js","browser":"lib/browser.js","dependencies":{"babel-core":"7.0.0-alpha.3","core-js":"^2.4.0","home-or-tmp":"^3.0.0","lodash":"^4.2.0","mkdirp":"^0.5.1","source-map-support":"^0.4.2"},"devDependencies":{"decache":"^4.1.0"},"_id":"babel-register@7.0.0-alpha.4","scripts":{},"_shasum":"854226be7b64e13bb5cf070decc66c064ead70bf","_from":".","_npmVersion":"3.10.10","_nodeVersion":"6.9.0","_npmUser":{"name":"hzoo","email":"hi@henryzoo.com"},"dist":{"shasum":"854226be7b64e13bb5cf070decc66c064ead70bf","tarball":"https://registry.npmjs.org/babel-register/-/babel-register-7.0.0-alpha.4.tgz"},"maintainers":[{"name":"amasad","email":"amjad.masad@gmail.com"},{"name":"hzoo","email":"hi@henryzoo.com"},{"name":"jmm","email":"npm-public@jessemccarthy.net"},{"name":"loganfsmyth","email":"loganfsmyth@gmail.com"},{"name":"sebmck","email":"sebmck@gmail.com"},{"name":"thejameskyle","email":"me@thejameskyle.com"}],"_npmOperationalInternal":{"host":"packages-12-west.internal.npmjs.com","tmp":"tmp/babel-register-7.0.0-alpha.4.tgz_1490306809770_0.2566129849292338"},"directories":{}},"7.0.0-alpha.6":{"name":"babel-register","version":"7.0.0-alpha.6","description":"babel require hook","license":"MIT","repository":{"type":"git","url":"https://github.com/babel/babel/tree/master/packages/babel-register"},"author":{"name":"Sebastian McKenzie","email":"sebmck@gmail.com"},"main":"lib/node.js","browser":"lib/browser.js","dependencies":{"babel-core":"7.0.0-alpha.6","core-js":"^2.4.0","home-or-tmp":"^3.0.0","lodash":"^4.2.0","mkdirp":"^0.5.1","source-map-support":"^0.4.2"},"devDependencies":{"decache":"^4.1.0"},"_id":"babel-register@7.0.0-alpha.6","scripts":{},"_shasum":"adb337fdfca6d74c90d51232b5b3d8f532ca91bc","_from":".","_npmVersion":"3.10.10","_nodeVersion":"6.9.0","_npmUser":{"name":"hzoo","email":"hi@henryzoo.com"},"dist":{"shasum":"adb337fdfca6d74c90d51232b5b3d8f532ca91bc","tarball":"https://registry.npmjs.org/babel-register/-/babel-register-7.0.0-alpha.6.tgz"},"maintainers":[{"name":"amasad","email":"amjad.masad@gmail.com"},{"name":"hzoo","email":"hi@henryzoo.com"},{"name":"jmm","email":"npm-public@jessemccarthy.net"},{"name":"loganfsmyth","email":"loganfsmyth@gmail.com"},{"name":"sebmck","email":"sebmck@gmail.com"},{"name":"thejameskyle","email":"me@thejameskyle.com"}],"_npmOperationalInternal":{"host":"packages-12-west.internal.npmjs.com","tmp":"tmp/babel-register-7.0.0-alpha.6.tgz_1490641781267_0.501928415382281"},"directories":{}},"7.0.0-alpha.7":{"name":"babel-register","version":"7.0.0-alpha.7","description":"babel require hook","license":"MIT","repository":{"type":"git","url":"https://github.com/babel/babel/tree/master/packages/babel-register"},"author":{"name":"Sebastian McKenzie","email":"sebmck@gmail.com"},"main":"lib/node.js","browser":"lib/browser.js","dependencies":{"babel-core":"7.0.0-alpha.7","core-js":"^2.4.0","home-or-tmp":"^3.0.0","lodash":"^4.2.0","mkdirp":"^0.5.1","source-map-support":"^0.4.2"},"devDependencies":{"decache":"^4.1.0"},"_id":"babel-register@7.0.0-alpha.7","scripts":{},"_shasum":"e3f1de53740f270052088f6fbbcd1b5ce3f0cdee","_from":".","_npmVersion":"3.10.10","_nodeVersion":"6.9.0","_npmUser":{"name":"hzoo","email":"hi@henryzoo.com"},"dist":{"shasum":"e3f1de53740f270052088f6fbbcd1b5ce3f0cdee","tarball":"https://registry.npmjs.org/babel-register/-/babel-register-7.0.0-alpha.7.tgz"},"maintainers":[{"name":"amasad","email":"amjad.masad@gmail.com"},{"name":"hzoo","email":"hi@henryzoo.com"},{"name":"jmm","email":"npm-public@jessemccarthy.net"},{"name":"loganfsmyth","email":"loganfsmyth@gmail.com"},{"name":"sebmck","email":"sebmck@gmail.com"},{"name":"thejameskyle","email":"me@thejameskyle.com"}],"_npmOperationalInternal":{"host":"packages-12-west.internal.npmjs.com","tmp":"tmp/babel-register-7.0.0-alpha.7.tgz_1491426877090_0.5856826116796583"},"directories":{}},"6.24.1":{"name":"babel-register","version":"6.24.1","description":"babel require hook","license":"MIT","repository":{"type":"git","url":"https://github.com/babel/babel/tree/master/packages/babel-register"},"author":{"name":"Sebastian McKenzie","email":"sebmck@gmail.com"},"main":"lib/node.js","browser":"lib/browser.js","dependencies":{"babel-core":"^6.24.1","babel-runtime":"^6.22.0","core-js":"^2.4.0","home-or-tmp":"^2.0.0","lodash":"^4.2.0","mkdirp":"^0.5.1","source-map-support":"^0.4.2"},"devDependencies":{"decache":"^4.1.0"},"_id":"babel-register@6.24.1","scripts":{},"_shasum":"7e10e13a2f71065bdfad5a1787ba45bca6ded75f","_from":".","_npmVersion":"3.10.10","_nodeVersion":"6.9.0","_npmUser":{"name":"hzoo","email":"hi@henryzoo.com"},"dist":{"shasum":"7e10e13a2f71065bdfad5a1787ba45bca6ded75f","tarball":"https://registry.npmjs.org/babel-register/-/babel-register-6.24.1.tgz"},"maintainers":[{"name":"amasad","email":"amjad.masad@gmail.com"},{"name":"hzoo","email":"hi@henryzoo.com"},{"name":"jmm","email":"npm-public@jessemccarthy.net"},{"name":"loganfsmyth","email":"loganfsmyth@gmail.com"},{"name":"sebmck","email":"sebmck@gmail.com"},{"name":"thejameskyle","email":"me@thejameskyle.com"}],"_npmOperationalInternal":{"host":"packages-12-west.internal.npmjs.com","tmp":"tmp/babel-register-6.24.1.tgz_1491578390746_0.7715963644441217"},"directories":{}},"7.0.0-alpha.8":{"name":"babel-register","version":"7.0.0-alpha.8","description":"babel require hook","license":"MIT","repository":{"type":"git","url":"https://github.com/babel/babel/tree/master/packages/babel-register"},"author":{"name":"Sebastian McKenzie","email":"sebmck@gmail.com"},"main":"lib/node.js","browser":"lib/browser.js","dependencies":{"babel-core":"7.0.0-alpha.8","core-js":"^2.4.0","home-or-tmp":"^3.0.0","lodash":"^4.2.0","mkdirp":"^0.5.1","source-map-support":"^0.4.2"},"devDependencies":{"decache":"^4.1.0"},"_id":"babel-register@7.0.0-alpha.8","scripts":{},"_shasum":"cfc0f829447a78a9ead75cd1dc02e0f7a3a56ad3","_from":".","_npmVersion":"3.10.10","_nodeVersion":"6.9.0","_npmUser":{"name":"hzoo","email":"hi@henryzoo.com"},"dist":{"shasum":"cfc0f829447a78a9ead75cd1dc02e0f7a3a56ad3","tarball":"https://registry.npmjs.org/babel-register/-/babel-register-7.0.0-alpha.8.tgz"},"maintainers":[{"name":"amasad","email":"amjad.masad@gmail.com"},{"name":"hzoo","email":"hi@henryzoo.com"},{"name":"jmm","email":"npm-public@jessemccarthy.net"},{"name":"loganfsmyth","email":"loganfsmyth@gmail.com"},{"name":"sebmck","email":"sebmck@gmail.com"},{"name":"thejameskyle","email":"me@thejameskyle.com"}],"_npmOperationalInternal":{"host":"packages-18-east.internal.npmjs.com","tmp":"tmp/babel-register-7.0.0-alpha.8.tgz_1492456407855_0.2336085878778249"},"directories":{}},"7.0.0-alpha.9":{"name":"babel-register","version":"7.0.0-alpha.9","description":"babel require hook","license":"MIT","repository":{"type":"git","url":"https://github.com/babel/babel/tree/master/packages/babel-register"},"author":{"name":"Sebastian McKenzie","email":"sebmck@gmail.com"},"main":"lib/node.js","browser":"lib/browser.js","dependencies":{"babel-core":"7.0.0-alpha.9","core-js":"^2.4.0","home-or-tmp":"^3.0.0","lodash":"^4.2.0","mkdirp":"^0.5.1","source-map-support":"^0.4.2"},"devDependencies":{"decache":"^4.1.0"},"_id":"babel-register@7.0.0-alpha.9","scripts":{},"_shasum":"580216ae64b58f009273ac413c87eb9ffe97ead9","_from":".","_npmVersion":"3.10.10","_nodeVersion":"6.9.0","_npmUser":{"name":"hzoo","email":"hi@henryzoo.com"},"dist":{"shasum":"580216ae64b58f009273ac413c87eb9ffe97ead9","tarball":"https://registry.npmjs.org/babel-register/-/babel-register-7.0.0-alpha.9.tgz"},"maintainers":[{"name":"amasad","email":"amjad.masad@gmail.com"},{"name":"hzoo","email":"hi@henryzoo.com"},{"name":"jmm","email":"npm-public@jessemccarthy.net"},{"name":"loganfsmyth","email":"loganfsmyth@gmail.com"},{"name":"sebmck","email":"sebmck@gmail.com"},{"name":"thejameskyle","email":"me@thejameskyle.com"}],"_npmOperationalInternal":{"host":"packages-12-west.internal.npmjs.com","tmp":"tmp/babel-register-7.0.0-alpha.9.tgz_1492526554591_0.1442826697602868"},"directories":{}},"7.0.0-alpha.10":{"name":"babel-register","version":"7.0.0-alpha.10","description":"babel require hook","license":"MIT","repository":{"type":"git","url":"https://github.com/babel/babel/tree/master/packages/babel-register"},"author":{"name":"Sebastian McKenzie","email":"sebmck@gmail.com"},"main":"lib/node.js","browser":"lib/browser.js","dependencies":{"babel-core":"7.0.0-alpha.10","core-js":"^2.4.0","find-cache-dir":"^0.1.1","home-or-tmp":"^3.0.0","lodash":"^4.2.0","mkdirp":"^0.5.1","pirates":"^3.0.1","source-map-support":"^0.4.2"},"devDependencies":{"decache":"^4.1.0","default-require-extensions":"^1.0.0"},"_id":"babel-register@7.0.0-alpha.10","scripts":{},"_shasum":"cb94a7460e59e8727d607ec15dfafb3290466c92","_from":".","_npmVersion":"3.10.10","_nodeVersion":"6.9.0","_npmUser":{"name":"hzoo","email":"hi@henryzoo.com"},"dist":{"shasum":"cb94a7460e59e8727d607ec15dfafb3290466c92","tarball":"https://registry.npmjs.org/babel-register/-/babel-register-7.0.0-alpha.10.tgz"},"maintainers":[{"email":"daniel@tschinder.de","name":"danez"},{"email":"hi@henryzoo.com","name":"hzoo"},{"email":"loganfsmyth@gmail.com","name":"loganfsmyth"}],"_npmOperationalInternal":{"host":"s3://npm-registry-packages","tmp":"tmp/babel-register-7.0.0-alpha.10.tgz_1495739877576_0.4696991245727986"},"directories":{}},"7.0.0-alpha.11":{"name":"babel-register","version":"7.0.0-alpha.11","description":"babel require hook","license":"MIT","repository":{"type":"git","url":"https://github.com/babel/babel/tree/master/packages/babel-register"},"author":{"name":"Sebastian McKenzie","email":"sebmck@gmail.com"},"main":"lib/node.js","browser":"lib/browser.js","dependencies":{"babel-core":"7.0.0-alpha.11","core-js":"^2.4.0","find-cache-dir":"^0.1.1","home-or-tmp":"^3.0.0","lodash":"^4.2.0","mkdirp":"^0.5.1","pirates":"^3.0.1","source-map-support":"^0.4.2"},"devDependencies":{"decache":"^4.1.0","default-require-extensions":"^1.0.0"},"_id":"babel-register@7.0.0-alpha.11","_npmVersion":"5.0.0","_nodeVersion":"6.9.0","_npmUser":{"name":"hzoo","email":"hi@henryzoo.com"},"dist":{"integrity":"sha512-6pm15xDjWDj4dPTgGSL2rWU8SQaJHbEirs+kSSU9ODXsZGrbaViuqUVQ4xT5RGqmiNaX1jOskQFfndivcfHerA==","shasum":"a7c5ba8f105b5f1d1e651df112e73b78957d647d","tarball":"https://registry.npmjs.org/babel-register/-/babel-register-7.0.0-alpha.11.tgz"},"maintainers":[{"email":"sebmck@gmail.com","name":"sebmck"},{"email":"daniel@tschinder.de","name":"danez"},{"email":"hi@henryzoo.com","name":"hzoo"},{"email":"loganfsmyth@gmail.com","name":"loganfsmyth"}],"_npmOperationalInternal":{"host":"s3://npm-registry-packages","tmp":"tmp/babel-register-7.0.0-alpha.11.tgz_1496263444449_0.16996259870938957"},"directories":{}},"7.0.0-alpha.12":{"name":"babel-register","version":"7.0.0-alpha.12","description":"babel require hook","license":"MIT","repository":{"type":"git","url":"https://github.com/babel/babel/tree/master/packages/babel-register"},"author":{"name":"Sebastian McKenzie","email":"sebmck@gmail.com"},"main":"lib/node.js","browser":"lib/browser.js","dependencies":{"babel-core":"7.0.0-alpha.12","core-js":"^2.4.0","find-cache-dir":"^0.1.1","home-or-tmp":"^3.0.0","lodash":"^4.2.0","mkdirp":"^0.5.1","pirates":"^3.0.1","source-map-support":"^0.4.2"},"devDependencies":{"decache":"^4.1.0","default-require-extensions":"^1.0.0"},"_id":"babel-register@7.0.0-alpha.12","_npmVersion":"5.0.0","_nodeVersion":"6.9.0","_npmUser":{"name":"hzoo","email":"hi@henryzoo.com"},"dist":{"integrity":"sha512-qwTKZZtGZdo4tyWP8ep0I5pAxOfBU/4STfKPODK/si/AcIugpEQx2RK4YXcGuPIA7w1IwoSVhBxC7ESe+pWxVA==","shasum":"d7fbae2981567b360607bb31783906d692cd7f6f","tarball":"https://registry.npmjs.org/babel-register/-/babel-register-7.0.0-alpha.12.tgz"},"maintainers":[{"email":"sebmck@gmail.com","name":"sebmck"},{"email":"daniel@tschinder.de","name":"danez"},{"email":"hi@henryzoo.com","name":"hzoo"},{"email":"loganfsmyth@gmail.com","name":"loganfsmyth"}],"_npmOperationalInternal":{"host":"s3://npm-registry-packages","tmp":"tmp/babel-register-7.0.0-alpha.12.tgz_1496265139011_0.09940219460986555"},"directories":{}},"7.0.0-alpha.14":{"name":"babel-register","version":"7.0.0-alpha.14","description":"babel require hook","license":"MIT","repository":{"type":"git","url":"https://github.com/babel/babel/tree/master/packages/babel-register"},"author":{"name":"Sebastian McKenzie","email":"sebmck@gmail.com"},"main":"lib/node.js","browser":"lib/browser.js","dependencies":{"babel-core":"7.0.0-alpha.14","core-js":"^2.4.0","find-cache-dir":"^0.1.1","home-or-tmp":"^3.0.0","lodash":"^4.2.0","mkdirp":"^0.5.1","pirates":"^3.0.1","source-map-support":"^0.4.2"},"devDependencies":{"decache":"^4.1.0","default-require-extensions":"^1.0.0"},"_id":"babel-register@7.0.0-alpha.14","scripts":{},"_shasum":"cbdd988e27ea7025caf18a734f45b79aa8a9f710","_from":".","_npmVersion":"4.6.1","_nodeVersion":"6.9.0","_npmUser":{"name":"hzoo","email":"hi@henryzoo.com"},"dist":{"shasum":"cbdd988e27ea7025caf18a734f45b79aa8a9f710","tarball":"https://registry.npmjs.org/babel-register/-/babel-register-7.0.0-alpha.14.tgz"},"maintainers":[{"email":"sebmck@gmail.com","name":"sebmck"},{"email":"daniel@tschinder.de","name":"danez"},{"email":"hi@henryzoo.com","name":"hzoo"},{"email":"loganfsmyth@gmail.com","name":"loganfsmyth"}],"_npmOperationalInternal":{"host":"s3://npm-registry-packages","tmp":"tmp/babel-register-7.0.0-alpha.14.tgz_1499828067167_0.40687706624157727"},"directories":{}},"7.0.0-alpha.15":{"name":"babel-register","version":"7.0.0-alpha.15","description":"babel require hook","license":"MIT","repository":{"type":"git","url":"https://github.com/babel/babel/tree/master/packages/babel-register"},"author":{"name":"Sebastian McKenzie","email":"sebmck@gmail.com"},"main":"lib/node.js","browser":"lib/browser.js","dependencies":{"babel-core":"7.0.0-alpha.15","core-js":"^2.4.0","find-cache-dir":"^0.1.1","home-or-tmp":"^3.0.0","lodash":"^4.2.0","mkdirp":"^0.5.1","pirates":"^3.0.1","source-map-support":"^0.4.2"},"devDependencies":{"decache":"^4.1.0","default-require-extensions":"^1.0.0"},"_id":"babel-register@7.0.0-alpha.15","scripts":{},"_shasum":"2f5cc86c29eab9fbb003aa88426d5e279e053f38","_from":".","_npmVersion":"4.6.1","_nodeVersion":"6.9.0","_npmUser":{"name":"hzoo","email":"hi@henryzoo.com"},"dist":{"shasum":"2f5cc86c29eab9fbb003aa88426d5e279e053f38","tarball":"https://registry.npmjs.org/babel-register/-/babel-register-7.0.0-alpha.15.tgz"},"maintainers":[{"email":"sebmck@gmail.com","name":"sebmck"},{"email":"daniel@tschinder.de","name":"danez"},{"email":"hi@henryzoo.com","name":"hzoo"},{"email":"loganfsmyth@gmail.com","name":"loganfsmyth"}],"_npmOperationalInternal":{"host":"s3://npm-registry-packages","tmp":"tmp/babel-register-7.0.0-alpha.15.tgz_1499830604257_0.6445957326795906"},"directories":{}},"7.0.0-alpha.16":{"name":"babel-register","version":"7.0.0-alpha.16","description":"babel require hook","license":"MIT","repository":{"type":"git","url":"https://github.com/babel/babel/tree/master/packages/babel-register"},"author":{"name":"Sebastian McKenzie","email":"sebmck@gmail.com"},"main":"lib/node.js","browser":"lib/browser.js","dependencies":{"babel-core":"7.0.0-alpha.16","core-js":"^2.4.0","find-cache-dir":"^1.0.0","home-or-tmp":"^3.0.0","lodash":"^4.2.0","mkdirp":"^0.5.1","pirates":"^3.0.1","source-map-support":"^0.4.2"},"devDependencies":{"decache":"^4.1.0","default-require-extensions":"^2.0.0"},"_id":"babel-register@7.0.0-alpha.16","scripts":{},"_shasum":"20fdabecd8935e691b312007d24d2460cc43006b","_from":".","_npmVersion":"4.6.1","_nodeVersion":"6.9.0","_npmUser":{"name":"hzoo","email":"hi@henryzoo.com"},"dist":{"shasum":"20fdabecd8935e691b312007d24d2460cc43006b","tarball":"https://registry.npmjs.org/babel-register/-/babel-register-7.0.0-alpha.16.tgz"},"maintainers":[{"email":"sebmck@gmail.com","name":"sebmck"},{"email":"daniel@tschinder.de","name":"danez"},{"email":"hi@henryzoo.com","name":"hzoo"},{"email":"loganfsmyth@gmail.com","name":"loganfsmyth"}],"_npmOperationalInternal":{"host":"s3://npm-registry-packages","tmp":"tmp/babel-register-7.0.0-alpha.16.tgz_1501017516507_0.6330537216272205"},"directories":{}},"7.0.0-alpha.17":{"name":"babel-register","version":"7.0.0-alpha.17","description":"babel require hook","license":"MIT","repository":{"type":"git","url":"https://github.com/babel/babel/tree/master/packages/babel-register"},"author":{"name":"Sebastian McKenzie","email":"sebmck@gmail.com"},"main":"lib/node.js","browser":"lib/browser.js","dependencies":{"babel-core":"7.0.0-alpha.17","core-js":"^2.4.0","find-cache-dir":"^1.0.0","home-or-tmp":"^3.0.0","lodash":"^4.2.0","mkdirp":"^0.5.1","pirates":"^3.0.1","source-map-support":"^0.4.2"},"devDependencies":{"decache":"^4.1.0","default-require-extensions":"^2.0.0"},"_id":"babel-register@7.0.0-alpha.17","scripts":{},"_shasum":"bb0cfed4a4de4386f181188694e03ef5c1dcf146","_from":".","_npmVersion":"4.6.1","_nodeVersion":"6.9.0","_npmUser":{"name":"hzoo","email":"hi@henryzoo.com"},"dist":{"shasum":"bb0cfed4a4de4386f181188694e03ef5c1dcf146","tarball":"https://registry.npmjs.org/babel-register/-/babel-register-7.0.0-alpha.17.tgz"},"maintainers":[{"email":"sebmck@gmail.com","name":"sebmck"},{"email":"daniel@tschinder.de","name":"danez"},{"email":"hi@henryzoo.com","name":"hzoo"},{"email":"loganfsmyth@gmail.com","name":"loganfsmyth"}],"_npmOperationalInternal":{"host":"s3://npm-registry-packages","tmp":"tmp/babel-register-7.0.0-alpha.17.tgz_1501072809596_0.5297374047804624"},"directories":{}},"7.0.0-alpha.18":{"name":"babel-register","version":"7.0.0-alpha.18","description":"babel require hook","license":"MIT","repository":{"type":"git","url":"https://github.com/babel/babel/tree/master/packages/babel-register"},"author":{"name":"Sebastian McKenzie","email":"sebmck@gmail.com"},"main":"lib/node.js","browser":"lib/browser.js","dependencies":{"babel-core":"7.0.0-alpha.18","core-js":"^2.4.0","find-cache-dir":"^1.0.0","home-or-tmp":"^3.0.0","lodash":"^4.2.0","mkdirp":"^0.5.1","pirates":"^3.0.1","source-map-support":"^0.4.2"},"devDependencies":{"decache":"^4.1.0","default-require-extensions":"^2.0.0"},"_id":"babel-register@7.0.0-alpha.18","_npmVersion":"5.3.0","_nodeVersion":"8.1.4","_npmUser":{"name":"hzoo","email":"hi@henryzoo.com"},"dist":{"integrity":"sha512-KD/CipuYoKiXhYf2oueCsefjBIuwy0q/ykcsbFUffBtDnhZYKUcn7HDNvkyqhGOsySmMXD5qrFYe0AiYKaYWrw==","shasum":"cd06f208f0f26adc4fc9c71f4a8e22df971dd6f4","tarball":"https://registry.npmjs.org/babel-register/-/babel-register-7.0.0-alpha.18.tgz"},"maintainers":[{"email":"me@thejameskyle.com","name":"thejameskyle"},{"email":"sebmck@gmail.com","name":"sebmck"},{"email":"daniel@tschinder.de","name":"danez"},{"email":"hi@henryzoo.com","name":"hzoo"},{"email":"loganfsmyth@gmail.com","name":"loganfsmyth"}],"_npmOperationalInternal":{"host":"s3://npm-registry-packages","tmp":"tmp/babel-register-7.0.0-alpha.18.tgz_1501798898816_0.9911738310474902"},"directories":{}},"7.0.0-alpha.19":{"name":"babel-register","version":"7.0.0-alpha.19","description":"babel require hook","license":"MIT","repository":{"type":"git","url":"https://github.com/babel/babel/tree/master/packages/babel-register"},"author":{"name":"Sebastian McKenzie","email":"sebmck@gmail.com"},"main":"lib/node.js","browser":"lib/browser.js","dependencies":{"babel-core":"7.0.0-alpha.19","core-js":"^2.4.0","find-cache-dir":"^1.0.0","home-or-tmp":"^3.0.0","lodash":"^4.2.0","mkdirp":"^0.5.1","pirates":"^3.0.1","source-map-support":"^0.4.2"},"devDependencies":{"decache":"^4.1.0","default-require-extensions":"^2.0.0"},"_id":"babel-register@7.0.0-alpha.19","_npmVersion":"5.3.0","_nodeVersion":"8.1.4","_npmUser":{"name":"hzoo","email":"hi@henryzoo.com"},"dist":{"integrity":"sha512-LcnfZSI6dk0NIQ2DxvV6xDdu60DrZytJ9d4G45vgWSl93stppVOnSCyditF3Y1yTWT+bXyjhUwJDtzjhMyG2Dg==","shasum":"1f743e2949fe1c3fcc3fa63f205917799abef27e","tarball":"https://registry.npmjs.org/babel-register/-/babel-register-7.0.0-alpha.19.tgz"},"maintainers":[{"email":"me@thejameskyle.com","name":"thejameskyle"},{"email":"sebmck@gmail.com","name":"sebmck"},{"email":"daniel@tschinder.de","name":"danez"},{"email":"hi@henryzoo.com","name":"hzoo"},{"email":"loganfsmyth@gmail.com","name":"loganfsmyth"}],"_npmOperationalInternal":{"host":"s3://npm-registry-packages","tmp":"tmp/babel-register-7.0.0-alpha.19.tgz_1502144542143_0.4345323040615767"},"directories":{}},"6.26.0":{"name":"babel-register","version":"6.26.0","description":"babel require hook","license":"MIT","repository":{"type":"git","url":"https://github.com/babel/babel/tree/master/packages/babel-register"},"author":{"name":"Sebastian McKenzie","email":"sebmck@gmail.com"},"main":"lib/node.js","browser":"lib/browser.js","dependencies":{"babel-core":"^6.26.0","babel-runtime":"^6.26.0","core-js":"^2.5.0","home-or-tmp":"^2.0.0","lodash":"^4.17.4","mkdirp":"^0.5.1","source-map-support":"^0.4.15"},"devDependencies":{"decache":"^4.1.0"},"_id":"babel-register@6.26.0","scripts":{},"_shasum":"6ed021173e2fcb486d7acb45c6009a856f647071","_from":".","_npmVersion":"4.6.1","_nodeVersion":"6.9.0","_npmUser":{"name":"hzoo","email":"hi@henryzoo.com"},"dist":{"shasum":"6ed021173e2fcb486d7acb45c6009a856f647071","tarball":"https://registry.npmjs.org/babel-register/-/babel-register-6.26.0.tgz"},"maintainers":[{"email":"me@thejameskyle.com","name":"thejameskyle"},{"email":"sebmck@gmail.com","name":"sebmck"},{"email":"daniel@tschinder.de","name":"danez"},{"email":"hi@henryzoo.com","name":"hzoo"},{"email":"loganfsmyth@gmail.com","name":"loganfsmyth"}],"_npmOperationalInternal":{"host":"s3://npm-registry-packages","tmp":"tmp/babel-register-6.26.0.tgz_1502898863058_0.9258956837002188"},"directories":{}},"7.0.0-alpha.20":{"name":"babel-register","version":"7.0.0-alpha.20","description":"babel require hook","license":"MIT","repository":{"type":"git","url":"https://github.com/babel/babel/tree/master/packages/babel-register"},"author":{"name":"Sebastian McKenzie","email":"sebmck@gmail.com"},"main":"lib/node.js","browser":"lib/browser.js","dependencies":{"babel-core":"7.0.0-alpha.20","core-js":"^2.4.0","find-cache-dir":"^1.0.0","home-or-tmp":"^3.0.0","lodash":"^4.2.0","mkdirp":"^0.5.1","pirates":"^3.0.1","source-map-support":"^0.4.2"},"devDependencies":{"default-require-extensions":"^2.0.0"},"_id":"babel-register@7.0.0-alpha.20","_npmVersion":"5.3.0","_nodeVersion":"8.1.4","_npmUser":{"name":"hzoo","email":"hi@henryzoo.com"},"dist":{"integrity":"sha512-UPffU2BhkVLATAnT4B+rJbGXwlrHFiTiEGcfoWuyxJU+sg+nioY4Io9kCq2ghF3VNsGFie+DcWpb5nSCf2AwTQ==","shasum":"bc062f5f02a4f06b39868312172732a5b9c35e27","tarball":"https://registry.npmjs.org/babel-register/-/babel-register-7.0.0-alpha.20.tgz"},"maintainers":[{"email":"me@thejameskyle.com","name":"thejameskyle"},{"email":"sebmck@gmail.com","name":"sebmck"},{"email":"daniel@tschinder.de","name":"danez"},{"email":"hi@henryzoo.com","name":"hzoo"},{"email":"loganfsmyth@gmail.com","name":"loganfsmyth"}],"_npmOperationalInternal":{"host":"s3://npm-registry-packages","tmp":"tmp/babel-register-7.0.0-alpha.20.tgz_1504119890241_0.4975788132287562"},"directories":{}},"7.0.0-beta.0":{"name":"babel-register","version":"7.0.0-beta.0","description":"babel require hook","license":"MIT","repository":{"type":"git","url":"https://github.com/babel/babel/tree/master/packages/babel-register"},"author":{"name":"Sebastian McKenzie","email":"sebmck@gmail.com"},"main":"lib/node.js","browser":"lib/browser.js","dependencies":{"babel-core":"7.0.0-beta.0","core-js":"^2.4.0","find-cache-dir":"^1.0.0","home-or-tmp":"^3.0.0","lodash":"^4.2.0","mkdirp":"^0.5.1","pirates":"^3.0.1","source-map-support":"^0.4.2"},"devDependencies":{"default-require-extensions":"^2.0.0"},"_id":"babel-register@7.0.0-beta.0","_npmVersion":"5.3.0","_nodeVersion":"8.1.4","_npmUser":{"name":"hzoo","email":"hi@henryzoo.com"},"dist":{"integrity":"sha512-byvdj3KEMdGIbtQ0pSNHN8TeXsF8y52cD7ITSbiXh4weVHPBd8BFXgFKOc5QsdV85TlPdZrEHMQBpJtGaQYH/Q==","shasum":"fd4301ce61afbc99ad42759d27a428c3feb1af89","tarball":"https://registry.npmjs.org/babel-register/-/babel-register-7.0.0-beta.0.tgz"},"maintainers":[{"email":"me@thejameskyle.com","name":"thejameskyle"},{"email":"sebmck@gmail.com","name":"sebmck"},{"email":"daniel@tschinder.de","name":"danez"},{"email":"hi@henryzoo.com","name":"hzoo"},{"email":"loganfsmyth@gmail.com","name":"loganfsmyth"}],"_npmOperationalInternal":{"host":"s3://npm-registry-packages","tmp":"tmp/babel-register-7.0.0-beta.0.tgz_1505185389857_0.1401660218834877"},"directories":{}},"7.0.0-beta.1":{"name":"babel-register","version":"7.0.0-beta.1","description":"babel require hook","license":"MIT","repository":{"type":"git","url":"https://github.com/babel/babel/tree/master/packages/babel-register"},"author":{"name":"Sebastian McKenzie","email":"sebmck@gmail.com"},"main":"lib/index.js","browser":{"./lib/node.js":"./lib/browser.js"},"dependencies":{"babel-core":"7.0.0-beta.1","core-js":"^2.4.0","find-cache-dir":"^1.0.0","home-or-tmp":"^3.0.0","lodash":"^4.2.0","mkdirp":"^0.5.1","pirates":"^3.0.1","source-map-support":"^0.4.2"},"devDependencies":{"default-require-extensions":"^2.0.0"},"_id":"babel-register@7.0.0-beta.1","_npmVersion":"5.4.1","_nodeVersion":"8.1.4","_npmUser":{"name":"hzoo","email":"hi@henryzoo.com"},"dist":{"integrity":"sha512-03WkZ5tQRBaySuudPwxJ6ibN9NJi+NVul8P3QtqL5D55YEzUr3gKO4HpiKafKJDRWQ2XvF4YSjyyzeA99u598w==","shasum":"d54872b4065c726c6c7a419f70af119d4c6b761a","tarball":"https://registry.npmjs.org/babel-register/-/babel-register-7.0.0-beta.1.tgz"},"maintainers":[{"email":"me@thejameskyle.com","name":"thejameskyle"},{"email":"sebmck@gmail.com","name":"sebmck"},{"email":"daniel@tschinder.de","name":"danez"},{"email":"hi@henryzoo.com","name":"hzoo"},{"email":"loganfsmyth@gmail.com","name":"loganfsmyth"}],"_npmOperationalInternal":{"host":"s3://npm-registry-packages","tmp":"tmp/babel-register-7.0.0-beta.1.tgz_1505852699679_0.7652729139663279"},"directories":{}},"7.0.0-beta.2":{"name":"babel-register","version":"7.0.0-beta.2","description":"babel require hook","license":"MIT","repository":{"type":"git","url":"https://github.com/babel/babel/tree/master/packages/babel-register"},"author":{"name":"Sebastian McKenzie","email":"sebmck@gmail.com"},"main":"lib/index.js","browser":{"./lib/node.js":"./lib/browser.js"},"dependencies":{"babel-core":"7.0.0-beta.2","core-js":"^2.4.0","find-cache-dir":"^1.0.0","home-or-tmp":"^3.0.0","lodash":"^4.2.0","mkdirp":"^0.5.1","pirates":"^3.0.1","source-map-support":"^0.4.2"},"devDependencies":{"default-require-extensions":"^2.0.0"},"_id":"babel-register@7.0.0-beta.2","_npmVersion":"5.4.1","_nodeVersion":"8.1.4","_npmUser":{"name":"hzoo","email":"hi@henryzoo.com"},"dist":{"integrity":"sha512-d8GTqgcCnsbdbOvsz7xTGrP3Y8ekTfZLsoMB8Lu8TzLeqxyUiUsqvK4TRPoPrT/vHWDlfnfWOYcB4Dvg9v8lGw==","shasum":"735423f7c4a9d8df8786b32962168d51e2973a09","tarball":"https://registry.npmjs.org/babel-register/-/babel-register-7.0.0-beta.2.tgz"},"maintainers":[{"email":"bng412@gmail.com","name":"existentialism"},{"email":"me@thejameskyle.com","name":"thejameskyle"},{"email":"sebmck@gmail.com","name":"sebmck"},{"email":"daniel@tschinder.de","name":"danez"},{"email":"hi@henryzoo.com","name":"hzoo"},{"email":"loganfsmyth@gmail.com","name":"loganfsmyth"}],"_npmOperationalInternal":{"host":"s3://npm-registry-packages","tmp":"tmp/babel-register-7.0.0-beta.2.tgz_1506438981943_0.35955022159032524"},"directories":{}},"7.0.0-beta.3":{"name":"babel-register","version":"7.0.0-beta.3","description":"babel require hook","license":"MIT","repository":{"type":"git","url":"https://github.com/babel/babel/tree/master/packages/babel-register"},"author":{"name":"Sebastian McKenzie","email":"sebmck@gmail.com"},"main":"lib/index.js","browser":{"./lib/node.js":"./lib/browser.js"},"dependencies":{"babel-core":"7.0.0-beta.3","core-js":"^2.4.0","find-cache-dir":"^1.0.0","home-or-tmp":"^3.0.0","lodash":"^4.2.0","mkdirp":"^0.5.1","pirates":"^3.0.1","source-map-support":"^0.4.2"},"devDependencies":{"default-require-extensions":"^2.0.0"},"_id":"babel-register@7.0.0-beta.3","_npmVersion":"5.5.1","_nodeVersion":"8.1.4","_npmUser":{"name":"hzoo","email":"hi@henryzoo.com"},"dist":{"integrity":"sha512-9H/TMXFuG7iDGEs/wakN9lFLmfpqNGg8YHzZ5Tah5UER7veLIPEspAwxKsGNA/4+X4z30tyBNoBhW6JkC9AKFQ==","shasum":"9543472da6f016b39dddc8166f21841e2445e0c2","tarball":"https://registry.npmjs.org/babel-register/-/babel-register-7.0.0-beta.3.tgz"},"maintainers":[{"email":"bng412@gmail.com","name":"existentialism"},{"email":"me@thejameskyle.com","name":"thejameskyle"},{"email":"sebmck@gmail.com","name":"sebmck"},{"email":"daniel@tschinder.de","name":"danez"},{"email":"hi@henryzoo.com","name":"hzoo"},{"email":"loganfsmyth@gmail.com","name":"loganfsmyth"}],"_npmOperationalInternal":{"host":"s3://npm-registry-packages","tmp":"tmp/babel-register-7.0.0-beta.3.tgz_1508073165133_0.9907672638073564"},"directories":{}}},"readme":"# babel-register\n\n> The require hook will bind itself to node's require and automatically compile files on the fly.\n\nOne of the ways you can use Babel is through the require hook. The require hook\nwill bind itself to node's `require` and automatically compile files on the\nfly. This is equivalent to CoffeeScript's\n[coffee-script/register](http://coffeescript.org/v2/annotated-source/register.html).\n\n## Install\n\n```sh\nnpm install babel-register --save-dev\n```\n\n## Usage\n\n```js\nrequire(\"babel-register\");\n```\n\nAll subsequent files required by node with the extensions `.es6`, `.es`, `.jsx`\nand `.js` will be transformed by Babel.\n\n<blockquote class=\"babel-callout babel-callout-info\">\n  <h4>Polyfill not included</h4>\n  <p>\n    You must include the <a href=\"https://babeljs.io/docs/usage/polyfill/\">polyfill</a> separately\n    when using features that require it, like generators.\n  </p>\n</blockquote>\n\n### Ignores `node_modules` by default\n\n**NOTE:** By default all requires to `node_modules` will be ignored. You can\noverride this by passing an ignore regex via:\n\n```js\nrequire(\"babel-register\")({\n  // This will override `node_modules` ignoring - you can alternatively pass\n  // an array of strings to be explicitly matched or a regex / glob\n  ignore: false\n});\n```\n\n## Specifying options\n\n```javascript\nrequire(\"babel-register\")({\n  // Optional ignore regex - if any filenames **do** match this regex then they\n  // aren't compiled.\n  ignore: /regex/,\n\n  // Ignore can also be specified as a function.\n  ignore: function(filename) {\n    if (filename === \"/path/to/es6-file.js\") {\n      return false;\n    } else {\n      return true;\n    }\n  },\n\n  // Optional only regex - if any filenames **don't** match this regex then they\n  // aren't compiled\n  only: /my_es6_folder/,\n\n  // Setting this will remove the currently hooked extensions of .es6, `.es`, `.jsx`\n  // and .js so you'll have to add them back if you want them to be used again.\n  extensions: [\".es6\", \".es\", \".jsx\", \".js\"],\n\n  // Setting this to false will disable the cache.\n  cache: true\n});\n```\n\nYou can pass in all other [options](https://babeljs.io/docs/usage/api/#options) as well,\nincluding `plugins` and `presets`. But note that the closest [`.babelrc`](https://babeljs.io/docs/usage/babelrc/)\nto each file still applies, and takes precedence over any options you pass in here.\n\n## Environment variables\n\nBy default `babel-node` and `babel-register` will save to a json cache in your\ntemporary directory.\n\nThis will heavily improve with the startup and compilation of your files. There\nare however scenarios where you want to change this behaviour and there are\nenvironment variables exposed to allow you to do this.\n\n### BABEL_CACHE_PATH\n\nSpecify a different cache location.\n\n```sh\nBABEL_CACHE_PATH=/foo/my-cache.json babel-node script.js\n```\n\n### BABEL_DISABLE_CACHE\n\nDisable the cache.\n\n```sh\nBABEL_DISABLE_CACHE=1 babel-node script.js\n```\n","maintainers":[{"email":"bng412@gmail.com","name":"existentialism"},{"email":"me@thejameskyle.com","name":"thejameskyle"},{"email":"sebmck@gmail.com","name":"sebmck"},{"email":"daniel@tschinder.de","name":"danez"},{"email":"hi@henryzoo.com","name":"hzoo"},{"email":"loganfsmyth@gmail.com","name":"loganfsmyth"}],"time":{"modified":"2017-12-22T03:16:01.698Z","created":"2015-11-11T10:45:52.301Z","6.1.4":"2015-11-11T10:45:52.301Z","6.1.17":"2015-11-12T21:43:58.825Z","6.1.18":"2015-11-12T21:53:06.709Z","6.2.0":"2015-11-19T04:34:35.277Z","6.2.4":"2015-11-25T03:15:58.225Z","6.3.2":"2015-12-04T03:48:21.687Z","6.3.13":"2015-12-04T12:01:23.509Z","6.4.3":"2016-01-14T05:56:41.851Z","6.5.0":"2016-02-07T00:08:27.640Z","6.5.0-1":"2016-02-07T02:41:50.099Z","6.5.1":"2016-02-08T02:18:16.777Z","6.5.2":"2016-02-12T16:30:25.350Z","6.6.0":"2016-02-29T21:13:09.009Z","6.6.5":"2016-03-04T23:17:15.410Z","6.7.2":"2016-03-10T22:41:32.919Z","6.8.0":"2016-05-02T23:45:24.286Z","6.9.0":"2016-05-17T18:49:49.251Z","6.11.5":"2016-07-23T18:09:39.679Z","6.11.6":"2016-07-26T22:12:29.053Z","6.14.0":"2016-08-24T23:41:02.224Z","6.16.0":"2016-09-28T19:39:05.725Z","6.16.3":"2016-09-29T15:46:57.290Z","6.18.0":"2016-10-24T21:19:12.542Z","6.22.0":"2017-01-20T00:34:27.744Z","6.23.0":"2017-02-14T01:14:36.481Z","7.0.0-alpha.1":"2017-03-02T21:06:19.623Z","7.0.0-alpha.2":"2017-03-08T18:08:49.245Z","6.24.0":"2017-03-13T02:18:17.261Z","7.0.0-alpha.3":"2017-03-23T19:50:13.144Z","7.0.0-alpha.4":"2017-03-23T22:06:50.036Z","7.0.0-alpha.6":"2017-03-27T19:09:41.506Z","7.0.0-alpha.7":"2017-04-05T21:14:39.035Z","6.24.1":"2017-04-07T15:19:51.098Z","7.0.0-alpha.8":"2017-04-17T19:13:29.575Z","7.0.0-alpha.9":"2017-04-18T14:42:34.834Z","7.0.0-alpha.10":"2017-05-25T19:17:58.361Z","7.0.0-alpha.11":"2017-05-31T20:44:04.529Z","7.0.0-alpha.12":"2017-05-31T21:12:19.110Z","7.0.0-alpha.14":"2017-07-12T02:54:28.074Z","7.0.0-alpha.15":"2017-07-12T03:36:45.191Z","7.0.0-alpha.16":"2017-07-25T21:18:37.462Z","7.0.0-alpha.17":"2017-07-26T12:40:10.577Z","7.0.0-alpha.18":"2017-08-03T22:21:38.902Z","7.0.0-alpha.19":"2017-08-07T22:22:22.221Z","6.26.0":"2017-08-16T15:54:23.130Z","7.0.0-alpha.20":"2017-08-30T19:04:50.348Z","7.0.0-beta.0":"2017-09-12T03:03:10.842Z","7.0.0-beta.1":"2017-09-19T20:24:59.828Z","7.0.0-beta.2":"2017-09-26T15:16:22.828Z","7.0.0-beta.3":"2017-10-15T13:12:46.077Z"},"repository":{"type":"git","url":"https://github.com/babel/babel/tree/master/packages/babel-register"},"author":{"name":"Sebastian McKenzie","email":"sebmck@gmail.com"},"license":"MIT","readmeFilename":"README.md","users":{"igorpupkinable":true,"truckfondue":true,"kazuyahama":true,"jp-intuit":true,"kontrax":true,"markthethomas":true,"alimd":true,"djviolin":true,"zeke":true,"mamadoo":true,"vipergtsrz":true,"leonardorb":true,"langri-sha":true,"wujr5":true,"bapinney":true,"isenricho":true,"nickeltobias":true,"npmlincq":true,"charlietango592":true,"newswim":true,"landen":true,"xiaoyuyu":true,"ivan403704409":true,"shuoshubao":true,"chinawolf_wyp":true,"jacky3399":true,"dhanya-kr":true,"terrychan":true,"rbultitude":true,"alexdevero":true,"tiggem1993":true,"yeming":true,"sgiant":true,"fakefarm":true,"mrzmmr":true,"rbecheras":true,"dyakovk":true,"derrickbeining":true,"slance":true},"_attachments":{},"_etag":"W/\"f3ae861467fb85f9866b3a49371dfc39\"","_lastModified":"Sat, 26 May 2018 01:41:06 GMT"}