{"_id":"babel-plugin-transform-es2015-modules-umd","_rev":"90-b5febea9dfcd4726ed7b1c6d65cac966","name":"babel-plugin-transform-es2015-modules-umd","description":"This plugin transforms ES2015 modules to UMD","dist-tags":{"latest":"6.24.1","next":"7.0.0-beta.3"},"versions":{"6.0.2":{"name":"babel-plugin-transform-es2015-modules-umd","version":"6.0.2","description":"## Installation","repository":{"type":"git","url":"git+https://github.com/babel/babel.git"},"license":"MIT","main":"lib/index.js","dependencies":{"babel-plugin-transform-es2015-modules-amd":"^6.0.2","babel-template":"^6.0.2","babel-runtime":"^6.0.2"},"keywords":["babel-plugin"],"bugs":{"url":"https://github.com/babel/babel/issues"},"homepage":"https://github.com/babel/babel#readme","_id":"babel-plugin-transform-es2015-modules-umd@6.0.2","scripts":{},"_shasum":"b78799d85738ff113522899cf15b4d73a23ec1b9","_from":".","_npmVersion":"2.14.3","_nodeVersion":"4.1.0","_npmUser":{"name":"sebmck","email":"sebmck@gmail.com"},"dist":{"shasum":"b78799d85738ff113522899cf15b4d73a23ec1b9","tarball":"https://registry.npmjs.org/babel-plugin-transform-es2015-modules-umd/-/babel-plugin-transform-es2015-modules-umd-6.0.2.tgz"},"maintainers":[{"name":"sebmck","email":"sebmck@gmail.com"}],"directories":{}},"6.0.14":{"name":"babel-plugin-transform-es2015-modules-umd","version":"6.0.14","description":"## Installation","repository":{"type":"git","url":"https://github.com/babel/babel/tree/master/packages/babel-plugin-transform-es2015-modules-umd"},"license":"MIT","main":"lib/index.js","dependencies":{"babel-plugin-transform-es2015-modules-amd":"^6.0.14","babel-template":"^6.0.14","babel-runtime":"^5.0.0"},"keywords":["babel-plugin"],"_id":"babel-plugin-transform-es2015-modules-umd@6.0.14","scripts":{},"_shasum":"8fdde2f2467d3c13439be613caccfaf9a9968ef1","_from":".","_npmVersion":"2.14.9","_nodeVersion":"4.1.0","_npmUser":{"name":"sebmck","email":"sebmck@gmail.com"},"dist":{"shasum":"8fdde2f2467d3c13439be613caccfaf9a9968ef1","tarball":"https://registry.npmjs.org/babel-plugin-transform-es2015-modules-umd/-/babel-plugin-transform-es2015-modules-umd-6.0.14.tgz"},"maintainers":[{"name":"sebmck","email":"sebmck@gmail.com"}],"directories":{}},"6.0.15":{"name":"babel-plugin-transform-es2015-modules-umd","version":"6.0.15","description":"## Installation","repository":{"type":"git","url":"https://github.com/babel/babel/tree/master/packages/babel-plugin-transform-es2015-modules-umd"},"license":"MIT","main":"lib/index.js","dependencies":{"babel-plugin-transform-es2015-modules-amd":"^6.0.15","babel-template":"^6.0.15","babel-runtime":"^5.0.0"},"keywords":["babel-plugin"],"_id":"babel-plugin-transform-es2015-modules-umd@6.0.15","scripts":{},"_shasum":"fcbe0ca83b4b86369a73e427e57570d543c07211","_from":".","_npmVersion":"2.14.9","_nodeVersion":"4.1.0","_npmUser":{"name":"sebmck","email":"sebmck@gmail.com"},"dist":{"shasum":"fcbe0ca83b4b86369a73e427e57570d543c07211","tarball":"https://registry.npmjs.org/babel-plugin-transform-es2015-modules-umd/-/babel-plugin-transform-es2015-modules-umd-6.0.15.tgz"},"maintainers":[{"name":"sebmck","email":"sebmck@gmail.com"}],"directories":{}},"6.1.4":{"name":"babel-plugin-transform-es2015-modules-umd","version":"6.1.4","description":"## Installation","repository":{"type":"git","url":"https://github.com/babel/babel/tree/master/packages/babel-plugin-transform-es2015-modules-umd"},"license":"MIT","main":"lib/index.js","dependencies":{"babel-plugin-transform-es2015-modules-amd":"^6.1.4","babel-template":"^6.0.15","babel-runtime":"^5.0.0"},"keywords":["babel-plugin"],"devDependencies":{"babel-helper-plugin-test-runner":"^6.1.4"},"_id":"babel-plugin-transform-es2015-modules-umd@6.1.4","scripts":{},"_shasum":"53af9d8a73aab7c6e2e522a4d7e084e5959b6c11","_from":".","_npmVersion":"3.3.10","_nodeVersion":"4.1.0","_npmUser":{"name":"sebmck","email":"sebmck@gmail.com"},"dist":{"shasum":"53af9d8a73aab7c6e2e522a4d7e084e5959b6c11","tarball":"https://registry.npmjs.org/babel-plugin-transform-es2015-modules-umd/-/babel-plugin-transform-es2015-modules-umd-6.1.4.tgz"},"maintainers":[{"name":"sebmck","email":"sebmck@gmail.com"}],"directories":{}},"6.1.5":{"name":"babel-plugin-transform-es2015-modules-umd","version":"6.1.5","description":"## Installation","repository":{"type":"git","url":"https://github.com/babel/babel/tree/master/packages/babel-plugin-transform-es2015-modules-umd"},"license":"MIT","main":"lib/index.js","dependencies":{"babel-plugin-transform-es2015-modules-amd":"^6.1.5","babel-template":"^6.1.5","babel-runtime":"^5.0.0"},"keywords":["babel-plugin"],"devDependencies":{"babel-helper-plugin-test-runner":"^6.1.5"},"_id":"babel-plugin-transform-es2015-modules-umd@6.1.5","scripts":{},"_shasum":"17aa0e28614b0543f04770e554cb214f86174183","_from":".","_npmVersion":"3.3.10","_nodeVersion":"4.1.0","_npmUser":{"name":"sebmck","email":"sebmck@gmail.com"},"dist":{"shasum":"17aa0e28614b0543f04770e554cb214f86174183","tarball":"https://registry.npmjs.org/babel-plugin-transform-es2015-modules-umd/-/babel-plugin-transform-es2015-modules-umd-6.1.5.tgz"},"maintainers":[{"name":"sebmck","email":"sebmck@gmail.com"}],"directories":{}},"6.1.17":{"name":"babel-plugin-transform-es2015-modules-umd","version":"6.1.17","description":"## Installation","repository":{"type":"git","url":"https://github.com/babel/babel/tree/master/packages/babel-plugin-transform-es2015-modules-umd"},"license":"MIT","main":"lib/index.js","dependencies":{"babel-plugin-transform-es2015-modules-amd":"^6.1.17","babel-template":"^6.1.17","babel-runtime":"^5.0.0"},"keywords":["babel-plugin"],"devDependencies":{"babel-helper-plugin-test-runner":"^6.1.17"},"_id":"babel-plugin-transform-es2015-modules-umd@6.1.17","scripts":{},"_shasum":"6284891aeee29e23ceb9d73d5e2ff0dac244b651","_from":".","_npmVersion":"3.3.10","_nodeVersion":"4.1.0","_npmUser":{"name":"sebmck","email":"sebmck@gmail.com"},"dist":{"shasum":"6284891aeee29e23ceb9d73d5e2ff0dac244b651","tarball":"https://registry.npmjs.org/babel-plugin-transform-es2015-modules-umd/-/babel-plugin-transform-es2015-modules-umd-6.1.17.tgz"},"maintainers":[{"name":"amasad","email":"amjad.masad@gmail.com"},{"name":"sebmck","email":"sebmck@gmail.com"},{"name":"thejameskyle","email":"me@thejameskyle.com"}],"directories":{}},"6.1.18":{"name":"babel-plugin-transform-es2015-modules-umd","version":"6.1.18","description":"## Installation","repository":{"type":"git","url":"https://github.com/babel/babel/tree/master/packages/babel-plugin-transform-es2015-modules-umd"},"license":"MIT","main":"lib/index.js","dependencies":{"babel-plugin-transform-es2015-modules-amd":"^6.1.18","babel-template":"^6.1.18","babel-runtime":"^5.0.0"},"keywords":["babel-plugin"],"devDependencies":{"babel-helper-plugin-test-runner":"^6.1.18"},"_id":"babel-plugin-transform-es2015-modules-umd@6.1.18","scripts":{},"_shasum":"66a9ac682742bc2a344e3e0e5ac3e7493875d13a","_from":".","_npmVersion":"3.3.10","_nodeVersion":"4.1.0","_npmUser":{"name":"sebmck","email":"sebmck@gmail.com"},"dist":{"shasum":"66a9ac682742bc2a344e3e0e5ac3e7493875d13a","tarball":"https://registry.npmjs.org/babel-plugin-transform-es2015-modules-umd/-/babel-plugin-transform-es2015-modules-umd-6.1.18.tgz"},"maintainers":[{"name":"amasad","email":"amjad.masad@gmail.com"},{"name":"sebmck","email":"sebmck@gmail.com"},{"name":"thejameskyle","email":"me@thejameskyle.com"}],"directories":{}},"6.2.4":{"name":"babel-plugin-transform-es2015-modules-umd","version":"6.2.4","description":"## Installation","repository":{"type":"git","url":"https://github.com/babel/babel/tree/master/packages/babel-plugin-transform-es2015-modules-umd"},"license":"MIT","main":"lib/index.js","dependencies":{"babel-plugin-transform-es2015-modules-amd":"^6.2.4","babel-template":"^6.2.4","babel-runtime":"^5.0.0"},"keywords":["babel-plugin"],"devDependencies":{"babel-helper-plugin-test-runner":"^6.2.4"},"_id":"babel-plugin-transform-es2015-modules-umd@6.2.4","scripts":{},"_shasum":"ad56eeb39a15922345727046188f1fc4cc5fab9b","_from":".","_npmVersion":"3.3.10","_nodeVersion":"4.1.0","_npmUser":{"name":"sebmck","email":"sebmck@gmail.com"},"dist":{"shasum":"ad56eeb39a15922345727046188f1fc4cc5fab9b","tarball":"https://registry.npmjs.org/babel-plugin-transform-es2015-modules-umd/-/babel-plugin-transform-es2015-modules-umd-6.2.4.tgz"},"maintainers":[{"name":"amasad","email":"amjad.masad@gmail.com"},{"name":"sebmck","email":"sebmck@gmail.com"},{"name":"thejameskyle","email":"me@thejameskyle.com"}],"directories":{}},"6.3.13":{"name":"babel-plugin-transform-es2015-modules-umd","version":"6.3.13","description":"## Installation","repository":{"type":"git","url":"https://github.com/babel/babel/tree/master/packages/babel-plugin-transform-es2015-modules-umd"},"license":"MIT","main":"lib/index.js","dependencies":{"babel-plugin-transform-es2015-modules-amd":"^6.3.13","babel-template":"^6.3.13","babel-runtime":"^5.0.0"},"keywords":["babel-plugin"],"devDependencies":{"babel-helper-plugin-test-runner":"^6.3.13"},"_id":"babel-plugin-transform-es2015-modules-umd@6.3.13","scripts":{},"_shasum":"2e4984e37ed7e8c4afd82ab8271b822e05b2bc49","_from":".","_npmVersion":"3.3.10","_nodeVersion":"4.1.0","_npmUser":{"name":"sebmck","email":"sebmck@gmail.com"},"dist":{"shasum":"2e4984e37ed7e8c4afd82ab8271b822e05b2bc49","tarball":"https://registry.npmjs.org/babel-plugin-transform-es2015-modules-umd/-/babel-plugin-transform-es2015-modules-umd-6.3.13.tgz"},"maintainers":[{"name":"amasad","email":"amjad.masad@gmail.com"},{"name":"hzoo","email":"hi@henryzoo.com"},{"name":"jmm","email":"npm-public@jessemccarthy.net"},{"name":"loganfsmyth","email":"loganfsmyth@gmail.com"},{"name":"sebmck","email":"sebmck@gmail.com"},{"name":"thejameskyle","email":"me@thejameskyle.com"}],"directories":{}},"6.4.0":{"name":"babel-plugin-transform-es2015-modules-umd","version":"6.4.0","description":"## Installation","repository":{"type":"git","url":"https://github.com/babel/babel/tree/master/packages/babel-plugin-transform-es2015-modules-umd"},"license":"MIT","main":"lib/index.js","dependencies":{"babel-plugin-transform-es2015-modules-amd":"^6.4.0","babel-template":"^6.3.13","babel-runtime":"^5.0.0"},"keywords":["babel-plugin"],"devDependencies":{"babel-helper-plugin-test-runner":"^6.3.13"},"_id":"babel-plugin-transform-es2015-modules-umd@6.4.0","scripts":{},"_shasum":"82e5bf9013b20d759ad06daad767ee988a9ac53b","_from":".","_npmVersion":"3.5.2","_nodeVersion":"5.1.0","_npmUser":{"name":"hzoo","email":"hi@henryzoo.com"},"dist":{"shasum":"82e5bf9013b20d759ad06daad767ee988a9ac53b","tarball":"https://registry.npmjs.org/babel-plugin-transform-es2015-modules-umd/-/babel-plugin-transform-es2015-modules-umd-6.4.0.tgz"},"maintainers":[{"name":"amasad","email":"amjad.masad@gmail.com"},{"name":"hzoo","email":"hi@henryzoo.com"},{"name":"jmm","email":"npm-public@jessemccarthy.net"},{"name":"loganfsmyth","email":"loganfsmyth@gmail.com"},{"name":"sebmck","email":"sebmck@gmail.com"},{"name":"thejameskyle","email":"me@thejameskyle.com"}],"directories":{}},"6.4.3":{"name":"babel-plugin-transform-es2015-modules-umd","version":"6.4.3","description":"## Installation","repository":{"type":"git","url":"https://github.com/babel/babel/tree/master/packages/babel-plugin-transform-es2015-modules-umd"},"license":"MIT","main":"lib/index.js","dependencies":{"babel-plugin-transform-es2015-modules-amd":"^6.4.3","babel-template":"^6.3.13","babel-runtime":"^5.0.0"},"keywords":["babel-plugin"],"devDependencies":{"babel-helper-plugin-test-runner":"^6.3.13"},"_id":"babel-plugin-transform-es2015-modules-umd@6.4.3","scripts":{},"_shasum":"e53a887be7fe8e98ad930359f37f5a4afe379f9f","_from":".","_npmVersion":"2.14.7","_nodeVersion":"4.2.2","_npmUser":{"name":"amasad","email":"amjad.masad@gmail.com"},"maintainers":[{"name":"amasad","email":"amjad.masad@gmail.com"},{"name":"hzoo","email":"hi@henryzoo.com"},{"name":"jmm","email":"npm-public@jessemccarthy.net"},{"name":"loganfsmyth","email":"loganfsmyth@gmail.com"},{"name":"sebmck","email":"sebmck@gmail.com"},{"name":"thejameskyle","email":"me@thejameskyle.com"}],"dist":{"shasum":"e53a887be7fe8e98ad930359f37f5a4afe379f9f","tarball":"https://registry.npmjs.org/babel-plugin-transform-es2015-modules-umd/-/babel-plugin-transform-es2015-modules-umd-6.4.3.tgz"},"directories":{}},"6.5.0":{"name":"babel-plugin-transform-es2015-modules-umd","version":"6.5.0","description":"## Installation","repository":{"type":"git","url":"https://github.com/babel/babel/tree/master/packages/babel-plugin-transform-es2015-modules-umd"},"license":"MIT","main":"lib/index.js","dependencies":{"babel-plugin-transform-es2015-modules-amd":"^6.4.3","babel-template":"^6.3.13","babel-runtime":"^5.0.0"},"keywords":["babel-plugin"],"devDependencies":{"babel-helper-plugin-test-runner":"^6.3.13"},"_id":"babel-plugin-transform-es2015-modules-umd@6.5.0","scripts":{},"_shasum":"1b7c9d927df74b9aec121c2e2fed5354432eac1f","_from":".","_npmVersion":"3.6.0","_nodeVersion":"5.1.0","_npmUser":{"name":"hzoo","email":"hi@henryzoo.com"},"dist":{"shasum":"1b7c9d927df74b9aec121c2e2fed5354432eac1f","tarball":"https://registry.npmjs.org/babel-plugin-transform-es2015-modules-umd/-/babel-plugin-transform-es2015-modules-umd-6.5.0.tgz"},"maintainers":[{"name":"amasad","email":"amjad.masad@gmail.com"},{"name":"hzoo","email":"hi@henryzoo.com"},{"name":"jmm","email":"npm-public@jessemccarthy.net"},{"name":"loganfsmyth","email":"loganfsmyth@gmail.com"},{"name":"sebmck","email":"sebmck@gmail.com"},{"name":"thejameskyle","email":"me@thejameskyle.com"}],"_npmOperationalInternal":{"host":"packages-9-west.internal.npmjs.com","tmp":"tmp/babel-plugin-transform-es2015-modules-umd-6.5.0.tgz_1454803658881_0.006160741904750466"},"directories":{}},"6.5.0-1":{"name":"babel-plugin-transform-es2015-modules-umd","version":"6.5.0-1","description":"## Installation","repository":{"type":"git","url":"https://github.com/babel/babel/tree/master/packages/babel-plugin-transform-es2015-modules-umd"},"license":"MIT","main":"lib/index.js","dependencies":{"babel-plugin-transform-es2015-modules-amd":"^6.5.0-1","babel-template":"^6.5.0-1","babel-runtime":"^5.0.0"},"keywords":["babel-plugin"],"devDependencies":{"babel-helper-plugin-test-runner":"^6.5.0-1"},"_id":"babel-plugin-transform-es2015-modules-umd@6.5.0-1","scripts":{},"_shasum":"77a7d82e681777f70aaf3d156cff47c018173722","_from":".","_npmVersion":"3.6.0","_nodeVersion":"5.1.0","_npmUser":{"name":"hzoo","email":"hi@henryzoo.com"},"dist":{"shasum":"77a7d82e681777f70aaf3d156cff47c018173722","tarball":"https://registry.npmjs.org/babel-plugin-transform-es2015-modules-umd/-/babel-plugin-transform-es2015-modules-umd-6.5.0-1.tgz"},"maintainers":[{"name":"amasad","email":"amjad.masad@gmail.com"},{"name":"hzoo","email":"hi@henryzoo.com"},{"name":"jmm","email":"npm-public@jessemccarthy.net"},{"name":"loganfsmyth","email":"loganfsmyth@gmail.com"},{"name":"sebmck","email":"sebmck@gmail.com"},{"name":"thejameskyle","email":"me@thejameskyle.com"}],"_npmOperationalInternal":{"host":"packages-9-west.internal.npmjs.com","tmp":"tmp/babel-plugin-transform-es2015-modules-umd-6.5.0-1.tgz_1454812850846_0.6064150147140026"},"directories":{}},"6.6.0":{"name":"babel-plugin-transform-es2015-modules-umd","version":"6.6.0","description":"## Installation","repository":{"type":"git","url":"https://github.com/babel/babel/tree/master/packages/babel-plugin-transform-es2015-modules-umd"},"license":"MIT","main":"lib/index.js","dependencies":{"babel-plugin-transform-es2015-modules-amd":"^6.6.0","babel-template":"^6.6.0","babel-runtime":"^5.0.0"},"keywords":["babel-plugin"],"devDependencies":{"babel-helper-plugin-test-runner":"^6.3.13"},"_id":"babel-plugin-transform-es2015-modules-umd@6.6.0","scripts":{},"_shasum":"5cd90f37d13dd8aa5f353332ba7a5a7a5ef135e2","_from":".","_npmVersion":"3.6.0","_nodeVersion":"5.1.0","_npmUser":{"name":"hzoo","email":"hi@henryzoo.com"},"dist":{"shasum":"5cd90f37d13dd8aa5f353332ba7a5a7a5ef135e2","tarball":"https://registry.npmjs.org/babel-plugin-transform-es2015-modules-umd/-/babel-plugin-transform-es2015-modules-umd-6.6.0.tgz"},"maintainers":[{"name":"amasad","email":"amjad.masad@gmail.com"},{"name":"hzoo","email":"hi@henryzoo.com"},{"name":"jmm","email":"npm-public@jessemccarthy.net"},{"name":"loganfsmyth","email":"loganfsmyth@gmail.com"},{"name":"sebmck","email":"sebmck@gmail.com"},{"name":"thejameskyle","email":"me@thejameskyle.com"}],"_npmOperationalInternal":{"host":"packages-9-west.internal.npmjs.com","tmp":"tmp/babel-plugin-transform-es2015-modules-umd-6.6.0.tgz_1456780366851_0.9831554600968957"},"directories":{}},"6.6.5":{"name":"babel-plugin-transform-es2015-modules-umd","version":"6.6.5","description":"## Installation","repository":{"type":"git","url":"https://github.com/babel/babel/tree/master/packages/babel-plugin-transform-es2015-modules-umd"},"license":"MIT","main":"lib/index.js","dependencies":{"babel-plugin-transform-es2015-modules-amd":"^6.6.5","babel-template":"^6.6.5","babel-runtime":"^5.0.0"},"keywords":["babel-plugin"],"devDependencies":{"babel-helper-plugin-test-runner":"^6.3.13"},"_id":"babel-plugin-transform-es2015-modules-umd@6.6.5","scripts":{},"_shasum":"9310c753090ff3b33e31ab1ce62acd39377c7d98","_from":".","_npmVersion":"3.6.0","_nodeVersion":"5.1.0","_npmUser":{"name":"hzoo","email":"hi@henryzoo.com"},"dist":{"shasum":"9310c753090ff3b33e31ab1ce62acd39377c7d98","tarball":"https://registry.npmjs.org/babel-plugin-transform-es2015-modules-umd/-/babel-plugin-transform-es2015-modules-umd-6.6.5.tgz"},"maintainers":[{"name":"amasad","email":"amjad.masad@gmail.com"},{"name":"hzoo","email":"hi@henryzoo.com"},{"name":"jmm","email":"npm-public@jessemccarthy.net"},{"name":"loganfsmyth","email":"loganfsmyth@gmail.com"},{"name":"sebmck","email":"sebmck@gmail.com"},{"name":"thejameskyle","email":"me@thejameskyle.com"}],"_npmOperationalInternal":{"host":"packages-12-west.internal.npmjs.com","tmp":"tmp/babel-plugin-transform-es2015-modules-umd-6.6.5.tgz_1457133415114_0.5921502660494298"},"directories":{}},"6.8.0":{"name":"babel-plugin-transform-es2015-modules-umd","version":"6.8.0","description":"## Installation","repository":{"type":"git","url":"https://github.com/babel/babel/tree/master/packages/babel-plugin-transform-es2015-modules-umd"},"license":"MIT","main":"lib/index.js","dependencies":{"babel-plugin-transform-es2015-modules-amd":"^6.8.0","babel-template":"^6.8.0","babel-runtime":"^6.0.0"},"keywords":["babel-plugin"],"devDependencies":{"babel-helper-plugin-test-runner":"^6.8.0"},"_id":"babel-plugin-transform-es2015-modules-umd@6.8.0","scripts":{},"_shasum":"fad2f4cc0955681d6fe87b69d327a443c6e37e5d","_from":".","_npmVersion":"3.8.6","_nodeVersion":"5.1.0","_npmUser":{"name":"hzoo","email":"hi@henryzoo.com"},"maintainers":[{"name":"amasad","email":"amjad.masad@gmail.com"},{"name":"hzoo","email":"hi@henryzoo.com"},{"name":"jmm","email":"npm-public@jessemccarthy.net"},{"name":"loganfsmyth","email":"loganfsmyth@gmail.com"},{"name":"sebmck","email":"sebmck@gmail.com"},{"name":"thejameskyle","email":"me@thejameskyle.com"}],"dist":{"shasum":"fad2f4cc0955681d6fe87b69d327a443c6e37e5d","tarball":"https://registry.npmjs.org/babel-plugin-transform-es2015-modules-umd/-/babel-plugin-transform-es2015-modules-umd-6.8.0.tgz"},"_npmOperationalInternal":{"host":"packages-12-west.internal.npmjs.com","tmp":"tmp/babel-plugin-transform-es2015-modules-umd-6.8.0.tgz_1462232685662_0.8972621965222061"},"directories":{}},"6.12.0":{"name":"babel-plugin-transform-es2015-modules-umd","version":"6.12.0","description":"## Installation","repository":{"type":"git","url":"https://github.com/babel/babel/tree/master/packages/babel-plugin-transform-es2015-modules-umd"},"license":"MIT","main":"lib/index.js","dependencies":{"babel-plugin-transform-es2015-modules-amd":"^6.8.0","babel-template":"^6.8.0","babel-runtime":"^6.0.0"},"keywords":["babel-plugin"],"devDependencies":{"babel-helper-plugin-test-runner":"^6.8.0"},"_id":"babel-plugin-transform-es2015-modules-umd@6.12.0","scripts":{},"_shasum":"5d73559eb49266775ed281c40be88a421bd371a3","_from":".","_npmVersion":"3.10.3","_nodeVersion":"5.11.1","_npmUser":{"name":"hzoo","email":"hi@henryzoo.com"},"dist":{"shasum":"5d73559eb49266775ed281c40be88a421bd371a3","tarball":"https://registry.npmjs.org/babel-plugin-transform-es2015-modules-umd/-/babel-plugin-transform-es2015-modules-umd-6.12.0.tgz"},"maintainers":[{"name":"amasad","email":"amjad.masad@gmail.com"},{"name":"hzoo","email":"hi@henryzoo.com"},{"name":"jmm","email":"npm-public@jessemccarthy.net"},{"name":"loganfsmyth","email":"loganfsmyth@gmail.com"},{"name":"sebmck","email":"sebmck@gmail.com"},{"name":"thejameskyle","email":"me@thejameskyle.com"}],"_npmOperationalInternal":{"host":"packages-16-east.internal.npmjs.com","tmp":"tmp/babel-plugin-transform-es2015-modules-umd-6.12.0.tgz_1469647399416_0.27080208202823997"},"directories":{}},"6.18.0":{"name":"babel-plugin-transform-es2015-modules-umd","version":"6.18.0","description":"This plugin transforms ES2015 modules to UMD","repository":{"type":"git","url":"https://github.com/babel/babel/tree/master/packages/babel-plugin-transform-es2015-modules-umd"},"license":"MIT","main":"lib/index.js","dependencies":{"babel-plugin-transform-es2015-modules-amd":"^6.18.0","babel-template":"^6.8.0","babel-runtime":"^6.0.0"},"keywords":["babel-plugin"],"devDependencies":{"babel-helper-plugin-test-runner":"^6.18.0"},"_id":"babel-plugin-transform-es2015-modules-umd@6.18.0","scripts":{},"_shasum":"23351770ece5c1f8e83ed67cb1d7992884491e50","_from":".","_npmVersion":"3.10.8","_nodeVersion":"6.9.0","_npmUser":{"name":"hzoo","email":"hi@henryzoo.com"},"dist":{"shasum":"23351770ece5c1f8e83ed67cb1d7992884491e50","tarball":"https://registry.npmjs.org/babel-plugin-transform-es2015-modules-umd/-/babel-plugin-transform-es2015-modules-umd-6.18.0.tgz"},"maintainers":[{"name":"amasad","email":"amjad.masad@gmail.com"},{"name":"hzoo","email":"hi@henryzoo.com"},{"name":"jmm","email":"npm-public@jessemccarthy.net"},{"name":"loganfsmyth","email":"loganfsmyth@gmail.com"},{"name":"sebmck","email":"sebmck@gmail.com"},{"name":"thejameskyle","email":"me@thejameskyle.com"}],"_npmOperationalInternal":{"host":"packages-18-east.internal.npmjs.com","tmp":"tmp/babel-plugin-transform-es2015-modules-umd-6.18.0.tgz_1477343945049_0.6534498787950724"},"directories":{}},"6.22.0":{"name":"babel-plugin-transform-es2015-modules-umd","version":"6.22.0","description":"This plugin transforms ES2015 modules to UMD","repository":{"type":"git","url":"https://github.com/babel/babel/tree/master/packages/babel-plugin-transform-es2015-modules-umd"},"license":"MIT","main":"lib/index.js","dependencies":{"babel-plugin-transform-es2015-modules-amd":"^6.22.0","babel-template":"^6.22.0","babel-runtime":"^6.22.0"},"keywords":["babel-plugin"],"devDependencies":{"babel-helper-plugin-test-runner":"^6.22.0"},"_id":"babel-plugin-transform-es2015-modules-umd@6.22.0","scripts":{},"_shasum":"60d0ba3bd23258719c64391d9bf492d648dc0fae","_from":".","_npmVersion":"3.10.10","_nodeVersion":"6.9.0","_npmUser":{"name":"hzoo","email":"hi@henryzoo.com"},"dist":{"shasum":"60d0ba3bd23258719c64391d9bf492d648dc0fae","tarball":"https://registry.npmjs.org/babel-plugin-transform-es2015-modules-umd/-/babel-plugin-transform-es2015-modules-umd-6.22.0.tgz"},"maintainers":[{"name":"amasad","email":"amjad.masad@gmail.com"},{"name":"hzoo","email":"hi@henryzoo.com"},{"name":"jmm","email":"npm-public@jessemccarthy.net"},{"name":"loganfsmyth","email":"loganfsmyth@gmail.com"},{"name":"sebmck","email":"sebmck@gmail.com"},{"name":"thejameskyle","email":"me@thejameskyle.com"}],"_npmOperationalInternal":{"host":"packages-12-west.internal.npmjs.com","tmp":"tmp/babel-plugin-transform-es2015-modules-umd-6.22.0.tgz_1484872436000_0.47095103142783046"},"directories":{}},"6.23.0":{"name":"babel-plugin-transform-es2015-modules-umd","version":"6.23.0","description":"This plugin transforms ES2015 modules to UMD","repository":{"type":"git","url":"https://github.com/babel/babel/tree/master/packages/babel-plugin-transform-es2015-modules-umd"},"license":"MIT","main":"lib/index.js","dependencies":{"babel-plugin-transform-es2015-modules-amd":"^6.22.0","babel-template":"^6.23.0","babel-runtime":"^6.22.0"},"keywords":["babel-plugin"],"devDependencies":{"babel-helper-plugin-test-runner":"^6.22.0"},"_id":"babel-plugin-transform-es2015-modules-umd@6.23.0","scripts":{},"_shasum":"8d284ae2e19ed8fe21d2b1b26d6e7e0fcd94f0f1","_from":".","_npmVersion":"3.10.8","_nodeVersion":"6.9.1","_npmUser":{"name":"loganfsmyth","email":"loganfsmyth@gmail.com"},"dist":{"shasum":"8d284ae2e19ed8fe21d2b1b26d6e7e0fcd94f0f1","tarball":"https://registry.npmjs.org/babel-plugin-transform-es2015-modules-umd/-/babel-plugin-transform-es2015-modules-umd-6.23.0.tgz"},"maintainers":[{"name":"amasad","email":"amjad.masad@gmail.com"},{"name":"hzoo","email":"hi@henryzoo.com"},{"name":"jmm","email":"npm-public@jessemccarthy.net"},{"name":"loganfsmyth","email":"loganfsmyth@gmail.com"},{"name":"sebmck","email":"sebmck@gmail.com"},{"name":"thejameskyle","email":"me@thejameskyle.com"}],"_npmOperationalInternal":{"host":"packages-18-east.internal.npmjs.com","tmp":"tmp/babel-plugin-transform-es2015-modules-umd-6.23.0.tgz_1487034866262_0.008215149864554405"},"directories":{}},"7.0.0-alpha.1":{"name":"babel-plugin-transform-es2015-modules-umd","version":"7.0.0-alpha.1","description":"This plugin transforms ES2015 modules to UMD","repository":{"type":"git","url":"https://github.com/babel/babel/tree/master/packages/babel-plugin-transform-es2015-modules-umd"},"license":"MIT","main":"lib/index.js","dependencies":{"babel-plugin-transform-es2015-modules-amd":"7.0.0-alpha.1","babel-template":"7.0.0-alpha.1"},"keywords":["babel-plugin"],"devDependencies":{"babel-helper-plugin-test-runner":"7.0.0-alpha.1"},"_id":"babel-plugin-transform-es2015-modules-umd@7.0.0-alpha.1","scripts":{},"_shasum":"a8dcb8be27d5f3ba6fd80c1037abd9f1a37d826d","_from":".","_npmVersion":"3.10.10","_nodeVersion":"6.9.0","_npmUser":{"name":"hzoo","email":"hi@henryzoo.com"},"dist":{"shasum":"a8dcb8be27d5f3ba6fd80c1037abd9f1a37d826d","tarball":"https://registry.npmjs.org/babel-plugin-transform-es2015-modules-umd/-/babel-plugin-transform-es2015-modules-umd-7.0.0-alpha.1.tgz"},"maintainers":[{"name":"amasad","email":"amjad.masad@gmail.com"},{"name":"hzoo","email":"hi@henryzoo.com"},{"name":"jmm","email":"npm-public@jessemccarthy.net"},{"name":"loganfsmyth","email":"loganfsmyth@gmail.com"},{"name":"sebmck","email":"sebmck@gmail.com"},{"name":"thejameskyle","email":"me@thejameskyle.com"}],"_npmOperationalInternal":{"host":"packages-18-east.internal.npmjs.com","tmp":"tmp/babel-plugin-transform-es2015-modules-umd-7.0.0-alpha.1.tgz_1488488761352_0.23225352331064641"},"directories":{}},"6.24.0":{"name":"babel-plugin-transform-es2015-modules-umd","version":"6.24.0","description":"This plugin transforms ES2015 modules to UMD","repository":{"type":"git","url":"https://github.com/babel/babel/tree/master/packages/babel-plugin-transform-es2015-modules-umd"},"license":"MIT","main":"lib/index.js","dependencies":{"babel-plugin-transform-es2015-modules-amd":"^6.24.0","babel-template":"^6.23.0","babel-runtime":"^6.22.0"},"keywords":["babel-plugin"],"devDependencies":{"babel-helper-plugin-test-runner":"^6.24.0"},"_id":"babel-plugin-transform-es2015-modules-umd@6.24.0","scripts":{},"_shasum":"fd5fa63521cae8d273927c3958afd7c067733450","_from":".","_npmVersion":"3.10.10","_nodeVersion":"6.9.0","_npmUser":{"name":"hzoo","email":"hi@henryzoo.com"},"dist":{"shasum":"fd5fa63521cae8d273927c3958afd7c067733450","tarball":"https://registry.npmjs.org/babel-plugin-transform-es2015-modules-umd/-/babel-plugin-transform-es2015-modules-umd-6.24.0.tgz"},"maintainers":[{"name":"amasad","email":"amjad.masad@gmail.com"},{"name":"hzoo","email":"hi@henryzoo.com"},{"name":"jmm","email":"npm-public@jessemccarthy.net"},{"name":"loganfsmyth","email":"loganfsmyth@gmail.com"},{"name":"sebmck","email":"sebmck@gmail.com"},{"name":"thejameskyle","email":"me@thejameskyle.com"}],"_npmOperationalInternal":{"host":"packages-12-west.internal.npmjs.com","tmp":"tmp/babel-plugin-transform-es2015-modules-umd-6.24.0.tgz_1489371493597_0.9418782850261778"},"directories":{}},"7.0.0-alpha.3":{"name":"babel-plugin-transform-es2015-modules-umd","version":"7.0.0-alpha.3","description":"This plugin transforms ES2015 modules to UMD","repository":{"type":"git","url":"https://github.com/babel/babel/tree/master/packages/babel-plugin-transform-es2015-modules-umd"},"license":"MIT","main":"lib/index.js","dependencies":{"babel-plugin-transform-es2015-modules-amd":"7.0.0-alpha.3","babel-template":"7.0.0-alpha.3"},"keywords":["babel-plugin"],"devDependencies":{"babel-helper-plugin-test-runner":"7.0.0-alpha.3"},"_id":"babel-plugin-transform-es2015-modules-umd@7.0.0-alpha.3","scripts":{},"_shasum":"ec37fa367540262900b0b14cda7f2006bb1e1430","_from":".","_npmVersion":"3.10.10","_nodeVersion":"6.9.0","_npmUser":{"name":"hzoo","email":"hi@henryzoo.com"},"dist":{"shasum":"ec37fa367540262900b0b14cda7f2006bb1e1430","tarball":"https://registry.npmjs.org/babel-plugin-transform-es2015-modules-umd/-/babel-plugin-transform-es2015-modules-umd-7.0.0-alpha.3.tgz"},"maintainers":[{"name":"amasad","email":"amjad.masad@gmail.com"},{"name":"hzoo","email":"hi@henryzoo.com"},{"name":"jmm","email":"npm-public@jessemccarthy.net"},{"name":"loganfsmyth","email":"loganfsmyth@gmail.com"},{"name":"sebmck","email":"sebmck@gmail.com"},{"name":"thejameskyle","email":"me@thejameskyle.com"}],"_npmOperationalInternal":{"host":"packages-18-east.internal.npmjs.com","tmp":"tmp/babel-plugin-transform-es2015-modules-umd-7.0.0-alpha.3.tgz_1490298596802_0.515322403749451"},"directories":{}},"7.0.0-alpha.7":{"name":"babel-plugin-transform-es2015-modules-umd","version":"7.0.0-alpha.7","description":"This plugin transforms ES2015 modules to UMD","repository":{"type":"git","url":"https://github.com/babel/babel/tree/master/packages/babel-plugin-transform-es2015-modules-umd"},"license":"MIT","main":"lib/index.js","dependencies":{"babel-plugin-transform-es2015-modules-amd":"7.0.0-alpha.7","babel-template":"7.0.0-alpha.7"},"keywords":["babel-plugin"],"devDependencies":{"babel-helper-plugin-test-runner":"7.0.0-alpha.7"},"_id":"babel-plugin-transform-es2015-modules-umd@7.0.0-alpha.7","scripts":{},"_shasum":"cd73ec6d2f1d8a3492a5ce440a451b71f9dbacd5","_from":".","_npmVersion":"3.10.10","_nodeVersion":"6.9.0","_npmUser":{"name":"hzoo","email":"hi@henryzoo.com"},"dist":{"shasum":"cd73ec6d2f1d8a3492a5ce440a451b71f9dbacd5","tarball":"https://registry.npmjs.org/babel-plugin-transform-es2015-modules-umd/-/babel-plugin-transform-es2015-modules-umd-7.0.0-alpha.7.tgz"},"maintainers":[{"name":"amasad","email":"amjad.masad@gmail.com"},{"name":"hzoo","email":"hi@henryzoo.com"},{"name":"jmm","email":"npm-public@jessemccarthy.net"},{"name":"loganfsmyth","email":"loganfsmyth@gmail.com"},{"name":"sebmck","email":"sebmck@gmail.com"},{"name":"thejameskyle","email":"me@thejameskyle.com"}],"_npmOperationalInternal":{"host":"packages-12-west.internal.npmjs.com","tmp":"tmp/babel-plugin-transform-es2015-modules-umd-7.0.0-alpha.7.tgz_1491426873619_0.5777964910957962"},"directories":{}},"6.24.1":{"name":"babel-plugin-transform-es2015-modules-umd","version":"6.24.1","description":"This plugin transforms ES2015 modules to UMD","repository":{"type":"git","url":"https://github.com/babel/babel/tree/master/packages/babel-plugin-transform-es2015-modules-umd"},"license":"MIT","main":"lib/index.js","dependencies":{"babel-plugin-transform-es2015-modules-amd":"^6.24.1","babel-template":"^6.24.1","babel-runtime":"^6.22.0"},"keywords":["babel-plugin"],"devDependencies":{"babel-helper-plugin-test-runner":"^6.24.1"},"_id":"babel-plugin-transform-es2015-modules-umd@6.24.1","scripts":{},"_shasum":"ac997e6285cd18ed6176adb607d602344ad38468","_from":".","_npmVersion":"3.10.10","_nodeVersion":"6.9.0","_npmUser":{"name":"hzoo","email":"hi@henryzoo.com"},"dist":{"shasum":"ac997e6285cd18ed6176adb607d602344ad38468","tarball":"https://registry.npmjs.org/babel-plugin-transform-es2015-modules-umd/-/babel-plugin-transform-es2015-modules-umd-6.24.1.tgz"},"maintainers":[{"name":"amasad","email":"amjad.masad@gmail.com"},{"name":"hzoo","email":"hi@henryzoo.com"},{"name":"jmm","email":"npm-public@jessemccarthy.net"},{"name":"loganfsmyth","email":"loganfsmyth@gmail.com"},{"name":"sebmck","email":"sebmck@gmail.com"},{"name":"thejameskyle","email":"me@thejameskyle.com"}],"_npmOperationalInternal":{"host":"packages-12-west.internal.npmjs.com","tmp":"tmp/babel-plugin-transform-es2015-modules-umd-6.24.1.tgz_1491578378753_0.8726147976703942"},"directories":{}},"7.0.0-alpha.8":{"name":"babel-plugin-transform-es2015-modules-umd","version":"7.0.0-alpha.8","description":"This plugin transforms ES2015 modules to UMD","repository":{"type":"git","url":"https://github.com/babel/babel/tree/master/packages/babel-plugin-transform-es2015-modules-umd"},"license":"MIT","main":"lib/index.js","dependencies":{"babel-plugin-transform-es2015-modules-amd":"7.0.0-alpha.8","babel-template":"7.0.0-alpha.8"},"keywords":["babel-plugin"],"devDependencies":{"babel-helper-plugin-test-runner":"7.0.0-alpha.8"},"_id":"babel-plugin-transform-es2015-modules-umd@7.0.0-alpha.8","scripts":{},"_shasum":"65e866cda069514d2de19f2ab7360a765e2ed1b3","_from":".","_npmVersion":"3.10.10","_nodeVersion":"6.9.0","_npmUser":{"name":"hzoo","email":"hi@henryzoo.com"},"dist":{"shasum":"65e866cda069514d2de19f2ab7360a765e2ed1b3","tarball":"https://registry.npmjs.org/babel-plugin-transform-es2015-modules-umd/-/babel-plugin-transform-es2015-modules-umd-7.0.0-alpha.8.tgz"},"maintainers":[{"name":"amasad","email":"amjad.masad@gmail.com"},{"name":"hzoo","email":"hi@henryzoo.com"},{"name":"jmm","email":"npm-public@jessemccarthy.net"},{"name":"loganfsmyth","email":"loganfsmyth@gmail.com"},{"name":"sebmck","email":"sebmck@gmail.com"},{"name":"thejameskyle","email":"me@thejameskyle.com"}],"_npmOperationalInternal":{"host":"packages-12-west.internal.npmjs.com","tmp":"tmp/babel-plugin-transform-es2015-modules-umd-7.0.0-alpha.8.tgz_1492456406493_0.10114251542836428"},"directories":{}},"7.0.0-alpha.9":{"name":"babel-plugin-transform-es2015-modules-umd","version":"7.0.0-alpha.9","description":"This plugin transforms ES2015 modules to UMD","repository":{"type":"git","url":"https://github.com/babel/babel/tree/master/packages/babel-plugin-transform-es2015-modules-umd"},"license":"MIT","main":"lib/index.js","dependencies":{"babel-plugin-transform-es2015-modules-amd":"7.0.0-alpha.9","babel-template":"7.0.0-alpha.9"},"keywords":["babel-plugin"],"devDependencies":{"babel-helper-plugin-test-runner":"7.0.0-alpha.9"},"_id":"babel-plugin-transform-es2015-modules-umd@7.0.0-alpha.9","scripts":{},"_shasum":"27398241f7c8965f39451ebb9daac0d5ff58e53a","_from":".","_npmVersion":"3.10.10","_nodeVersion":"6.9.0","_npmUser":{"name":"hzoo","email":"hi@henryzoo.com"},"dist":{"shasum":"27398241f7c8965f39451ebb9daac0d5ff58e53a","tarball":"https://registry.npmjs.org/babel-plugin-transform-es2015-modules-umd/-/babel-plugin-transform-es2015-modules-umd-7.0.0-alpha.9.tgz"},"maintainers":[{"name":"amasad","email":"amjad.masad@gmail.com"},{"name":"hzoo","email":"hi@henryzoo.com"},{"name":"jmm","email":"npm-public@jessemccarthy.net"},{"name":"loganfsmyth","email":"loganfsmyth@gmail.com"},{"name":"sebmck","email":"sebmck@gmail.com"},{"name":"thejameskyle","email":"me@thejameskyle.com"}],"_npmOperationalInternal":{"host":"packages-18-east.internal.npmjs.com","tmp":"tmp/babel-plugin-transform-es2015-modules-umd-7.0.0-alpha.9.tgz_1492526553921_0.5406384051311761"},"directories":{}},"7.0.0-alpha.10":{"name":"babel-plugin-transform-es2015-modules-umd","version":"7.0.0-alpha.10","description":"This plugin transforms ES2015 modules to UMD","repository":{"type":"git","url":"https://github.com/babel/babel/tree/master/packages/babel-plugin-transform-es2015-modules-umd"},"license":"MIT","main":"lib/index.js","dependencies":{"babel-plugin-transform-es2015-modules-amd":"7.0.0-alpha.10","babel-template":"7.0.0-alpha.10"},"keywords":["babel-plugin"],"devDependencies":{"babel-helper-plugin-test-runner":"7.0.0-alpha.10"},"_id":"babel-plugin-transform-es2015-modules-umd@7.0.0-alpha.10","scripts":{},"_shasum":"dca9040937296420716ff7bf8c2e94b2af56a28d","_from":".","_npmVersion":"3.10.10","_nodeVersion":"6.9.0","_npmUser":{"name":"hzoo","email":"hi@henryzoo.com"},"dist":{"shasum":"dca9040937296420716ff7bf8c2e94b2af56a28d","tarball":"https://registry.npmjs.org/babel-plugin-transform-es2015-modules-umd/-/babel-plugin-transform-es2015-modules-umd-7.0.0-alpha.10.tgz"},"maintainers":[{"email":"daniel@tschinder.de","name":"danez"},{"email":"hi@henryzoo.com","name":"hzoo"},{"email":"loganfsmyth@gmail.com","name":"loganfsmyth"}],"_npmOperationalInternal":{"host":"s3://npm-registry-packages","tmp":"tmp/babel-plugin-transform-es2015-modules-umd-7.0.0-alpha.10.tgz_1495739875438_0.018793157767504454"},"directories":{}},"7.0.0-alpha.11":{"name":"babel-plugin-transform-es2015-modules-umd","version":"7.0.0-alpha.11","description":"This plugin transforms ES2015 modules to UMD","repository":{"type":"git","url":"https://github.com/babel/babel/tree/master/packages/babel-plugin-transform-es2015-modules-umd"},"license":"MIT","main":"lib/index.js","dependencies":{"babel-plugin-transform-es2015-modules-amd":"7.0.0-alpha.11","babel-template":"7.0.0-alpha.11"},"keywords":["babel-plugin"],"devDependencies":{"babel-helper-plugin-test-runner":"7.0.0-alpha.11"},"_id":"babel-plugin-transform-es2015-modules-umd@7.0.0-alpha.11","_npmVersion":"5.0.0","_nodeVersion":"6.9.0","_npmUser":{"name":"hzoo","email":"hi@henryzoo.com"},"dist":{"integrity":"sha512-GpYIDhSyaLUXYkhAR98uH0oCtx9Na/cHPqBQbYDa5QaGxvmMUPq6E/1cuWafAt8AmlCzH6isXCTkuzWp8aDwEg==","shasum":"5136248296a4472375b66acea0ac3943e407d643","tarball":"https://registry.npmjs.org/babel-plugin-transform-es2015-modules-umd/-/babel-plugin-transform-es2015-modules-umd-7.0.0-alpha.11.tgz"},"maintainers":[{"email":"sebmck@gmail.com","name":"sebmck"},{"email":"daniel@tschinder.de","name":"danez"},{"email":"hi@henryzoo.com","name":"hzoo"},{"email":"loganfsmyth@gmail.com","name":"loganfsmyth"}],"_npmOperationalInternal":{"host":"s3://npm-registry-packages","tmp":"tmp/babel-plugin-transform-es2015-modules-umd-7.0.0-alpha.11.tgz_1496263443191_0.7918844101950526"},"directories":{}},"7.0.0-alpha.12":{"name":"babel-plugin-transform-es2015-modules-umd","version":"7.0.0-alpha.12","description":"This plugin transforms ES2015 modules to UMD","repository":{"type":"git","url":"https://github.com/babel/babel/tree/master/packages/babel-plugin-transform-es2015-modules-umd"},"license":"MIT","main":"lib/index.js","dependencies":{"babel-plugin-transform-es2015-modules-amd":"7.0.0-alpha.12","babel-template":"7.0.0-alpha.12"},"keywords":["babel-plugin"],"devDependencies":{"babel-helper-plugin-test-runner":"7.0.0-alpha.12"},"_id":"babel-plugin-transform-es2015-modules-umd@7.0.0-alpha.12","_npmVersion":"5.0.0","_nodeVersion":"6.9.0","_npmUser":{"name":"hzoo","email":"hi@henryzoo.com"},"dist":{"integrity":"sha512-579lCrXiWLomFHf46tjlhtGsawDQfQ4SIwijqrIk+PMZidOugOXzCV9LjQNXRVqYjaztrEFkuGvF8YBaACxqAw==","shasum":"a8bc11e2d93d928a2c94cc1b9d9822b1b023d3a5","tarball":"https://registry.npmjs.org/babel-plugin-transform-es2015-modules-umd/-/babel-plugin-transform-es2015-modules-umd-7.0.0-alpha.12.tgz"},"maintainers":[{"email":"sebmck@gmail.com","name":"sebmck"},{"email":"daniel@tschinder.de","name":"danez"},{"email":"hi@henryzoo.com","name":"hzoo"},{"email":"loganfsmyth@gmail.com","name":"loganfsmyth"}],"_npmOperationalInternal":{"host":"s3://npm-registry-packages","tmp":"tmp/babel-plugin-transform-es2015-modules-umd-7.0.0-alpha.12.tgz_1496265137922_0.7418732861988246"},"directories":{}},"7.0.0-alpha.14":{"name":"babel-plugin-transform-es2015-modules-umd","version":"7.0.0-alpha.14","description":"This plugin transforms ES2015 modules to UMD","repository":{"type":"git","url":"https://github.com/babel/babel/tree/master/packages/babel-plugin-transform-es2015-modules-umd"},"license":"MIT","main":"lib/index.js","dependencies":{"babel-plugin-transform-es2015-modules-amd":"7.0.0-alpha.14","babel-template":"7.0.0-alpha.14"},"keywords":["babel-plugin"],"devDependencies":{"babel-helper-plugin-test-runner":"7.0.0-alpha.14"},"_id":"babel-plugin-transform-es2015-modules-umd@7.0.0-alpha.14","scripts":{},"_shasum":"f9e5e39142070186d6eb91cc1c8d0180b8af3a92","_from":".","_npmVersion":"4.6.1","_nodeVersion":"6.9.0","_npmUser":{"name":"hzoo","email":"hi@henryzoo.com"},"dist":{"shasum":"f9e5e39142070186d6eb91cc1c8d0180b8af3a92","tarball":"https://registry.npmjs.org/babel-plugin-transform-es2015-modules-umd/-/babel-plugin-transform-es2015-modules-umd-7.0.0-alpha.14.tgz"},"maintainers":[{"email":"sebmck@gmail.com","name":"sebmck"},{"email":"daniel@tschinder.de","name":"danez"},{"email":"hi@henryzoo.com","name":"hzoo"},{"email":"loganfsmyth@gmail.com","name":"loganfsmyth"}],"_npmOperationalInternal":{"host":"s3://npm-registry-packages","tmp":"tmp/babel-plugin-transform-es2015-modules-umd-7.0.0-alpha.14.tgz_1499828051770_0.23530705110169947"},"directories":{}},"7.0.0-alpha.15":{"name":"babel-plugin-transform-es2015-modules-umd","version":"7.0.0-alpha.15","description":"This plugin transforms ES2015 modules to UMD","repository":{"type":"git","url":"https://github.com/babel/babel/tree/master/packages/babel-plugin-transform-es2015-modules-umd"},"license":"MIT","main":"lib/index.js","dependencies":{"babel-plugin-transform-es2015-modules-amd":"7.0.0-alpha.15","babel-template":"7.0.0-alpha.15"},"keywords":["babel-plugin"],"devDependencies":{"babel-helper-plugin-test-runner":"7.0.0-alpha.15"},"_id":"babel-plugin-transform-es2015-modules-umd@7.0.0-alpha.15","scripts":{},"_shasum":"5a1c6f842194b1ed7767db5b395e45688c300847","_from":".","_npmVersion":"4.6.1","_nodeVersion":"6.9.0","_npmUser":{"name":"hzoo","email":"hi@henryzoo.com"},"dist":{"shasum":"5a1c6f842194b1ed7767db5b395e45688c300847","tarball":"https://registry.npmjs.org/babel-plugin-transform-es2015-modules-umd/-/babel-plugin-transform-es2015-modules-umd-7.0.0-alpha.15.tgz"},"maintainers":[{"email":"sebmck@gmail.com","name":"sebmck"},{"email":"daniel@tschinder.de","name":"danez"},{"email":"hi@henryzoo.com","name":"hzoo"},{"email":"loganfsmyth@gmail.com","name":"loganfsmyth"}],"_npmOperationalInternal":{"host":"s3://npm-registry-packages","tmp":"tmp/babel-plugin-transform-es2015-modules-umd-7.0.0-alpha.15.tgz_1499830588785_0.7961529635358602"},"directories":{}},"7.0.0-alpha.16":{"name":"babel-plugin-transform-es2015-modules-umd","version":"7.0.0-alpha.16","description":"This plugin transforms ES2015 modules to UMD","repository":{"type":"git","url":"https://github.com/babel/babel/tree/master/packages/babel-plugin-transform-es2015-modules-umd"},"license":"MIT","main":"lib/index.js","dependencies":{"babel-plugin-transform-es2015-modules-amd":"7.0.0-alpha.16","babel-template":"7.0.0-alpha.16"},"keywords":["babel-plugin"],"devDependencies":{"babel-helper-plugin-test-runner":"7.0.0-alpha.16"},"_id":"babel-plugin-transform-es2015-modules-umd@7.0.0-alpha.16","scripts":{},"_shasum":"072044ee72945cec1e65c43f51fb391441f119de","_from":".","_npmVersion":"4.6.1","_nodeVersion":"6.9.0","_npmUser":{"name":"hzoo","email":"hi@henryzoo.com"},"dist":{"shasum":"072044ee72945cec1e65c43f51fb391441f119de","tarball":"https://registry.npmjs.org/babel-plugin-transform-es2015-modules-umd/-/babel-plugin-transform-es2015-modules-umd-7.0.0-alpha.16.tgz"},"maintainers":[{"email":"sebmck@gmail.com","name":"sebmck"},{"email":"daniel@tschinder.de","name":"danez"},{"email":"hi@henryzoo.com","name":"hzoo"},{"email":"loganfsmyth@gmail.com","name":"loganfsmyth"}],"_npmOperationalInternal":{"host":"s3://npm-registry-packages","tmp":"tmp/babel-plugin-transform-es2015-modules-umd-7.0.0-alpha.16.tgz_1501017501682_0.45695819496177137"},"directories":{}},"7.0.0-alpha.17":{"name":"babel-plugin-transform-es2015-modules-umd","version":"7.0.0-alpha.17","description":"This plugin transforms ES2015 modules to UMD","repository":{"type":"git","url":"https://github.com/babel/babel/tree/master/packages/babel-plugin-transform-es2015-modules-umd"},"license":"MIT","main":"lib/index.js","dependencies":{"babel-plugin-transform-es2015-modules-amd":"7.0.0-alpha.17","babel-template":"7.0.0-alpha.17"},"keywords":["babel-plugin"],"devDependencies":{"babel-helper-plugin-test-runner":"7.0.0-alpha.17"},"_id":"babel-plugin-transform-es2015-modules-umd@7.0.0-alpha.17","scripts":{},"_shasum":"1dc8914605e6481219a658baecd4e525b8a5a769","_from":".","_npmVersion":"4.6.1","_nodeVersion":"6.9.0","_npmUser":{"name":"hzoo","email":"hi@henryzoo.com"},"dist":{"shasum":"1dc8914605e6481219a658baecd4e525b8a5a769","tarball":"https://registry.npmjs.org/babel-plugin-transform-es2015-modules-umd/-/babel-plugin-transform-es2015-modules-umd-7.0.0-alpha.17.tgz"},"maintainers":[{"email":"sebmck@gmail.com","name":"sebmck"},{"email":"daniel@tschinder.de","name":"danez"},{"email":"hi@henryzoo.com","name":"hzoo"},{"email":"loganfsmyth@gmail.com","name":"loganfsmyth"}],"_npmOperationalInternal":{"host":"s3://npm-registry-packages","tmp":"tmp/babel-plugin-transform-es2015-modules-umd-7.0.0-alpha.17.tgz_1501072793654_0.20289344945922494"},"directories":{}},"7.0.0-alpha.18":{"name":"babel-plugin-transform-es2015-modules-umd","version":"7.0.0-alpha.18","description":"This plugin transforms ES2015 modules to UMD","repository":{"type":"git","url":"https://github.com/babel/babel/tree/master/packages/babel-plugin-transform-es2015-modules-umd"},"license":"MIT","main":"lib/index.js","dependencies":{"babel-plugin-transform-es2015-modules-amd":"7.0.0-alpha.18","babel-template":"7.0.0-alpha.18"},"keywords":["babel-plugin"],"devDependencies":{"babel-helper-plugin-test-runner":"7.0.0-alpha.18"},"_id":"babel-plugin-transform-es2015-modules-umd@7.0.0-alpha.18","_npmVersion":"5.3.0","_nodeVersion":"8.1.4","_npmUser":{"name":"hzoo","email":"hi@henryzoo.com"},"dist":{"integrity":"sha512-f4uaVBOyeauJsO+sx2GfPlTrvImh43fXR1TzoVxi0/R4j8YjgFiJNBnu3hhFSEBToMubqifOE3HVkyvlKeJrmw==","shasum":"aa0e33f8aedb1dd32793cf7dcc48444314899f7b","tarball":"https://registry.npmjs.org/babel-plugin-transform-es2015-modules-umd/-/babel-plugin-transform-es2015-modules-umd-7.0.0-alpha.18.tgz"},"maintainers":[{"email":"me@thejameskyle.com","name":"thejameskyle"},{"email":"sebmck@gmail.com","name":"sebmck"},{"email":"daniel@tschinder.de","name":"danez"},{"email":"hi@henryzoo.com","name":"hzoo"},{"email":"loganfsmyth@gmail.com","name":"loganfsmyth"}],"_npmOperationalInternal":{"host":"s3://npm-registry-packages","tmp":"tmp/babel-plugin-transform-es2015-modules-umd-7.0.0-alpha.18.tgz_1501798887608_0.7671896433457732"},"directories":{}},"7.0.0-alpha.19":{"name":"babel-plugin-transform-es2015-modules-umd","version":"7.0.0-alpha.19","description":"This plugin transforms ES2015 modules to UMD","repository":{"type":"git","url":"https://github.com/babel/babel/tree/master/packages/babel-plugin-transform-es2015-modules-umd"},"license":"MIT","main":"lib/index.js","dependencies":{"babel-plugin-transform-es2015-modules-amd":"7.0.0-alpha.19","babel-template":"7.0.0-alpha.19"},"keywords":["babel-plugin"],"devDependencies":{"babel-helper-plugin-test-runner":"7.0.0-alpha.19"},"_id":"babel-plugin-transform-es2015-modules-umd@7.0.0-alpha.19","_npmVersion":"5.3.0","_nodeVersion":"8.1.4","_npmUser":{"name":"hzoo","email":"hi@henryzoo.com"},"dist":{"integrity":"sha512-9CVtEzzqj64x9PPeBXzOPKYxRos4u8Z0b1LWWI/K7BEIHWL91C07RLCLYAwnOec9jAU3oy64/gysOjW8i3hwsQ==","shasum":"f0b1a497b453a4113097c8780e241f1895449ae6","tarball":"https://registry.npmjs.org/babel-plugin-transform-es2015-modules-umd/-/babel-plugin-transform-es2015-modules-umd-7.0.0-alpha.19.tgz"},"maintainers":[{"email":"me@thejameskyle.com","name":"thejameskyle"},{"email":"sebmck@gmail.com","name":"sebmck"},{"email":"daniel@tschinder.de","name":"danez"},{"email":"hi@henryzoo.com","name":"hzoo"},{"email":"loganfsmyth@gmail.com","name":"loganfsmyth"}],"_npmOperationalInternal":{"host":"s3://npm-registry-packages","tmp":"tmp/babel-plugin-transform-es2015-modules-umd-7.0.0-alpha.19.tgz_1502144530072_0.02983805979602039"},"directories":{}},"7.0.0-alpha.20":{"name":"babel-plugin-transform-es2015-modules-umd","version":"7.0.0-alpha.20","description":"This plugin transforms ES2015 modules to UMD","repository":{"type":"git","url":"https://github.com/babel/babel/tree/master/packages/babel-plugin-transform-es2015-modules-umd"},"license":"MIT","main":"lib/index.js","dependencies":{"babel-plugin-transform-es2015-modules-amd":"7.0.0-alpha.20","babel-template":"7.0.0-alpha.20"},"keywords":["babel-plugin"],"devDependencies":{"babel-helper-plugin-test-runner":"7.0.0-alpha.20"},"_id":"babel-plugin-transform-es2015-modules-umd@7.0.0-alpha.20","_npmVersion":"5.3.0","_nodeVersion":"8.1.4","_npmUser":{"name":"hzoo","email":"hi@henryzoo.com"},"dist":{"integrity":"sha512-K8Hnvh3JE+xE2lheAwxny6Ls6adrknGg7pCViXEuyeZgJYcnhoNCKAAsmjpwl1LfBqIUIK6VAQzrdva8R+1DbA==","shasum":"297a95296d95878c2c5ecae663c1e3fcfdef6fb6","tarball":"https://registry.npmjs.org/babel-plugin-transform-es2015-modules-umd/-/babel-plugin-transform-es2015-modules-umd-7.0.0-alpha.20.tgz"},"maintainers":[{"email":"me@thejameskyle.com","name":"thejameskyle"},{"email":"sebmck@gmail.com","name":"sebmck"},{"email":"daniel@tschinder.de","name":"danez"},{"email":"hi@henryzoo.com","name":"hzoo"},{"email":"loganfsmyth@gmail.com","name":"loganfsmyth"}],"_npmOperationalInternal":{"host":"s3://npm-registry-packages","tmp":"tmp/babel-plugin-transform-es2015-modules-umd-7.0.0-alpha.20.tgz_1504119866872_0.7021722667850554"},"directories":{}},"7.0.0-beta.0":{"name":"babel-plugin-transform-es2015-modules-umd","version":"7.0.0-beta.0","description":"This plugin transforms ES2015 modules to UMD","repository":{"type":"git","url":"https://github.com/babel/babel/tree/master/packages/babel-plugin-transform-es2015-modules-umd"},"license":"MIT","main":"lib/index.js","dependencies":{"babel-plugin-transform-es2015-modules-amd":"7.0.0-beta.0","babel-template":"7.0.0-beta.0"},"keywords":["babel-plugin"],"devDependencies":{"babel-helper-plugin-test-runner":"7.0.0-beta.0"},"_id":"babel-plugin-transform-es2015-modules-umd@7.0.0-beta.0","_npmVersion":"5.3.0","_nodeVersion":"8.1.4","_npmUser":{"name":"hzoo","email":"hi@henryzoo.com"},"dist":{"integrity":"sha512-m4Rax8Myc3fQZvdibK9vKvQhiXz+s6IdJwB7pRQe2k3EsBMZkxVD62I04m11yPssbjBNLBDPtg65+ngqWBkSXg==","shasum":"4352f885dbc7068a90408300242b9b509c5beebd","tarball":"https://registry.npmjs.org/babel-plugin-transform-es2015-modules-umd/-/babel-plugin-transform-es2015-modules-umd-7.0.0-beta.0.tgz"},"maintainers":[{"email":"me@thejameskyle.com","name":"thejameskyle"},{"email":"sebmck@gmail.com","name":"sebmck"},{"email":"daniel@tschinder.de","name":"danez"},{"email":"hi@henryzoo.com","name":"hzoo"},{"email":"loganfsmyth@gmail.com","name":"loganfsmyth"}],"_npmOperationalInternal":{"host":"s3://npm-registry-packages","tmp":"tmp/babel-plugin-transform-es2015-modules-umd-7.0.0-beta.0.tgz_1505185374647_0.5997068975120783"},"directories":{}},"7.0.0-beta.1":{"name":"babel-plugin-transform-es2015-modules-umd","version":"7.0.0-beta.1","description":"This plugin transforms ES2015 modules to UMD","repository":{"type":"git","url":"https://github.com/babel/babel/tree/master/packages/babel-plugin-transform-es2015-modules-umd"},"license":"MIT","main":"lib/index.js","dependencies":{"babel-helper-module-transforms":"7.0.0-beta.1","babel-template":"7.0.0-beta.1"},"keywords":["babel-plugin"],"devDependencies":{"babel-helper-plugin-test-runner":"7.0.0-beta.1"},"_id":"babel-plugin-transform-es2015-modules-umd@7.0.0-beta.1","_npmVersion":"5.4.1","_nodeVersion":"8.1.4","_npmUser":{"name":"hzoo","email":"hi@henryzoo.com"},"dist":{"integrity":"sha512-oKG8E6jbiPm90C6g31AZqU2JzLJmD8BxQPm/OPmhV6MAF+AeBG9lqwN3H3y63HnqsncBbo4Bz9XH4FK5NZxOoA==","shasum":"1fa1d480081bcefd66b76f95bc099f1f63229c94","tarball":"https://registry.npmjs.org/babel-plugin-transform-es2015-modules-umd/-/babel-plugin-transform-es2015-modules-umd-7.0.0-beta.1.tgz"},"maintainers":[{"email":"me@thejameskyle.com","name":"thejameskyle"},{"email":"sebmck@gmail.com","name":"sebmck"},{"email":"daniel@tschinder.de","name":"danez"},{"email":"hi@henryzoo.com","name":"hzoo"},{"email":"loganfsmyth@gmail.com","name":"loganfsmyth"}],"_npmOperationalInternal":{"host":"s3://npm-registry-packages","tmp":"tmp/babel-plugin-transform-es2015-modules-umd-7.0.0-beta.1.tgz_1505852685347_0.7885090890340507"},"directories":{}},"7.0.0-beta.2":{"name":"babel-plugin-transform-es2015-modules-umd","version":"7.0.0-beta.2","description":"This plugin transforms ES2015 modules to UMD","repository":{"type":"git","url":"https://github.com/babel/babel/tree/master/packages/babel-plugin-transform-es2015-modules-umd"},"license":"MIT","main":"lib/index.js","dependencies":{"babel-helper-module-transforms":"7.0.0-beta.2","babel-template":"7.0.0-beta.2"},"keywords":["babel-plugin"],"devDependencies":{"babel-helper-plugin-test-runner":"7.0.0-beta.2"},"_id":"babel-plugin-transform-es2015-modules-umd@7.0.0-beta.2","_npmVersion":"5.4.1","_nodeVersion":"8.1.4","_npmUser":{"name":"hzoo","email":"hi@henryzoo.com"},"dist":{"integrity":"sha512-NCHaZsJabJbvNy5ya8rbL7Jfjx5XmRpva602r25aaAl8Wt5P/7AiVmHgVYRetw85Yd5DB2LtQTqPmjjDmHm6zQ==","shasum":"b781bf06e2bb36290ba4bb6c6119a79905d5f0be","tarball":"https://registry.npmjs.org/babel-plugin-transform-es2015-modules-umd/-/babel-plugin-transform-es2015-modules-umd-7.0.0-beta.2.tgz"},"maintainers":[{"email":"bng412@gmail.com","name":"existentialism"},{"email":"me@thejameskyle.com","name":"thejameskyle"},{"email":"sebmck@gmail.com","name":"sebmck"},{"email":"daniel@tschinder.de","name":"danez"},{"email":"hi@henryzoo.com","name":"hzoo"},{"email":"loganfsmyth@gmail.com","name":"loganfsmyth"}],"_npmOperationalInternal":{"host":"s3://npm-registry-packages","tmp":"tmp/babel-plugin-transform-es2015-modules-umd-7.0.0-beta.2.tgz_1506438954475_0.04279598267748952"},"directories":{}},"7.0.0-beta.3":{"name":"babel-plugin-transform-es2015-modules-umd","version":"7.0.0-beta.3","description":"This plugin transforms ES2015 modules to UMD","repository":{"type":"git","url":"https://github.com/babel/babel/tree/master/packages/babel-plugin-transform-es2015-modules-umd"},"license":"MIT","main":"lib/index.js","dependencies":{"babel-helper-module-transforms":"7.0.0-beta.3","babel-template":"7.0.0-beta.3"},"keywords":["babel-plugin"],"devDependencies":{"babel-helper-plugin-test-runner":"7.0.0-beta.3"},"_id":"babel-plugin-transform-es2015-modules-umd@7.0.0-beta.3","_npmVersion":"5.5.1","_nodeVersion":"8.1.4","_npmUser":{"name":"hzoo","email":"hi@henryzoo.com"},"dist":{"integrity":"sha512-sBn8Dtg2r8QCRmm8pT9kpNSn0qnOorN+gYy45gUwf9NBt6oGftncuecMlj1Mo3NCyRqHQ1WnwHLX4C3yDB5LPg==","shasum":"79713a0f7678b0b041d56e871423afa623c84751","tarball":"https://registry.npmjs.org/babel-plugin-transform-es2015-modules-umd/-/babel-plugin-transform-es2015-modules-umd-7.0.0-beta.3.tgz"},"maintainers":[{"email":"bng412@gmail.com","name":"existentialism"},{"email":"me@thejameskyle.com","name":"thejameskyle"},{"email":"sebmck@gmail.com","name":"sebmck"},{"email":"daniel@tschinder.de","name":"danez"},{"email":"hi@henryzoo.com","name":"hzoo"},{"email":"loganfsmyth@gmail.com","name":"loganfsmyth"}],"_npmOperationalInternal":{"host":"s3://npm-registry-packages","tmp":"tmp/babel-plugin-transform-es2015-modules-umd-7.0.0-beta.3.tgz_1508073142261_0.10842171241529286"},"directories":{}}},"readme":"# babel-plugin-transform-es2015-modules-umd\n\n> This plugin transforms ES2015 modules to [Universal Module Definition (UMD)](https://github.com/umdjs/umd).\n\n## Example\n\n**In**\n\n```javascript\nexport default 42;\n```\n\n**Out**\n\n```javascript\n(function (global, factory) {\n  if (typeof define === \"function\" && define.amd) {\n    define([\"exports\"], factory);\n  } else if (typeof exports !== \"undefined\") {\n    factory(exports);\n  } else {\n    var mod = {\n      exports: {}\n    };\n    factory(mod.exports);\n    global.actual = mod.exports;\n  }\n})(this, function (exports) {\n  \"use strict\";\n\n  Object.defineProperty(exports, \"__esModule\", {\n    value: true\n  });\n\n  exports.default = 42;\n});\n```\n\n## Installation\n\n```sh\nnpm install --save-dev babel-plugin-transform-es2015-modules-umd\n```\n\n## Usage\n\n### Via `.babelrc` (Recommended)\n\n**.babelrc**\n\n```json\n{\n  \"plugins\": [\"transform-es2015-modules-umd\"]\n}\n```\n\nYou can also override the names of particular libraries when this module is\nrunning in the browser.  For example the `es6-promise` library exposes itself\nas `global.Promise` rather than `global.es6Promise`. This can be accommodated by:\n\n```json\n{\n  \"plugins\": [\n    [\"transform-es2015-modules-umd\", {\n      \"globals\": {\n        \"es6-promise\": \"Promise\"\n      }\n    }]\n  ]\n}\n```\n\n#### Default semantics\n\nThere are a few things to note about the default semantics.\n\n_First_, this transform uses the\n[basename](https://en.wikipedia.org/wiki/Basename) of each import to generate\nthe global names in the UMD output. This means that if you're importing\nmultiple modules with the same basename, like:\n\n```js\nimport fooBar1 from \"foo-bar\";\nimport fooBar2 from \"./mylib/foo-bar\";\n```\n\nit will transpile into two references to the same browser global:\n\n```js\nfactory(global.fooBar, global.fooBar);\n```\n\nIf you set the plugin options to:\n\n```json\n{\n  \"globals\": {\n    \"foo-bar\": \"fooBAR\",\n    \"./mylib/foo-bar\": \"mylib.fooBar\"\n  }\n}\n```\n\nit will still transpile both to one browser global:\n\n```js\nfactory(global.fooBAR, global.fooBAR);\n```\n\nbecause again the transform is only using the basename of the import.\n\n_Second_, the specified override will still be passed to the `toIdentifier`\nfunction in [babel-types/src/converters](https://github.com/babel/babel/blob/master/packages/babel-types/src/converters.js).\nThis means that if you specify an override as a member expression like:\n\n```json\n{\n  \"globals\": {\n    \"fizzbuzz\": \"fizz.buzz\"\n  }\n}\n```\n\nthis will _not_ transpile to `factory(global.fizz.buzz)`. Instead, it will\ntranspile to `factory(global.fizzBuzz)` based on the logic in `toIdentifier`.\n\n_Third_, you cannot override the exported global name.\n\n#### More flexible semantics with `exactGlobals: true`\n\nAll of these behaviors can limit the flexibility of the `globals` map. To\nremove these limitations, you can set the `exactGlobals` option to `true`.\nDoing this instructs the plugin to:\n\n1. always use the full import string instead of the basename when generating\nthe global names\n2. skip passing `globals` overrides to the `toIdentifier` function. Instead,\nthey are used exactly as written, so you will get errors if you do not use\nvalid identifiers or valid uncomputed (dot) member expressions.\n3. allow the exported global name to be overridden via the `globals` map. Any\noverride must again be a valid identifier or valid member expression.\n\nThus, if you set `exactGlobals` to `true` and do not pass any overrides, the\nfirst example of:\n\n```js\nimport fooBar1 from \"foo-bar\";\nimport fooBar2 from \"./mylib/foo-bar\";\n```\n\nwill transpile to:\n\n```js\nfactory(global.fooBar, global.mylibFooBar);\n```\n\nAnd if you set the plugin options to:\n\n```json\n{\n  \"globals\": {\n    \"foo-bar\": \"fooBAR\",\n    \"./mylib/foo-bar\": \"mylib.fooBar\"\n  },\n  \"exactGlobals\": true\n}\n```\n\nthen it'll transpile to:\n\n```js\nfactory(global.fooBAR, global.mylib.fooBar)\n```\n\nFinally, with the plugin options set to:\n\n```json\n{\n  \"plugins\": [\n    \"external-helpers\",\n    [\"transform-es2015-modules-umd\", {\n      \"globals\": {\n        \"my/custom/module/name\": \"My.Custom.Module.Name\"\n      },\n      \"exactGlobals\": true\n    }]\n  ],\n  \"moduleId\": \"my/custom/module/name\"\n}\n```\n\nit will transpile to:\n\n```js\nfactory(mod.exports);\nglobal.My = global.My || {};\nglobal.My.Custom = global.My.Custom || {};\nglobal.My.Custom.Module = global.My.Custom.Module || {};\nglobal.My.Custom.Module.Name = mod.exports;\n```\n\n### Via CLI\n\n```sh\nbabel --plugins transform-es2015-modules-umd script.js\n```\n\n### Via Node API\n\n```javascript\nrequire(\"babel-core\").transform(\"code\", {\n  plugins: [\"transform-es2015-modules-umd\"]\n});\n```\n","maintainers":[{"email":"bng412@gmail.com","name":"existentialism"},{"email":"me@thejameskyle.com","name":"thejameskyle"},{"email":"sebmck@gmail.com","name":"sebmck"},{"email":"daniel@tschinder.de","name":"danez"},{"email":"hi@henryzoo.com","name":"hzoo"},{"email":"loganfsmyth@gmail.com","name":"loganfsmyth"}],"time":{"modified":"2017-12-01T15:12:37.385Z","created":"2015-10-29T18:14:58.498Z","6.0.2":"2015-10-29T18:14:58.498Z","6.0.14":"2015-10-30T23:38:13.147Z","6.0.15":"2015-11-01T22:10:26.642Z","6.1.4":"2015-11-11T10:24:57.917Z","6.1.5":"2015-11-12T07:01:27.137Z","6.1.17":"2015-11-12T21:42:18.765Z","6.1.18":"2015-11-12T21:50:17.561Z","6.2.4":"2015-11-25T03:14:31.901Z","6.3.13":"2015-12-04T11:59:21.629Z","6.4.0":"2016-01-06T20:34:52.624Z","6.4.3":"2016-01-14T05:56:30.594Z","6.5.0":"2016-02-07T00:07:41.749Z","6.5.0-1":"2016-02-07T02:40:53.280Z","6.6.0":"2016-02-29T21:12:50.260Z","6.6.5":"2016-03-04T23:16:58.447Z","6.8.0":"2016-05-02T23:44:48.133Z","6.12.0":"2016-07-27T19:23:23.451Z","6.18.0":"2016-10-24T21:19:06.570Z","6.22.0":"2017-01-20T00:33:57.842Z","6.23.0":"2017-02-14T01:14:28.052Z","7.0.0-alpha.1":"2017-03-02T21:06:02.016Z","6.24.0":"2017-03-13T02:18:15.425Z","7.0.0-alpha.3":"2017-03-23T19:49:58.672Z","7.0.0-alpha.7":"2017-04-05T21:14:35.628Z","6.24.1":"2017-04-07T15:19:39.055Z","7.0.0-alpha.8":"2017-04-17T19:13:26.724Z","7.0.0-alpha.9":"2017-04-18T14:42:35.878Z","7.0.0-alpha.10":"2017-05-25T19:17:56.263Z","7.0.0-alpha.11":"2017-05-31T20:44:03.281Z","7.0.0-alpha.12":"2017-05-31T21:12:18.005Z","7.0.0-alpha.14":"2017-07-12T02:54:12.766Z","7.0.0-alpha.15":"2017-07-12T03:36:29.689Z","7.0.0-alpha.16":"2017-07-25T21:18:22.661Z","7.0.0-alpha.17":"2017-07-26T12:39:54.680Z","7.0.0-alpha.18":"2017-08-03T22:21:27.738Z","7.0.0-alpha.19":"2017-08-07T22:22:10.156Z","7.0.0-alpha.20":"2017-08-30T19:04:26.952Z","7.0.0-beta.0":"2017-09-12T03:02:55.507Z","7.0.0-beta.1":"2017-09-19T20:24:45.497Z","7.0.0-beta.2":"2017-09-26T15:15:55.557Z","7.0.0-beta.3":"2017-10-15T13:12:23.145Z"},"keywords":["babel-plugin"],"repository":{"type":"git","url":"https://github.com/babel/babel/tree/master/packages/babel-plugin-transform-es2015-modules-umd"},"license":"MIT","readmeFilename":"README.md","users":{"jherax":true,"tomekf":true,"dwqs":true},"_attachments":{},"_etag":"W/\"ed2c52c2c4ffa210bf6b9e14aa8753d4\"","_lastModified":"Sat, 26 May 2018 17:58:37 GMT"}