{"_id":"babel-plugin-transform-es2015-literals","_rev":"60-9ab0ec6eb84f04bc44d0c08a3ceb238d","name":"babel-plugin-transform-es2015-literals","description":"Compile ES2015 unicode string and number literals to ES5","dist-tags":{"latest":"6.22.0","next":"7.0.0-beta.3"},"versions":{"6.0.2":{"name":"babel-plugin-transform-es2015-literals","version":"6.0.2","description":"Compile ES2015 unicode string and number literals to ES5","repository":{"type":"git","url":"git+https://github.com/babel/babel.git"},"license":"MIT","main":"lib/index.js","keywords":["babel-plugin"],"dependencies":{"babel-runtime":"^6.0.2"},"bugs":{"url":"https://github.com/babel/babel/issues"},"homepage":"https://github.com/babel/babel#readme","_id":"babel-plugin-transform-es2015-literals@6.0.2","scripts":{},"_shasum":"7979c5f37d8302568c792b869c60f8e3ab5edbaa","_from":".","_npmVersion":"2.14.3","_nodeVersion":"4.1.0","_npmUser":{"name":"sebmck","email":"sebmck@gmail.com"},"dist":{"shasum":"7979c5f37d8302568c792b869c60f8e3ab5edbaa","tarball":"https://registry.npmjs.org/babel-plugin-transform-es2015-literals/-/babel-plugin-transform-es2015-literals-6.0.2.tgz"},"maintainers":[{"name":"sebmck","email":"sebmck@gmail.com"}],"directories":{}},"6.0.14":{"name":"babel-plugin-transform-es2015-literals","version":"6.0.14","description":"Compile ES2015 unicode string and number literals to ES5","repository":{"type":"git","url":"https://github.com/babel/babel/tree/master/packages/babel-plugin-transform-es2015-literals"},"license":"MIT","main":"lib/index.js","keywords":["babel-plugin"],"dependencies":{"babel-runtime":"^5.0.0"},"_id":"babel-plugin-transform-es2015-literals@6.0.14","scripts":{},"_shasum":"4001b92bcf1cea049da4666e7c1dbed3eda232e8","_from":".","_npmVersion":"2.14.9","_nodeVersion":"4.1.0","_npmUser":{"name":"sebmck","email":"sebmck@gmail.com"},"dist":{"shasum":"4001b92bcf1cea049da4666e7c1dbed3eda232e8","tarball":"https://registry.npmjs.org/babel-plugin-transform-es2015-literals/-/babel-plugin-transform-es2015-literals-6.0.14.tgz"},"maintainers":[{"name":"sebmck","email":"sebmck@gmail.com"}],"directories":{}},"6.0.15":{"name":"babel-plugin-transform-es2015-literals","version":"6.0.15","description":"Compile ES2015 unicode string and number literals to ES5","repository":{"type":"git","url":"https://github.com/babel/babel/tree/master/packages/babel-plugin-transform-es2015-literals"},"license":"MIT","main":"lib/index.js","keywords":["babel-plugin"],"dependencies":{"babel-runtime":"^5.0.0"},"_id":"babel-plugin-transform-es2015-literals@6.0.15","scripts":{},"_shasum":"ce4cd76df1936f2d66c1f27b8582f3bb0ef97503","_from":".","_npmVersion":"2.14.9","_nodeVersion":"4.1.0","_npmUser":{"name":"sebmck","email":"sebmck@gmail.com"},"dist":{"shasum":"ce4cd76df1936f2d66c1f27b8582f3bb0ef97503","tarball":"https://registry.npmjs.org/babel-plugin-transform-es2015-literals/-/babel-plugin-transform-es2015-literals-6.0.15.tgz"},"maintainers":[{"name":"sebmck","email":"sebmck@gmail.com"}],"directories":{}},"6.0.18":{"name":"babel-plugin-transform-es2015-literals","version":"6.0.18","description":"Compile ES2015 unicode string and number literals to ES5","repository":{"type":"git","url":"https://github.com/babel/babel/tree/master/packages/babel-plugin-transform-es2015-literals"},"license":"MIT","main":"lib/index.js","keywords":["babel-plugin"],"dependencies":{"babel-runtime":"^5.0.0"},"_id":"babel-plugin-transform-es2015-literals@6.0.18","scripts":{},"_shasum":"10025453e6728fb3ed7051730fa8a1366f1186c4","_from":".","_npmVersion":"2.14.9","_nodeVersion":"4.1.0","_npmUser":{"name":"sebmck","email":"sebmck@gmail.com"},"dist":{"shasum":"10025453e6728fb3ed7051730fa8a1366f1186c4","tarball":"https://registry.npmjs.org/babel-plugin-transform-es2015-literals/-/babel-plugin-transform-es2015-literals-6.0.18.tgz"},"maintainers":[{"name":"sebmck","email":"sebmck@gmail.com"}],"directories":{}},"6.1.4":{"name":"babel-plugin-transform-es2015-literals","version":"6.1.4","description":"Compile ES2015 unicode string and number literals to ES5","repository":{"type":"git","url":"https://github.com/babel/babel/tree/master/packages/babel-plugin-transform-es2015-literals"},"license":"MIT","main":"lib/index.js","keywords":["babel-plugin"],"dependencies":{"babel-runtime":"^5.0.0"},"devDependencies":{"babel-helper-plugin-test-runner":"^6.1.4"},"_id":"babel-plugin-transform-es2015-literals@6.1.4","scripts":{},"_shasum":"5117f9d41437daa7fbbbc0340018c187e4aa8c74","_from":".","_npmVersion":"3.3.10","_nodeVersion":"4.1.0","_npmUser":{"name":"sebmck","email":"sebmck@gmail.com"},"dist":{"shasum":"5117f9d41437daa7fbbbc0340018c187e4aa8c74","tarball":"https://registry.npmjs.org/babel-plugin-transform-es2015-literals/-/babel-plugin-transform-es2015-literals-6.1.4.tgz"},"maintainers":[{"name":"sebmck","email":"sebmck@gmail.com"}],"directories":{}},"6.1.5":{"name":"babel-plugin-transform-es2015-literals","version":"6.1.5","description":"Compile ES2015 unicode string and number literals to ES5","repository":{"type":"git","url":"https://github.com/babel/babel/tree/master/packages/babel-plugin-transform-es2015-literals"},"license":"MIT","main":"lib/index.js","keywords":["babel-plugin"],"dependencies":{"babel-runtime":"^5.0.0"},"devDependencies":{"babel-helper-plugin-test-runner":"^6.1.5"},"_id":"babel-plugin-transform-es2015-literals@6.1.5","scripts":{},"_shasum":"0246e0f1a609b52b3d4d899ff29e1d0dece1fb2b","_from":".","_npmVersion":"3.3.10","_nodeVersion":"4.1.0","_npmUser":{"name":"sebmck","email":"sebmck@gmail.com"},"dist":{"shasum":"0246e0f1a609b52b3d4d899ff29e1d0dece1fb2b","tarball":"https://registry.npmjs.org/babel-plugin-transform-es2015-literals/-/babel-plugin-transform-es2015-literals-6.1.5.tgz"},"maintainers":[{"name":"sebmck","email":"sebmck@gmail.com"}],"directories":{}},"6.1.17":{"name":"babel-plugin-transform-es2015-literals","version":"6.1.17","description":"Compile ES2015 unicode string and number literals to ES5","repository":{"type":"git","url":"https://github.com/babel/babel/tree/master/packages/babel-plugin-transform-es2015-literals"},"license":"MIT","main":"lib/index.js","keywords":["babel-plugin"],"dependencies":{"babel-runtime":"^5.0.0"},"devDependencies":{"babel-helper-plugin-test-runner":"^6.1.17"},"_id":"babel-plugin-transform-es2015-literals@6.1.17","scripts":{},"_shasum":"15831e61b3e72b8eb4a49a0f7c959ea465049a45","_from":".","_npmVersion":"3.3.10","_nodeVersion":"4.1.0","_npmUser":{"name":"sebmck","email":"sebmck@gmail.com"},"dist":{"shasum":"15831e61b3e72b8eb4a49a0f7c959ea465049a45","tarball":"https://registry.npmjs.org/babel-plugin-transform-es2015-literals/-/babel-plugin-transform-es2015-literals-6.1.17.tgz"},"maintainers":[{"name":"amasad","email":"amjad.masad@gmail.com"},{"name":"sebmck","email":"sebmck@gmail.com"},{"name":"thejameskyle","email":"me@thejameskyle.com"}],"directories":{}},"6.1.18":{"name":"babel-plugin-transform-es2015-literals","version":"6.1.18","description":"Compile ES2015 unicode string and number literals to ES5","repository":{"type":"git","url":"https://github.com/babel/babel/tree/master/packages/babel-plugin-transform-es2015-literals"},"license":"MIT","main":"lib/index.js","keywords":["babel-plugin"],"dependencies":{"babel-runtime":"^5.0.0"},"devDependencies":{"babel-helper-plugin-test-runner":"^6.1.18"},"_id":"babel-plugin-transform-es2015-literals@6.1.18","scripts":{},"_shasum":"1d522dafce671d5854607fcc362fc679869f4cbf","_from":".","_npmVersion":"3.3.10","_nodeVersion":"4.1.0","_npmUser":{"name":"sebmck","email":"sebmck@gmail.com"},"dist":{"shasum":"1d522dafce671d5854607fcc362fc679869f4cbf","tarball":"https://registry.npmjs.org/babel-plugin-transform-es2015-literals/-/babel-plugin-transform-es2015-literals-6.1.18.tgz"},"maintainers":[{"name":"amasad","email":"amjad.masad@gmail.com"},{"name":"sebmck","email":"sebmck@gmail.com"},{"name":"thejameskyle","email":"me@thejameskyle.com"}],"directories":{}},"6.2.4":{"name":"babel-plugin-transform-es2015-literals","version":"6.2.4","description":"Compile ES2015 unicode string and number literals to ES5","repository":{"type":"git","url":"https://github.com/babel/babel/tree/master/packages/babel-plugin-transform-es2015-literals"},"license":"MIT","main":"lib/index.js","keywords":["babel-plugin"],"dependencies":{"babel-runtime":"^5.0.0"},"devDependencies":{"babel-helper-plugin-test-runner":"^6.2.4"},"_id":"babel-plugin-transform-es2015-literals@6.2.4","scripts":{},"_shasum":"4f603b6163d95eddcfa6f72bc15df43230851c78","_from":".","_npmVersion":"3.3.10","_nodeVersion":"4.1.0","_npmUser":{"name":"sebmck","email":"sebmck@gmail.com"},"dist":{"shasum":"4f603b6163d95eddcfa6f72bc15df43230851c78","tarball":"https://registry.npmjs.org/babel-plugin-transform-es2015-literals/-/babel-plugin-transform-es2015-literals-6.2.4.tgz"},"maintainers":[{"name":"amasad","email":"amjad.masad@gmail.com"},{"name":"sebmck","email":"sebmck@gmail.com"},{"name":"thejameskyle","email":"me@thejameskyle.com"}],"directories":{}},"6.3.13":{"name":"babel-plugin-transform-es2015-literals","version":"6.3.13","description":"Compile ES2015 unicode string and number literals to ES5","repository":{"type":"git","url":"https://github.com/babel/babel/tree/master/packages/babel-plugin-transform-es2015-literals"},"license":"MIT","main":"lib/index.js","keywords":["babel-plugin"],"dependencies":{"babel-runtime":"^5.0.0"},"devDependencies":{"babel-helper-plugin-test-runner":"^6.3.13"},"_id":"babel-plugin-transform-es2015-literals@6.3.13","scripts":{},"_shasum":"d16cabdf9642b9816acf7c19a7bf06d523488b29","_from":".","_npmVersion":"3.3.10","_nodeVersion":"4.1.0","_npmUser":{"name":"sebmck","email":"sebmck@gmail.com"},"dist":{"shasum":"d16cabdf9642b9816acf7c19a7bf06d523488b29","tarball":"https://registry.npmjs.org/babel-plugin-transform-es2015-literals/-/babel-plugin-transform-es2015-literals-6.3.13.tgz"},"maintainers":[{"name":"amasad","email":"amjad.masad@gmail.com"},{"name":"hzoo","email":"hi@henryzoo.com"},{"name":"jmm","email":"npm-public@jessemccarthy.net"},{"name":"loganfsmyth","email":"loganfsmyth@gmail.com"},{"name":"sebmck","email":"sebmck@gmail.com"},{"name":"thejameskyle","email":"me@thejameskyle.com"}],"directories":{}},"6.5.0":{"name":"babel-plugin-transform-es2015-literals","version":"6.5.0","description":"Compile ES2015 unicode string and number literals to ES5","repository":{"type":"git","url":"https://github.com/babel/babel/tree/master/packages/babel-plugin-transform-es2015-literals"},"license":"MIT","main":"lib/index.js","keywords":["babel-plugin"],"dependencies":{"babel-runtime":"^5.0.0"},"devDependencies":{"babel-helper-plugin-test-runner":"^6.3.13"},"_id":"babel-plugin-transform-es2015-literals@6.5.0","scripts":{},"_shasum":"5c467a07ebb05db4d42bdb7980a83227368aad00","_from":".","_npmVersion":"3.6.0","_nodeVersion":"5.1.0","_npmUser":{"name":"hzoo","email":"hi@henryzoo.com"},"dist":{"shasum":"5c467a07ebb05db4d42bdb7980a83227368aad00","tarball":"https://registry.npmjs.org/babel-plugin-transform-es2015-literals/-/babel-plugin-transform-es2015-literals-6.5.0.tgz"},"maintainers":[{"name":"amasad","email":"amjad.masad@gmail.com"},{"name":"hzoo","email":"hi@henryzoo.com"},{"name":"jmm","email":"npm-public@jessemccarthy.net"},{"name":"loganfsmyth","email":"loganfsmyth@gmail.com"},{"name":"sebmck","email":"sebmck@gmail.com"},{"name":"thejameskyle","email":"me@thejameskyle.com"}],"_npmOperationalInternal":{"host":"packages-5-east.internal.npmjs.com","tmp":"tmp/babel-plugin-transform-es2015-literals-6.5.0.tgz_1454803655428_0.14492700155824423"},"directories":{}},"6.5.0-1":{"name":"babel-plugin-transform-es2015-literals","version":"6.5.0-1","description":"Compile ES2015 unicode string and number literals to ES5","repository":{"type":"git","url":"https://github.com/babel/babel/tree/master/packages/babel-plugin-transform-es2015-literals"},"license":"MIT","main":"lib/index.js","keywords":["babel-plugin"],"dependencies":{"babel-runtime":"^5.0.0"},"devDependencies":{"babel-helper-plugin-test-runner":"^6.5.0-1"},"_id":"babel-plugin-transform-es2015-literals@6.5.0-1","scripts":{},"_shasum":"2de6f241bce86fcb3731ff9140c90231c9d36d5e","_from":".","_npmVersion":"3.6.0","_nodeVersion":"5.1.0","_npmUser":{"name":"hzoo","email":"hi@henryzoo.com"},"dist":{"shasum":"2de6f241bce86fcb3731ff9140c90231c9d36d5e","tarball":"https://registry.npmjs.org/babel-plugin-transform-es2015-literals/-/babel-plugin-transform-es2015-literals-6.5.0-1.tgz"},"maintainers":[{"name":"amasad","email":"amjad.masad@gmail.com"},{"name":"hzoo","email":"hi@henryzoo.com"},{"name":"jmm","email":"npm-public@jessemccarthy.net"},{"name":"loganfsmyth","email":"loganfsmyth@gmail.com"},{"name":"sebmck","email":"sebmck@gmail.com"},{"name":"thejameskyle","email":"me@thejameskyle.com"}],"_npmOperationalInternal":{"host":"packages-9-west.internal.npmjs.com","tmp":"tmp/babel-plugin-transform-es2015-literals-6.5.0-1.tgz_1454812842932_0.7887266173493117"},"directories":{}},"6.8.0":{"name":"babel-plugin-transform-es2015-literals","version":"6.8.0","description":"Compile ES2015 unicode string and number literals to ES5","repository":{"type":"git","url":"https://github.com/babel/babel/tree/master/packages/babel-plugin-transform-es2015-literals"},"license":"MIT","main":"lib/index.js","keywords":["babel-plugin"],"dependencies":{"babel-runtime":"^6.0.0"},"devDependencies":{"babel-helper-plugin-test-runner":"^6.8.0"},"_id":"babel-plugin-transform-es2015-literals@6.8.0","scripts":{},"_shasum":"50aa2e5c7958fc2ab25d74ec117e0cc98f046468","_from":".","_npmVersion":"3.8.6","_nodeVersion":"5.1.0","_npmUser":{"name":"hzoo","email":"hi@henryzoo.com"},"maintainers":[{"name":"amasad","email":"amjad.masad@gmail.com"},{"name":"hzoo","email":"hi@henryzoo.com"},{"name":"jmm","email":"npm-public@jessemccarthy.net"},{"name":"loganfsmyth","email":"loganfsmyth@gmail.com"},{"name":"sebmck","email":"sebmck@gmail.com"},{"name":"thejameskyle","email":"me@thejameskyle.com"}],"dist":{"shasum":"50aa2e5c7958fc2ab25d74ec117e0cc98f046468","tarball":"https://registry.npmjs.org/babel-plugin-transform-es2015-literals/-/babel-plugin-transform-es2015-literals-6.8.0.tgz"},"_npmOperationalInternal":{"host":"packages-16-east.internal.npmjs.com","tmp":"tmp/babel-plugin-transform-es2015-literals-6.8.0.tgz_1462232682537_0.622123695211485"},"directories":{}},"6.22.0":{"name":"babel-plugin-transform-es2015-literals","version":"6.22.0","description":"Compile ES2015 unicode string and number literals to ES5","repository":{"type":"git","url":"https://github.com/babel/babel/tree/master/packages/babel-plugin-transform-es2015-literals"},"license":"MIT","main":"lib/index.js","keywords":["babel-plugin"],"dependencies":{"babel-runtime":"^6.22.0"},"devDependencies":{"babel-helper-plugin-test-runner":"^6.22.0"},"_id":"babel-plugin-transform-es2015-literals@6.22.0","scripts":{},"_shasum":"4f54a02d6cd66cf915280019a31d31925377ca2e","_from":".","_npmVersion":"3.10.10","_nodeVersion":"6.9.0","_npmUser":{"name":"hzoo","email":"hi@henryzoo.com"},"dist":{"shasum":"4f54a02d6cd66cf915280019a31d31925377ca2e","tarball":"https://registry.npmjs.org/babel-plugin-transform-es2015-literals/-/babel-plugin-transform-es2015-literals-6.22.0.tgz"},"maintainers":[{"name":"amasad","email":"amjad.masad@gmail.com"},{"name":"hzoo","email":"hi@henryzoo.com"},{"name":"jmm","email":"npm-public@jessemccarthy.net"},{"name":"loganfsmyth","email":"loganfsmyth@gmail.com"},{"name":"sebmck","email":"sebmck@gmail.com"},{"name":"thejameskyle","email":"me@thejameskyle.com"}],"_npmOperationalInternal":{"host":"packages-18-east.internal.npmjs.com","tmp":"tmp/babel-plugin-transform-es2015-literals-6.22.0.tgz_1484872433559_0.7301469757221639"},"directories":{}},"7.0.0-alpha.1":{"name":"babel-plugin-transform-es2015-literals","version":"7.0.0-alpha.1","description":"Compile ES2015 unicode string and number literals to ES5","repository":{"type":"git","url":"https://github.com/babel/babel/tree/master/packages/babel-plugin-transform-es2015-literals"},"license":"MIT","main":"lib/index.js","keywords":["babel-plugin"],"devDependencies":{"babel-helper-plugin-test-runner":"7.0.0-alpha.1"},"_id":"babel-plugin-transform-es2015-literals@7.0.0-alpha.1","scripts":{},"_shasum":"7496a18b076c5f92f2f5b09d26cc0cfb3b5ab03e","_from":".","_npmVersion":"3.10.10","_nodeVersion":"6.9.0","_npmUser":{"name":"hzoo","email":"hi@henryzoo.com"},"dist":{"shasum":"7496a18b076c5f92f2f5b09d26cc0cfb3b5ab03e","tarball":"https://registry.npmjs.org/babel-plugin-transform-es2015-literals/-/babel-plugin-transform-es2015-literals-7.0.0-alpha.1.tgz"},"maintainers":[{"name":"amasad","email":"amjad.masad@gmail.com"},{"name":"hzoo","email":"hi@henryzoo.com"},{"name":"jmm","email":"npm-public@jessemccarthy.net"},{"name":"loganfsmyth","email":"loganfsmyth@gmail.com"},{"name":"sebmck","email":"sebmck@gmail.com"},{"name":"thejameskyle","email":"me@thejameskyle.com"}],"_npmOperationalInternal":{"host":"packages-12-west.internal.npmjs.com","tmp":"tmp/babel-plugin-transform-es2015-literals-7.0.0-alpha.1.tgz_1488488704199_0.5604780830908567"},"directories":{}},"7.0.0-alpha.3":{"name":"babel-plugin-transform-es2015-literals","version":"7.0.0-alpha.3","description":"Compile ES2015 unicode string and number literals to ES5","repository":{"type":"git","url":"https://github.com/babel/babel/tree/master/packages/babel-plugin-transform-es2015-literals"},"license":"MIT","main":"lib/index.js","keywords":["babel-plugin"],"devDependencies":{"babel-helper-plugin-test-runner":"7.0.0-alpha.3"},"_id":"babel-plugin-transform-es2015-literals@7.0.0-alpha.3","scripts":{},"_shasum":"748048faebe88da55cad28e9c1d50c83e1eb0de7","_from":".","_npmVersion":"3.10.10","_nodeVersion":"6.9.0","_npmUser":{"name":"hzoo","email":"hi@henryzoo.com"},"dist":{"shasum":"748048faebe88da55cad28e9c1d50c83e1eb0de7","tarball":"https://registry.npmjs.org/babel-plugin-transform-es2015-literals/-/babel-plugin-transform-es2015-literals-7.0.0-alpha.3.tgz"},"maintainers":[{"name":"amasad","email":"amjad.masad@gmail.com"},{"name":"hzoo","email":"hi@henryzoo.com"},{"name":"jmm","email":"npm-public@jessemccarthy.net"},{"name":"loganfsmyth","email":"loganfsmyth@gmail.com"},{"name":"sebmck","email":"sebmck@gmail.com"},{"name":"thejameskyle","email":"me@thejameskyle.com"}],"_npmOperationalInternal":{"host":"packages-12-west.internal.npmjs.com","tmp":"tmp/babel-plugin-transform-es2015-literals-7.0.0-alpha.3.tgz_1490298554149_0.34857613616622984"},"directories":{}},"7.0.0-alpha.7":{"name":"babel-plugin-transform-es2015-literals","version":"7.0.0-alpha.7","description":"Compile ES2015 unicode string and number literals to ES5","repository":{"type":"git","url":"https://github.com/babel/babel/tree/master/packages/babel-plugin-transform-es2015-literals"},"license":"MIT","main":"lib/index.js","keywords":["babel-plugin"],"devDependencies":{"babel-helper-plugin-test-runner":"7.0.0-alpha.7"},"_id":"babel-plugin-transform-es2015-literals@7.0.0-alpha.7","scripts":{},"_shasum":"1c4e552be18f988874caac33c9e9a07e1417d1c6","_from":".","_npmVersion":"3.10.10","_nodeVersion":"6.9.0","_npmUser":{"name":"hzoo","email":"hi@henryzoo.com"},"dist":{"shasum":"1c4e552be18f988874caac33c9e9a07e1417d1c6","tarball":"https://registry.npmjs.org/babel-plugin-transform-es2015-literals/-/babel-plugin-transform-es2015-literals-7.0.0-alpha.7.tgz"},"maintainers":[{"name":"amasad","email":"amjad.masad@gmail.com"},{"name":"hzoo","email":"hi@henryzoo.com"},{"name":"jmm","email":"npm-public@jessemccarthy.net"},{"name":"loganfsmyth","email":"loganfsmyth@gmail.com"},{"name":"sebmck","email":"sebmck@gmail.com"},{"name":"thejameskyle","email":"me@thejameskyle.com"}],"_npmOperationalInternal":{"host":"packages-12-west.internal.npmjs.com","tmp":"tmp/babel-plugin-transform-es2015-literals-7.0.0-alpha.7.tgz_1491426819114_0.2787114563398063"},"directories":{}},"7.0.0-alpha.8":{"name":"babel-plugin-transform-es2015-literals","version":"7.0.0-alpha.8","description":"Compile ES2015 unicode string and number literals to ES5","repository":{"type":"git","url":"https://github.com/babel/babel/tree/master/packages/babel-plugin-transform-es2015-literals"},"license":"MIT","main":"lib/index.js","keywords":["babel-plugin"],"devDependencies":{"babel-helper-plugin-test-runner":"7.0.0-alpha.8"},"_id":"babel-plugin-transform-es2015-literals@7.0.0-alpha.8","scripts":{},"_shasum":"c3d78bc9ffe5193afaadf1b21929075b9991f150","_from":".","_npmVersion":"3.10.10","_nodeVersion":"6.9.0","_npmUser":{"name":"hzoo","email":"hi@henryzoo.com"},"dist":{"shasum":"c3d78bc9ffe5193afaadf1b21929075b9991f150","tarball":"https://registry.npmjs.org/babel-plugin-transform-es2015-literals/-/babel-plugin-transform-es2015-literals-7.0.0-alpha.8.tgz"},"maintainers":[{"name":"amasad","email":"amjad.masad@gmail.com"},{"name":"hzoo","email":"hi@henryzoo.com"},{"name":"jmm","email":"npm-public@jessemccarthy.net"},{"name":"loganfsmyth","email":"loganfsmyth@gmail.com"},{"name":"sebmck","email":"sebmck@gmail.com"},{"name":"thejameskyle","email":"me@thejameskyle.com"}],"_npmOperationalInternal":{"host":"packages-18-east.internal.npmjs.com","tmp":"tmp/babel-plugin-transform-es2015-literals-7.0.0-alpha.8.tgz_1492456358429_0.27079990366473794"},"directories":{}},"7.0.0-alpha.9":{"name":"babel-plugin-transform-es2015-literals","version":"7.0.0-alpha.9","description":"Compile ES2015 unicode string and number literals to ES5","repository":{"type":"git","url":"https://github.com/babel/babel/tree/master/packages/babel-plugin-transform-es2015-literals"},"license":"MIT","main":"lib/index.js","keywords":["babel-plugin"],"devDependencies":{"babel-helper-plugin-test-runner":"7.0.0-alpha.9"},"_id":"babel-plugin-transform-es2015-literals@7.0.0-alpha.9","scripts":{},"_shasum":"113081b0f38e4080e1cbb4e59fe65521b7622c9a","_from":".","_npmVersion":"3.10.10","_nodeVersion":"6.9.0","_npmUser":{"name":"hzoo","email":"hi@henryzoo.com"},"dist":{"shasum":"113081b0f38e4080e1cbb4e59fe65521b7622c9a","tarball":"https://registry.npmjs.org/babel-plugin-transform-es2015-literals/-/babel-plugin-transform-es2015-literals-7.0.0-alpha.9.tgz"},"maintainers":[{"name":"amasad","email":"amjad.masad@gmail.com"},{"name":"hzoo","email":"hi@henryzoo.com"},{"name":"jmm","email":"npm-public@jessemccarthy.net"},{"name":"loganfsmyth","email":"loganfsmyth@gmail.com"},{"name":"sebmck","email":"sebmck@gmail.com"},{"name":"thejameskyle","email":"me@thejameskyle.com"}],"_npmOperationalInternal":{"host":"packages-12-west.internal.npmjs.com","tmp":"tmp/babel-plugin-transform-es2015-literals-7.0.0-alpha.9.tgz_1492526505212_0.8388904267922044"},"directories":{}},"7.0.0-alpha.10":{"name":"babel-plugin-transform-es2015-literals","version":"7.0.0-alpha.10","description":"Compile ES2015 unicode string and number literals to ES5","repository":{"type":"git","url":"https://github.com/babel/babel/tree/master/packages/babel-plugin-transform-es2015-literals"},"license":"MIT","main":"lib/index.js","keywords":["babel-plugin"],"devDependencies":{"babel-helper-plugin-test-runner":"7.0.0-alpha.10"},"_id":"babel-plugin-transform-es2015-literals@7.0.0-alpha.10","scripts":{},"_shasum":"9d203ef5d83a2b80e9d9e187413de71adac4ab50","_from":".","_npmVersion":"3.10.10","_nodeVersion":"6.9.0","_npmUser":{"name":"hzoo","email":"hi@henryzoo.com"},"dist":{"shasum":"9d203ef5d83a2b80e9d9e187413de71adac4ab50","tarball":"https://registry.npmjs.org/babel-plugin-transform-es2015-literals/-/babel-plugin-transform-es2015-literals-7.0.0-alpha.10.tgz"},"maintainers":[{"email":"daniel@tschinder.de","name":"danez"},{"email":"hi@henryzoo.com","name":"hzoo"},{"email":"loganfsmyth@gmail.com","name":"loganfsmyth"}],"_npmOperationalInternal":{"host":"s3://npm-registry-packages","tmp":"tmp/babel-plugin-transform-es2015-literals-7.0.0-alpha.10.tgz_1495739835316_0.8988431345205754"},"directories":{}},"7.0.0-alpha.11":{"name":"babel-plugin-transform-es2015-literals","version":"7.0.0-alpha.11","description":"Compile ES2015 unicode string and number literals to ES5","repository":{"type":"git","url":"https://github.com/babel/babel/tree/master/packages/babel-plugin-transform-es2015-literals"},"license":"MIT","main":"lib/index.js","keywords":["babel-plugin"],"devDependencies":{"babel-helper-plugin-test-runner":"7.0.0-alpha.11"},"_id":"babel-plugin-transform-es2015-literals@7.0.0-alpha.11","_npmVersion":"5.0.0","_nodeVersion":"6.9.0","_npmUser":{"name":"hzoo","email":"hi@henryzoo.com"},"dist":{"integrity":"sha512-+bblPama02G3mKtaTZnySj7dxT3UW1r9UI47rSVwQPiNLsLnoBVm52jXV8K8ihJUySVKskTShH5jRidCgFfJXQ==","shasum":"06315b00fe200299ba7baa6e11969f2a8b106d9a","tarball":"https://registry.npmjs.org/babel-plugin-transform-es2015-literals/-/babel-plugin-transform-es2015-literals-7.0.0-alpha.11.tgz"},"maintainers":[{"email":"sebmck@gmail.com","name":"sebmck"},{"email":"daniel@tschinder.de","name":"danez"},{"email":"hi@henryzoo.com","name":"hzoo"},{"email":"loganfsmyth@gmail.com","name":"loganfsmyth"}],"_npmOperationalInternal":{"host":"s3://npm-registry-packages","tmp":"tmp/babel-plugin-transform-es2015-literals-7.0.0-alpha.11.tgz_1496263415559_0.3664687399286777"},"directories":{}},"7.0.0-alpha.12":{"name":"babel-plugin-transform-es2015-literals","version":"7.0.0-alpha.12","description":"Compile ES2015 unicode string and number literals to ES5","repository":{"type":"git","url":"https://github.com/babel/babel/tree/master/packages/babel-plugin-transform-es2015-literals"},"license":"MIT","main":"lib/index.js","keywords":["babel-plugin"],"devDependencies":{"babel-helper-plugin-test-runner":"7.0.0-alpha.12"},"_id":"babel-plugin-transform-es2015-literals@7.0.0-alpha.12","_npmVersion":"5.0.0","_nodeVersion":"6.9.0","_npmUser":{"name":"hzoo","email":"hi@henryzoo.com"},"dist":{"integrity":"sha512-suuiIzmrHI1aDYp/Y17UOQMjNb/gjSVjTYEyhezBIB5poUmt/8wXdZYDNZcasY2eW6V1K7CZVf0rNUrcqvKPcg==","shasum":"1b7ad7b803ba0349c22b47a764ae68ebf69faed6","tarball":"https://registry.npmjs.org/babel-plugin-transform-es2015-literals/-/babel-plugin-transform-es2015-literals-7.0.0-alpha.12.tgz"},"maintainers":[{"email":"sebmck@gmail.com","name":"sebmck"},{"email":"daniel@tschinder.de","name":"danez"},{"email":"hi@henryzoo.com","name":"hzoo"},{"email":"loganfsmyth@gmail.com","name":"loganfsmyth"}],"_npmOperationalInternal":{"host":"s3://npm-registry-packages","tmp":"tmp/babel-plugin-transform-es2015-literals-7.0.0-alpha.12.tgz_1496265108665_0.27787166577763855"},"directories":{}},"7.0.0-alpha.14":{"name":"babel-plugin-transform-es2015-literals","version":"7.0.0-alpha.14","description":"Compile ES2015 unicode string and number literals to ES5","repository":{"type":"git","url":"https://github.com/babel/babel/tree/master/packages/babel-plugin-transform-es2015-literals"},"license":"MIT","main":"lib/index.js","keywords":["babel-plugin"],"devDependencies":{"babel-helper-plugin-test-runner":"7.0.0-alpha.14"},"_id":"babel-plugin-transform-es2015-literals@7.0.0-alpha.14","scripts":{},"_shasum":"bbef570463abf9da102a974f9caabe0b350df63f","_from":".","_npmVersion":"4.6.1","_nodeVersion":"6.9.0","_npmUser":{"name":"hzoo","email":"hi@henryzoo.com"},"dist":{"shasum":"bbef570463abf9da102a974f9caabe0b350df63f","tarball":"https://registry.npmjs.org/babel-plugin-transform-es2015-literals/-/babel-plugin-transform-es2015-literals-7.0.0-alpha.14.tgz"},"maintainers":[{"email":"sebmck@gmail.com","name":"sebmck"},{"email":"daniel@tschinder.de","name":"danez"},{"email":"hi@henryzoo.com","name":"hzoo"},{"email":"loganfsmyth@gmail.com","name":"loganfsmyth"}],"_npmOperationalInternal":{"host":"s3://npm-registry-packages","tmp":"tmp/babel-plugin-transform-es2015-literals-7.0.0-alpha.14.tgz_1499828005605_0.32949154474772513"},"directories":{}},"7.0.0-alpha.15":{"name":"babel-plugin-transform-es2015-literals","version":"7.0.0-alpha.15","description":"Compile ES2015 unicode string and number literals to ES5","repository":{"type":"git","url":"https://github.com/babel/babel/tree/master/packages/babel-plugin-transform-es2015-literals"},"license":"MIT","main":"lib/index.js","keywords":["babel-plugin"],"devDependencies":{"babel-helper-plugin-test-runner":"7.0.0-alpha.15"},"_id":"babel-plugin-transform-es2015-literals@7.0.0-alpha.15","scripts":{},"_shasum":"9e60327e51231a8da76fe01ed0fad371d27e7d0f","_from":".","_npmVersion":"4.6.1","_nodeVersion":"6.9.0","_npmUser":{"name":"hzoo","email":"hi@henryzoo.com"},"dist":{"shasum":"9e60327e51231a8da76fe01ed0fad371d27e7d0f","tarball":"https://registry.npmjs.org/babel-plugin-transform-es2015-literals/-/babel-plugin-transform-es2015-literals-7.0.0-alpha.15.tgz"},"maintainers":[{"email":"sebmck@gmail.com","name":"sebmck"},{"email":"daniel@tschinder.de","name":"danez"},{"email":"hi@henryzoo.com","name":"hzoo"},{"email":"loganfsmyth@gmail.com","name":"loganfsmyth"}],"_npmOperationalInternal":{"host":"s3://npm-registry-packages","tmp":"tmp/babel-plugin-transform-es2015-literals-7.0.0-alpha.15.tgz_1499830540074_0.4615202860441059"},"directories":{}},"7.0.0-alpha.16":{"name":"babel-plugin-transform-es2015-literals","version":"7.0.0-alpha.16","description":"Compile ES2015 unicode string and number literals to ES5","repository":{"type":"git","url":"https://github.com/babel/babel/tree/master/packages/babel-plugin-transform-es2015-literals"},"license":"MIT","main":"lib/index.js","keywords":["babel-plugin"],"devDependencies":{"babel-helper-plugin-test-runner":"7.0.0-alpha.16"},"_id":"babel-plugin-transform-es2015-literals@7.0.0-alpha.16","scripts":{},"_shasum":"abcb634c3dd41ea170bc1b4a04d787e91b7ecafe","_from":".","_npmVersion":"4.6.1","_nodeVersion":"6.9.0","_npmUser":{"name":"hzoo","email":"hi@henryzoo.com"},"dist":{"shasum":"abcb634c3dd41ea170bc1b4a04d787e91b7ecafe","tarball":"https://registry.npmjs.org/babel-plugin-transform-es2015-literals/-/babel-plugin-transform-es2015-literals-7.0.0-alpha.16.tgz"},"maintainers":[{"email":"sebmck@gmail.com","name":"sebmck"},{"email":"daniel@tschinder.de","name":"danez"},{"email":"hi@henryzoo.com","name":"hzoo"},{"email":"loganfsmyth@gmail.com","name":"loganfsmyth"}],"_npmOperationalInternal":{"host":"s3://npm-registry-packages","tmp":"tmp/babel-plugin-transform-es2015-literals-7.0.0-alpha.16.tgz_1501017454305_0.5604482761118561"},"directories":{}},"7.0.0-alpha.17":{"name":"babel-plugin-transform-es2015-literals","version":"7.0.0-alpha.17","description":"Compile ES2015 unicode string and number literals to ES5","repository":{"type":"git","url":"https://github.com/babel/babel/tree/master/packages/babel-plugin-transform-es2015-literals"},"license":"MIT","main":"lib/index.js","keywords":["babel-plugin"],"devDependencies":{"babel-helper-plugin-test-runner":"7.0.0-alpha.17"},"_id":"babel-plugin-transform-es2015-literals@7.0.0-alpha.17","scripts":{},"_shasum":"ded296df39dbf8a589dc6187ab849d4f46bbf64c","_from":".","_npmVersion":"4.6.1","_nodeVersion":"6.9.0","_npmUser":{"name":"hzoo","email":"hi@henryzoo.com"},"dist":{"shasum":"ded296df39dbf8a589dc6187ab849d4f46bbf64c","tarball":"https://registry.npmjs.org/babel-plugin-transform-es2015-literals/-/babel-plugin-transform-es2015-literals-7.0.0-alpha.17.tgz"},"maintainers":[{"email":"sebmck@gmail.com","name":"sebmck"},{"email":"daniel@tschinder.de","name":"danez"},{"email":"hi@henryzoo.com","name":"hzoo"},{"email":"loganfsmyth@gmail.com","name":"loganfsmyth"}],"_npmOperationalInternal":{"host":"s3://npm-registry-packages","tmp":"tmp/babel-plugin-transform-es2015-literals-7.0.0-alpha.17.tgz_1501072742960_0.3125065676867962"},"directories":{}},"7.0.0-alpha.18":{"name":"babel-plugin-transform-es2015-literals","version":"7.0.0-alpha.18","description":"Compile ES2015 unicode string and number literals to ES5","repository":{"type":"git","url":"https://github.com/babel/babel/tree/master/packages/babel-plugin-transform-es2015-literals"},"license":"MIT","main":"lib/index.js","keywords":["babel-plugin"],"devDependencies":{"babel-helper-plugin-test-runner":"7.0.0-alpha.18"},"_id":"babel-plugin-transform-es2015-literals@7.0.0-alpha.18","_npmVersion":"5.3.0","_nodeVersion":"8.1.4","_npmUser":{"name":"hzoo","email":"hi@henryzoo.com"},"dist":{"integrity":"sha512-Edk0v4GQLy9s/qZKuPKL1MXMwBBEIr3BF81duCnUTUFY4e8wRqFB1U60PJi7lT/lVu6yHcHaVKygsBJbv/S6iA==","shasum":"5904eb861db4e9705ecaafd74122bf6c4fdc0033","tarball":"https://registry.npmjs.org/babel-plugin-transform-es2015-literals/-/babel-plugin-transform-es2015-literals-7.0.0-alpha.18.tgz"},"maintainers":[{"email":"me@thejameskyle.com","name":"thejameskyle"},{"email":"sebmck@gmail.com","name":"sebmck"},{"email":"daniel@tschinder.de","name":"danez"},{"email":"hi@henryzoo.com","name":"hzoo"},{"email":"loganfsmyth@gmail.com","name":"loganfsmyth"}],"_npmOperationalInternal":{"host":"s3://npm-registry-packages","tmp":"tmp/babel-plugin-transform-es2015-literals-7.0.0-alpha.18.tgz_1501798850383_0.7810532352887094"},"directories":{}},"7.0.0-alpha.19":{"name":"babel-plugin-transform-es2015-literals","version":"7.0.0-alpha.19","description":"Compile ES2015 unicode string and number literals to ES5","repository":{"type":"git","url":"https://github.com/babel/babel/tree/master/packages/babel-plugin-transform-es2015-literals"},"license":"MIT","main":"lib/index.js","keywords":["babel-plugin"],"devDependencies":{"babel-helper-plugin-test-runner":"7.0.0-alpha.19"},"_id":"babel-plugin-transform-es2015-literals@7.0.0-alpha.19","_npmVersion":"5.3.0","_nodeVersion":"8.1.4","_npmUser":{"name":"hzoo","email":"hi@henryzoo.com"},"dist":{"integrity":"sha512-Sd1TGhE7EGb1JqFcw1bkhINu+WFXVmzirtfdYyuVyLDQDJpsmF8E2lhdeCtWK9ZreFEV1335Y4z5VoMyZV7+QA==","shasum":"64a297e10ccef058544af1d82ec11d2d5b9c9908","tarball":"https://registry.npmjs.org/babel-plugin-transform-es2015-literals/-/babel-plugin-transform-es2015-literals-7.0.0-alpha.19.tgz"},"maintainers":[{"email":"me@thejameskyle.com","name":"thejameskyle"},{"email":"sebmck@gmail.com","name":"sebmck"},{"email":"daniel@tschinder.de","name":"danez"},{"email":"hi@henryzoo.com","name":"hzoo"},{"email":"loganfsmyth@gmail.com","name":"loganfsmyth"}],"_npmOperationalInternal":{"host":"s3://npm-registry-packages","tmp":"tmp/babel-plugin-transform-es2015-literals-7.0.0-alpha.19.tgz_1502144487091_0.8733130544424057"},"directories":{}},"7.0.0-alpha.20":{"name":"babel-plugin-transform-es2015-literals","version":"7.0.0-alpha.20","description":"Compile ES2015 unicode string and number literals to ES5","repository":{"type":"git","url":"https://github.com/babel/babel/tree/master/packages/babel-plugin-transform-es2015-literals"},"license":"MIT","main":"lib/index.js","keywords":["babel-plugin"],"devDependencies":{"babel-helper-plugin-test-runner":"7.0.0-alpha.20"},"_id":"babel-plugin-transform-es2015-literals@7.0.0-alpha.20","_npmVersion":"5.3.0","_nodeVersion":"8.1.4","_npmUser":{"name":"hzoo","email":"hi@henryzoo.com"},"dist":{"integrity":"sha512-T4ug7cX5sduhz08AAlPYRT0MJYcVvAg7vDirXRz/2ZkhBcn2OYOrfzdkzelRNjSPfA6AN0aMlcKM8dWlbEOVGg==","shasum":"c0603ab9cad0aa6ca79c6cf7c491529557331f77","tarball":"https://registry.npmjs.org/babel-plugin-transform-es2015-literals/-/babel-plugin-transform-es2015-literals-7.0.0-alpha.20.tgz"},"maintainers":[{"email":"me@thejameskyle.com","name":"thejameskyle"},{"email":"sebmck@gmail.com","name":"sebmck"},{"email":"daniel@tschinder.de","name":"danez"},{"email":"hi@henryzoo.com","name":"hzoo"},{"email":"loganfsmyth@gmail.com","name":"loganfsmyth"}],"_npmOperationalInternal":{"host":"s3://npm-registry-packages","tmp":"tmp/babel-plugin-transform-es2015-literals-7.0.0-alpha.20.tgz_1504119117749_0.8415459832176566"},"directories":{}},"7.0.0-beta.0":{"name":"babel-plugin-transform-es2015-literals","version":"7.0.0-beta.0","description":"Compile ES2015 unicode string and number literals to ES5","repository":{"type":"git","url":"https://github.com/babel/babel/tree/master/packages/babel-plugin-transform-es2015-literals"},"license":"MIT","main":"lib/index.js","keywords":["babel-plugin"],"devDependencies":{"babel-helper-plugin-test-runner":"7.0.0-beta.0"},"_id":"babel-plugin-transform-es2015-literals@7.0.0-beta.0","_npmVersion":"5.3.0","_nodeVersion":"8.1.4","_npmUser":{"name":"hzoo","email":"hi@henryzoo.com"},"dist":{"integrity":"sha512-EuKsCLzqcGgGet/gM7GberJ1IAApTJO9529We00eWE5FIyyKFyGhZSu/7ZNlvZmSdHmtRP8WnWbP0R3i+gkOSg==","shasum":"aa07f46ac9be290e0d58cefe195a0e49d3156d57","tarball":"https://registry.npmjs.org/babel-plugin-transform-es2015-literals/-/babel-plugin-transform-es2015-literals-7.0.0-beta.0.tgz"},"maintainers":[{"email":"me@thejameskyle.com","name":"thejameskyle"},{"email":"sebmck@gmail.com","name":"sebmck"},{"email":"daniel@tschinder.de","name":"danez"},{"email":"hi@henryzoo.com","name":"hzoo"},{"email":"loganfsmyth@gmail.com","name":"loganfsmyth"}],"_npmOperationalInternal":{"host":"s3://npm-registry-packages","tmp":"tmp/babel-plugin-transform-es2015-literals-7.0.0-beta.0.tgz_1505185321806_0.8140535494312644"},"directories":{}},"7.0.0-beta.1":{"name":"babel-plugin-transform-es2015-literals","version":"7.0.0-beta.1","description":"Compile ES2015 unicode string and number literals to ES5","repository":{"type":"git","url":"https://github.com/babel/babel/tree/master/packages/babel-plugin-transform-es2015-literals"},"license":"MIT","main":"lib/index.js","keywords":["babel-plugin"],"devDependencies":{"babel-helper-plugin-test-runner":"7.0.0-beta.1"},"_id":"babel-plugin-transform-es2015-literals@7.0.0-beta.1","_npmVersion":"5.4.1","_nodeVersion":"8.1.4","_npmUser":{"name":"hzoo","email":"hi@henryzoo.com"},"dist":{"integrity":"sha512-/hjTmxajDErjKHp0SyQ9BsgfY2LA6+cg5/rw+U2hUh4jYCDgqk2Y7kpYn406jPtAP1x0g3qA0YZFSmlJmPFFww==","shasum":"51b49014e3b8a68c4613f9b7353facbf0d4a1ded","tarball":"https://registry.npmjs.org/babel-plugin-transform-es2015-literals/-/babel-plugin-transform-es2015-literals-7.0.0-beta.1.tgz"},"maintainers":[{"email":"me@thejameskyle.com","name":"thejameskyle"},{"email":"sebmck@gmail.com","name":"sebmck"},{"email":"daniel@tschinder.de","name":"danez"},{"email":"hi@henryzoo.com","name":"hzoo"},{"email":"loganfsmyth@gmail.com","name":"loganfsmyth"}],"_npmOperationalInternal":{"host":"s3://npm-registry-packages","tmp":"tmp/babel-plugin-transform-es2015-literals-7.0.0-beta.1.tgz_1505851793625_0.5267239199019969"},"directories":{}},"7.0.0-beta.2":{"name":"babel-plugin-transform-es2015-literals","version":"7.0.0-beta.2","description":"Compile ES2015 unicode string and number literals to ES5","repository":{"type":"git","url":"https://github.com/babel/babel/tree/master/packages/babel-plugin-transform-es2015-literals"},"license":"MIT","main":"lib/index.js","keywords":["babel-plugin"],"devDependencies":{"babel-helper-plugin-test-runner":"7.0.0-beta.2"},"_id":"babel-plugin-transform-es2015-literals@7.0.0-beta.2","_npmVersion":"5.4.1","_nodeVersion":"8.1.4","_npmUser":{"name":"hzoo","email":"hi@henryzoo.com"},"dist":{"integrity":"sha512-Akbc/CCiTgpwSrvn9RXHf+YQX+5NhQytkhVrjp2w7qn4LnkJ8xzy5hhlzC03ZhCpfU/YQg8nCdeOVMfuxi50Og==","shasum":"c4572add2b9c977081a51fda4fc208d68a06070e","tarball":"https://registry.npmjs.org/babel-plugin-transform-es2015-literals/-/babel-plugin-transform-es2015-literals-7.0.0-beta.2.tgz"},"maintainers":[{"email":"bng412@gmail.com","name":"existentialism"},{"email":"me@thejameskyle.com","name":"thejameskyle"},{"email":"sebmck@gmail.com","name":"sebmck"},{"email":"daniel@tschinder.de","name":"danez"},{"email":"hi@henryzoo.com","name":"hzoo"},{"email":"loganfsmyth@gmail.com","name":"loganfsmyth"}],"_npmOperationalInternal":{"host":"s3://npm-registry-packages","tmp":"tmp/babel-plugin-transform-es2015-literals-7.0.0-beta.2.tgz_1506438900186_0.24205791181884706"},"directories":{}},"7.0.0-beta.3":{"name":"babel-plugin-transform-es2015-literals","version":"7.0.0-beta.3","description":"Compile ES2015 unicode string and number literals to ES5","repository":{"type":"git","url":"https://github.com/babel/babel/tree/master/packages/babel-plugin-transform-es2015-literals"},"license":"MIT","main":"lib/index.js","keywords":["babel-plugin"],"devDependencies":{"babel-helper-plugin-test-runner":"7.0.0-beta.3"},"_id":"babel-plugin-transform-es2015-literals@7.0.0-beta.3","_npmVersion":"5.5.1","_nodeVersion":"8.1.4","_npmUser":{"name":"hzoo","email":"hi@henryzoo.com"},"dist":{"integrity":"sha512-Zc+kpYJymHtHom+uw+NoNnnyPbxcbyFgeceMFVApavd49JtfdIj7pZS/XpRlxffjIAHSF2D/xDt+bRhq8zk69Q==","shasum":"78bea16e8745d1f3301a7c3b589a6554317d0dc8","tarball":"https://registry.npmjs.org/babel-plugin-transform-es2015-literals/-/babel-plugin-transform-es2015-literals-7.0.0-beta.3.tgz"},"maintainers":[{"email":"bng412@gmail.com","name":"existentialism"},{"email":"me@thejameskyle.com","name":"thejameskyle"},{"email":"sebmck@gmail.com","name":"sebmck"},{"email":"daniel@tschinder.de","name":"danez"},{"email":"hi@henryzoo.com","name":"hzoo"},{"email":"loganfsmyth@gmail.com","name":"loganfsmyth"}],"_npmOperationalInternal":{"host":"s3://npm-registry-packages","tmp":"tmp/babel-plugin-transform-es2015-literals-7.0.0-beta.3.tgz_1508073087619_0.7635725524742156"},"directories":{}}},"readme":"# babel-plugin-transform-es2015-literals\n\nCompile ES2015 unicode string and number literals to ES5\n\n## Installation\n\n```sh\n$ npm install babel-plugin-transform-es2015-literals\n```\n\n## Usage\n\n### Via `.babelrc` (Recommended)\n\n**.babelrc**\n\n```json\n{\n  \"plugins\": [\"transform-es2015-literals\"]\n}\n```\n\n### Via CLI\n\n```sh\n$ babel --plugins transform-es2015-literals script.js\n```\n\n### Via Node API\n\n```javascript\nrequire(\"babel-core\").transform(\"code\", {\n  plugins: [\"transform-es2015-literals\"]\n});\n```\n","maintainers":[{"email":"bng412@gmail.com","name":"existentialism"},{"email":"me@thejameskyle.com","name":"thejameskyle"},{"email":"sebmck@gmail.com","name":"sebmck"},{"email":"daniel@tschinder.de","name":"danez"},{"email":"hi@henryzoo.com","name":"hzoo"},{"email":"loganfsmyth@gmail.com","name":"loganfsmyth"}],"time":{"modified":"2017-10-15T13:11:28.713Z","created":"2015-10-29T18:14:24.456Z","6.0.2":"2015-10-29T18:14:24.456Z","6.0.14":"2015-10-30T23:37:41.431Z","6.0.15":"2015-11-01T22:10:06.402Z","6.0.18":"2015-11-03T01:24:38.674Z","6.1.4":"2015-11-11T10:23:38.721Z","6.1.5":"2015-11-12T07:00:05.597Z","6.1.17":"2015-11-12T21:42:10.349Z","6.1.18":"2015-11-12T21:53:12.631Z","6.2.4":"2015-11-25T03:14:25.621Z","6.3.13":"2015-12-04T11:59:11.237Z","6.5.0":"2016-02-07T00:07:36.648Z","6.5.0-1":"2016-02-07T02:40:45.604Z","6.8.0":"2016-05-02T23:44:43.630Z","6.22.0":"2017-01-20T00:33:54.500Z","7.0.0-alpha.1":"2017-03-02T21:05:05.989Z","7.0.0-alpha.3":"2017-03-23T19:49:14.377Z","7.0.0-alpha.7":"2017-04-05T21:13:41.397Z","7.0.0-alpha.8":"2017-04-17T19:12:40.227Z","7.0.0-alpha.9":"2017-04-18T14:41:45.433Z","7.0.0-alpha.10":"2017-05-25T19:17:16.114Z","7.0.0-alpha.11":"2017-05-31T20:43:35.641Z","7.0.0-alpha.12":"2017-05-31T21:11:48.734Z","7.0.0-alpha.14":"2017-07-12T02:53:26.463Z","7.0.0-alpha.15":"2017-07-12T03:35:41.029Z","7.0.0-alpha.16":"2017-07-25T21:17:35.160Z","7.0.0-alpha.17":"2017-07-26T12:39:04.036Z","7.0.0-alpha.18":"2017-08-03T22:20:50.456Z","7.0.0-alpha.19":"2017-08-07T22:21:27.598Z","7.0.0-alpha.20":"2017-08-30T18:51:57.904Z","7.0.0-beta.0":"2017-09-12T03:02:02.702Z","7.0.0-beta.1":"2017-09-19T20:09:53.716Z","7.0.0-beta.2":"2017-09-26T15:15:01.072Z","7.0.0-beta.3":"2017-10-15T13:11:28.713Z"},"keywords":["babel-plugin"],"repository":{"type":"git","url":"https://github.com/babel/babel/tree/master/packages/babel-plugin-transform-es2015-literals"},"license":"MIT","readmeFilename":"README.md","_attachments":{},"_etag":"W/\"7f0fd10ab6c976120806ab71eec9e6db\"","_lastModified":"Sat, 26 May 2018 17:58:32 GMT"}