{"_id":"babel-helper-remap-async-to-generator","_rev":"112-cdf0be39f5a78cbe24904a8efbfba8b6","name":"babel-helper-remap-async-to-generator","description":"Helper function to remap async functions to generators","dist-tags":{"latest":"6.24.1","next":"7.0.0-beta.3"},"versions":{"6.0.0":{"name":"babel-helper-remap-async-to-generator","version":"6.0.0","description":"## Usage","repository":{"type":"git","url":"git+https://github.com/babel/babel.git"},"license":"MIT","main":"lib/index.js","dependencies":{"babel-runtime":"^6.0.0","babel-types":"^6.0.0","babel-traverse":"^6.0.0","babel-helper-function-name":"^6.0.0"},"bugs":{"url":"https://github.com/babel/babel/issues"},"homepage":"https://github.com/babel/babel#readme","_id":"babel-helper-remap-async-to-generator@6.0.0","scripts":{},"_shasum":"4fa2e4531a397c96d53fd7e7c976029b4451094e","_from":".","_npmVersion":"2.14.3","_nodeVersion":"4.1.0","_npmUser":{"name":"sebmck","email":"sebmck@gmail.com"},"dist":{"shasum":"4fa2e4531a397c96d53fd7e7c976029b4451094e","tarball":"https://registry.npmjs.org/babel-helper-remap-async-to-generator/-/babel-helper-remap-async-to-generator-6.0.0.tgz"},"maintainers":[{"name":"sebmck","email":"sebmck@gmail.com"}],"directories":{}},"6.0.2":{"name":"babel-helper-remap-async-to-generator","version":"6.0.2","description":"## Usage","repository":{"type":"git","url":"git+https://github.com/babel/babel.git"},"license":"MIT","main":"lib/index.js","dependencies":{"babel-runtime":"^6.0.2","babel-types":"^6.0.2","babel-traverse":"^6.0.2","babel-helper-function-name":"^6.0.2"},"bugs":{"url":"https://github.com/babel/babel/issues"},"homepage":"https://github.com/babel/babel#readme","_id":"babel-helper-remap-async-to-generator@6.0.2","scripts":{},"_shasum":"781805be3533a171756f3e47685e1b0356bbfe6c","_from":".","_npmVersion":"2.14.3","_nodeVersion":"4.1.0","_npmUser":{"name":"sebmck","email":"sebmck@gmail.com"},"dist":{"shasum":"781805be3533a171756f3e47685e1b0356bbfe6c","tarball":"https://registry.npmjs.org/babel-helper-remap-async-to-generator/-/babel-helper-remap-async-to-generator-6.0.2.tgz"},"maintainers":[{"name":"sebmck","email":"sebmck@gmail.com"}],"directories":{}},"6.0.14":{"name":"babel-helper-remap-async-to-generator","version":"6.0.14","description":"## Usage","repository":{"type":"git","url":"https://github.com/babel/babel/tree/master/packages/babel-helper-remap-async-to-generator"},"license":"MIT","main":"lib/index.js","dependencies":{"babel-runtime":"^5.0.0","babel-types":"^6.0.14","babel-traverse":"^6.0.14","babel-helper-function-name":"^6.0.14"},"_id":"babel-helper-remap-async-to-generator@6.0.14","scripts":{},"_shasum":"3c567696f98e622d0a8ed2072292e40df9831c37","_from":".","_npmVersion":"2.14.9","_nodeVersion":"4.1.0","_npmUser":{"name":"sebmck","email":"sebmck@gmail.com"},"dist":{"shasum":"3c567696f98e622d0a8ed2072292e40df9831c37","tarball":"https://registry.npmjs.org/babel-helper-remap-async-to-generator/-/babel-helper-remap-async-to-generator-6.0.14.tgz"},"maintainers":[{"name":"sebmck","email":"sebmck@gmail.com"}],"directories":{}},"6.0.15":{"name":"babel-helper-remap-async-to-generator","version":"6.0.15","description":"## Usage","repository":{"type":"git","url":"https://github.com/babel/babel/tree/master/packages/babel-helper-remap-async-to-generator"},"license":"MIT","main":"lib/index.js","dependencies":{"babel-runtime":"^5.0.0","babel-template":"^6.0.15","babel-types":"^6.0.15","babel-traverse":"^6.0.14","babel-helper-function-name":"^6.0.15"},"_id":"babel-helper-remap-async-to-generator@6.0.15","scripts":{},"_shasum":"7661cea50a3d5bd9e44f6ea7a62b021087a6424a","_from":".","_npmVersion":"2.14.9","_nodeVersion":"4.1.0","_npmUser":{"name":"sebmck","email":"sebmck@gmail.com"},"dist":{"shasum":"7661cea50a3d5bd9e44f6ea7a62b021087a6424a","tarball":"https://registry.npmjs.org/babel-helper-remap-async-to-generator/-/babel-helper-remap-async-to-generator-6.0.15.tgz"},"maintainers":[{"name":"sebmck","email":"sebmck@gmail.com"}],"directories":{}},"6.0.16":{"name":"babel-helper-remap-async-to-generator","version":"6.0.16","description":"## Usage","repository":{"type":"git","url":"https://github.com/babel/babel/tree/master/packages/babel-helper-remap-async-to-generator"},"license":"MIT","main":"lib/index.js","dependencies":{"babel-runtime":"^5.0.0","babel-template":"^6.0.16","babel-types":"^6.0.15","babel-traverse":"^6.0.16","babel-helper-function-name":"^6.0.15"},"_id":"babel-helper-remap-async-to-generator@6.0.16","scripts":{},"_shasum":"c789799e39215286ee6988ee9833f4f58eb688b9","_from":".","_npmVersion":"2.14.9","_nodeVersion":"4.1.0","_npmUser":{"name":"sebmck","email":"sebmck@gmail.com"},"dist":{"shasum":"c789799e39215286ee6988ee9833f4f58eb688b9","tarball":"https://registry.npmjs.org/babel-helper-remap-async-to-generator/-/babel-helper-remap-async-to-generator-6.0.16.tgz"},"maintainers":[{"name":"sebmck","email":"sebmck@gmail.com"}],"directories":{}},"6.1.2":{"name":"babel-helper-remap-async-to-generator","version":"6.1.2","description":"## Usage","repository":{"type":"git","url":"https://github.com/babel/babel/tree/master/packages/babel-helper-remap-async-to-generator"},"license":"MIT","main":"lib/index.js","dependencies":{"babel-runtime":"^5.0.0","babel-template":"^6.0.16","babel-types":"^6.1.2","babel-traverse":"^6.1.2","babel-helper-function-name":"^6.0.15"},"_id":"babel-helper-remap-async-to-generator@6.1.2","scripts":{},"_shasum":"c4e4bf8c469e668bafaa6e424f2d2b9d522b06aa","_from":".","_npmVersion":"2.14.9","_nodeVersion":"4.1.0","_npmUser":{"name":"sebmck","email":"sebmck@gmail.com"},"dist":{"shasum":"c4e4bf8c469e668bafaa6e424f2d2b9d522b06aa","tarball":"https://registry.npmjs.org/babel-helper-remap-async-to-generator/-/babel-helper-remap-async-to-generator-6.1.2.tgz"},"maintainers":[{"name":"sebmck","email":"sebmck@gmail.com"}],"directories":{}},"6.1.4":{"name":"babel-helper-remap-async-to-generator","version":"6.1.4","description":"## Usage","repository":{"type":"git","url":"https://github.com/babel/babel/tree/master/packages/babel-helper-remap-async-to-generator"},"license":"MIT","main":"lib/index.js","dependencies":{"babel-runtime":"^5.0.0","babel-template":"^6.0.16","babel-types":"^6.1.4","babel-traverse":"^6.1.4","babel-helper-function-name":"^6.0.15"},"_id":"babel-helper-remap-async-to-generator@6.1.4","scripts":{},"_shasum":"72df566bf3fc67a7af125a8936b7610f2cb2fe60","_from":".","_npmVersion":"3.3.10","_nodeVersion":"4.1.0","_npmUser":{"name":"sebmck","email":"sebmck@gmail.com"},"dist":{"shasum":"72df566bf3fc67a7af125a8936b7610f2cb2fe60","tarball":"https://registry.npmjs.org/babel-helper-remap-async-to-generator/-/babel-helper-remap-async-to-generator-6.1.4.tgz"},"maintainers":[{"name":"sebmck","email":"sebmck@gmail.com"}],"directories":{}},"6.1.5":{"name":"babel-helper-remap-async-to-generator","version":"6.1.5","description":"## Usage","repository":{"type":"git","url":"https://github.com/babel/babel/tree/master/packages/babel-helper-remap-async-to-generator"},"license":"MIT","main":"lib/index.js","dependencies":{"babel-runtime":"^5.0.0","babel-template":"^6.1.5","babel-types":"^6.1.5","babel-traverse":"^6.1.5","babel-helper-function-name":"^6.1.5"},"_id":"babel-helper-remap-async-to-generator@6.1.5","scripts":{},"_shasum":"e6114812e160f19b68a226c40d0af3a99e2254e7","_from":".","_npmVersion":"3.3.10","_nodeVersion":"4.1.0","_npmUser":{"name":"sebmck","email":"sebmck@gmail.com"},"dist":{"shasum":"e6114812e160f19b68a226c40d0af3a99e2254e7","tarball":"https://registry.npmjs.org/babel-helper-remap-async-to-generator/-/babel-helper-remap-async-to-generator-6.1.5.tgz"},"maintainers":[{"name":"sebmck","email":"sebmck@gmail.com"}],"directories":{}},"6.1.6":{"name":"babel-helper-remap-async-to-generator","version":"6.1.6","description":"## Usage","repository":{"type":"git","url":"https://github.com/babel/babel/tree/master/packages/babel-helper-remap-async-to-generator"},"license":"MIT","main":"lib/index.js","dependencies":{"babel-runtime":"^5.0.0","babel-template":"^6.1.6","babel-types":"^6.1.6","babel-traverse":"^6.1.6","babel-helper-function-name":"^6.1.6"},"_id":"babel-helper-remap-async-to-generator@6.1.6","scripts":{},"_shasum":"2832302bcd026a50cf2898a6d2c140fa5d44b062","_from":".","_npmVersion":"3.3.10","_nodeVersion":"4.1.0","_npmUser":{"name":"sebmck","email":"sebmck@gmail.com"},"dist":{"shasum":"2832302bcd026a50cf2898a6d2c140fa5d44b062","tarball":"https://registry.npmjs.org/babel-helper-remap-async-to-generator/-/babel-helper-remap-async-to-generator-6.1.6.tgz"},"maintainers":[{"name":"amasad","email":"amjad.masad@gmail.com"},{"name":"sebmck","email":"sebmck@gmail.com"},{"name":"thejameskyle","email":"me@thejameskyle.com"}],"directories":{}},"6.1.7":{"name":"babel-helper-remap-async-to-generator","version":"6.1.7","description":"## Usage","repository":{"type":"git","url":"https://github.com/babel/babel/tree/master/packages/babel-helper-remap-async-to-generator"},"license":"MIT","main":"lib/index.js","dependencies":{"babel-runtime":"^5.0.0","babel-template":"^6.1.7","babel-types":"^6.1.7","babel-traverse":"^6.1.7","babel-helper-function-name":"^6.1.7"},"_id":"babel-helper-remap-async-to-generator@6.1.7","scripts":{},"_shasum":"79297b12343b71ecccac5f3ea53c1e9a1a54ceaf","_from":".","_npmVersion":"3.3.10","_nodeVersion":"4.1.0","_npmUser":{"name":"sebmck","email":"sebmck@gmail.com"},"dist":{"shasum":"79297b12343b71ecccac5f3ea53c1e9a1a54ceaf","tarball":"https://registry.npmjs.org/babel-helper-remap-async-to-generator/-/babel-helper-remap-async-to-generator-6.1.7.tgz"},"maintainers":[{"name":"amasad","email":"amjad.masad@gmail.com"},{"name":"sebmck","email":"sebmck@gmail.com"},{"name":"thejameskyle","email":"me@thejameskyle.com"}],"directories":{}},"6.1.8":{"name":"babel-helper-remap-async-to-generator","version":"6.1.8","description":"## Usage","repository":{"type":"git","url":"https://github.com/babel/babel/tree/master/packages/babel-helper-remap-async-to-generator"},"license":"MIT","main":"lib/index.js","dependencies":{"babel-runtime":"^5.0.0","babel-template":"^6.1.8","babel-types":"^6.1.8","babel-traverse":"^6.1.8","babel-helper-function-name":"^6.1.8"},"_id":"babel-helper-remap-async-to-generator@6.1.8","scripts":{},"_shasum":"ae1c01bc9ad1159ae29648be5c5630e6a5a4be52","_from":".","_npmVersion":"3.3.10","_nodeVersion":"4.1.0","_npmUser":{"name":"sebmck","email":"sebmck@gmail.com"},"dist":{"shasum":"ae1c01bc9ad1159ae29648be5c5630e6a5a4be52","tarball":"https://registry.npmjs.org/babel-helper-remap-async-to-generator/-/babel-helper-remap-async-to-generator-6.1.8.tgz"},"maintainers":[{"name":"amasad","email":"amjad.masad@gmail.com"},{"name":"sebmck","email":"sebmck@gmail.com"},{"name":"thejameskyle","email":"me@thejameskyle.com"}],"directories":{}},"6.1.9":{"name":"babel-helper-remap-async-to-generator","version":"6.1.9","description":"## Usage","repository":{"type":"git","url":"https://github.com/babel/babel/tree/master/packages/babel-helper-remap-async-to-generator"},"license":"MIT","main":"lib/index.js","dependencies":{"babel-runtime":"^5.0.0","babel-template":"^6.1.9","babel-types":"^6.1.9","babel-traverse":"^6.1.9","babel-helper-function-name":"^6.1.9"},"_id":"babel-helper-remap-async-to-generator@6.1.9","scripts":{},"_shasum":"3f6892e2fef17b1d4dc4cfc730d7d1f5d8515ee3","_from":".","_npmVersion":"3.3.10","_nodeVersion":"4.1.0","_npmUser":{"name":"sebmck","email":"sebmck@gmail.com"},"dist":{"shasum":"3f6892e2fef17b1d4dc4cfc730d7d1f5d8515ee3","tarball":"https://registry.npmjs.org/babel-helper-remap-async-to-generator/-/babel-helper-remap-async-to-generator-6.1.9.tgz"},"maintainers":[{"name":"amasad","email":"amjad.masad@gmail.com"},{"name":"sebmck","email":"sebmck@gmail.com"},{"name":"thejameskyle","email":"me@thejameskyle.com"}],"directories":{}},"6.1.10":{"name":"babel-helper-remap-async-to-generator","version":"6.1.10","description":"## Usage","repository":{"type":"git","url":"https://github.com/babel/babel/tree/master/packages/babel-helper-remap-async-to-generator"},"license":"MIT","main":"lib/index.js","dependencies":{"babel-runtime":"^5.0.0","babel-template":"^6.1.10","babel-types":"^6.1.10","babel-traverse":"^6.1.10","babel-helper-function-name":"^6.1.10"},"_id":"babel-helper-remap-async-to-generator@6.1.10","scripts":{},"_shasum":"b819fe4ef499d1a2b30a5842896bfb25302b26f0","_from":".","_npmVersion":"3.3.10","_nodeVersion":"4.1.0","_npmUser":{"name":"sebmck","email":"sebmck@gmail.com"},"dist":{"shasum":"b819fe4ef499d1a2b30a5842896bfb25302b26f0","tarball":"https://registry.npmjs.org/babel-helper-remap-async-to-generator/-/babel-helper-remap-async-to-generator-6.1.10.tgz"},"maintainers":[{"name":"amasad","email":"amjad.masad@gmail.com"},{"name":"sebmck","email":"sebmck@gmail.com"},{"name":"thejameskyle","email":"me@thejameskyle.com"}],"directories":{}},"6.1.12":{"name":"babel-helper-remap-async-to-generator","version":"6.1.12","description":"## Usage","repository":{"type":"git","url":"https://github.com/babel/babel/tree/master/packages/babel-helper-remap-async-to-generator"},"license":"MIT","main":"lib/index.js","dependencies":{"babel-runtime":"^5.0.0","babel-template":"^6.1.12","babel-types":"^6.1.12","babel-traverse":"^6.1.12","babel-helper-function-name":"^6.1.12"},"_id":"babel-helper-remap-async-to-generator@6.1.12","scripts":{},"_shasum":"8c904b05a88effc9510e7945af3fa21ee7aa0c2c","_from":".","_npmVersion":"3.3.10","_nodeVersion":"4.1.0","_npmUser":{"name":"sebmck","email":"sebmck@gmail.com"},"dist":{"shasum":"8c904b05a88effc9510e7945af3fa21ee7aa0c2c","tarball":"https://registry.npmjs.org/babel-helper-remap-async-to-generator/-/babel-helper-remap-async-to-generator-6.1.12.tgz"},"maintainers":[{"name":"amasad","email":"amjad.masad@gmail.com"},{"name":"sebmck","email":"sebmck@gmail.com"},{"name":"thejameskyle","email":"me@thejameskyle.com"}],"directories":{}},"6.1.13":{"name":"babel-helper-remap-async-to-generator","version":"6.1.13","description":"## Usage","repository":{"type":"git","url":"https://github.com/babel/babel/tree/master/packages/babel-helper-remap-async-to-generator"},"license":"MIT","main":"lib/index.js","dependencies":{"babel-runtime":"^5.0.0","babel-template":"^6.1.13","babel-types":"^6.1.13","babel-traverse":"^6.1.13","babel-helper-function-name":"^6.1.13"},"_id":"babel-helper-remap-async-to-generator@6.1.13","scripts":{},"_shasum":"bad94558720f8bce6fdc56e6ffac16bbaf33eea3","_from":".","_npmVersion":"3.3.10","_nodeVersion":"4.1.0","_npmUser":{"name":"sebmck","email":"sebmck@gmail.com"},"dist":{"shasum":"bad94558720f8bce6fdc56e6ffac16bbaf33eea3","tarball":"https://registry.npmjs.org/babel-helper-remap-async-to-generator/-/babel-helper-remap-async-to-generator-6.1.13.tgz"},"maintainers":[{"name":"amasad","email":"amjad.masad@gmail.com"},{"name":"sebmck","email":"sebmck@gmail.com"},{"name":"thejameskyle","email":"me@thejameskyle.com"}],"directories":{}},"6.1.16":{"name":"babel-helper-remap-async-to-generator","version":"6.1.16","description":"## Usage","repository":{"type":"git","url":"https://github.com/babel/babel/tree/master/packages/babel-helper-remap-async-to-generator"},"license":"MIT","main":"lib/index.js","dependencies":{"babel-runtime":"^5.0.0","babel-template":"^6.1.16","babel-types":"^6.1.16","babel-traverse":"^6.1.16","babel-helper-function-name":"^6.1.16"},"_id":"babel-helper-remap-async-to-generator@6.1.16","scripts":{},"_shasum":"e3370683dc00ed8e7b16a72746942730ac9f15f7","_from":".","_npmVersion":"3.3.10","_nodeVersion":"4.1.0","_npmUser":{"name":"sebmck","email":"sebmck@gmail.com"},"dist":{"shasum":"e3370683dc00ed8e7b16a72746942730ac9f15f7","tarball":"https://registry.npmjs.org/babel-helper-remap-async-to-generator/-/babel-helper-remap-async-to-generator-6.1.16.tgz"},"maintainers":[{"name":"amasad","email":"amjad.masad@gmail.com"},{"name":"sebmck","email":"sebmck@gmail.com"},{"name":"thejameskyle","email":"me@thejameskyle.com"}],"directories":{}},"6.1.17":{"name":"babel-helper-remap-async-to-generator","version":"6.1.17","description":"## Usage","repository":{"type":"git","url":"https://github.com/babel/babel/tree/master/packages/babel-helper-remap-async-to-generator"},"license":"MIT","main":"lib/index.js","dependencies":{"babel-runtime":"^5.0.0","babel-template":"^6.1.17","babel-types":"^6.1.17","babel-traverse":"^6.1.17","babel-helper-function-name":"^6.1.17"},"_id":"babel-helper-remap-async-to-generator@6.1.17","scripts":{},"_shasum":"2f8ff43e42f8f9e703dabf23c64eb2201552e277","_from":".","_npmVersion":"3.3.10","_nodeVersion":"4.1.0","_npmUser":{"name":"sebmck","email":"sebmck@gmail.com"},"dist":{"shasum":"2f8ff43e42f8f9e703dabf23c64eb2201552e277","tarball":"https://registry.npmjs.org/babel-helper-remap-async-to-generator/-/babel-helper-remap-async-to-generator-6.1.17.tgz"},"maintainers":[{"name":"amasad","email":"amjad.masad@gmail.com"},{"name":"sebmck","email":"sebmck@gmail.com"},{"name":"thejameskyle","email":"me@thejameskyle.com"}],"directories":{}},"6.1.18":{"name":"babel-helper-remap-async-to-generator","version":"6.1.18","description":"## Usage","repository":{"type":"git","url":"https://github.com/babel/babel/tree/master/packages/babel-helper-remap-async-to-generator"},"license":"MIT","main":"lib/index.js","dependencies":{"babel-runtime":"^5.0.0","babel-template":"^6.1.18","babel-types":"^6.1.18","babel-traverse":"^6.1.18","babel-helper-function-name":"^6.1.18"},"_id":"babel-helper-remap-async-to-generator@6.1.18","scripts":{},"_shasum":"93989c3bd73626056839b1c6db8b26b9c6f26d11","_from":".","_npmVersion":"3.3.10","_nodeVersion":"4.1.0","_npmUser":{"name":"sebmck","email":"sebmck@gmail.com"},"dist":{"shasum":"93989c3bd73626056839b1c6db8b26b9c6f26d11","tarball":"https://registry.npmjs.org/babel-helper-remap-async-to-generator/-/babel-helper-remap-async-to-generator-6.1.18.tgz"},"maintainers":[{"name":"amasad","email":"amjad.masad@gmail.com"},{"name":"sebmck","email":"sebmck@gmail.com"},{"name":"thejameskyle","email":"me@thejameskyle.com"}],"directories":{}},"6.2.4":{"name":"babel-helper-remap-async-to-generator","version":"6.2.4","description":"## Usage","repository":{"type":"git","url":"https://github.com/babel/babel/tree/master/packages/babel-helper-remap-async-to-generator"},"license":"MIT","main":"lib/index.js","dependencies":{"babel-runtime":"^5.0.0","babel-template":"^6.2.4","babel-types":"^6.2.4","babel-traverse":"^6.2.4","babel-helper-function-name":"^6.2.4"},"_id":"babel-helper-remap-async-to-generator@6.2.4","scripts":{},"_shasum":"563421cda232a8a0727c1f8e201b1bb9c0a1ed2d","_from":".","_npmVersion":"3.3.10","_nodeVersion":"4.1.0","_npmUser":{"name":"sebmck","email":"sebmck@gmail.com"},"dist":{"shasum":"563421cda232a8a0727c1f8e201b1bb9c0a1ed2d","tarball":"https://registry.npmjs.org/babel-helper-remap-async-to-generator/-/babel-helper-remap-async-to-generator-6.2.4.tgz"},"maintainers":[{"name":"amasad","email":"amjad.masad@gmail.com"},{"name":"sebmck","email":"sebmck@gmail.com"},{"name":"thejameskyle","email":"me@thejameskyle.com"}],"directories":{}},"6.3.0":{"name":"babel-helper-remap-async-to-generator","version":"6.3.0","description":"## Usage","repository":{"type":"git","url":"https://github.com/babel/babel/tree/master/packages/babel-helper-remap-async-to-generator"},"license":"MIT","main":"lib/index.js","dependencies":{"babel-runtime":"^5.0.0","babel-template":"^6.3.0","babel-types":"^6.3.0","babel-traverse":"^6.1.18","babel-helper-function-name":"^6.1.18"},"_id":"babel-helper-remap-async-to-generator@6.3.0","scripts":{},"_shasum":"01547dec3fcada00985274a2869ca7f279c71532","_from":".","_npmVersion":"2.14.7","_nodeVersion":"4.2.2","_npmUser":{"name":"amasad","email":"amjad.masad@gmail.com"},"maintainers":[{"name":"amasad","email":"amjad.masad@gmail.com"},{"name":"hzoo","email":"hi@henryzoo.com"},{"name":"loganfsmyth","email":"loganfsmyth@gmail.com"},{"name":"sebmck","email":"sebmck@gmail.com"},{"name":"thejameskyle","email":"me@thejameskyle.com"}],"dist":{"shasum":"01547dec3fcada00985274a2869ca7f279c71532","tarball":"https://registry.npmjs.org/babel-helper-remap-async-to-generator/-/babel-helper-remap-async-to-generator-6.3.0.tgz"},"directories":{}},"6.3.13":{"name":"babel-helper-remap-async-to-generator","version":"6.3.13","description":"## Usage","repository":{"type":"git","url":"https://github.com/babel/babel/tree/master/packages/babel-helper-remap-async-to-generator"},"license":"MIT","main":"lib/index.js","dependencies":{"babel-runtime":"^5.0.0","babel-template":"^6.3.13","babel-types":"^6.3.13","babel-traverse":"^6.3.13","babel-helper-function-name":"^6.3.13"},"_id":"babel-helper-remap-async-to-generator@6.3.13","scripts":{},"_shasum":"a782d938fd29575c899394d72a00c556f63a9799","_from":".","_npmVersion":"3.3.10","_nodeVersion":"4.1.0","_npmUser":{"name":"sebmck","email":"sebmck@gmail.com"},"dist":{"shasum":"a782d938fd29575c899394d72a00c556f63a9799","tarball":"https://registry.npmjs.org/babel-helper-remap-async-to-generator/-/babel-helper-remap-async-to-generator-6.3.13.tgz"},"maintainers":[{"name":"amasad","email":"amjad.masad@gmail.com"},{"name":"hzoo","email":"hi@henryzoo.com"},{"name":"jmm","email":"npm-public@jessemccarthy.net"},{"name":"loganfsmyth","email":"loganfsmyth@gmail.com"},{"name":"sebmck","email":"sebmck@gmail.com"},{"name":"thejameskyle","email":"me@thejameskyle.com"}],"directories":{}},"6.4.5":{"name":"babel-helper-remap-async-to-generator","version":"6.4.5","description":"## Usage","repository":{"type":"git","url":"https://github.com/babel/babel/tree/master/packages/babel-helper-remap-async-to-generator"},"license":"MIT","main":"lib/index.js","dependencies":{"babel-runtime":"^5.0.0","babel-template":"^6.3.13","babel-types":"^6.4.5","babel-traverse":"^6.4.5","babel-helper-function-name":"^6.3.13"},"_id":"babel-helper-remap-async-to-generator@6.4.5","scripts":{},"_shasum":"258287ce37fbf8b9e5839ac9a5617b953074e2bd","_from":".","_npmVersion":"3.5.2","_nodeVersion":"5.1.0","_npmUser":{"name":"hzoo","email":"hi@henryzoo.com"},"dist":{"shasum":"258287ce37fbf8b9e5839ac9a5617b953074e2bd","tarball":"https://registry.npmjs.org/babel-helper-remap-async-to-generator/-/babel-helper-remap-async-to-generator-6.4.5.tgz"},"maintainers":[{"name":"amasad","email":"amjad.masad@gmail.com"},{"name":"hzoo","email":"hi@henryzoo.com"},{"name":"jmm","email":"npm-public@jessemccarthy.net"},{"name":"loganfsmyth","email":"loganfsmyth@gmail.com"},{"name":"sebmck","email":"sebmck@gmail.com"},{"name":"thejameskyle","email":"me@thejameskyle.com"}],"directories":{}},"6.4.6":{"name":"babel-helper-remap-async-to-generator","version":"6.4.6","description":"## Usage","repository":{"type":"git","url":"https://github.com/babel/babel/tree/master/packages/babel-helper-remap-async-to-generator"},"license":"MIT","main":"lib/index.js","dependencies":{"babel-runtime":"^5.0.0","babel-template":"^6.3.13","babel-types":"^6.4.5","babel-traverse":"^6.4.5","babel-helper-function-name":"^6.3.13"},"_id":"babel-helper-remap-async-to-generator@6.4.6","scripts":{},"_shasum":"5e163d1af5f62ab8cdbc503c278a77b7c0d8769a","_from":".","_npmVersion":"2.14.7","_nodeVersion":"4.2.2","_npmUser":{"name":"amasad","email":"amjad.masad@gmail.com"},"maintainers":[{"name":"amasad","email":"amjad.masad@gmail.com"},{"name":"hzoo","email":"hi@henryzoo.com"},{"name":"jmm","email":"npm-public@jessemccarthy.net"},{"name":"loganfsmyth","email":"loganfsmyth@gmail.com"},{"name":"sebmck","email":"sebmck@gmail.com"},{"name":"thejameskyle","email":"me@thejameskyle.com"}],"dist":{"shasum":"5e163d1af5f62ab8cdbc503c278a77b7c0d8769a","tarball":"https://registry.npmjs.org/babel-helper-remap-async-to-generator/-/babel-helper-remap-async-to-generator-6.4.6.tgz"},"directories":{}},"6.5.0":{"name":"babel-helper-remap-async-to-generator","version":"6.5.0","description":"## Usage","repository":{"type":"git","url":"https://github.com/babel/babel/tree/master/packages/babel-helper-remap-async-to-generator"},"license":"MIT","main":"lib/index.js","dependencies":{"babel-runtime":"^5.0.0","babel-template":"^6.3.13","babel-types":"^6.4.5","babel-traverse":"^6.4.5","babel-helper-function-name":"^6.3.13"},"_id":"babel-helper-remap-async-to-generator@6.5.0","scripts":{},"_shasum":"f4bcad924366dd886b66c2bd01f5131bc3c9eace","_from":".","_npmVersion":"3.6.0","_nodeVersion":"5.1.0","_npmUser":{"name":"hzoo","email":"hi@henryzoo.com"},"dist":{"shasum":"f4bcad924366dd886b66c2bd01f5131bc3c9eace","tarball":"https://registry.npmjs.org/babel-helper-remap-async-to-generator/-/babel-helper-remap-async-to-generator-6.5.0.tgz"},"maintainers":[{"name":"amasad","email":"amjad.masad@gmail.com"},{"name":"hzoo","email":"hi@henryzoo.com"},{"name":"jmm","email":"npm-public@jessemccarthy.net"},{"name":"loganfsmyth","email":"loganfsmyth@gmail.com"},{"name":"sebmck","email":"sebmck@gmail.com"},{"name":"thejameskyle","email":"me@thejameskyle.com"}],"_npmOperationalInternal":{"host":"packages-9-west.internal.npmjs.com","tmp":"tmp/babel-helper-remap-async-to-generator-6.5.0.tgz_1454803621427_0.42312614992260933"},"directories":{}},"6.5.0-1":{"name":"babel-helper-remap-async-to-generator","version":"6.5.0-1","description":"## Usage","repository":{"type":"git","url":"https://github.com/babel/babel/tree/master/packages/babel-helper-remap-async-to-generator"},"license":"MIT","main":"lib/index.js","dependencies":{"babel-runtime":"^5.0.0","babel-template":"^6.5.0-1","babel-types":"^6.5.0-1","babel-traverse":"^6.5.0-1","babel-helper-function-name":"^6.5.0-1"},"_id":"babel-helper-remap-async-to-generator@6.5.0-1","scripts":{},"_shasum":"2181bb917ceaeae0c1be972210547d1e50580413","_from":".","_npmVersion":"3.6.0","_nodeVersion":"5.1.0","_npmUser":{"name":"hzoo","email":"hi@henryzoo.com"},"dist":{"shasum":"2181bb917ceaeae0c1be972210547d1e50580413","tarball":"https://registry.npmjs.org/babel-helper-remap-async-to-generator/-/babel-helper-remap-async-to-generator-6.5.0-1.tgz"},"maintainers":[{"name":"amasad","email":"amjad.masad@gmail.com"},{"name":"hzoo","email":"hi@henryzoo.com"},{"name":"jmm","email":"npm-public@jessemccarthy.net"},{"name":"loganfsmyth","email":"loganfsmyth@gmail.com"},{"name":"sebmck","email":"sebmck@gmail.com"},{"name":"thejameskyle","email":"me@thejameskyle.com"}],"_npmOperationalInternal":{"host":"packages-6-west.internal.npmjs.com","tmp":"tmp/babel-helper-remap-async-to-generator-6.5.0-1.tgz_1454812788532_0.5359872803092003"},"directories":{}},"6.6.0":{"name":"babel-helper-remap-async-to-generator","version":"6.6.0","description":"## Usage","repository":{"type":"git","url":"https://github.com/babel/babel/tree/master/packages/babel-helper-remap-async-to-generator"},"license":"MIT","main":"lib/index.js","dependencies":{"babel-runtime":"^5.0.0","babel-template":"^6.6.0","babel-types":"^6.6.0","babel-traverse":"^6.6.0","babel-helper-function-name":"^6.6.0"},"_id":"babel-helper-remap-async-to-generator@6.6.0","scripts":{},"_shasum":"83c5207b51e4d8157f6d725617427fdf533f159a","_from":".","_npmVersion":"3.6.0","_nodeVersion":"5.1.0","_npmUser":{"name":"hzoo","email":"hi@henryzoo.com"},"dist":{"shasum":"83c5207b51e4d8157f6d725617427fdf533f159a","tarball":"https://registry.npmjs.org/babel-helper-remap-async-to-generator/-/babel-helper-remap-async-to-generator-6.6.0.tgz"},"maintainers":[{"name":"amasad","email":"amjad.masad@gmail.com"},{"name":"hzoo","email":"hi@henryzoo.com"},{"name":"jmm","email":"npm-public@jessemccarthy.net"},{"name":"loganfsmyth","email":"loganfsmyth@gmail.com"},{"name":"sebmck","email":"sebmck@gmail.com"},{"name":"thejameskyle","email":"me@thejameskyle.com"}],"_npmOperationalInternal":{"host":"packages-5-east.internal.npmjs.com","tmp":"tmp/babel-helper-remap-async-to-generator-6.6.0.tgz_1456780352285_0.616795931244269"},"directories":{}},"6.6.5":{"name":"babel-helper-remap-async-to-generator","version":"6.6.5","description":"## Usage","repository":{"type":"git","url":"https://github.com/babel/babel/tree/master/packages/babel-helper-remap-async-to-generator"},"license":"MIT","main":"lib/index.js","dependencies":{"babel-runtime":"^5.0.0","babel-template":"^6.6.5","babel-types":"^6.6.5","babel-traverse":"^6.6.5","babel-helper-function-name":"^6.6.0"},"_id":"babel-helper-remap-async-to-generator@6.6.5","scripts":{},"_shasum":"b53591e3f3390f22cfc3918752da66d53d2af877","_from":".","_npmVersion":"3.6.0","_nodeVersion":"5.1.0","_npmUser":{"name":"hzoo","email":"hi@henryzoo.com"},"dist":{"shasum":"b53591e3f3390f22cfc3918752da66d53d2af877","tarball":"https://registry.npmjs.org/babel-helper-remap-async-to-generator/-/babel-helper-remap-async-to-generator-6.6.5.tgz"},"maintainers":[{"name":"amasad","email":"amjad.masad@gmail.com"},{"name":"hzoo","email":"hi@henryzoo.com"},{"name":"jmm","email":"npm-public@jessemccarthy.net"},{"name":"loganfsmyth","email":"loganfsmyth@gmail.com"},{"name":"sebmck","email":"sebmck@gmail.com"},{"name":"thejameskyle","email":"me@thejameskyle.com"}],"_npmOperationalInternal":{"host":"packages-13-west.internal.npmjs.com","tmp":"tmp/babel-helper-remap-async-to-generator-6.6.5.tgz_1457133398829_0.29704947932623327"},"directories":{}},"6.7.0":{"name":"babel-helper-remap-async-to-generator","version":"6.7.0","description":"## Usage","repository":{"type":"git","url":"https://github.com/babel/babel/tree/master/packages/babel-helper-remap-async-to-generator"},"license":"MIT","main":"lib/index.js","dependencies":{"babel-runtime":"^5.0.0","babel-template":"^6.7.0","babel-types":"^6.7.0","babel-traverse":"^6.7.0","babel-helper-function-name":"^6.6.0"},"_id":"babel-helper-remap-async-to-generator@6.7.0","scripts":{},"_shasum":"b5cdbf058170bac710df314a6133097ec3c9629d","_from":".","_npmVersion":"3.3.12","_nodeVersion":"5.5.0","_npmUser":{"name":"amasad","email":"amjad.masad@gmail.com"},"maintainers":[{"name":"amasad","email":"amjad.masad@gmail.com"},{"name":"hzoo","email":"hi@henryzoo.com"},{"name":"jmm","email":"npm-public@jessemccarthy.net"},{"name":"loganfsmyth","email":"loganfsmyth@gmail.com"},{"name":"sebmck","email":"sebmck@gmail.com"},{"name":"thejameskyle","email":"me@thejameskyle.com"}],"dist":{"shasum":"b5cdbf058170bac710df314a6133097ec3c9629d","tarball":"https://registry.npmjs.org/babel-helper-remap-async-to-generator/-/babel-helper-remap-async-to-generator-6.7.0.tgz"},"_npmOperationalInternal":{"host":"packages-13-west.internal.npmjs.com","tmp":"tmp/babel-helper-remap-async-to-generator-6.7.0.tgz_1457484772642_0.6999830834101886"},"directories":{}},"6.8.0":{"name":"babel-helper-remap-async-to-generator","version":"6.8.0","description":"## Usage","repository":{"type":"git","url":"https://github.com/babel/babel/tree/master/packages/babel-helper-remap-async-to-generator"},"license":"MIT","main":"lib/index.js","dependencies":{"babel-runtime":"^6.0.0","babel-template":"^6.8.0","babel-types":"^6.8.0","babel-traverse":"^6.8.0","babel-helper-function-name":"^6.8.0"},"_id":"babel-helper-remap-async-to-generator@6.8.0","scripts":{},"_shasum":"b64c5efa019055790027efb3968f6d59ac1420ec","_from":".","_npmVersion":"3.8.6","_nodeVersion":"5.1.0","_npmUser":{"name":"hzoo","email":"hi@henryzoo.com"},"maintainers":[{"name":"amasad","email":"amjad.masad@gmail.com"},{"name":"hzoo","email":"hi@henryzoo.com"},{"name":"jmm","email":"npm-public@jessemccarthy.net"},{"name":"loganfsmyth","email":"loganfsmyth@gmail.com"},{"name":"sebmck","email":"sebmck@gmail.com"},{"name":"thejameskyle","email":"me@thejameskyle.com"}],"dist":{"shasum":"b64c5efa019055790027efb3968f6d59ac1420ec","tarball":"https://registry.npmjs.org/babel-helper-remap-async-to-generator/-/babel-helper-remap-async-to-generator-6.8.0.tgz"},"_npmOperationalInternal":{"host":"packages-12-west.internal.npmjs.com","tmp":"tmp/babel-helper-remap-async-to-generator-6.8.0.tgz_1462232647141_0.42262928280979395"},"directories":{}},"6.11.2":{"name":"babel-helper-remap-async-to-generator","version":"6.11.2","description":"## Usage","repository":{"type":"git","url":"https://github.com/babel/babel/tree/master/packages/babel-helper-remap-async-to-generator"},"license":"MIT","main":"lib/index.js","dependencies":{"babel-runtime":"^6.0.0","babel-template":"^6.8.0","babel-types":"^6.8.0","babel-traverse":"^6.8.0","babel-helper-function-name":"^6.8.0"},"_id":"babel-helper-remap-async-to-generator@6.11.2","scripts":{},"_shasum":"fe482d566355d36f946d7db162fd4eb56258a6ff","_from":".","_npmVersion":"3.9.3","_nodeVersion":"5.9.0","_npmUser":{"name":"loganfsmyth","email":"loganfsmyth@gmail.com"},"dist":{"shasum":"fe482d566355d36f946d7db162fd4eb56258a6ff","tarball":"https://registry.npmjs.org/babel-helper-remap-async-to-generator/-/babel-helper-remap-async-to-generator-6.11.2.tgz"},"maintainers":[{"name":"amasad","email":"amjad.masad@gmail.com"},{"name":"hzoo","email":"hi@henryzoo.com"},{"name":"jmm","email":"npm-public@jessemccarthy.net"},{"name":"loganfsmyth","email":"loganfsmyth@gmail.com"},{"name":"sebmck","email":"sebmck@gmail.com"},{"name":"thejameskyle","email":"me@thejameskyle.com"}],"_npmOperationalInternal":{"host":"packages-16-east.internal.npmjs.com","tmp":"tmp/babel-helper-remap-async-to-generator-6.11.2.tgz_1467180885035_0.28857485693879426"},"directories":{}},"6.16.0":{"name":"babel-helper-remap-async-to-generator","version":"6.16.0","description":"## Usage","repository":{"type":"git","url":"https://github.com/babel/babel/tree/master/packages/babel-helper-remap-async-to-generator"},"license":"MIT","main":"lib/index.js","dependencies":{"babel-runtime":"^6.0.0","babel-template":"^6.16.0","babel-types":"^6.16.0","babel-traverse":"^6.16.0","babel-helper-function-name":"^6.8.0"},"_id":"babel-helper-remap-async-to-generator@6.16.0","scripts":{},"_shasum":"76856edb279b3a4069b6031cf0f17d7a617ec3de","_from":".","_npmVersion":"3.10.8","_nodeVersion":"5.11.1","_npmUser":{"name":"hzoo","email":"hi@henryzoo.com"},"dist":{"shasum":"76856edb279b3a4069b6031cf0f17d7a617ec3de","tarball":"https://registry.npmjs.org/babel-helper-remap-async-to-generator/-/babel-helper-remap-async-to-generator-6.16.0.tgz"},"maintainers":[{"name":"amasad","email":"amjad.masad@gmail.com"},{"name":"hzoo","email":"hi@henryzoo.com"},{"name":"jmm","email":"npm-public@jessemccarthy.net"},{"name":"loganfsmyth","email":"loganfsmyth@gmail.com"},{"name":"sebmck","email":"sebmck@gmail.com"},{"name":"thejameskyle","email":"me@thejameskyle.com"}],"_npmOperationalInternal":{"host":"packages-12-west.internal.npmjs.com","tmp":"tmp/babel-helper-remap-async-to-generator-6.16.0.tgz_1475091529300_0.7695351319853216"},"directories":{}},"6.16.2":{"name":"babel-helper-remap-async-to-generator","version":"6.16.2","description":"## Usage","repository":{"type":"git","url":"https://github.com/babel/babel/tree/master/packages/babel-helper-remap-async-to-generator"},"license":"MIT","main":"lib/index.js","dependencies":{"babel-runtime":"^6.0.0","babel-template":"^6.16.0","babel-types":"^6.16.0","babel-traverse":"^6.16.0","babel-helper-function-name":"^6.8.0"},"_id":"babel-helper-remap-async-to-generator@6.16.2","scripts":{},"_shasum":"24315bde8326c60022dc053cce84cfe38d724b82","_from":".","_npmVersion":"3.10.8","_nodeVersion":"5.11.1","_npmUser":{"name":"hzoo","email":"hi@henryzoo.com"},"dist":{"shasum":"24315bde8326c60022dc053cce84cfe38d724b82","tarball":"https://registry.npmjs.org/babel-helper-remap-async-to-generator/-/babel-helper-remap-async-to-generator-6.16.2.tgz"},"maintainers":[{"name":"amasad","email":"amjad.masad@gmail.com"},{"name":"hzoo","email":"hi@henryzoo.com"},{"name":"jmm","email":"npm-public@jessemccarthy.net"},{"name":"loganfsmyth","email":"loganfsmyth@gmail.com"},{"name":"sebmck","email":"sebmck@gmail.com"},{"name":"thejameskyle","email":"me@thejameskyle.com"}],"_npmOperationalInternal":{"host":"packages-16-east.internal.npmjs.com","tmp":"tmp/babel-helper-remap-async-to-generator-6.16.2.tgz_1475153207544_0.8891994392033666"},"directories":{}},"6.18.0":{"name":"babel-helper-remap-async-to-generator","version":"6.18.0","description":"Helper function to remap async functions to generators","repository":{"type":"git","url":"https://github.com/babel/babel/tree/master/packages/babel-helper-remap-async-to-generator"},"license":"MIT","main":"lib/index.js","dependencies":{"babel-runtime":"^6.0.0","babel-template":"^6.16.0","babel-types":"^6.18.0","babel-traverse":"^6.18.0","babel-helper-function-name":"^6.18.0"},"_id":"babel-helper-remap-async-to-generator@6.18.0","scripts":{},"_shasum":"336cdf3cab650bb191b02fc16a3708e7be7f9ce5","_from":".","_npmVersion":"3.10.8","_nodeVersion":"6.9.0","_npmUser":{"name":"hzoo","email":"hi@henryzoo.com"},"dist":{"shasum":"336cdf3cab650bb191b02fc16a3708e7be7f9ce5","tarball":"https://registry.npmjs.org/babel-helper-remap-async-to-generator/-/babel-helper-remap-async-to-generator-6.18.0.tgz"},"maintainers":[{"name":"amasad","email":"amjad.masad@gmail.com"},{"name":"hzoo","email":"hi@henryzoo.com"},{"name":"jmm","email":"npm-public@jessemccarthy.net"},{"name":"loganfsmyth","email":"loganfsmyth@gmail.com"},{"name":"sebmck","email":"sebmck@gmail.com"},{"name":"thejameskyle","email":"me@thejameskyle.com"}],"_npmOperationalInternal":{"host":"packages-12-west.internal.npmjs.com","tmp":"tmp/babel-helper-remap-async-to-generator-6.18.0.tgz_1477343931091_0.6799094395246357"},"directories":{}},"6.20.0":{"name":"babel-helper-remap-async-to-generator","version":"6.20.0","description":"Helper function to remap async functions to generators","repository":{"type":"git","url":"https://github.com/babel/babel/tree/master/packages/babel-helper-remap-async-to-generator"},"license":"MIT","main":"lib/index.js","dependencies":{"babel-runtime":"^6.20.0","babel-template":"^6.16.0","babel-types":"^6.20.0","babel-traverse":"^6.20.0","babel-helper-function-name":"^6.18.0"},"_id":"babel-helper-remap-async-to-generator@6.20.0","scripts":{},"_shasum":"8eae6b817bf3511925670bd05f1b4c11e43bf2eb","_from":".","_npmVersion":"3.10.8","_nodeVersion":"6.9.0","_npmUser":{"name":"hzoo","email":"hi@henryzoo.com"},"dist":{"shasum":"8eae6b817bf3511925670bd05f1b4c11e43bf2eb","tarball":"https://registry.npmjs.org/babel-helper-remap-async-to-generator/-/babel-helper-remap-async-to-generator-6.20.0.tgz"},"maintainers":[{"name":"amasad","email":"amjad.masad@gmail.com"},{"name":"hzoo","email":"hi@henryzoo.com"},{"name":"jmm","email":"npm-public@jessemccarthy.net"},{"name":"loganfsmyth","email":"loganfsmyth@gmail.com"},{"name":"sebmck","email":"sebmck@gmail.com"},{"name":"thejameskyle","email":"me@thejameskyle.com"}],"_npmOperationalInternal":{"host":"packages-18-east.internal.npmjs.com","tmp":"tmp/babel-helper-remap-async-to-generator-6.20.0.tgz_1481239543204_0.5906123335007578"},"directories":{}},"6.20.3":{"name":"babel-helper-remap-async-to-generator","version":"6.20.3","description":"Helper function to remap async functions to generators","repository":{"type":"git","url":"https://github.com/babel/babel/tree/master/packages/babel-helper-remap-async-to-generator"},"license":"MIT","main":"lib/index.js","dependencies":{"babel-runtime":"^6.20.0","babel-template":"^6.16.0","babel-types":"^6.20.0","babel-traverse":"^6.20.0","babel-helper-function-name":"^6.18.0"},"_id":"babel-helper-remap-async-to-generator@6.20.3","scripts":{},"_shasum":"9dd3b396f13e35ef63e538098500adc24c63c4e7","_from":".","_npmVersion":"3.10.8","_nodeVersion":"6.9.0","_npmUser":{"name":"hzoo","email":"hi@henryzoo.com"},"dist":{"shasum":"9dd3b396f13e35ef63e538098500adc24c63c4e7","tarball":"https://registry.npmjs.org/babel-helper-remap-async-to-generator/-/babel-helper-remap-async-to-generator-6.20.3.tgz"},"maintainers":[{"name":"amasad","email":"amjad.masad@gmail.com"},{"name":"hzoo","email":"hi@henryzoo.com"},{"name":"jmm","email":"npm-public@jessemccarthy.net"},{"name":"loganfsmyth","email":"loganfsmyth@gmail.com"},{"name":"sebmck","email":"sebmck@gmail.com"},{"name":"thejameskyle","email":"me@thejameskyle.com"}],"_npmOperationalInternal":{"host":"packages-12-west.internal.npmjs.com","tmp":"tmp/babel-helper-remap-async-to-generator-6.20.3.tgz_1481252138879_0.7473150084260851"},"directories":{}},"6.22.0":{"name":"babel-helper-remap-async-to-generator","version":"6.22.0","description":"Helper function to remap async functions to generators","repository":{"type":"git","url":"https://github.com/babel/babel/tree/master/packages/babel-helper-remap-async-to-generator"},"license":"MIT","main":"lib/index.js","dependencies":{"babel-runtime":"^6.22.0","babel-template":"^6.22.0","babel-types":"^6.22.0","babel-traverse":"^6.22.0","babel-helper-function-name":"^6.22.0"},"_id":"babel-helper-remap-async-to-generator@6.22.0","scripts":{},"_shasum":"2186ae73278ed03b8b15ced089609da981053383","_from":".","_npmVersion":"3.10.10","_nodeVersion":"6.9.0","_npmUser":{"name":"hzoo","email":"hi@henryzoo.com"},"dist":{"shasum":"2186ae73278ed03b8b15ced089609da981053383","tarball":"https://registry.npmjs.org/babel-helper-remap-async-to-generator/-/babel-helper-remap-async-to-generator-6.22.0.tgz"},"maintainers":[{"name":"amasad","email":"amjad.masad@gmail.com"},{"name":"hzoo","email":"hi@henryzoo.com"},{"name":"jmm","email":"npm-public@jessemccarthy.net"},{"name":"loganfsmyth","email":"loganfsmyth@gmail.com"},{"name":"sebmck","email":"sebmck@gmail.com"},{"name":"thejameskyle","email":"me@thejameskyle.com"}],"_npmOperationalInternal":{"host":"packages-12-west.internal.npmjs.com","tmp":"tmp/babel-helper-remap-async-to-generator-6.22.0.tgz_1484872415513_0.3233352794777602"},"directories":{}},"7.0.0-alpha.1":{"name":"babel-helper-remap-async-to-generator","version":"7.0.0-alpha.1","description":"Helper function to remap async functions to generators","repository":{"type":"git","url":"https://github.com/babel/babel/tree/master/packages/babel-helper-remap-async-to-generator"},"license":"MIT","main":"lib/index.js","dependencies":{"babel-template":"7.0.0-alpha.1","babel-types":"7.0.0-alpha.1","babel-traverse":"7.0.0-alpha.1","babel-helper-function-name":"7.0.0-alpha.1"},"_id":"babel-helper-remap-async-to-generator@7.0.0-alpha.1","scripts":{},"_shasum":"3f128424e406e94727654969a80349758bae72c2","_from":".","_npmVersion":"3.10.10","_nodeVersion":"6.9.0","_npmUser":{"name":"hzoo","email":"hi@henryzoo.com"},"dist":{"shasum":"3f128424e406e94727654969a80349758bae72c2","tarball":"https://registry.npmjs.org/babel-helper-remap-async-to-generator/-/babel-helper-remap-async-to-generator-7.0.0-alpha.1.tgz"},"maintainers":[{"name":"amasad","email":"amjad.masad@gmail.com"},{"name":"hzoo","email":"hi@henryzoo.com"},{"name":"jmm","email":"npm-public@jessemccarthy.net"},{"name":"loganfsmyth","email":"loganfsmyth@gmail.com"},{"name":"sebmck","email":"sebmck@gmail.com"},{"name":"thejameskyle","email":"me@thejameskyle.com"}],"_npmOperationalInternal":{"host":"packages-18-east.internal.npmjs.com","tmp":"tmp/babel-helper-remap-async-to-generator-7.0.0-alpha.1.tgz_1488488752994_0.004694266244769096"},"directories":{}},"7.0.0-alpha.3":{"name":"babel-helper-remap-async-to-generator","version":"7.0.0-alpha.3","description":"Helper function to remap async functions to generators","repository":{"type":"git","url":"https://github.com/babel/babel/tree/master/packages/babel-helper-remap-async-to-generator"},"license":"MIT","main":"lib/index.js","dependencies":{"babel-template":"7.0.0-alpha.3","babel-types":"7.0.0-alpha.3","babel-traverse":"7.0.0-alpha.3","babel-helper-function-name":"7.0.0-alpha.3"},"_id":"babel-helper-remap-async-to-generator@7.0.0-alpha.3","scripts":{},"_shasum":"9b137a1222a186f1cfb6fa292af5d302085e1aa7","_from":".","_npmVersion":"3.10.10","_nodeVersion":"6.9.0","_npmUser":{"name":"hzoo","email":"hi@henryzoo.com"},"dist":{"shasum":"9b137a1222a186f1cfb6fa292af5d302085e1aa7","tarball":"https://registry.npmjs.org/babel-helper-remap-async-to-generator/-/babel-helper-remap-async-to-generator-7.0.0-alpha.3.tgz"},"maintainers":[{"name":"amasad","email":"amjad.masad@gmail.com"},{"name":"hzoo","email":"hi@henryzoo.com"},{"name":"jmm","email":"npm-public@jessemccarthy.net"},{"name":"loganfsmyth","email":"loganfsmyth@gmail.com"},{"name":"sebmck","email":"sebmck@gmail.com"},{"name":"thejameskyle","email":"me@thejameskyle.com"}],"_npmOperationalInternal":{"host":"packages-12-west.internal.npmjs.com","tmp":"tmp/babel-helper-remap-async-to-generator-7.0.0-alpha.3.tgz_1490298592702_0.28527464787475765"},"directories":{}},"7.0.0-alpha.7":{"name":"babel-helper-remap-async-to-generator","version":"7.0.0-alpha.7","description":"Helper function to remap async functions to generators","repository":{"type":"git","url":"https://github.com/babel/babel/tree/master/packages/babel-helper-remap-async-to-generator"},"license":"MIT","main":"lib/index.js","dependencies":{"babel-template":"7.0.0-alpha.7","babel-types":"7.0.0-alpha.7","babel-traverse":"7.0.0-alpha.7","babel-helper-function-name":"7.0.0-alpha.7"},"_id":"babel-helper-remap-async-to-generator@7.0.0-alpha.7","scripts":{},"_shasum":"c1436c4cb0d8c01f65f0a055098a05df24d53c7c","_from":".","_npmVersion":"3.10.10","_nodeVersion":"6.9.0","_npmUser":{"name":"hzoo","email":"hi@henryzoo.com"},"dist":{"shasum":"c1436c4cb0d8c01f65f0a055098a05df24d53c7c","tarball":"https://registry.npmjs.org/babel-helper-remap-async-to-generator/-/babel-helper-remap-async-to-generator-7.0.0-alpha.7.tgz"},"maintainers":[{"name":"amasad","email":"amjad.masad@gmail.com"},{"name":"hzoo","email":"hi@henryzoo.com"},{"name":"jmm","email":"npm-public@jessemccarthy.net"},{"name":"loganfsmyth","email":"loganfsmyth@gmail.com"},{"name":"sebmck","email":"sebmck@gmail.com"},{"name":"thejameskyle","email":"me@thejameskyle.com"}],"_npmOperationalInternal":{"host":"packages-12-west.internal.npmjs.com","tmp":"tmp/babel-helper-remap-async-to-generator-7.0.0-alpha.7.tgz_1491426863843_0.43564241006970406"},"directories":{}},"6.24.1":{"name":"babel-helper-remap-async-to-generator","version":"6.24.1","description":"Helper function to remap async functions to generators","repository":{"type":"git","url":"https://github.com/babel/babel/tree/master/packages/babel-helper-remap-async-to-generator"},"license":"MIT","main":"lib/index.js","dependencies":{"babel-runtime":"^6.22.0","babel-template":"^6.24.1","babel-types":"^6.24.1","babel-traverse":"^6.24.1","babel-helper-function-name":"^6.24.1"},"_id":"babel-helper-remap-async-to-generator@6.24.1","scripts":{},"_shasum":"5ec581827ad723fecdd381f1c928390676e4551b","_from":".","_npmVersion":"3.10.10","_nodeVersion":"6.9.0","_npmUser":{"name":"hzoo","email":"hi@henryzoo.com"},"dist":{"shasum":"5ec581827ad723fecdd381f1c928390676e4551b","tarball":"https://registry.npmjs.org/babel-helper-remap-async-to-generator/-/babel-helper-remap-async-to-generator-6.24.1.tgz"},"maintainers":[{"name":"amasad","email":"amjad.masad@gmail.com"},{"name":"hzoo","email":"hi@henryzoo.com"},{"name":"jmm","email":"npm-public@jessemccarthy.net"},{"name":"loganfsmyth","email":"loganfsmyth@gmail.com"},{"name":"sebmck","email":"sebmck@gmail.com"},{"name":"thejameskyle","email":"me@thejameskyle.com"}],"_npmOperationalInternal":{"host":"packages-12-west.internal.npmjs.com","tmp":"tmp/babel-helper-remap-async-to-generator-6.24.1.tgz_1491578371405_0.2808144383598119"},"directories":{}},"7.0.0-alpha.8":{"name":"babel-helper-remap-async-to-generator","version":"7.0.0-alpha.8","description":"Helper function to remap async functions to generators","repository":{"type":"git","url":"https://github.com/babel/babel/tree/master/packages/babel-helper-remap-async-to-generator"},"license":"MIT","main":"lib/index.js","dependencies":{"babel-template":"7.0.0-alpha.8","babel-types":"7.0.0-alpha.7","babel-traverse":"7.0.0-alpha.8","babel-helper-function-name":"7.0.0-alpha.8"},"_id":"babel-helper-remap-async-to-generator@7.0.0-alpha.8","scripts":{},"_shasum":"329424026a321be871c02e96b1baea85b906c399","_from":".","_npmVersion":"3.10.10","_nodeVersion":"6.9.0","_npmUser":{"name":"hzoo","email":"hi@henryzoo.com"},"dist":{"shasum":"329424026a321be871c02e96b1baea85b906c399","tarball":"https://registry.npmjs.org/babel-helper-remap-async-to-generator/-/babel-helper-remap-async-to-generator-7.0.0-alpha.8.tgz"},"maintainers":[{"name":"amasad","email":"amjad.masad@gmail.com"},{"name":"hzoo","email":"hi@henryzoo.com"},{"name":"jmm","email":"npm-public@jessemccarthy.net"},{"name":"loganfsmyth","email":"loganfsmyth@gmail.com"},{"name":"sebmck","email":"sebmck@gmail.com"},{"name":"thejameskyle","email":"me@thejameskyle.com"}],"_npmOperationalInternal":{"host":"packages-12-west.internal.npmjs.com","tmp":"tmp/babel-helper-remap-async-to-generator-7.0.0-alpha.8.tgz_1492456398371_0.3995205136016011"},"directories":{}},"7.0.0-alpha.9":{"name":"babel-helper-remap-async-to-generator","version":"7.0.0-alpha.9","description":"Helper function to remap async functions to generators","repository":{"type":"git","url":"https://github.com/babel/babel/tree/master/packages/babel-helper-remap-async-to-generator"},"license":"MIT","main":"lib/index.js","dependencies":{"babel-template":"7.0.0-alpha.9","babel-types":"7.0.0-alpha.9","babel-traverse":"7.0.0-alpha.9","babel-helper-function-name":"7.0.0-alpha.9"},"_id":"babel-helper-remap-async-to-generator@7.0.0-alpha.9","scripts":{},"_shasum":"22fce32bd1d66c206d766a74ca948149836d04ff","_from":".","_npmVersion":"3.10.10","_nodeVersion":"6.9.0","_npmUser":{"name":"hzoo","email":"hi@henryzoo.com"},"dist":{"shasum":"22fce32bd1d66c206d766a74ca948149836d04ff","tarball":"https://registry.npmjs.org/babel-helper-remap-async-to-generator/-/babel-helper-remap-async-to-generator-7.0.0-alpha.9.tgz"},"maintainers":[{"name":"amasad","email":"amjad.masad@gmail.com"},{"name":"hzoo","email":"hi@henryzoo.com"},{"name":"jmm","email":"npm-public@jessemccarthy.net"},{"name":"loganfsmyth","email":"loganfsmyth@gmail.com"},{"name":"sebmck","email":"sebmck@gmail.com"},{"name":"thejameskyle","email":"me@thejameskyle.com"}],"_npmOperationalInternal":{"host":"packages-12-west.internal.npmjs.com","tmp":"tmp/babel-helper-remap-async-to-generator-7.0.0-alpha.9.tgz_1492526544479_0.31819187942892313"},"directories":{}},"7.0.0-alpha.10":{"name":"babel-helper-remap-async-to-generator","version":"7.0.0-alpha.10","description":"Helper function to remap async functions to generators","repository":{"type":"git","url":"https://github.com/babel/babel/tree/master/packages/babel-helper-remap-async-to-generator"},"license":"MIT","main":"lib/index.js","dependencies":{"babel-template":"7.0.0-alpha.10","babel-types":"7.0.0-alpha.10","babel-traverse":"7.0.0-alpha.10","babel-helper-function-name":"7.0.0-alpha.10"},"_id":"babel-helper-remap-async-to-generator@7.0.0-alpha.10","scripts":{},"_shasum":"888dc9eb1aa013b3dd3f96e8d8acf39105486f9c","_from":".","_npmVersion":"3.10.10","_nodeVersion":"6.9.0","_npmUser":{"name":"hzoo","email":"hi@henryzoo.com"},"dist":{"shasum":"888dc9eb1aa013b3dd3f96e8d8acf39105486f9c","tarball":"https://registry.npmjs.org/babel-helper-remap-async-to-generator/-/babel-helper-remap-async-to-generator-7.0.0-alpha.10.tgz"},"maintainers":[{"email":"daniel@tschinder.de","name":"danez"},{"email":"hi@henryzoo.com","name":"hzoo"},{"email":"loganfsmyth@gmail.com","name":"loganfsmyth"}],"_npmOperationalInternal":{"host":"s3://npm-registry-packages","tmp":"tmp/babel-helper-remap-async-to-generator-7.0.0-alpha.10.tgz_1495739868299_0.9555975182447582"},"directories":{}},"7.0.0-alpha.11":{"name":"babel-helper-remap-async-to-generator","version":"7.0.0-alpha.11","description":"Helper function to remap async functions to generators","repository":{"type":"git","url":"https://github.com/babel/babel/tree/master/packages/babel-helper-remap-async-to-generator"},"license":"MIT","main":"lib/index.js","dependencies":{"babel-helper-function-name":"7.0.0-alpha.11","babel-template":"7.0.0-alpha.11","babel-traverse":"7.0.0-alpha.11","babel-types":"7.0.0-alpha.11"},"_id":"babel-helper-remap-async-to-generator@7.0.0-alpha.11","_npmVersion":"5.0.0","_nodeVersion":"6.9.0","_npmUser":{"name":"hzoo","email":"hi@henryzoo.com"},"dist":{"integrity":"sha512-N/F8WYbtkp1SAezc9aZlPH6En3aBKz0jxRXB3jRgrr074lB0gigS4YnLw3V8uCNaH3r0+OLSyLMgWRtYU/DFHQ==","shasum":"098f383bc7b934fe885e372a0e0eaf6045ca4f30","tarball":"https://registry.npmjs.org/babel-helper-remap-async-to-generator/-/babel-helper-remap-async-to-generator-7.0.0-alpha.11.tgz"},"maintainers":[{"email":"sebmck@gmail.com","name":"sebmck"},{"email":"daniel@tschinder.de","name":"danez"},{"email":"hi@henryzoo.com","name":"hzoo"},{"email":"loganfsmyth@gmail.com","name":"loganfsmyth"}],"_npmOperationalInternal":{"host":"s3://npm-registry-packages","tmp":"tmp/babel-helper-remap-async-to-generator-7.0.0-alpha.11.tgz_1496263438180_0.9482605194207281"},"directories":{}},"7.0.0-alpha.12":{"name":"babel-helper-remap-async-to-generator","version":"7.0.0-alpha.12","description":"Helper function to remap async functions to generators","repository":{"type":"git","url":"https://github.com/babel/babel/tree/master/packages/babel-helper-remap-async-to-generator"},"license":"MIT","main":"lib/index.js","dependencies":{"babel-helper-function-name":"7.0.0-alpha.12","babel-template":"7.0.0-alpha.12","babel-traverse":"7.0.0-alpha.12","babel-types":"7.0.0-alpha.12"},"_id":"babel-helper-remap-async-to-generator@7.0.0-alpha.12","_npmVersion":"5.0.0","_nodeVersion":"6.9.0","_npmUser":{"name":"hzoo","email":"hi@henryzoo.com"},"dist":{"integrity":"sha512-wdkorAhDY/nSsELt6MiOg44dfMTVO8hPZ2BnPRkVbwh+2e/mZYCauNxb8vqGyPrBYV1zZDl2cWVgISqNhtutxA==","shasum":"11fe927190bac445e43c39425d32ab8e29cd1251","tarball":"https://registry.npmjs.org/babel-helper-remap-async-to-generator/-/babel-helper-remap-async-to-generator-7.0.0-alpha.12.tgz"},"maintainers":[{"email":"sebmck@gmail.com","name":"sebmck"},{"email":"daniel@tschinder.de","name":"danez"},{"email":"hi@henryzoo.com","name":"hzoo"},{"email":"loganfsmyth@gmail.com","name":"loganfsmyth"}],"_npmOperationalInternal":{"host":"s3://npm-registry-packages","tmp":"tmp/babel-helper-remap-async-to-generator-7.0.0-alpha.12.tgz_1496265133100_0.548022547736764"},"directories":{}},"7.0.0-alpha.14":{"name":"babel-helper-remap-async-to-generator","version":"7.0.0-alpha.14","description":"Helper function to remap async functions to generators","repository":{"type":"git","url":"https://github.com/babel/babel/tree/master/packages/babel-helper-remap-async-to-generator"},"license":"MIT","main":"lib/index.js","dependencies":{"babel-helper-function-name":"7.0.0-alpha.14","babel-template":"7.0.0-alpha.14","babel-traverse":"7.0.0-alpha.14","babel-types":"7.0.0-alpha.14"},"_id":"babel-helper-remap-async-to-generator@7.0.0-alpha.14","scripts":{},"_shasum":"b773490bdb33c2c39dc8fa23b435c01861c204b1","_from":".","_npmVersion":"4.6.1","_nodeVersion":"6.9.0","_npmUser":{"name":"hzoo","email":"hi@henryzoo.com"},"dist":{"shasum":"b773490bdb33c2c39dc8fa23b435c01861c204b1","tarball":"https://registry.npmjs.org/babel-helper-remap-async-to-generator/-/babel-helper-remap-async-to-generator-7.0.0-alpha.14.tgz"},"maintainers":[{"email":"sebmck@gmail.com","name":"sebmck"},{"email":"daniel@tschinder.de","name":"danez"},{"email":"hi@henryzoo.com","name":"hzoo"},{"email":"loganfsmyth@gmail.com","name":"loganfsmyth"}],"_npmOperationalInternal":{"host":"s3://npm-registry-packages","tmp":"tmp/babel-helper-remap-async-to-generator-7.0.0-alpha.14.tgz_1499828062178_0.16805932554416358"},"directories":{}},"7.0.0-alpha.15":{"name":"babel-helper-remap-async-to-generator","version":"7.0.0-alpha.15","description":"Helper function to remap async functions to generators","repository":{"type":"git","url":"https://github.com/babel/babel/tree/master/packages/babel-helper-remap-async-to-generator"},"license":"MIT","main":"lib/index.js","dependencies":{"babel-helper-function-name":"7.0.0-alpha.15","babel-template":"7.0.0-alpha.15","babel-traverse":"7.0.0-alpha.15","babel-types":"7.0.0-alpha.15"},"_id":"babel-helper-remap-async-to-generator@7.0.0-alpha.15","scripts":{},"_shasum":"c7c50408dffaa6e0b372b7b395f6fa33ab152d89","_from":".","_npmVersion":"4.6.1","_nodeVersion":"6.9.0","_npmUser":{"name":"hzoo","email":"hi@henryzoo.com"},"dist":{"shasum":"c7c50408dffaa6e0b372b7b395f6fa33ab152d89","tarball":"https://registry.npmjs.org/babel-helper-remap-async-to-generator/-/babel-helper-remap-async-to-generator-7.0.0-alpha.15.tgz"},"maintainers":[{"email":"sebmck@gmail.com","name":"sebmck"},{"email":"daniel@tschinder.de","name":"danez"},{"email":"hi@henryzoo.com","name":"hzoo"},{"email":"loganfsmyth@gmail.com","name":"loganfsmyth"}],"_npmOperationalInternal":{"host":"s3://npm-registry-packages","tmp":"tmp/babel-helper-remap-async-to-generator-7.0.0-alpha.15.tgz_1499830599155_0.8494118982926011"},"directories":{}},"7.0.0-alpha.16":{"name":"babel-helper-remap-async-to-generator","version":"7.0.0-alpha.16","description":"Helper function to remap async functions to generators","repository":{"type":"git","url":"https://github.com/babel/babel/tree/master/packages/babel-helper-remap-async-to-generator"},"license":"MIT","main":"lib/index.js","dependencies":{"babel-helper-wrap-function":"7.0.0-alpha.16","babel-template":"7.0.0-alpha.16","babel-traverse":"7.0.0-alpha.16","babel-types":"7.0.0-alpha.16"},"_id":"babel-helper-remap-async-to-generator@7.0.0-alpha.16","scripts":{},"_shasum":"3c68be8d7bebe6e64bfcd0d9a21553e859a5dc07","_from":".","_npmVersion":"4.6.1","_nodeVersion":"6.9.0","_npmUser":{"name":"hzoo","email":"hi@henryzoo.com"},"dist":{"shasum":"3c68be8d7bebe6e64bfcd0d9a21553e859a5dc07","tarball":"https://registry.npmjs.org/babel-helper-remap-async-to-generator/-/babel-helper-remap-async-to-generator-7.0.0-alpha.16.tgz"},"maintainers":[{"email":"sebmck@gmail.com","name":"sebmck"},{"email":"daniel@tschinder.de","name":"danez"},{"email":"hi@henryzoo.com","name":"hzoo"},{"email":"loganfsmyth@gmail.com","name":"loganfsmyth"}],"_npmOperationalInternal":{"host":"s3://npm-registry-packages","tmp":"tmp/babel-helper-remap-async-to-generator-7.0.0-alpha.16.tgz_1501017519004_0.4418371575884521"},"directories":{}},"7.0.0-alpha.17":{"name":"babel-helper-remap-async-to-generator","version":"7.0.0-alpha.17","description":"Helper function to remap async functions to generators","repository":{"type":"git","url":"https://github.com/babel/babel/tree/master/packages/babel-helper-remap-async-to-generator"},"license":"MIT","main":"lib/index.js","dependencies":{"babel-helper-wrap-function":"7.0.0-alpha.17","babel-template":"7.0.0-alpha.17","babel-traverse":"7.0.0-alpha.17","babel-types":"7.0.0-alpha.17"},"_id":"babel-helper-remap-async-to-generator@7.0.0-alpha.17","scripts":{},"_shasum":"a6b231bd87ec6f7d7eaec867030e7a7099da74af","_from":".","_npmVersion":"4.6.1","_nodeVersion":"6.9.0","_npmUser":{"name":"hzoo","email":"hi@henryzoo.com"},"dist":{"shasum":"a6b231bd87ec6f7d7eaec867030e7a7099da74af","tarball":"https://registry.npmjs.org/babel-helper-remap-async-to-generator/-/babel-helper-remap-async-to-generator-7.0.0-alpha.17.tgz"},"maintainers":[{"email":"sebmck@gmail.com","name":"sebmck"},{"email":"daniel@tschinder.de","name":"danez"},{"email":"hi@henryzoo.com","name":"hzoo"},{"email":"loganfsmyth@gmail.com","name":"loganfsmyth"}],"_npmOperationalInternal":{"host":"s3://npm-registry-packages","tmp":"tmp/babel-helper-remap-async-to-generator-7.0.0-alpha.17.tgz_1501072812142_0.3001496852375567"},"directories":{}},"7.0.0-alpha.18":{"name":"babel-helper-remap-async-to-generator","version":"7.0.0-alpha.18","description":"Helper function to remap async functions to generators","repository":{"type":"git","url":"https://github.com/babel/babel/tree/master/packages/babel-helper-remap-async-to-generator"},"license":"MIT","main":"lib/index.js","dependencies":{"babel-helper-wrap-function":"7.0.0-alpha.18","babel-template":"7.0.0-alpha.18","babel-traverse":"7.0.0-alpha.18","babel-types":"7.0.0-alpha.18"},"_id":"babel-helper-remap-async-to-generator@7.0.0-alpha.18","_npmVersion":"5.3.0","_nodeVersion":"8.1.4","_npmUser":{"name":"hzoo","email":"hi@henryzoo.com"},"dist":{"integrity":"sha512-r4FDthZ8LGUpDuXNqMHOa+sSvuwMcWWubZqfoWZZHjw9O2hK+1KOxIM9zD356P3WYxmdJFDeFyNrImu0O0Kj3A==","shasum":"e02a2bbe7a201df5412057052097c7e5db2d85bc","tarball":"https://registry.npmjs.org/babel-helper-remap-async-to-generator/-/babel-helper-remap-async-to-generator-7.0.0-alpha.18.tgz"},"maintainers":[{"email":"me@thejameskyle.com","name":"thejameskyle"},{"email":"sebmck@gmail.com","name":"sebmck"},{"email":"daniel@tschinder.de","name":"danez"},{"email":"hi@henryzoo.com","name":"hzoo"},{"email":"loganfsmyth@gmail.com","name":"loganfsmyth"}],"_npmOperationalInternal":{"host":"s3://npm-registry-packages","tmp":"tmp/babel-helper-remap-async-to-generator-7.0.0-alpha.18.tgz_1501798900846_0.5701445073354989"},"directories":{}},"7.0.0-alpha.19":{"name":"babel-helper-remap-async-to-generator","version":"7.0.0-alpha.19","description":"Helper function to remap async functions to generators","repository":{"type":"git","url":"https://github.com/babel/babel/tree/master/packages/babel-helper-remap-async-to-generator"},"license":"MIT","main":"lib/index.js","dependencies":{"babel-helper-wrap-function":"7.0.0-alpha.19","babel-template":"7.0.0-alpha.19","babel-traverse":"7.0.0-alpha.19","babel-types":"7.0.0-alpha.19"},"_id":"babel-helper-remap-async-to-generator@7.0.0-alpha.19","_npmVersion":"5.3.0","_nodeVersion":"8.1.4","_npmUser":{"name":"hzoo","email":"hi@henryzoo.com"},"dist":{"integrity":"sha512-WQ7yQA2jk1OFL4lVL6t250rXfqGaMSQ1UJHQSx91N9QVUw/JNkRx3NBAo2iypEXWFFBQ1GvdEns0SZ4XjqEaOw==","shasum":"ddae33dbb4fbc539d9dddc3a9c4ad0395f8f5341","tarball":"https://registry.npmjs.org/babel-helper-remap-async-to-generator/-/babel-helper-remap-async-to-generator-7.0.0-alpha.19.tgz"},"maintainers":[{"email":"me@thejameskyle.com","name":"thejameskyle"},{"email":"sebmck@gmail.com","name":"sebmck"},{"email":"daniel@tschinder.de","name":"danez"},{"email":"hi@henryzoo.com","name":"hzoo"},{"email":"loganfsmyth@gmail.com","name":"loganfsmyth"}],"_npmOperationalInternal":{"host":"s3://npm-registry-packages","tmp":"tmp/babel-helper-remap-async-to-generator-7.0.0-alpha.19.tgz_1502144544307_0.029827608028426766"},"directories":{}},"7.0.0-alpha.20":{"name":"babel-helper-remap-async-to-generator","version":"7.0.0-alpha.20","description":"Helper function to remap async functions to generators","repository":{"type":"git","url":"https://github.com/babel/babel/tree/master/packages/babel-helper-remap-async-to-generator"},"license":"MIT","main":"lib/index.js","dependencies":{"babel-helper-wrap-function":"7.0.0-alpha.20","babel-template":"7.0.0-alpha.20","babel-traverse":"7.0.0-alpha.20","babel-types":"7.0.0-alpha.20"},"_id":"babel-helper-remap-async-to-generator@7.0.0-alpha.20","_npmVersion":"5.3.0","_nodeVersion":"8.1.4","_npmUser":{"name":"hzoo","email":"hi@henryzoo.com"},"dist":{"integrity":"sha512-BvO9LYsCB+2qodDOKWV2HgGYdG4JFfZIaH3hodWRioYJzoLCYsOjx+YU/ZG4xTrGPMllgwdijMX0bVze16Jb6A==","shasum":"0bf252ee814156322014c6498a2d361cb6c402aa","tarball":"https://registry.npmjs.org/babel-helper-remap-async-to-generator/-/babel-helper-remap-async-to-generator-7.0.0-alpha.20.tgz"},"maintainers":[{"email":"me@thejameskyle.com","name":"thejameskyle"},{"email":"sebmck@gmail.com","name":"sebmck"},{"email":"daniel@tschinder.de","name":"danez"},{"email":"hi@henryzoo.com","name":"hzoo"},{"email":"loganfsmyth@gmail.com","name":"loganfsmyth"}],"_npmOperationalInternal":{"host":"s3://npm-registry-packages","tmp":"tmp/babel-helper-remap-async-to-generator-7.0.0-alpha.20.tgz_1504119894028_0.4830667588394135"},"directories":{}},"7.0.0-beta.0":{"name":"babel-helper-remap-async-to-generator","version":"7.0.0-beta.0","description":"Helper function to remap async functions to generators","repository":{"type":"git","url":"https://github.com/babel/babel/tree/master/packages/babel-helper-remap-async-to-generator"},"license":"MIT","main":"lib/index.js","dependencies":{"babel-helper-wrap-function":"7.0.0-beta.0","babel-template":"7.0.0-beta.0","babel-traverse":"7.0.0-beta.0","babel-types":"7.0.0-beta.0"},"_id":"babel-helper-remap-async-to-generator@7.0.0-beta.0","_npmVersion":"5.3.0","_nodeVersion":"8.1.4","_npmUser":{"name":"hzoo","email":"hi@henryzoo.com"},"dist":{"integrity":"sha512-JP8gcFaNwfczyWxCgeRhXtKKaCBWybMgNF8vaftmcOcXlKWPgDJwvOdJLxRsznGf/IqCW/L1vAJAG0DPCM4yug==","shasum":"3560b8ba63f42bf3bfbcb0541a840f1acc47c856","tarball":"https://registry.npmjs.org/babel-helper-remap-async-to-generator/-/babel-helper-remap-async-to-generator-7.0.0-beta.0.tgz"},"maintainers":[{"email":"me@thejameskyle.com","name":"thejameskyle"},{"email":"sebmck@gmail.com","name":"sebmck"},{"email":"daniel@tschinder.de","name":"danez"},{"email":"hi@henryzoo.com","name":"hzoo"},{"email":"loganfsmyth@gmail.com","name":"loganfsmyth"}],"_npmOperationalInternal":{"host":"s3://npm-registry-packages","tmp":"tmp/babel-helper-remap-async-to-generator-7.0.0-beta.0.tgz_1505185392452_0.4947043985594064"},"directories":{}},"7.0.0-beta.1":{"name":"babel-helper-remap-async-to-generator","version":"7.0.0-beta.1","description":"Helper function to remap async functions to generators","repository":{"type":"git","url":"https://github.com/babel/babel/tree/master/packages/babel-helper-remap-async-to-generator"},"license":"MIT","main":"lib/index.js","dependencies":{"babel-helper-wrap-function":"7.0.0-beta.1","babel-template":"7.0.0-beta.1","babel-traverse":"7.0.0-beta.1","babel-types":"7.0.0-beta.1"},"_id":"babel-helper-remap-async-to-generator@7.0.0-beta.1","_npmVersion":"5.4.1","_nodeVersion":"8.1.4","_npmUser":{"name":"hzoo","email":"hi@henryzoo.com"},"dist":{"integrity":"sha512-ySPW0wjCmqXqMmXnVoGZjBGLEISTgxpGSedYgtXtyquGYhpVWmiR+1qvSFlbnZl5FzSL0gLP09RskX+oRBFshA==","shasum":"66df5915e32adc9eaa0f98c999ca716728b2cb11","tarball":"https://registry.npmjs.org/babel-helper-remap-async-to-generator/-/babel-helper-remap-async-to-generator-7.0.0-beta.1.tgz"},"maintainers":[{"email":"me@thejameskyle.com","name":"thejameskyle"},{"email":"sebmck@gmail.com","name":"sebmck"},{"email":"daniel@tschinder.de","name":"danez"},{"email":"hi@henryzoo.com","name":"hzoo"},{"email":"loganfsmyth@gmail.com","name":"loganfsmyth"}],"_npmOperationalInternal":{"host":"s3://npm-registry-packages","tmp":"tmp/babel-helper-remap-async-to-generator-7.0.0-beta.1.tgz_1505852697908_0.9350421037524939"},"directories":{}},"7.0.0-beta.2":{"name":"babel-helper-remap-async-to-generator","version":"7.0.0-beta.2","description":"Helper function to remap async functions to generators","repository":{"type":"git","url":"https://github.com/babel/babel/tree/master/packages/babel-helper-remap-async-to-generator"},"license":"MIT","main":"lib/index.js","dependencies":{"babel-helper-wrap-function":"7.0.0-beta.2","babel-template":"7.0.0-beta.2","babel-traverse":"7.0.0-beta.2","babel-types":"7.0.0-beta.2"},"_id":"babel-helper-remap-async-to-generator@7.0.0-beta.2","_npmVersion":"5.4.1","_nodeVersion":"8.1.4","_npmUser":{"name":"hzoo","email":"hi@henryzoo.com"},"dist":{"integrity":"sha512-WMmOz4sAP/IjUX2Xf0lqOk+qXGlbs9nOA7ERcqURtC9+set1kX2ZgXs5Yrz9lWUoS8dYZSdcKEzNuMojqV8Qpw==","shasum":"88834569ac9ee504398eb20cdd735ecd25cbb4de","tarball":"https://registry.npmjs.org/babel-helper-remap-async-to-generator/-/babel-helper-remap-async-to-generator-7.0.0-beta.2.tgz"},"maintainers":[{"email":"bng412@gmail.com","name":"existentialism"},{"email":"me@thejameskyle.com","name":"thejameskyle"},{"email":"sebmck@gmail.com","name":"sebmck"},{"email":"daniel@tschinder.de","name":"danez"},{"email":"hi@henryzoo.com","name":"hzoo"},{"email":"loganfsmyth@gmail.com","name":"loganfsmyth"}],"_npmOperationalInternal":{"host":"s3://npm-registry-packages","tmp":"tmp/babel-helper-remap-async-to-generator-7.0.0-beta.2.tgz_1506438979199_0.08549366635270417"},"directories":{}},"7.0.0-beta.3":{"name":"babel-helper-remap-async-to-generator","version":"7.0.0-beta.3","description":"Helper function to remap async functions to generators","repository":{"type":"git","url":"https://github.com/babel/babel/tree/master/packages/babel-helper-remap-async-to-generator"},"license":"MIT","main":"lib/index.js","dependencies":{"babel-helper-wrap-function":"7.0.0-beta.3","babel-template":"7.0.0-beta.3","babel-traverse":"7.0.0-beta.3","babel-types":"7.0.0-beta.3"},"_id":"babel-helper-remap-async-to-generator@7.0.0-beta.3","_npmVersion":"5.5.1","_nodeVersion":"8.1.4","_npmUser":{"name":"hzoo","email":"hi@henryzoo.com"},"dist":{"integrity":"sha512-zTuzSAn4FM7WlduV9o/GoY7iU1Rfm6WqO6edwZ3LwexnJ/eGEa/46DNUYSUA2ApvXjRX/J7Ox9TRJHv2U4xbhg==","shasum":"03d300afbbf85262512923caec9790e6e8beeb18","tarball":"https://registry.npmjs.org/babel-helper-remap-async-to-generator/-/babel-helper-remap-async-to-generator-7.0.0-beta.3.tgz"},"maintainers":[{"email":"bng412@gmail.com","name":"existentialism"},{"email":"me@thejameskyle.com","name":"thejameskyle"},{"email":"sebmck@gmail.com","name":"sebmck"},{"email":"daniel@tschinder.de","name":"danez"},{"email":"hi@henryzoo.com","name":"hzoo"},{"email":"loganfsmyth@gmail.com","name":"loganfsmyth"}],"_npmOperationalInternal":{"host":"s3://npm-registry-packages","tmp":"tmp/babel-helper-remap-async-to-generator-7.0.0-beta.3.tgz_1508073162174_0.6031745986547321"},"directories":{}}},"readme":"# babel-helper-remap-async-to-generator\n\n## Usage\n\nTODO\n","maintainers":[{"email":"bng412@gmail.com","name":"existentialism"},{"email":"me@thejameskyle.com","name":"thejameskyle"},{"email":"sebmck@gmail.com","name":"sebmck"},{"email":"daniel@tschinder.de","name":"danez"},{"email":"hi@henryzoo.com","name":"hzoo"},{"email":"loganfsmyth@gmail.com","name":"loganfsmyth"}],"time":{"modified":"2017-10-15T13:12:43.125Z","created":"2015-10-29T17:55:36.174Z","6.0.0":"2015-10-29T17:55:36.174Z","6.0.2":"2015-10-29T18:09:42.386Z","6.0.14":"2015-10-30T23:33:38.178Z","6.0.15":"2015-11-01T22:09:17.711Z","6.0.16":"2015-11-02T07:14:25.936Z","6.1.2":"2015-11-05T11:11:10.663Z","6.1.4":"2015-11-11T10:05:48.685Z","6.1.5":"2015-11-12T06:50:58.537Z","6.1.6":"2015-11-12T07:33:58.069Z","6.1.7":"2015-11-12T07:38:23.789Z","6.1.8":"2015-11-12T07:41:25.474Z","6.1.9":"2015-11-12T07:48:26.193Z","6.1.10":"2015-11-12T07:53:51.138Z","6.1.12":"2015-11-12T08:49:05.741Z","6.1.13":"2015-11-12T19:58:37.745Z","6.1.16":"2015-11-12T21:34:22.861Z","6.1.17":"2015-11-12T21:41:14.029Z","6.1.18":"2015-11-12T21:47:35.522Z","6.2.4":"2015-11-25T03:13:18.097Z","6.3.0":"2015-11-30T22:58:51.057Z","6.3.13":"2015-12-04T11:57:38.885Z","6.4.5":"2016-01-19T23:02:49.908Z","6.4.6":"2016-01-20T08:58:54.714Z","6.5.0":"2016-02-07T00:07:03.908Z","6.5.0-1":"2016-02-07T02:39:51.175Z","6.6.0":"2016-02-29T21:12:34.057Z","6.6.5":"2016-03-04T23:16:42.101Z","6.7.0":"2016-03-09T00:52:55.460Z","6.8.0":"2016-05-02T23:44:09.483Z","6.11.2":"2016-06-29T06:14:47.561Z","6.16.0":"2016-09-28T19:38:51.195Z","6.16.2":"2016-09-29T12:46:48.457Z","6.18.0":"2016-10-24T21:18:53.163Z","6.20.0":"2016-12-08T23:25:43.761Z","6.20.3":"2016-12-09T02:55:40.996Z","6.22.0":"2017-01-20T00:33:37.390Z","7.0.0-alpha.1":"2017-03-02T21:05:54.724Z","7.0.0-alpha.3":"2017-03-23T19:49:52.934Z","7.0.0-alpha.7":"2017-04-05T21:14:26.009Z","6.24.1":"2017-04-07T15:19:31.649Z","7.0.0-alpha.8":"2017-04-17T19:13:18.609Z","7.0.0-alpha.9":"2017-04-18T14:42:24.714Z","7.0.0-alpha.10":"2017-05-25T19:17:49.064Z","7.0.0-alpha.11":"2017-05-31T20:43:58.260Z","7.0.0-alpha.12":"2017-05-31T21:12:13.197Z","7.0.0-alpha.14":"2017-07-12T02:54:23.326Z","7.0.0-alpha.15":"2017-07-12T03:36:40.087Z","7.0.0-alpha.16":"2017-07-25T21:18:39.891Z","7.0.0-alpha.17":"2017-07-26T12:40:13.643Z","7.0.0-alpha.18":"2017-08-03T22:21:41.519Z","7.0.0-alpha.19":"2017-08-07T22:22:24.496Z","7.0.0-alpha.20":"2017-08-30T19:04:54.101Z","7.0.0-beta.0":"2017-09-12T03:03:13.357Z","7.0.0-beta.1":"2017-09-19T20:24:57.990Z","7.0.0-beta.2":"2017-09-26T15:16:20.173Z","7.0.0-beta.3":"2017-10-15T13:12:43.125Z"},"repository":{"type":"git","url":"https://github.com/babel/babel/tree/master/packages/babel-helper-remap-async-to-generator"},"license":"MIT","readmeFilename":"README.md","_attachments":{},"_etag":"W/\"684083eb0d848cc882be3506f553a2b0\"","_lastModified":"Sat, 26 May 2018 01:34:36 GMT"}