{"_id":"babel-helper-explode-assignable-expression","_rev":"81-abb7a3ffa81f9d370c4bdfe22b6be8b7","name":"babel-helper-explode-assignable-expression","description":"Helper function to explode an assignable expression","dist-tags":{"latest":"6.24.1","next":"7.0.0-beta.3"},"versions":{"6.0.0":{"name":"babel-helper-explode-assignable-expression","version":"6.0.0","description":"## Usage","repository":{"type":"git","url":"git+https://github.com/babel/babel.git"},"license":"MIT","main":"lib/index.js","dependencies":{"babel-traverse":"^6.0.0","babel-runtime":"^6.0.0","babel-types":"^6.0.0"},"bugs":{"url":"https://github.com/babel/babel/issues"},"homepage":"https://github.com/babel/babel#readme","_id":"babel-helper-explode-assignable-expression@6.0.0","scripts":{},"_shasum":"b6027ef990e8d709ff3647c57d91bdec7ddb6d4a","_from":".","_npmVersion":"2.14.3","_nodeVersion":"4.1.0","_npmUser":{"name":"sebmck","email":"sebmck@gmail.com"},"dist":{"shasum":"b6027ef990e8d709ff3647c57d91bdec7ddb6d4a","tarball":"https://registry.npmjs.org/babel-helper-explode-assignable-expression/-/babel-helper-explode-assignable-expression-6.0.0.tgz"},"maintainers":[{"name":"sebmck","email":"sebmck@gmail.com"}],"directories":{}},"6.0.2":{"name":"babel-helper-explode-assignable-expression","version":"6.0.2","description":"## Usage","repository":{"type":"git","url":"git+https://github.com/babel/babel.git"},"license":"MIT","main":"lib/index.js","dependencies":{"babel-traverse":"^6.0.2","babel-runtime":"^6.0.2","babel-types":"^6.0.2"},"bugs":{"url":"https://github.com/babel/babel/issues"},"homepage":"https://github.com/babel/babel#readme","_id":"babel-helper-explode-assignable-expression@6.0.2","scripts":{},"_shasum":"3cb6c95a37be3f0b7c567f8aecfb62f209e1bfca","_from":".","_npmVersion":"2.14.3","_nodeVersion":"4.1.0","_npmUser":{"name":"sebmck","email":"sebmck@gmail.com"},"dist":{"shasum":"3cb6c95a37be3f0b7c567f8aecfb62f209e1bfca","tarball":"https://registry.npmjs.org/babel-helper-explode-assignable-expression/-/babel-helper-explode-assignable-expression-6.0.2.tgz"},"maintainers":[{"name":"sebmck","email":"sebmck@gmail.com"}],"directories":{}},"6.0.14":{"name":"babel-helper-explode-assignable-expression","version":"6.0.14","description":"## Usage","repository":{"type":"git","url":"https://github.com/babel/babel/tree/master/packages/babel-helper-explode-assignable-expression"},"license":"MIT","main":"lib/index.js","dependencies":{"babel-traverse":"^6.0.14","babel-runtime":"^5.0.0","babel-types":"^6.0.14"},"_id":"babel-helper-explode-assignable-expression@6.0.14","scripts":{},"_shasum":"720f31ff9855a1d013255be4f7cd1c43bd3c95ad","_from":".","_npmVersion":"2.14.9","_nodeVersion":"4.1.0","_npmUser":{"name":"sebmck","email":"sebmck@gmail.com"},"dist":{"shasum":"720f31ff9855a1d013255be4f7cd1c43bd3c95ad","tarball":"https://registry.npmjs.org/babel-helper-explode-assignable-expression/-/babel-helper-explode-assignable-expression-6.0.14.tgz"},"maintainers":[{"name":"sebmck","email":"sebmck@gmail.com"}],"directories":{}},"6.0.15":{"name":"babel-helper-explode-assignable-expression","version":"6.0.15","description":"## Usage","repository":{"type":"git","url":"https://github.com/babel/babel/tree/master/packages/babel-helper-explode-assignable-expression"},"license":"MIT","main":"lib/index.js","dependencies":{"babel-traverse":"^6.0.14","babel-runtime":"^5.0.0","babel-types":"^6.0.15"},"_id":"babel-helper-explode-assignable-expression@6.0.15","scripts":{},"_shasum":"9f046e268d08c264a24a96024947734fcbc1fed7","_from":".","_npmVersion":"2.14.9","_nodeVersion":"4.1.0","_npmUser":{"name":"sebmck","email":"sebmck@gmail.com"},"dist":{"shasum":"9f046e268d08c264a24a96024947734fcbc1fed7","tarball":"https://registry.npmjs.org/babel-helper-explode-assignable-expression/-/babel-helper-explode-assignable-expression-6.0.15.tgz"},"maintainers":[{"name":"sebmck","email":"sebmck@gmail.com"}],"directories":{}},"6.1.5":{"name":"babel-helper-explode-assignable-expression","version":"6.1.5","description":"## Usage","repository":{"type":"git","url":"https://github.com/babel/babel/tree/master/packages/babel-helper-explode-assignable-expression"},"license":"MIT","main":"lib/index.js","dependencies":{"babel-traverse":"^6.1.5","babel-runtime":"^5.0.0","babel-types":"^6.1.5"},"_id":"babel-helper-explode-assignable-expression@6.1.5","scripts":{},"_shasum":"0d51891932dcd724b87d5142f785535d533d93bd","_from":".","_npmVersion":"3.3.10","_nodeVersion":"4.1.0","_npmUser":{"name":"sebmck","email":"sebmck@gmail.com"},"dist":{"shasum":"0d51891932dcd724b87d5142f785535d533d93bd","tarball":"https://registry.npmjs.org/babel-helper-explode-assignable-expression/-/babel-helper-explode-assignable-expression-6.1.5.tgz"},"maintainers":[{"name":"sebmck","email":"sebmck@gmail.com"}],"directories":{}},"6.1.6":{"name":"babel-helper-explode-assignable-expression","version":"6.1.6","description":"## Usage","repository":{"type":"git","url":"https://github.com/babel/babel/tree/master/packages/babel-helper-explode-assignable-expression"},"license":"MIT","main":"lib/index.js","dependencies":{"babel-traverse":"^6.1.6","babel-runtime":"^5.0.0","babel-types":"^6.1.6"},"_id":"babel-helper-explode-assignable-expression@6.1.6","scripts":{},"_shasum":"b46c08feb33f9b424252a7a23a14c8628649faac","_from":".","_npmVersion":"3.3.10","_nodeVersion":"4.1.0","_npmUser":{"name":"sebmck","email":"sebmck@gmail.com"},"dist":{"shasum":"b46c08feb33f9b424252a7a23a14c8628649faac","tarball":"https://registry.npmjs.org/babel-helper-explode-assignable-expression/-/babel-helper-explode-assignable-expression-6.1.6.tgz"},"maintainers":[{"name":"amasad","email":"amjad.masad@gmail.com"},{"name":"sebmck","email":"sebmck@gmail.com"},{"name":"thejameskyle","email":"me@thejameskyle.com"}],"directories":{}},"6.1.7":{"name":"babel-helper-explode-assignable-expression","version":"6.1.7","description":"## Usage","repository":{"type":"git","url":"https://github.com/babel/babel/tree/master/packages/babel-helper-explode-assignable-expression"},"license":"MIT","main":"lib/index.js","dependencies":{"babel-traverse":"^6.1.7","babel-runtime":"^5.0.0","babel-types":"^6.1.7"},"_id":"babel-helper-explode-assignable-expression@6.1.7","scripts":{},"_shasum":"d33a2f47f3d1c54826d7991daf8127e7cde292e3","_from":".","_npmVersion":"3.3.10","_nodeVersion":"4.1.0","_npmUser":{"name":"sebmck","email":"sebmck@gmail.com"},"dist":{"shasum":"d33a2f47f3d1c54826d7991daf8127e7cde292e3","tarball":"https://registry.npmjs.org/babel-helper-explode-assignable-expression/-/babel-helper-explode-assignable-expression-6.1.7.tgz"},"maintainers":[{"name":"amasad","email":"amjad.masad@gmail.com"},{"name":"sebmck","email":"sebmck@gmail.com"},{"name":"thejameskyle","email":"me@thejameskyle.com"}],"directories":{}},"6.1.8":{"name":"babel-helper-explode-assignable-expression","version":"6.1.8","description":"## Usage","repository":{"type":"git","url":"https://github.com/babel/babel/tree/master/packages/babel-helper-explode-assignable-expression"},"license":"MIT","main":"lib/index.js","dependencies":{"babel-traverse":"^6.1.8","babel-runtime":"^5.0.0","babel-types":"^6.1.8"},"_id":"babel-helper-explode-assignable-expression@6.1.8","scripts":{},"_shasum":"6bd62178ad4aaf60a83838761c5f1101192d3f6e","_from":".","_npmVersion":"3.3.10","_nodeVersion":"4.1.0","_npmUser":{"name":"sebmck","email":"sebmck@gmail.com"},"dist":{"shasum":"6bd62178ad4aaf60a83838761c5f1101192d3f6e","tarball":"https://registry.npmjs.org/babel-helper-explode-assignable-expression/-/babel-helper-explode-assignable-expression-6.1.8.tgz"},"maintainers":[{"name":"amasad","email":"amjad.masad@gmail.com"},{"name":"sebmck","email":"sebmck@gmail.com"},{"name":"thejameskyle","email":"me@thejameskyle.com"}],"directories":{}},"6.1.9":{"name":"babel-helper-explode-assignable-expression","version":"6.1.9","description":"## Usage","repository":{"type":"git","url":"https://github.com/babel/babel/tree/master/packages/babel-helper-explode-assignable-expression"},"license":"MIT","main":"lib/index.js","dependencies":{"babel-traverse":"^6.1.9","babel-runtime":"^5.0.0","babel-types":"^6.1.9"},"_id":"babel-helper-explode-assignable-expression@6.1.9","scripts":{},"_shasum":"9bb4a51bc343d683cff44ce92c0d5b85ea582334","_from":".","_npmVersion":"3.3.10","_nodeVersion":"4.1.0","_npmUser":{"name":"sebmck","email":"sebmck@gmail.com"},"dist":{"shasum":"9bb4a51bc343d683cff44ce92c0d5b85ea582334","tarball":"https://registry.npmjs.org/babel-helper-explode-assignable-expression/-/babel-helper-explode-assignable-expression-6.1.9.tgz"},"maintainers":[{"name":"amasad","email":"amjad.masad@gmail.com"},{"name":"sebmck","email":"sebmck@gmail.com"},{"name":"thejameskyle","email":"me@thejameskyle.com"}],"directories":{}},"6.1.10":{"name":"babel-helper-explode-assignable-expression","version":"6.1.10","description":"## Usage","repository":{"type":"git","url":"https://github.com/babel/babel/tree/master/packages/babel-helper-explode-assignable-expression"},"license":"MIT","main":"lib/index.js","dependencies":{"babel-traverse":"^6.1.10","babel-runtime":"^5.0.0","babel-types":"^6.1.10"},"_id":"babel-helper-explode-assignable-expression@6.1.10","scripts":{},"_shasum":"6aa7287028945f9fb7214dd9ed3083cd94144264","_from":".","_npmVersion":"3.3.10","_nodeVersion":"4.1.0","_npmUser":{"name":"sebmck","email":"sebmck@gmail.com"},"dist":{"shasum":"6aa7287028945f9fb7214dd9ed3083cd94144264","tarball":"https://registry.npmjs.org/babel-helper-explode-assignable-expression/-/babel-helper-explode-assignable-expression-6.1.10.tgz"},"maintainers":[{"name":"amasad","email":"amjad.masad@gmail.com"},{"name":"sebmck","email":"sebmck@gmail.com"},{"name":"thejameskyle","email":"me@thejameskyle.com"}],"directories":{}},"6.1.11":{"name":"babel-helper-explode-assignable-expression","version":"6.1.11","description":"## Usage","repository":{"type":"git","url":"https://github.com/babel/babel/tree/master/packages/babel-helper-explode-assignable-expression"},"license":"MIT","main":"lib/index.js","dependencies":{"babel-traverse":"^6.1.11","babel-runtime":"^5.0.0","babel-types":"^6.1.11"},"_id":"babel-helper-explode-assignable-expression@6.1.11","scripts":{},"_shasum":"e0355b3f1e316694cde646210492a73064b325bb","_from":".","_npmVersion":"3.3.10","_nodeVersion":"4.1.0","_npmUser":{"name":"sebmck","email":"sebmck@gmail.com"},"dist":{"shasum":"e0355b3f1e316694cde646210492a73064b325bb","tarball":"https://registry.npmjs.org/babel-helper-explode-assignable-expression/-/babel-helper-explode-assignable-expression-6.1.11.tgz"},"maintainers":[{"name":"amasad","email":"amjad.masad@gmail.com"},{"name":"sebmck","email":"sebmck@gmail.com"},{"name":"thejameskyle","email":"me@thejameskyle.com"}],"directories":{}},"6.1.12":{"name":"babel-helper-explode-assignable-expression","version":"6.1.12","description":"## Usage","repository":{"type":"git","url":"https://github.com/babel/babel/tree/master/packages/babel-helper-explode-assignable-expression"},"license":"MIT","main":"lib/index.js","dependencies":{"babel-traverse":"^6.1.12","babel-runtime":"^5.0.0","babel-types":"^6.1.12"},"_id":"babel-helper-explode-assignable-expression@6.1.12","scripts":{},"_shasum":"76943d252ba5c6c9249e1d7a7fcad22897dd5ac6","_from":".","_npmVersion":"3.3.10","_nodeVersion":"4.1.0","_npmUser":{"name":"sebmck","email":"sebmck@gmail.com"},"dist":{"shasum":"76943d252ba5c6c9249e1d7a7fcad22897dd5ac6","tarball":"https://registry.npmjs.org/babel-helper-explode-assignable-expression/-/babel-helper-explode-assignable-expression-6.1.12.tgz"},"maintainers":[{"name":"amasad","email":"amjad.masad@gmail.com"},{"name":"sebmck","email":"sebmck@gmail.com"},{"name":"thejameskyle","email":"me@thejameskyle.com"}],"directories":{}},"6.1.13":{"name":"babel-helper-explode-assignable-expression","version":"6.1.13","description":"## Usage","repository":{"type":"git","url":"https://github.com/babel/babel/tree/master/packages/babel-helper-explode-assignable-expression"},"license":"MIT","main":"lib/index.js","dependencies":{"babel-traverse":"^6.1.13","babel-runtime":"^5.0.0","babel-types":"^6.1.13"},"_id":"babel-helper-explode-assignable-expression@6.1.13","scripts":{},"_shasum":"a6e22a94b3e2fccb5d171cb4639bba2235a9a81b","_from":".","_npmVersion":"3.3.10","_nodeVersion":"4.1.0","_npmUser":{"name":"sebmck","email":"sebmck@gmail.com"},"dist":{"shasum":"a6e22a94b3e2fccb5d171cb4639bba2235a9a81b","tarball":"https://registry.npmjs.org/babel-helper-explode-assignable-expression/-/babel-helper-explode-assignable-expression-6.1.13.tgz"},"maintainers":[{"name":"amasad","email":"amjad.masad@gmail.com"},{"name":"sebmck","email":"sebmck@gmail.com"},{"name":"thejameskyle","email":"me@thejameskyle.com"}],"directories":{}},"6.1.16":{"name":"babel-helper-explode-assignable-expression","version":"6.1.16","description":"## Usage","repository":{"type":"git","url":"https://github.com/babel/babel/tree/master/packages/babel-helper-explode-assignable-expression"},"license":"MIT","main":"lib/index.js","dependencies":{"babel-traverse":"^6.1.16","babel-runtime":"^5.0.0","babel-types":"^6.1.16"},"_id":"babel-helper-explode-assignable-expression@6.1.16","scripts":{},"_shasum":"5dc3d530fabd28517dc5869798f081c031f8fbfb","_from":".","_npmVersion":"3.3.10","_nodeVersion":"4.1.0","_npmUser":{"name":"sebmck","email":"sebmck@gmail.com"},"dist":{"shasum":"5dc3d530fabd28517dc5869798f081c031f8fbfb","tarball":"https://registry.npmjs.org/babel-helper-explode-assignable-expression/-/babel-helper-explode-assignable-expression-6.1.16.tgz"},"maintainers":[{"name":"amasad","email":"amjad.masad@gmail.com"},{"name":"sebmck","email":"sebmck@gmail.com"},{"name":"thejameskyle","email":"me@thejameskyle.com"}],"directories":{}},"6.1.17":{"name":"babel-helper-explode-assignable-expression","version":"6.1.17","description":"## Usage","repository":{"type":"git","url":"https://github.com/babel/babel/tree/master/packages/babel-helper-explode-assignable-expression"},"license":"MIT","main":"lib/index.js","dependencies":{"babel-traverse":"^6.1.17","babel-runtime":"^5.0.0","babel-types":"^6.1.17"},"_id":"babel-helper-explode-assignable-expression@6.1.17","scripts":{},"_shasum":"10b3a74cac0e9cc06211ff87db0baff522163295","_from":".","_npmVersion":"3.3.10","_nodeVersion":"4.1.0","_npmUser":{"name":"sebmck","email":"sebmck@gmail.com"},"dist":{"shasum":"10b3a74cac0e9cc06211ff87db0baff522163295","tarball":"https://registry.npmjs.org/babel-helper-explode-assignable-expression/-/babel-helper-explode-assignable-expression-6.1.17.tgz"},"maintainers":[{"name":"amasad","email":"amjad.masad@gmail.com"},{"name":"sebmck","email":"sebmck@gmail.com"},{"name":"thejameskyle","email":"me@thejameskyle.com"}],"directories":{}},"6.1.18":{"name":"babel-helper-explode-assignable-expression","version":"6.1.18","description":"## Usage","repository":{"type":"git","url":"https://github.com/babel/babel/tree/master/packages/babel-helper-explode-assignable-expression"},"license":"MIT","main":"lib/index.js","dependencies":{"babel-traverse":"^6.1.18","babel-runtime":"^5.0.0","babel-types":"^6.1.18"},"_id":"babel-helper-explode-assignable-expression@6.1.18","scripts":{},"_shasum":"a8e20cc23c564edd0649c8657015be468b959d33","_from":".","_npmVersion":"3.3.10","_nodeVersion":"4.1.0","_npmUser":{"name":"sebmck","email":"sebmck@gmail.com"},"dist":{"shasum":"a8e20cc23c564edd0649c8657015be468b959d33","tarball":"https://registry.npmjs.org/babel-helper-explode-assignable-expression/-/babel-helper-explode-assignable-expression-6.1.18.tgz"},"maintainers":[{"name":"amasad","email":"amjad.masad@gmail.com"},{"name":"sebmck","email":"sebmck@gmail.com"},{"name":"thejameskyle","email":"me@thejameskyle.com"}],"directories":{}},"6.2.0":{"name":"babel-helper-explode-assignable-expression","version":"6.2.0","description":"## Usage","repository":{"type":"git","url":"https://github.com/babel/babel/tree/master/packages/babel-helper-explode-assignable-expression"},"license":"MIT","main":"lib/index.js","dependencies":{"babel-traverse":"^6.2.0","babel-runtime":"^5.0.0","babel-types":"^6.2.0"},"_id":"babel-helper-explode-assignable-expression@6.2.0","scripts":{},"_shasum":"e1167e6d61f62cfcfc1a1d8be5797c84426f579f","_from":".","_npmVersion":"3.3.10","_nodeVersion":"4.1.0","_npmUser":{"name":"sebmck","email":"sebmck@gmail.com"},"dist":{"shasum":"e1167e6d61f62cfcfc1a1d8be5797c84426f579f","tarball":"https://registry.npmjs.org/babel-helper-explode-assignable-expression/-/babel-helper-explode-assignable-expression-6.2.0.tgz"},"maintainers":[{"name":"amasad","email":"amjad.masad@gmail.com"},{"name":"sebmck","email":"sebmck@gmail.com"},{"name":"thejameskyle","email":"me@thejameskyle.com"}],"directories":{}},"6.2.4":{"name":"babel-helper-explode-assignable-expression","version":"6.2.4","description":"## Usage","repository":{"type":"git","url":"https://github.com/babel/babel/tree/master/packages/babel-helper-explode-assignable-expression"},"license":"MIT","main":"lib/index.js","dependencies":{"babel-traverse":"^6.2.4","babel-runtime":"^5.0.0","babel-types":"^6.2.4"},"_id":"babel-helper-explode-assignable-expression@6.2.4","scripts":{},"_shasum":"21615489294587a254fae41451359867d547e26b","_from":".","_npmVersion":"3.3.10","_nodeVersion":"4.1.0","_npmUser":{"name":"sebmck","email":"sebmck@gmail.com"},"dist":{"shasum":"21615489294587a254fae41451359867d547e26b","tarball":"https://registry.npmjs.org/babel-helper-explode-assignable-expression/-/babel-helper-explode-assignable-expression-6.2.4.tgz"},"maintainers":[{"name":"amasad","email":"amjad.masad@gmail.com"},{"name":"sebmck","email":"sebmck@gmail.com"},{"name":"thejameskyle","email":"me@thejameskyle.com"}],"directories":{}},"6.3.13":{"name":"babel-helper-explode-assignable-expression","version":"6.3.13","description":"## Usage","repository":{"type":"git","url":"https://github.com/babel/babel/tree/master/packages/babel-helper-explode-assignable-expression"},"license":"MIT","main":"lib/index.js","dependencies":{"babel-traverse":"^6.3.13","babel-runtime":"^5.0.0","babel-types":"^6.3.13"},"_id":"babel-helper-explode-assignable-expression@6.3.13","scripts":{},"_shasum":"521d50aff320cc4d89ecd22fd48751d9ffd3f9a2","_from":".","_npmVersion":"3.3.10","_nodeVersion":"4.1.0","_npmUser":{"name":"sebmck","email":"sebmck@gmail.com"},"dist":{"shasum":"521d50aff320cc4d89ecd22fd48751d9ffd3f9a2","tarball":"https://registry.npmjs.org/babel-helper-explode-assignable-expression/-/babel-helper-explode-assignable-expression-6.3.13.tgz"},"maintainers":[{"name":"amasad","email":"amjad.masad@gmail.com"},{"name":"hzoo","email":"hi@henryzoo.com"},{"name":"jmm","email":"npm-public@jessemccarthy.net"},{"name":"loganfsmyth","email":"loganfsmyth@gmail.com"},{"name":"sebmck","email":"sebmck@gmail.com"},{"name":"thejameskyle","email":"me@thejameskyle.com"}],"directories":{}},"6.5.0":{"name":"babel-helper-explode-assignable-expression","version":"6.5.0","description":"## Usage","repository":{"type":"git","url":"https://github.com/babel/babel/tree/master/packages/babel-helper-explode-assignable-expression"},"license":"MIT","main":"lib/index.js","dependencies":{"babel-traverse":"^6.3.13","babel-runtime":"^5.0.0","babel-types":"^6.3.13"},"_id":"babel-helper-explode-assignable-expression@6.5.0","scripts":{},"_shasum":"d0261b2c22d29f94af2c0a76308412820ffef622","_from":".","_npmVersion":"3.6.0","_nodeVersion":"5.1.0","_npmUser":{"name":"hzoo","email":"hi@henryzoo.com"},"dist":{"shasum":"d0261b2c22d29f94af2c0a76308412820ffef622","tarball":"https://registry.npmjs.org/babel-helper-explode-assignable-expression/-/babel-helper-explode-assignable-expression-6.5.0.tgz"},"maintainers":[{"name":"amasad","email":"amjad.masad@gmail.com"},{"name":"hzoo","email":"hi@henryzoo.com"},{"name":"jmm","email":"npm-public@jessemccarthy.net"},{"name":"loganfsmyth","email":"loganfsmyth@gmail.com"},{"name":"sebmck","email":"sebmck@gmail.com"},{"name":"thejameskyle","email":"me@thejameskyle.com"}],"_npmOperationalInternal":{"host":"packages-9-west.internal.npmjs.com","tmp":"tmp/babel-helper-explode-assignable-expression-6.5.0.tgz_1454803612924_0.8905164354946464"},"directories":{}},"6.5.0-1":{"name":"babel-helper-explode-assignable-expression","version":"6.5.0-1","description":"## Usage","repository":{"type":"git","url":"https://github.com/babel/babel/tree/master/packages/babel-helper-explode-assignable-expression"},"license":"MIT","main":"lib/index.js","dependencies":{"babel-traverse":"^6.5.0-1","babel-runtime":"^5.0.0","babel-types":"^6.5.0-1"},"_id":"babel-helper-explode-assignable-expression@6.5.0-1","scripts":{},"_shasum":"03a45ff8af1a99472c3a8271d8907652c757ae67","_from":".","_npmVersion":"3.6.0","_nodeVersion":"5.1.0","_npmUser":{"name":"hzoo","email":"hi@henryzoo.com"},"dist":{"shasum":"03a45ff8af1a99472c3a8271d8907652c757ae67","tarball":"https://registry.npmjs.org/babel-helper-explode-assignable-expression/-/babel-helper-explode-assignable-expression-6.5.0-1.tgz"},"maintainers":[{"name":"amasad","email":"amjad.masad@gmail.com"},{"name":"hzoo","email":"hi@henryzoo.com"},{"name":"jmm","email":"npm-public@jessemccarthy.net"},{"name":"loganfsmyth","email":"loganfsmyth@gmail.com"},{"name":"sebmck","email":"sebmck@gmail.com"},{"name":"thejameskyle","email":"me@thejameskyle.com"}],"_npmOperationalInternal":{"host":"packages-9-west.internal.npmjs.com","tmp":"tmp/babel-helper-explode-assignable-expression-6.5.0-1.tgz_1454812780601_0.3116405082400888"},"directories":{}},"6.6.4":{"name":"babel-helper-explode-assignable-expression","version":"6.6.4","description":"## Usage","repository":{"type":"git","url":"https://github.com/babel/babel/tree/master/packages/babel-helper-explode-assignable-expression"},"license":"MIT","main":"lib/index.js","dependencies":{"babel-traverse":"^6.6.4","babel-runtime":"^5.0.0","babel-types":"^6.6.4"},"_id":"babel-helper-explode-assignable-expression@6.6.4","scripts":{},"_shasum":"fcc52e3073e03fa2fbab4be7b19cea52bd88fef6","_from":".","_npmVersion":"3.6.0","_nodeVersion":"5.1.0","_npmUser":{"name":"hzoo","email":"hi@henryzoo.com"},"dist":{"shasum":"fcc52e3073e03fa2fbab4be7b19cea52bd88fef6","tarball":"https://registry.npmjs.org/babel-helper-explode-assignable-expression/-/babel-helper-explode-assignable-expression-6.6.4.tgz"},"maintainers":[{"name":"amasad","email":"amjad.masad@gmail.com"},{"name":"hzoo","email":"hi@henryzoo.com"},{"name":"jmm","email":"npm-public@jessemccarthy.net"},{"name":"loganfsmyth","email":"loganfsmyth@gmail.com"},{"name":"sebmck","email":"sebmck@gmail.com"},{"name":"thejameskyle","email":"me@thejameskyle.com"}],"_npmOperationalInternal":{"host":"packages-13-west.internal.npmjs.com","tmp":"tmp/babel-helper-explode-assignable-expression-6.6.4.tgz_1456954166347_0.1559627577662468"},"directories":{}},"6.6.5":{"name":"babel-helper-explode-assignable-expression","version":"6.6.5","description":"## Usage","repository":{"type":"git","url":"https://github.com/babel/babel/tree/master/packages/babel-helper-explode-assignable-expression"},"license":"MIT","main":"lib/index.js","dependencies":{"babel-traverse":"^6.6.5","babel-runtime":"^5.0.0","babel-types":"^6.6.5"},"_id":"babel-helper-explode-assignable-expression@6.6.5","scripts":{},"_shasum":"bf84547f5fbd4429120162ef4ab6b781fbfd51a0","_from":".","_npmVersion":"3.6.0","_nodeVersion":"5.1.0","_npmUser":{"name":"hzoo","email":"hi@henryzoo.com"},"dist":{"shasum":"bf84547f5fbd4429120162ef4ab6b781fbfd51a0","tarball":"https://registry.npmjs.org/babel-helper-explode-assignable-expression/-/babel-helper-explode-assignable-expression-6.6.5.tgz"},"maintainers":[{"name":"amasad","email":"amjad.masad@gmail.com"},{"name":"hzoo","email":"hi@henryzoo.com"},{"name":"jmm","email":"npm-public@jessemccarthy.net"},{"name":"loganfsmyth","email":"loganfsmyth@gmail.com"},{"name":"sebmck","email":"sebmck@gmail.com"},{"name":"thejameskyle","email":"me@thejameskyle.com"}],"_npmOperationalInternal":{"host":"packages-12-west.internal.npmjs.com","tmp":"tmp/babel-helper-explode-assignable-expression-6.6.5.tgz_1457133390249_0.0322506504599005"},"directories":{}},"6.8.0":{"name":"babel-helper-explode-assignable-expression","version":"6.8.0","description":"## Usage","repository":{"type":"git","url":"https://github.com/babel/babel/tree/master/packages/babel-helper-explode-assignable-expression"},"license":"MIT","main":"lib/index.js","dependencies":{"babel-traverse":"^6.8.0","babel-runtime":"^6.0.0","babel-types":"^6.8.0"},"_id":"babel-helper-explode-assignable-expression@6.8.0","scripts":{},"_shasum":"9b3525e05b761c3b88919d730a28bad1967e6556","_from":".","_npmVersion":"3.8.6","_nodeVersion":"5.1.0","_npmUser":{"name":"hzoo","email":"hi@henryzoo.com"},"maintainers":[{"name":"amasad","email":"amjad.masad@gmail.com"},{"name":"hzoo","email":"hi@henryzoo.com"},{"name":"jmm","email":"npm-public@jessemccarthy.net"},{"name":"loganfsmyth","email":"loganfsmyth@gmail.com"},{"name":"sebmck","email":"sebmck@gmail.com"},{"name":"thejameskyle","email":"me@thejameskyle.com"}],"dist":{"shasum":"9b3525e05b761c3b88919d730a28bad1967e6556","tarball":"https://registry.npmjs.org/babel-helper-explode-assignable-expression/-/babel-helper-explode-assignable-expression-6.8.0.tgz"},"_npmOperationalInternal":{"host":"packages-16-east.internal.npmjs.com","tmp":"tmp/babel-helper-explode-assignable-expression-6.8.0.tgz_1462232638885_0.5129898558370769"},"directories":{}},"6.18.0":{"name":"babel-helper-explode-assignable-expression","version":"6.18.0","description":"Helper function to explode an assignable expression","repository":{"type":"git","url":"https://github.com/babel/babel/tree/master/packages/babel-helper-explode-assignable-expression"},"license":"MIT","main":"lib/index.js","dependencies":{"babel-traverse":"^6.18.0","babel-runtime":"^6.0.0","babel-types":"^6.18.0"},"_id":"babel-helper-explode-assignable-expression@6.18.0","scripts":{},"_shasum":"14b8e8c2d03ad735d4b20f1840b24cd1f65239fe","_from":".","_npmVersion":"3.10.8","_nodeVersion":"6.9.0","_npmUser":{"name":"hzoo","email":"hi@henryzoo.com"},"dist":{"shasum":"14b8e8c2d03ad735d4b20f1840b24cd1f65239fe","tarball":"https://registry.npmjs.org/babel-helper-explode-assignable-expression/-/babel-helper-explode-assignable-expression-6.18.0.tgz"},"maintainers":[{"name":"amasad","email":"amjad.masad@gmail.com"},{"name":"hzoo","email":"hi@henryzoo.com"},{"name":"jmm","email":"npm-public@jessemccarthy.net"},{"name":"loganfsmyth","email":"loganfsmyth@gmail.com"},{"name":"sebmck","email":"sebmck@gmail.com"},{"name":"thejameskyle","email":"me@thejameskyle.com"}],"_npmOperationalInternal":{"host":"packages-18-east.internal.npmjs.com","tmp":"tmp/babel-helper-explode-assignable-expression-6.18.0.tgz_1477343924436_0.5748491007834673"},"directories":{}},"6.22.0":{"name":"babel-helper-explode-assignable-expression","version":"6.22.0","description":"Helper function to explode an assignable expression","repository":{"type":"git","url":"https://github.com/babel/babel/tree/master/packages/babel-helper-explode-assignable-expression"},"license":"MIT","main":"lib/index.js","dependencies":{"babel-traverse":"^6.22.0","babel-runtime":"^6.22.0","babel-types":"^6.22.0"},"_id":"babel-helper-explode-assignable-expression@6.22.0","scripts":{},"_shasum":"c97bf76eed3e0bae4048121f2b9dae1a4e7d0478","_from":".","_npmVersion":"3.10.10","_nodeVersion":"6.9.0","_npmUser":{"name":"hzoo","email":"hi@henryzoo.com"},"dist":{"shasum":"c97bf76eed3e0bae4048121f2b9dae1a4e7d0478","tarball":"https://registry.npmjs.org/babel-helper-explode-assignable-expression/-/babel-helper-explode-assignable-expression-6.22.0.tgz"},"maintainers":[{"name":"amasad","email":"amjad.masad@gmail.com"},{"name":"hzoo","email":"hi@henryzoo.com"},{"name":"jmm","email":"npm-public@jessemccarthy.net"},{"name":"loganfsmyth","email":"loganfsmyth@gmail.com"},{"name":"sebmck","email":"sebmck@gmail.com"},{"name":"thejameskyle","email":"me@thejameskyle.com"}],"_npmOperationalInternal":{"host":"packages-12-west.internal.npmjs.com","tmp":"tmp/babel-helper-explode-assignable-expression-6.22.0.tgz_1484872409857_0.7424875593278557"},"directories":{}},"7.0.0-alpha.1":{"name":"babel-helper-explode-assignable-expression","version":"7.0.0-alpha.1","description":"Helper function to explode an assignable expression","repository":{"type":"git","url":"https://github.com/babel/babel/tree/master/packages/babel-helper-explode-assignable-expression"},"license":"MIT","main":"lib/index.js","dependencies":{"babel-traverse":"7.0.0-alpha.1","babel-types":"7.0.0-alpha.1"},"_id":"babel-helper-explode-assignable-expression@7.0.0-alpha.1","scripts":{},"_shasum":"7ee6ed93afdf734ae223f5d17bda505754522849","_from":".","_npmVersion":"3.10.10","_nodeVersion":"6.9.0","_npmUser":{"name":"hzoo","email":"hi@henryzoo.com"},"dist":{"shasum":"7ee6ed93afdf734ae223f5d17bda505754522849","tarball":"https://registry.npmjs.org/babel-helper-explode-assignable-expression/-/babel-helper-explode-assignable-expression-7.0.0-alpha.1.tgz"},"maintainers":[{"name":"amasad","email":"amjad.masad@gmail.com"},{"name":"hzoo","email":"hi@henryzoo.com"},{"name":"jmm","email":"npm-public@jessemccarthy.net"},{"name":"loganfsmyth","email":"loganfsmyth@gmail.com"},{"name":"sebmck","email":"sebmck@gmail.com"},{"name":"thejameskyle","email":"me@thejameskyle.com"}],"_npmOperationalInternal":{"host":"packages-18-east.internal.npmjs.com","tmp":"tmp/babel-helper-explode-assignable-expression-7.0.0-alpha.1.tgz_1488488734981_0.6930565717630088"},"directories":{}},"7.0.0-alpha.3":{"name":"babel-helper-explode-assignable-expression","version":"7.0.0-alpha.3","description":"Helper function to explode an assignable expression","repository":{"type":"git","url":"https://github.com/babel/babel/tree/master/packages/babel-helper-explode-assignable-expression"},"license":"MIT","main":"lib/index.js","dependencies":{"babel-traverse":"7.0.0-alpha.3","babel-types":"7.0.0-alpha.3"},"_id":"babel-helper-explode-assignable-expression@7.0.0-alpha.3","scripts":{},"_shasum":"ab9bfe22c0409a57d1a3b0bce3bb409a9e8d86e9","_from":".","_npmVersion":"3.10.10","_nodeVersion":"6.9.0","_npmUser":{"name":"hzoo","email":"hi@henryzoo.com"},"dist":{"shasum":"ab9bfe22c0409a57d1a3b0bce3bb409a9e8d86e9","tarball":"https://registry.npmjs.org/babel-helper-explode-assignable-expression/-/babel-helper-explode-assignable-expression-7.0.0-alpha.3.tgz"},"maintainers":[{"name":"amasad","email":"amjad.masad@gmail.com"},{"name":"hzoo","email":"hi@henryzoo.com"},{"name":"jmm","email":"npm-public@jessemccarthy.net"},{"name":"loganfsmyth","email":"loganfsmyth@gmail.com"},{"name":"sebmck","email":"sebmck@gmail.com"},{"name":"thejameskyle","email":"me@thejameskyle.com"}],"_npmOperationalInternal":{"host":"packages-18-east.internal.npmjs.com","tmp":"tmp/babel-helper-explode-assignable-expression-7.0.0-alpha.3.tgz_1490298579372_0.7897913453634828"},"directories":{}},"7.0.0-alpha.7":{"name":"babel-helper-explode-assignable-expression","version":"7.0.0-alpha.7","description":"Helper function to explode an assignable expression","repository":{"type":"git","url":"https://github.com/babel/babel/tree/master/packages/babel-helper-explode-assignable-expression"},"license":"MIT","main":"lib/index.js","dependencies":{"babel-traverse":"7.0.0-alpha.7","babel-types":"7.0.0-alpha.7"},"_id":"babel-helper-explode-assignable-expression@7.0.0-alpha.7","scripts":{},"_shasum":"114b676437f4cb694eeb51afcd4cc9b0bf926c5c","_from":".","_npmVersion":"3.10.10","_nodeVersion":"6.9.0","_npmUser":{"name":"hzoo","email":"hi@henryzoo.com"},"dist":{"shasum":"114b676437f4cb694eeb51afcd4cc9b0bf926c5c","tarball":"https://registry.npmjs.org/babel-helper-explode-assignable-expression/-/babel-helper-explode-assignable-expression-7.0.0-alpha.7.tgz"},"maintainers":[{"name":"amasad","email":"amjad.masad@gmail.com"},{"name":"hzoo","email":"hi@henryzoo.com"},{"name":"jmm","email":"npm-public@jessemccarthy.net"},{"name":"loganfsmyth","email":"loganfsmyth@gmail.com"},{"name":"sebmck","email":"sebmck@gmail.com"},{"name":"thejameskyle","email":"me@thejameskyle.com"}],"_npmOperationalInternal":{"host":"packages-18-east.internal.npmjs.com","tmp":"tmp/babel-helper-explode-assignable-expression-7.0.0-alpha.7.tgz_1491426847738_0.6829989491961896"},"directories":{}},"6.24.1":{"name":"babel-helper-explode-assignable-expression","version":"6.24.1","description":"Helper function to explode an assignable expression","repository":{"type":"git","url":"https://github.com/babel/babel/tree/master/packages/babel-helper-explode-assignable-expression"},"license":"MIT","main":"lib/index.js","dependencies":{"babel-traverse":"^6.24.1","babel-runtime":"^6.22.0","babel-types":"^6.24.1"},"_id":"babel-helper-explode-assignable-expression@6.24.1","scripts":{},"_shasum":"f25b82cf7dc10433c55f70592d5746400ac22caa","_from":".","_npmVersion":"3.10.10","_nodeVersion":"6.9.0","_npmUser":{"name":"hzoo","email":"hi@henryzoo.com"},"dist":{"shasum":"f25b82cf7dc10433c55f70592d5746400ac22caa","tarball":"https://registry.npmjs.org/babel-helper-explode-assignable-expression/-/babel-helper-explode-assignable-expression-6.24.1.tgz"},"maintainers":[{"name":"amasad","email":"amjad.masad@gmail.com"},{"name":"hzoo","email":"hi@henryzoo.com"},{"name":"jmm","email":"npm-public@jessemccarthy.net"},{"name":"loganfsmyth","email":"loganfsmyth@gmail.com"},{"name":"sebmck","email":"sebmck@gmail.com"},{"name":"thejameskyle","email":"me@thejameskyle.com"}],"_npmOperationalInternal":{"host":"packages-12-west.internal.npmjs.com","tmp":"tmp/babel-helper-explode-assignable-expression-6.24.1.tgz_1491578352491_0.04158512665890157"},"directories":{}},"7.0.0-alpha.8":{"name":"babel-helper-explode-assignable-expression","version":"7.0.0-alpha.8","description":"Helper function to explode an assignable expression","repository":{"type":"git","url":"https://github.com/babel/babel/tree/master/packages/babel-helper-explode-assignable-expression"},"license":"MIT","main":"lib/index.js","dependencies":{"babel-traverse":"7.0.0-alpha.8","babel-types":"7.0.0-alpha.7"},"_id":"babel-helper-explode-assignable-expression@7.0.0-alpha.8","scripts":{},"_shasum":"ee2e88e0c44fd68961a8df197ccedc39f6e0df3a","_from":".","_npmVersion":"3.10.10","_nodeVersion":"6.9.0","_npmUser":{"name":"hzoo","email":"hi@henryzoo.com"},"dist":{"shasum":"ee2e88e0c44fd68961a8df197ccedc39f6e0df3a","tarball":"https://registry.npmjs.org/babel-helper-explode-assignable-expression/-/babel-helper-explode-assignable-expression-7.0.0-alpha.8.tgz"},"maintainers":[{"name":"amasad","email":"amjad.masad@gmail.com"},{"name":"hzoo","email":"hi@henryzoo.com"},{"name":"jmm","email":"npm-public@jessemccarthy.net"},{"name":"loganfsmyth","email":"loganfsmyth@gmail.com"},{"name":"sebmck","email":"sebmck@gmail.com"},{"name":"thejameskyle","email":"me@thejameskyle.com"}],"_npmOperationalInternal":{"host":"packages-12-west.internal.npmjs.com","tmp":"tmp/babel-helper-explode-assignable-expression-7.0.0-alpha.8.tgz_1492456384005_0.62846370623447"},"directories":{}},"7.0.0-alpha.9":{"name":"babel-helper-explode-assignable-expression","version":"7.0.0-alpha.9","description":"Helper function to explode an assignable expression","repository":{"type":"git","url":"https://github.com/babel/babel/tree/master/packages/babel-helper-explode-assignable-expression"},"license":"MIT","main":"lib/index.js","dependencies":{"babel-traverse":"7.0.0-alpha.9","babel-types":"7.0.0-alpha.9"},"_id":"babel-helper-explode-assignable-expression@7.0.0-alpha.9","scripts":{},"_shasum":"c2d827afd0686752b2c5eedddb89251d3ccf9e50","_from":".","_npmVersion":"3.10.10","_nodeVersion":"6.9.0","_npmUser":{"name":"hzoo","email":"hi@henryzoo.com"},"dist":{"shasum":"c2d827afd0686752b2c5eedddb89251d3ccf9e50","tarball":"https://registry.npmjs.org/babel-helper-explode-assignable-expression/-/babel-helper-explode-assignable-expression-7.0.0-alpha.9.tgz"},"maintainers":[{"name":"amasad","email":"amjad.masad@gmail.com"},{"name":"hzoo","email":"hi@henryzoo.com"},{"name":"jmm","email":"npm-public@jessemccarthy.net"},{"name":"loganfsmyth","email":"loganfsmyth@gmail.com"},{"name":"sebmck","email":"sebmck@gmail.com"},{"name":"thejameskyle","email":"me@thejameskyle.com"}],"_npmOperationalInternal":{"host":"packages-18-east.internal.npmjs.com","tmp":"tmp/babel-helper-explode-assignable-expression-7.0.0-alpha.9.tgz_1492526529718_0.23012349684722722"},"directories":{}},"7.0.0-alpha.10":{"name":"babel-helper-explode-assignable-expression","version":"7.0.0-alpha.10","description":"Helper function to explode an assignable expression","repository":{"type":"git","url":"https://github.com/babel/babel/tree/master/packages/babel-helper-explode-assignable-expression"},"license":"MIT","main":"lib/index.js","dependencies":{"babel-traverse":"7.0.0-alpha.10","babel-types":"7.0.0-alpha.10"},"_id":"babel-helper-explode-assignable-expression@7.0.0-alpha.10","scripts":{},"_shasum":"4238e22579999e473633a5fd3c9786f0d1838e19","_from":".","_npmVersion":"3.10.10","_nodeVersion":"6.9.0","_npmUser":{"name":"hzoo","email":"hi@henryzoo.com"},"dist":{"shasum":"4238e22579999e473633a5fd3c9786f0d1838e19","tarball":"https://registry.npmjs.org/babel-helper-explode-assignable-expression/-/babel-helper-explode-assignable-expression-7.0.0-alpha.10.tgz"},"maintainers":[{"email":"daniel@tschinder.de","name":"danez"},{"email":"hi@henryzoo.com","name":"hzoo"},{"email":"loganfsmyth@gmail.com","name":"loganfsmyth"}],"_npmOperationalInternal":{"host":"s3://npm-registry-packages","tmp":"tmp/babel-helper-explode-assignable-expression-7.0.0-alpha.10.tgz_1495739856939_0.3017240746412426"},"directories":{}},"7.0.0-alpha.11":{"name":"babel-helper-explode-assignable-expression","version":"7.0.0-alpha.11","description":"Helper function to explode an assignable expression","repository":{"type":"git","url":"https://github.com/babel/babel/tree/master/packages/babel-helper-explode-assignable-expression"},"license":"MIT","main":"lib/index.js","dependencies":{"babel-traverse":"7.0.0-alpha.11","babel-types":"7.0.0-alpha.11"},"_id":"babel-helper-explode-assignable-expression@7.0.0-alpha.11","_npmVersion":"5.0.0","_nodeVersion":"6.9.0","_npmUser":{"name":"hzoo","email":"hi@henryzoo.com"},"dist":{"integrity":"sha512-uiLj8KCnmRBIS+MSrxMbtrWazu5kZ9R89SO+uI48LS/osFuPMiIyeeYDndZS/WKbYw3119zu+h4tCM02pvwq9Q==","shasum":"9b4df46b0a794d5fa0478f1710b9c8620f8464ef","tarball":"https://registry.npmjs.org/babel-helper-explode-assignable-expression/-/babel-helper-explode-assignable-expression-7.0.0-alpha.11.tgz"},"maintainers":[{"email":"sebmck@gmail.com","name":"sebmck"},{"email":"daniel@tschinder.de","name":"danez"},{"email":"hi@henryzoo.com","name":"hzoo"},{"email":"loganfsmyth@gmail.com","name":"loganfsmyth"}],"_npmOperationalInternal":{"host":"s3://npm-registry-packages","tmp":"tmp/babel-helper-explode-assignable-expression-7.0.0-alpha.11.tgz_1496263429661_0.5809970626141876"},"directories":{}},"7.0.0-alpha.12":{"name":"babel-helper-explode-assignable-expression","version":"7.0.0-alpha.12","description":"Helper function to explode an assignable expression","repository":{"type":"git","url":"https://github.com/babel/babel/tree/master/packages/babel-helper-explode-assignable-expression"},"license":"MIT","main":"lib/index.js","dependencies":{"babel-traverse":"7.0.0-alpha.12","babel-types":"7.0.0-alpha.12"},"_id":"babel-helper-explode-assignable-expression@7.0.0-alpha.12","_npmVersion":"5.0.0","_nodeVersion":"6.9.0","_npmUser":{"name":"hzoo","email":"hi@henryzoo.com"},"dist":{"integrity":"sha512-G5Gjhfw2Iu4OrQ95h8cCemwEkqMHJCCx70DwDIoa5G0Qs8sxViCtmQ33HdfBTMtbv9GQlQQMPY8UWilNa5ZtSA==","shasum":"c745b10b516e64c6aeed999d92f0e6ce8fa661e4","tarball":"https://registry.npmjs.org/babel-helper-explode-assignable-expression/-/babel-helper-explode-assignable-expression-7.0.0-alpha.12.tgz"},"maintainers":[{"email":"sebmck@gmail.com","name":"sebmck"},{"email":"daniel@tschinder.de","name":"danez"},{"email":"hi@henryzoo.com","name":"hzoo"},{"email":"loganfsmyth@gmail.com","name":"loganfsmyth"}],"_npmOperationalInternal":{"host":"s3://npm-registry-packages","tmp":"tmp/babel-helper-explode-assignable-expression-7.0.0-alpha.12.tgz_1496265124325_0.8027987780515105"},"directories":{}},"7.0.0-alpha.14":{"name":"babel-helper-explode-assignable-expression","version":"7.0.0-alpha.14","description":"Helper function to explode an assignable expression","repository":{"type":"git","url":"https://github.com/babel/babel/tree/master/packages/babel-helper-explode-assignable-expression"},"license":"MIT","main":"lib/index.js","dependencies":{"babel-traverse":"7.0.0-alpha.14","babel-types":"7.0.0-alpha.14"},"_id":"babel-helper-explode-assignable-expression@7.0.0-alpha.14","scripts":{},"_shasum":"8d6153cb834a33107ef544abaa3a6d2748279715","_from":".","_npmVersion":"4.6.1","_nodeVersion":"6.9.0","_npmUser":{"name":"hzoo","email":"hi@henryzoo.com"},"dist":{"shasum":"8d6153cb834a33107ef544abaa3a6d2748279715","tarball":"https://registry.npmjs.org/babel-helper-explode-assignable-expression/-/babel-helper-explode-assignable-expression-7.0.0-alpha.14.tgz"},"maintainers":[{"email":"sebmck@gmail.com","name":"sebmck"},{"email":"daniel@tschinder.de","name":"danez"},{"email":"hi@henryzoo.com","name":"hzoo"},{"email":"loganfsmyth@gmail.com","name":"loganfsmyth"}],"_npmOperationalInternal":{"host":"s3://npm-registry-packages","tmp":"tmp/babel-helper-explode-assignable-expression-7.0.0-alpha.14.tgz_1499828057174_0.2784816585481167"},"directories":{}},"7.0.0-alpha.15":{"name":"babel-helper-explode-assignable-expression","version":"7.0.0-alpha.15","description":"Helper function to explode an assignable expression","repository":{"type":"git","url":"https://github.com/babel/babel/tree/master/packages/babel-helper-explode-assignable-expression"},"license":"MIT","main":"lib/index.js","dependencies":{"babel-traverse":"7.0.0-alpha.15","babel-types":"7.0.0-alpha.15"},"_id":"babel-helper-explode-assignable-expression@7.0.0-alpha.15","scripts":{},"_shasum":"7bfe1b00a89b9af16e17a021e5ea4ef9bb55e84f","_from":".","_npmVersion":"4.6.1","_nodeVersion":"6.9.0","_npmUser":{"name":"hzoo","email":"hi@henryzoo.com"},"dist":{"shasum":"7bfe1b00a89b9af16e17a021e5ea4ef9bb55e84f","tarball":"https://registry.npmjs.org/babel-helper-explode-assignable-expression/-/babel-helper-explode-assignable-expression-7.0.0-alpha.15.tgz"},"maintainers":[{"email":"sebmck@gmail.com","name":"sebmck"},{"email":"daniel@tschinder.de","name":"danez"},{"email":"hi@henryzoo.com","name":"hzoo"},{"email":"loganfsmyth@gmail.com","name":"loganfsmyth"}],"_npmOperationalInternal":{"host":"s3://npm-registry-packages","tmp":"tmp/babel-helper-explode-assignable-expression-7.0.0-alpha.15.tgz_1499830593919_0.6078237805049866"},"directories":{}},"7.0.0-alpha.16":{"name":"babel-helper-explode-assignable-expression","version":"7.0.0-alpha.16","description":"Helper function to explode an assignable expression","repository":{"type":"git","url":"https://github.com/babel/babel/tree/master/packages/babel-helper-explode-assignable-expression"},"license":"MIT","main":"lib/index.js","dependencies":{"babel-traverse":"7.0.0-alpha.16","babel-types":"7.0.0-alpha.16"},"_id":"babel-helper-explode-assignable-expression@7.0.0-alpha.16","scripts":{},"_shasum":"fc1a31592a25a57773f9a84a75014249d8ca752a","_from":".","_npmVersion":"4.6.1","_nodeVersion":"6.9.0","_npmUser":{"name":"hzoo","email":"hi@henryzoo.com"},"dist":{"shasum":"fc1a31592a25a57773f9a84a75014249d8ca752a","tarball":"https://registry.npmjs.org/babel-helper-explode-assignable-expression/-/babel-helper-explode-assignable-expression-7.0.0-alpha.16.tgz"},"maintainers":[{"email":"sebmck@gmail.com","name":"sebmck"},{"email":"daniel@tschinder.de","name":"danez"},{"email":"hi@henryzoo.com","name":"hzoo"},{"email":"loganfsmyth@gmail.com","name":"loganfsmyth"}],"_npmOperationalInternal":{"host":"s3://npm-registry-packages","tmp":"tmp/babel-helper-explode-assignable-expression-7.0.0-alpha.16.tgz_1501017506824_0.1328968177549541"},"directories":{}},"7.0.0-alpha.17":{"name":"babel-helper-explode-assignable-expression","version":"7.0.0-alpha.17","description":"Helper function to explode an assignable expression","repository":{"type":"git","url":"https://github.com/babel/babel/tree/master/packages/babel-helper-explode-assignable-expression"},"license":"MIT","main":"lib/index.js","dependencies":{"babel-traverse":"7.0.0-alpha.17","babel-types":"7.0.0-alpha.17"},"_id":"babel-helper-explode-assignable-expression@7.0.0-alpha.17","scripts":{},"_shasum":"e7438ca538a767a5676c8b4d93c8dc6051a7c4fc","_from":".","_npmVersion":"4.6.1","_nodeVersion":"6.9.0","_npmUser":{"name":"hzoo","email":"hi@henryzoo.com"},"dist":{"shasum":"e7438ca538a767a5676c8b4d93c8dc6051a7c4fc","tarball":"https://registry.npmjs.org/babel-helper-explode-assignable-expression/-/babel-helper-explode-assignable-expression-7.0.0-alpha.17.tgz"},"maintainers":[{"email":"sebmck@gmail.com","name":"sebmck"},{"email":"daniel@tschinder.de","name":"danez"},{"email":"hi@henryzoo.com","name":"hzoo"},{"email":"loganfsmyth@gmail.com","name":"loganfsmyth"}],"_npmOperationalInternal":{"host":"s3://npm-registry-packages","tmp":"tmp/babel-helper-explode-assignable-expression-7.0.0-alpha.17.tgz_1501072799253_0.38220422714948654"},"directories":{}},"7.0.0-alpha.18":{"name":"babel-helper-explode-assignable-expression","version":"7.0.0-alpha.18","description":"Helper function to explode an assignable expression","repository":{"type":"git","url":"https://github.com/babel/babel/tree/master/packages/babel-helper-explode-assignable-expression"},"license":"MIT","main":"lib/index.js","dependencies":{"babel-traverse":"7.0.0-alpha.18","babel-types":"7.0.0-alpha.18"},"_id":"babel-helper-explode-assignable-expression@7.0.0-alpha.18","_npmVersion":"5.3.0","_nodeVersion":"8.1.4","_npmUser":{"name":"hzoo","email":"hi@henryzoo.com"},"dist":{"integrity":"sha512-DzYIH6fEkvi91G0wEKX2Qo5tvjUNf/RQzz/jAqYjzy7OuBog8Z8ZM2EONmLLmep+0Nx01YVE3C8edhsLEG5wVQ==","shasum":"7aa684719b9a4d9eb3cb000af810f3b8ce9f4de9","tarball":"https://registry.npmjs.org/babel-helper-explode-assignable-expression/-/babel-helper-explode-assignable-expression-7.0.0-alpha.18.tgz"},"maintainers":[{"email":"me@thejameskyle.com","name":"thejameskyle"},{"email":"sebmck@gmail.com","name":"sebmck"},{"email":"daniel@tschinder.de","name":"danez"},{"email":"hi@henryzoo.com","name":"hzoo"},{"email":"loganfsmyth@gmail.com","name":"loganfsmyth"}],"_npmOperationalInternal":{"host":"s3://npm-registry-packages","tmp":"tmp/babel-helper-explode-assignable-expression-7.0.0-alpha.18.tgz_1501798890949_0.5350130803417414"},"directories":{}},"7.0.0-alpha.19":{"name":"babel-helper-explode-assignable-expression","version":"7.0.0-alpha.19","description":"Helper function to explode an assignable expression","repository":{"type":"git","url":"https://github.com/babel/babel/tree/master/packages/babel-helper-explode-assignable-expression"},"license":"MIT","main":"lib/index.js","dependencies":{"babel-traverse":"7.0.0-alpha.19","babel-types":"7.0.0-alpha.19"},"_id":"babel-helper-explode-assignable-expression@7.0.0-alpha.19","_npmVersion":"5.3.0","_nodeVersion":"8.1.4","_npmUser":{"name":"hzoo","email":"hi@henryzoo.com"},"dist":{"integrity":"sha512-cZ+QtUivFrjS57zrlnmnA8vYs03l5gYXIhy3NWit1rYKmjJGOsQ3VLEulGRtdicgcEQtU0WWk2uVUnyT1HAVmg==","shasum":"45b639cd0b05a47a0a4c6b22c8925b7a6b7bfec5","tarball":"https://registry.npmjs.org/babel-helper-explode-assignable-expression/-/babel-helper-explode-assignable-expression-7.0.0-alpha.19.tgz"},"maintainers":[{"email":"me@thejameskyle.com","name":"thejameskyle"},{"email":"sebmck@gmail.com","name":"sebmck"},{"email":"daniel@tschinder.de","name":"danez"},{"email":"hi@henryzoo.com","name":"hzoo"},{"email":"loganfsmyth@gmail.com","name":"loganfsmyth"}],"_npmOperationalInternal":{"host":"s3://npm-registry-packages","tmp":"tmp/babel-helper-explode-assignable-expression-7.0.0-alpha.19.tgz_1502144534458_0.08547788648866117"},"directories":{}},"7.0.0-alpha.20":{"name":"babel-helper-explode-assignable-expression","version":"7.0.0-alpha.20","description":"Helper function to explode an assignable expression","repository":{"type":"git","url":"https://github.com/babel/babel/tree/master/packages/babel-helper-explode-assignable-expression"},"license":"MIT","main":"lib/index.js","dependencies":{"babel-traverse":"7.0.0-alpha.20","babel-types":"7.0.0-alpha.20"},"_id":"babel-helper-explode-assignable-expression@7.0.0-alpha.20","_npmVersion":"5.3.0","_nodeVersion":"8.1.4","_npmUser":{"name":"hzoo","email":"hi@henryzoo.com"},"dist":{"integrity":"sha512-xik9Jg24rkyQK7MffjJ1irh7HTXtfZXmWmsS0f9Vlv12TnnKm54SCiCst7s2ZD0gDgq7oyaHHnz/O4ggSmQ7Vw==","shasum":"31826b2d3986f105e691ae538c49322a97754050","tarball":"https://registry.npmjs.org/babel-helper-explode-assignable-expression/-/babel-helper-explode-assignable-expression-7.0.0-alpha.20.tgz"},"maintainers":[{"email":"me@thejameskyle.com","name":"thejameskyle"},{"email":"sebmck@gmail.com","name":"sebmck"},{"email":"daniel@tschinder.de","name":"danez"},{"email":"hi@henryzoo.com","name":"hzoo"},{"email":"loganfsmyth@gmail.com","name":"loganfsmyth"}],"_npmOperationalInternal":{"host":"s3://npm-registry-packages","tmp":"tmp/babel-helper-explode-assignable-expression-7.0.0-alpha.20.tgz_1504119874481_0.14901813492178917"},"directories":{}},"7.0.0-beta.0":{"name":"babel-helper-explode-assignable-expression","version":"7.0.0-beta.0","description":"Helper function to explode an assignable expression","repository":{"type":"git","url":"https://github.com/babel/babel/tree/master/packages/babel-helper-explode-assignable-expression"},"license":"MIT","main":"lib/index.js","dependencies":{"babel-traverse":"7.0.0-beta.0","babel-types":"7.0.0-beta.0"},"_id":"babel-helper-explode-assignable-expression@7.0.0-beta.0","_npmVersion":"5.3.0","_nodeVersion":"8.1.4","_npmUser":{"name":"hzoo","email":"hi@henryzoo.com"},"dist":{"integrity":"sha512-gAc+WIqHVadzKgCDSdx0ovsxWC7JDs2lJwJcI0DI2L0Ofj0K+44I90i8/e8Fdao/8cQBQAGaWp0Hg2g5wY4OCA==","shasum":"b8f878c7c9818b755fd0869c870189411db28694","tarball":"https://registry.npmjs.org/babel-helper-explode-assignable-expression/-/babel-helper-explode-assignable-expression-7.0.0-beta.0.tgz"},"maintainers":[{"email":"me@thejameskyle.com","name":"thejameskyle"},{"email":"sebmck@gmail.com","name":"sebmck"},{"email":"daniel@tschinder.de","name":"danez"},{"email":"hi@henryzoo.com","name":"hzoo"},{"email":"loganfsmyth@gmail.com","name":"loganfsmyth"}],"_npmOperationalInternal":{"host":"s3://npm-registry-packages","tmp":"tmp/babel-helper-explode-assignable-expression-7.0.0-beta.0.tgz_1505185379987_0.796874055173248"},"directories":{}},"7.0.0-beta.1":{"name":"babel-helper-explode-assignable-expression","version":"7.0.0-beta.1","description":"Helper function to explode an assignable expression","repository":{"type":"git","url":"https://github.com/babel/babel/tree/master/packages/babel-helper-explode-assignable-expression"},"license":"MIT","main":"lib/index.js","dependencies":{"babel-traverse":"7.0.0-beta.1","babel-types":"7.0.0-beta.1"},"_id":"babel-helper-explode-assignable-expression@7.0.0-beta.1","_npmVersion":"5.4.1","_nodeVersion":"8.1.4","_npmUser":{"name":"hzoo","email":"hi@henryzoo.com"},"dist":{"integrity":"sha512-h2WDlC0po307m9dnltC3ND9fYeC7DuV1pNmNMLrYbrAaNl1Rc1wkdrJ1HST/3sHbw1lqXqNKq2I2INkrq1nELQ==","shasum":"706159a66a77c866cc1b454a49af7f8f6e9361db","tarball":"https://registry.npmjs.org/babel-helper-explode-assignable-expression/-/babel-helper-explode-assignable-expression-7.0.0-beta.1.tgz"},"maintainers":[{"email":"me@thejameskyle.com","name":"thejameskyle"},{"email":"sebmck@gmail.com","name":"sebmck"},{"email":"daniel@tschinder.de","name":"danez"},{"email":"hi@henryzoo.com","name":"hzoo"},{"email":"loganfsmyth@gmail.com","name":"loganfsmyth"}],"_npmOperationalInternal":{"host":"s3://npm-registry-packages","tmp":"tmp/babel-helper-explode-assignable-expression-7.0.0-beta.1.tgz_1505852689132_0.4267634467687458"},"directories":{}},"7.0.0-beta.2":{"name":"babel-helper-explode-assignable-expression","version":"7.0.0-beta.2","description":"Helper function to explode an assignable expression","repository":{"type":"git","url":"https://github.com/babel/babel/tree/master/packages/babel-helper-explode-assignable-expression"},"license":"MIT","main":"lib/index.js","dependencies":{"babel-traverse":"7.0.0-beta.2","babel-types":"7.0.0-beta.2"},"_id":"babel-helper-explode-assignable-expression@7.0.0-beta.2","_npmVersion":"5.4.1","_nodeVersion":"8.1.4","_npmUser":{"name":"hzoo","email":"hi@henryzoo.com"},"dist":{"integrity":"sha512-tQR6WruyBQ351wBXwzpI137odL8H6nxweTnlolEEp2dkkEYlzUpiofr/nkaXNACkLEMQGDPosYsYIOJm8BzkBw==","shasum":"e14263dc5cfeb32aa99bfd60da283722e2955f0d","tarball":"https://registry.npmjs.org/babel-helper-explode-assignable-expression/-/babel-helper-explode-assignable-expression-7.0.0-beta.2.tgz"},"maintainers":[{"email":"bng412@gmail.com","name":"existentialism"},{"email":"me@thejameskyle.com","name":"thejameskyle"},{"email":"sebmck@gmail.com","name":"sebmck"},{"email":"daniel@tschinder.de","name":"danez"},{"email":"hi@henryzoo.com","name":"hzoo"},{"email":"loganfsmyth@gmail.com","name":"loganfsmyth"}],"_npmOperationalInternal":{"host":"s3://npm-registry-packages","tmp":"tmp/babel-helper-explode-assignable-expression-7.0.0-beta.2.tgz_1506438961897_0.5815655037295073"},"directories":{}},"7.0.0-beta.3":{"name":"babel-helper-explode-assignable-expression","version":"7.0.0-beta.3","description":"Helper function to explode an assignable expression","repository":{"type":"git","url":"https://github.com/babel/babel/tree/master/packages/babel-helper-explode-assignable-expression"},"license":"MIT","main":"lib/index.js","dependencies":{"babel-traverse":"7.0.0-beta.3","babel-types":"7.0.0-beta.3"},"_id":"babel-helper-explode-assignable-expression@7.0.0-beta.3","_npmVersion":"5.5.1","_nodeVersion":"8.1.4","_npmUser":{"name":"hzoo","email":"hi@henryzoo.com"},"dist":{"integrity":"sha512-MugrfM38GSj7+8I/yFYjQwOEPSGmCLsJFNrWz7KVH4HA5Ntim19cMmdMUWSls30rTeGYQpLECjHNFv+ITbA7wA==","shasum":"de59f895219de658ef64c85c7b1b0223ca74c1ba","tarball":"https://registry.npmjs.org/babel-helper-explode-assignable-expression/-/babel-helper-explode-assignable-expression-7.0.0-beta.3.tgz"},"maintainers":[{"email":"bng412@gmail.com","name":"existentialism"},{"email":"me@thejameskyle.com","name":"thejameskyle"},{"email":"sebmck@gmail.com","name":"sebmck"},{"email":"daniel@tschinder.de","name":"danez"},{"email":"hi@henryzoo.com","name":"hzoo"},{"email":"loganfsmyth@gmail.com","name":"loganfsmyth"}],"_npmOperationalInternal":{"host":"s3://npm-registry-packages","tmp":"tmp/babel-helper-explode-assignable-expression-7.0.0-beta.3.tgz_1508073148113_0.839062518440187"},"directories":{}}},"readme":"# babel-helper-explode-assignable-expression\n\n## Usage\n\nTODO\n","maintainers":[{"email":"bng412@gmail.com","name":"existentialism"},{"email":"me@thejameskyle.com","name":"thejameskyle"},{"email":"sebmck@gmail.com","name":"sebmck"},{"email":"daniel@tschinder.de","name":"danez"},{"email":"hi@henryzoo.com","name":"hzoo"},{"email":"loganfsmyth@gmail.com","name":"loganfsmyth"}],"time":{"modified":"2017-10-15T13:12:29.071Z","created":"2015-10-29T17:54:28.588Z","6.0.0":"2015-10-29T17:54:28.588Z","6.0.2":"2015-10-29T18:08:47.855Z","6.0.14":"2015-10-30T23:32:41.507Z","6.0.15":"2015-11-01T22:08:38.053Z","6.1.5":"2015-11-12T06:50:14.961Z","6.1.6":"2015-11-12T07:33:45.437Z","6.1.7":"2015-11-12T07:38:08.541Z","6.1.8":"2015-11-12T07:41:11.291Z","6.1.9":"2015-11-12T07:46:55.778Z","6.1.10":"2015-11-12T07:53:36.253Z","6.1.11":"2015-11-12T07:59:38.289Z","6.1.12":"2015-11-12T08:48:42.453Z","6.1.13":"2015-11-12T19:58:22.437Z","6.1.16":"2015-11-12T21:33:58.193Z","6.1.17":"2015-11-12T21:40:59.437Z","6.1.18":"2015-11-12T21:47:11.906Z","6.2.0":"2015-11-19T04:34:07.455Z","6.2.4":"2015-11-25T03:12:51.553Z","6.3.13":"2015-12-04T11:57:15.794Z","6.5.0":"2016-02-07T00:06:55.612Z","6.5.0-1":"2016-02-07T02:39:43.077Z","6.6.4":"2016-03-02T21:29:29.077Z","6.6.5":"2016-03-04T23:16:33.429Z","6.8.0":"2016-05-02T23:43:59.939Z","6.18.0":"2016-10-24T21:18:46.160Z","6.22.0":"2017-01-20T00:33:31.727Z","7.0.0-alpha.1":"2017-03-02T21:05:35.872Z","7.0.0-alpha.3":"2017-03-23T19:49:41.444Z","7.0.0-alpha.7":"2017-04-05T21:14:08.547Z","6.24.1":"2017-04-07T15:19:12.789Z","7.0.0-alpha.8":"2017-04-17T19:13:04.266Z","7.0.0-alpha.9":"2017-04-18T14:42:11.806Z","7.0.0-alpha.10":"2017-05-25T19:17:37.788Z","7.0.0-alpha.11":"2017-05-31T20:43:49.753Z","7.0.0-alpha.12":"2017-05-31T21:12:04.430Z","7.0.0-alpha.14":"2017-07-12T02:54:18.061Z","7.0.0-alpha.15":"2017-07-12T03:36:34.910Z","7.0.0-alpha.16":"2017-07-25T21:18:27.702Z","7.0.0-alpha.17":"2017-07-26T12:40:00.168Z","7.0.0-alpha.18":"2017-08-03T22:21:31.665Z","7.0.0-alpha.19":"2017-08-07T22:22:14.571Z","7.0.0-alpha.20":"2017-08-30T19:04:34.630Z","7.0.0-beta.0":"2017-09-12T03:03:00.894Z","7.0.0-beta.1":"2017-09-19T20:24:49.244Z","7.0.0-beta.2":"2017-09-26T15:16:02.774Z","7.0.0-beta.3":"2017-10-15T13:12:29.071Z"},"repository":{"type":"git","url":"https://github.com/babel/babel/tree/master/packages/babel-helper-explode-assignable-expression"},"license":"MIT","readmeFilename":"README.md","_attachments":{},"_etag":"W/\"f00e28b786226779b7918473edb81203\"","_lastModified":"Sat, 26 May 2018 17:55:11 GMT"}