{"_id":"regjsgen","_rev":"12-d6d2a9cd7f4b632c32852a88ed0882ee","name":"regjsgen","description":"Generate regular expressions from regjsparser’s AST.","dist-tags":{"latest":"0.4.0"},"versions":{"0.1.0":{"name":"regjsgen","description":"Generating JavaScript RegExps in JavaScript","version":"0.1.0","author":{"name":"Benjamin Tan","email":"demoneaux@gmail.com","url":"https://d10.github.io/"},"license":"MIT","main":"./regjsgen","files":["LICENSE.txt","regjsgen.js","README.md"],"homepage":"https://github.com/d10/regjsgen","repository":{"type":"git","url":"git@github.com:d10/regjsgen.git"},"dependencies":{"jsesc":"~0.4.3"},"scripts":{"test":"node test/index.js"},"devDependencies":{"got":"~0.3.0"},"bugs":{"url":"https://github.com/d10/regjsgen/issues"},"_id":"regjsgen@0.1.0","dist":{"shasum":"66188738ee46af809877f9a58f7f35bf575e3c7f","tarball":"https://registry.npmjs.org/regjsgen/-/regjsgen-0.1.0.tgz"},"_from":".","_npmVersion":"1.4.3","_npmUser":{"name":"d10","email":"demoneaux@gmail.com"},"maintainers":[{"name":"d10","email":"demoneaux@gmail.com"}],"directories":{}},"0.1.1":{"name":"regjsgen","description":"Generating JavaScript RegExps in JavaScript","version":"0.1.1","author":{"name":"Benjamin Tan","email":"demoneaux@gmail.com","url":"https://d10.github.io/"},"license":"MIT","main":"./regjsgen","files":["LICENSE.txt","regjsgen.js","README.md"],"homepage":"https://github.com/d10/regjsgen","repository":{"type":"git","url":"git@github.com:d10/regjsgen.git"},"dependencies":{"jsesc":"~0.4.3"},"scripts":{"test":"node test/index.js"},"devDependencies":{"got":"~0.3.0"},"bugs":{"url":"https://github.com/d10/regjsgen/issues"},"_id":"regjsgen@0.1.1","dist":{"shasum":"f44c338e7fe848487d484a3671b3162630902053","tarball":"https://registry.npmjs.org/regjsgen/-/regjsgen-0.1.1.tgz"},"_from":".","_npmVersion":"1.4.3","_npmUser":{"name":"d10","email":"demoneaux@gmail.com"},"maintainers":[{"name":"d10","email":"demoneaux@gmail.com"}],"directories":{}},"0.1.2":{"name":"regjsgen","description":"Generating JavaScript RegExps in JavaScript","version":"0.1.2","author":{"name":"Benjamin Tan","email":"demoneaux@gmail.com","url":"https://d10.github.io/"},"license":"MIT","main":"./regjsgen","files":["LICENSE.txt","regjsgen.js","README.md"],"homepage":"https://github.com/d10/regjsgen","repository":{"type":"git","url":"git@github.com:d10/regjsgen.git"},"scripts":{"test":"node test/index.js"},"devDependencies":{"got":"~1.2.0","jsesc":"~0.5.0"},"bugs":{"url":"https://github.com/d10/regjsgen/issues"},"_id":"regjsgen@0.1.2","dist":{"shasum":"781a415384aaf584a863f93df4912394f6387d35","tarball":"https://registry.npmjs.org/regjsgen/-/regjsgen-0.1.2.tgz"},"_from":".","_npmVersion":"1.4.3","_npmUser":{"name":"d10","email":"demoneaux@gmail.com"},"maintainers":[{"name":"d10","email":"demoneaux@gmail.com"}],"directories":{}},"0.2.0":{"name":"regjsgen","version":"0.2.0","description":"Generate `RegExp`s from RegJSParser’s AST","homepage":"https://github.com/d10/regjsgen","license":"MIT","main":"regjsgen.js","keywords":["ast","generate","regex","regexp","regular expressions"],"author":{"name":"Benjamin Tan","email":"demoneaux@gmail.com","url":"https://d10.github.io/"},"contributors":[{"name":"Benjamin Tan","email":"demoneaux@gmail.com","url":"https://d10.github.io/"},{"name":"Mathias Bynens","email":"mathias@qiwi.be","url":"https://mathiasbynens.be/"}],"repository":{"type":"git","url":"git://github.com/d10/regjsgen"},"scripts":{"test":"node test/test.js"},"files":["LICENSE.txt","regjsgen.js","README.md"],"devDependencies":{"got":"~1.2.0","jsesc":"~0.5.0"},"bugs":{"url":"https://github.com/d10/regjsgen/issues"},"_id":"regjsgen@0.2.0","dist":{"shasum":"6c016adeac554f75823fe37ac05b92d5a4edb1f7","tarball":"https://registry.npmjs.org/regjsgen/-/regjsgen-0.2.0.tgz"},"_from":".","_npmVersion":"1.4.3","_npmUser":{"name":"d10","email":"demoneaux@gmail.com"},"maintainers":[{"name":"d10","email":"demoneaux@gmail.com"}],"directories":{}},"0.3.0":{"name":"regjsgen","version":"0.3.0","description":"Generate regular expressions from regjsparser’s AST.","homepage":"https://github.com/demoneaux/regjsgen","main":"regjsgen.js","keywords":["ast","generate","regex","regexp","regular expressions"],"license":"MIT","author":{"name":"Benjamin Tan","url":"https://demoneaux.github.io/"},"repository":{"type":"git","url":"git+https://github.com/demoneaux/regjsgen.git"},"bugs":{"url":"https://github.com/demoneaux/regjsgen/issues"},"files":["LICENSE","regjsgen.js"],"scripts":{"test":"node tests/tests.js","coverage":"istanbul cover --report html tests/tests.js","update-fixtures":"node tests/update-fixtures.js"},"devDependencies":{"coveralls":"^2.11.8","istanbul":"~0.4.2","regjsparser":"~0.2.0","request":"^2.69.0"},"gitHead":"3ca9009ef07ca8cf5a4f104be87b68a4a31d872b","_id":"regjsgen@0.3.0","_shasum":"0ee4a3e9276430cda25f1e789ea6c15b87b0cb43","_from":".","_npmVersion":"2.15.0","_nodeVersion":"4.4.2","_npmUser":{"name":"d10","email":"demoneaux@gmail.com"},"dist":{"shasum":"0ee4a3e9276430cda25f1e789ea6c15b87b0cb43","tarball":"https://registry.npmjs.org/regjsgen/-/regjsgen-0.3.0.tgz"},"maintainers":[{"name":"d10","email":"demoneaux@gmail.com"}],"_npmOperationalInternal":{"host":"packages-16-east.internal.npmjs.com","tmp":"tmp/regjsgen-0.3.0.tgz_1464773921251_0.36796207097359"},"directories":{}},"0.4.0":{"name":"regjsgen","version":"0.4.0","description":"Generate regular expressions from regjsparser’s AST.","homepage":"https://github.com/bnjmnt4n/regjsgen","main":"regjsgen.js","keywords":["ast","generate","regex","regexp","regular expressions"],"license":"MIT","author":{"name":"Benjamin Tan","url":"https://bnjmnt4n.now.sh/"},"repository":{"type":"git","url":"git+https://github.com/bnjmnt4n/regjsgen.git"},"bugs":{"url":"https://github.com/bnjmnt4n/regjsgen/issues"},"files":["LICENSE","regjsgen.js"],"scripts":{"test":"node tests/tests.js","coverage":"istanbul cover --report html tests/tests.js","update-fixtures":"node tests/update-fixtures.js"},"devDependencies":{"codecov":"^3.0.0","istanbul":"~0.4.5","regjsparser":"~0.3.0","request":"^2.83.0"},"gitHead":"42bc3cd545a2fa25cf226324773f232325da824b","_id":"regjsgen@0.4.0","_npmVersion":"5.5.1","_nodeVersion":"8.9.3","_npmUser":{"name":"d10","email":"demoneaux@gmail.com"},"dist":{"integrity":"sha512-X51Lte1gCYUdlwhF28+2YMO0U6WeN0GLpgpA7LK7mbdDnkQYiwvEpmpe0F/cv5L14EbxgrdayAG3JETBv0dbXA==","shasum":"c1eb4c89a209263f8717c782591523913ede2561","tarball":"https://registry.npmjs.org/regjsgen/-/regjsgen-0.4.0.tgz"},"maintainers":[{"name":"d10","email":"demoneaux@gmail.com"}],"_npmOperationalInternal":{"host":"s3://npm-registry-packages","tmp":"tmp/regjsgen-0.4.0.tgz_1516192464288_0.0024640210904181004"},"directories":{}}},"readme":"# regjsgen [![Build status](https://travis-ci.org/bnjmnt4n/regjsgen.svg?branch=master)](https://travis-ci.org/bnjmnt4n/regjsgen) [![Code coverage status](https://codecov.io/gh/bnjmnt4n/regjsgen/branch/master/graph/badge.svg)](https://codecov.io/gh/bnjmnt4n/regjsgen)\n\nGenerate regular expressions from [regjsparser](https://github.com/jviereck/regjsparser)’s AST.\n\n## Installation\n\n```bash\nnpm install --save regjsgen\n```\n\n## API\n\n### `regjsgen.generate(ast)`\n\nThis function accepts an abstract syntax tree representing a regular expression, and returns the generated regular expression string.\n\n```js\nvar regjsparser = require('regjsparser');\nvar regjsgen = require('regjsgen');\n\n// Generate an AST with `regjsparser`.\nvar ast = regjsparser.parse(regex);\n\n// Modify AST\n// …\n\n// Generate `RegExp` string with `regjsgen`.\nregex = regjsgen.generate(ast);\n```\n\n## Support\n\nTested in Node.js 0.10, 0.12, 4, 6 and 8.\n","maintainers":[{"name":"d10","email":"demoneaux@gmail.com"}],"time":{"modified":"2018-01-17T12:34:24.541Z","created":"2014-07-01T07:27:00.362Z","0.1.0":"2014-07-01T07:27:00.362Z","0.1.1":"2014-07-09T09:15:23.663Z","0.1.2":"2014-08-24T04:00:41.014Z","0.2.0":"2014-09-02T04:32:12.545Z","0.3.0":"2016-06-01T09:38:45.706Z","0.4.0":"2018-01-17T12:34:24.541Z"},"homepage":"https://github.com/bnjmnt4n/regjsgen","repository":{"type":"git","url":"git+https://github.com/bnjmnt4n/regjsgen.git"},"author":{"name":"Benjamin Tan","url":"https://bnjmnt4n.now.sh/"},"bugs":{"url":"https://github.com/bnjmnt4n/regjsgen/issues"},"license":"MIT","readmeFilename":"README.md","keywords":["ast","generate","regex","regexp","regular expressions"],"users":{"amobiz":true},"_attachments":{},"_etag":"W/\"fe5f90ec84fd42c890e7fb99a8010ed3\"","_lastModified":"Sun, 27 May 2018 15:44:14 GMT"}