{"_id":"to-fast-properties","_rev":"7-3dd7ca9af73b90bedd58030995bbd375","name":"to-fast-properties","description":"Force V8 to use fast properties for an object","dist-tags":{"latest":"2.0.0"},"versions":{"1.0.0":{"name":"to-fast-properties","version":"1.0.0","description":"Force V8 to use fast properties for an object","license":"MIT","repository":{"type":"git","url":"https://github.com/sindresorhus/to-fast-properties"},"author":{"name":"Sindre Sorhus","email":"sindresorhus@gmail.com","url":"sindresorhus.com"},"engines":{"node":">=0.10.0"},"scripts":{"test":"node --allow-natives-syntax test.js"},"files":["index.js"],"keywords":["object","obj","properties","props","v8","optimize","fast","convert","mode"],"devDependencies":{"ava":"0.0.4"},"gitHead":"d7935a0aa523451f826c1a1245c68722f466bce9","bugs":{"url":"https://github.com/sindresorhus/to-fast-properties/issues"},"homepage":"https://github.com/sindresorhus/to-fast-properties","_id":"to-fast-properties@1.0.0","_shasum":"4e944cc07ec1e263c27a46b3bd339716d8ed500a","_from":".","_npmVersion":"2.5.1","_nodeVersion":"0.12.0","_npmUser":{"name":"sindresorhus","email":"sindresorhus@gmail.com"},"maintainers":[{"name":"sindresorhus","email":"sindresorhus@gmail.com"}],"dist":{"shasum":"4e944cc07ec1e263c27a46b3bd339716d8ed500a","tarball":"https://registry.npmjs.org/to-fast-properties/-/to-fast-properties-1.0.0.tgz"},"directories":{}},"1.0.1":{"name":"to-fast-properties","version":"1.0.1","description":"Force V8 to use fast properties for an object","license":"MIT","repository":{"type":"git","url":"https://github.com/sindresorhus/to-fast-properties"},"author":{"name":"Sindre Sorhus","email":"sindresorhus@gmail.com","url":"sindresorhus.com"},"engines":{"node":">=0.10.0"},"scripts":{"test":"node --allow-natives-syntax test.js"},"files":["index.js"],"keywords":["object","obj","properties","props","v8","optimize","fast","convert","mode"],"devDependencies":{"ava":"0.0.4"},"gitHead":"67e3b8857c3b000bd4f3cdbb3c0e8b2550994a02","bugs":{"url":"https://github.com/sindresorhus/to-fast-properties/issues"},"homepage":"https://github.com/sindresorhus/to-fast-properties","_id":"to-fast-properties@1.0.1","_shasum":"4a41554d2b2f4bbe2d794060dc47396b10bb48a8","_from":".","_npmVersion":"2.5.1","_nodeVersion":"0.12.0","_npmUser":{"name":"sindresorhus","email":"sindresorhus@gmail.com"},"maintainers":[{"name":"sindresorhus","email":"sindresorhus@gmail.com"}],"dist":{"shasum":"4a41554d2b2f4bbe2d794060dc47396b10bb48a8","tarball":"https://registry.npmjs.org/to-fast-properties/-/to-fast-properties-1.0.1.tgz"},"directories":{}},"1.0.2":{"name":"to-fast-properties","version":"1.0.2","description":"Force V8 to use fast properties for an object","license":"MIT","repository":{"type":"git","url":"git+https://github.com/sindresorhus/to-fast-properties.git"},"author":{"name":"Sindre Sorhus","email":"sindresorhus@gmail.com","url":"sindresorhus.com"},"engines":{"node":">=0.10.0"},"scripts":{"test":"node --allow-natives-syntax test.js"},"files":["index.js"],"keywords":["object","obj","properties","props","v8","optimize","fast","convert","mode"],"devDependencies":{"ava":"0.0.4"},"gitHead":"f65cab875234f8a9ee9b28df5d4db5c4a92fd0d9","bugs":{"url":"https://github.com/sindresorhus/to-fast-properties/issues"},"homepage":"https://github.com/sindresorhus/to-fast-properties#readme","_id":"to-fast-properties@1.0.2","_shasum":"f3f5c0c3ba7299a7ef99427e44633257ade43320","_from":".","_npmVersion":"2.14.12","_nodeVersion":"4.3.0","_npmUser":{"name":"sindresorhus","email":"sindresorhus@gmail.com"},"dist":{"shasum":"f3f5c0c3ba7299a7ef99427e44633257ade43320","tarball":"https://registry.npmjs.org/to-fast-properties/-/to-fast-properties-1.0.2.tgz"},"maintainers":[{"name":"sindresorhus","email":"sindresorhus@gmail.com"}],"_npmOperationalInternal":{"host":"packages-13-west.internal.npmjs.com","tmp":"tmp/to-fast-properties-1.0.2.tgz_1458494284238_0.9049524136353284"},"directories":{}},"1.0.3":{"name":"to-fast-properties","version":"1.0.3","description":"Force V8 to use fast properties for an object","license":"MIT","repository":{"type":"git","url":"git+https://github.com/sindresorhus/to-fast-properties.git"},"author":{"name":"Sindre Sorhus","email":"sindresorhus@gmail.com","url":"sindresorhus.com"},"engines":{"node":">=0.10.0"},"scripts":{"test":"node --allow-natives-syntax test.js"},"files":["index.js"],"keywords":["object","obj","properties","props","v8","optimize","fast","convert","mode"],"devDependencies":{"ava":"0.0.4"},"gitHead":"76e30a0b6040781a705cb351fb2e4a1d879f1adb","bugs":{"url":"https://github.com/sindresorhus/to-fast-properties/issues"},"homepage":"https://github.com/sindresorhus/to-fast-properties#readme","_id":"to-fast-properties@1.0.3","_shasum":"b83571fa4d8c25b82e231b06e3a3055de4ca1a47","_from":".","_npmVersion":"4.2.0","_nodeVersion":"7.8.0","_npmUser":{"name":"sindresorhus","email":"sindresorhus@gmail.com"},"dist":{"shasum":"b83571fa4d8c25b82e231b06e3a3055de4ca1a47","tarball":"https://registry.npmjs.org/to-fast-properties/-/to-fast-properties-1.0.3.tgz"},"maintainers":[{"name":"sindresorhus","email":"sindresorhus@gmail.com"}],"_npmOperationalInternal":{"host":"packages-18-east.internal.npmjs.com","tmp":"tmp/to-fast-properties-1.0.3.tgz_1493539544656_0.5382057083770633"},"directories":{}},"2.0.0":{"name":"to-fast-properties","version":"2.0.0","description":"Force V8 to use fast properties for an object","license":"MIT","repository":{"type":"git","url":"git+https://github.com/sindresorhus/to-fast-properties.git"},"author":{"name":"Sindre Sorhus","email":"sindresorhus@gmail.com","url":"sindresorhus.com"},"engines":{"node":">=4"},"scripts":{"test":"node --allow-natives-syntax test.js"},"files":["index.js"],"keywords":["object","obj","properties","props","v8","optimize","fast","convert","mode"],"devDependencies":{"ava":"0.0.4"},"gitHead":"5b2ddf09843cacf5e9c2f9403155ef5a742edd83","bugs":{"url":"https://github.com/sindresorhus/to-fast-properties/issues"},"homepage":"https://github.com/sindresorhus/to-fast-properties#readme","_id":"to-fast-properties@2.0.0","_shasum":"dc5e698cbd079265bc73e0377681a4e4e83f616e","_from":".","_npmVersion":"2.15.11","_nodeVersion":"4.8.3","_npmUser":{"name":"sindresorhus","email":"sindresorhus@gmail.com"},"dist":{"shasum":"dc5e698cbd079265bc73e0377681a4e4e83f616e","tarball":"https://registry.npmjs.org/to-fast-properties/-/to-fast-properties-2.0.0.tgz"},"maintainers":[{"name":"sindresorhus","email":"sindresorhus@gmail.com"}],"_npmOperationalInternal":{"host":"s3://npm-registry-packages","tmp":"tmp/to-fast-properties-2.0.0.tgz_1497016919085_0.9319633266422898"},"directories":{}}},"readme":"# to-fast-properties [![Build Status](https://travis-ci.org/sindresorhus/to-fast-properties.svg?branch=master)](https://travis-ci.org/sindresorhus/to-fast-properties)\n\n> Force V8 to use fast properties for an object\n\n[Read more.](http://stackoverflow.com/questions/24987896/)\n\nUse `%HasFastProperties(object)` and `--allow-natives-syntax` to check whether an object already has fast properties.\n\n\n## Install\n\n```\n$ npm install --save to-fast-properties\n```\n\n\n## Usage\n\n```js\nconst toFastProperties = require('to-fast-properties');\n\nconst obj = {\n\tfoo: true,\n\tbar: true\n};\n\ndelete obj.foo;\n// `obj` now has slow properties\n\ntoFastProperties(obj);\n// `obj` now has fast properties\n```\n\n\n## License\n\nMIT © Petka Antonov, John-David Dalton, Sindre Sorhus\n","maintainers":[{"name":"sindresorhus","email":"sindresorhus@gmail.com"}],"time":{"modified":"2017-06-09T14:01:59.999Z","created":"2015-03-04T13:00:43.942Z","1.0.0":"2015-03-04T13:00:43.942Z","1.0.1":"2015-03-06T06:39:26.820Z","1.0.2":"2016-03-20T17:18:04.670Z","1.0.3":"2017-04-30T08:05:46.381Z","2.0.0":"2017-06-09T14:01:59.999Z"},"homepage":"https://github.com/sindresorhus/to-fast-properties#readme","keywords":["object","obj","properties","props","v8","optimize","fast","convert","mode"],"repository":{"type":"git","url":"git+https://github.com/sindresorhus/to-fast-properties.git"},"author":{"name":"Sindre Sorhus","email":"sindresorhus@gmail.com","url":"sindresorhus.com"},"bugs":{"url":"https://github.com/sindresorhus/to-fast-properties/issues"},"license":"MIT","readmeFilename":"readme.md","_attachments":{},"_etag":"W/\"db9232759b2431df3a3467f252a5c8be\"","_lastModified":"Sun, 27 May 2018 19:40:43 GMT"}