{"_id":"babel-plugin-transform-es2015-block-scoped-functions","_rev":"65-2dc5dacf73bd115c96a6425a40df6e03","name":"babel-plugin-transform-es2015-block-scoped-functions","description":"Babel plugin to ensure function declarations at the block level are block scoped","dist-tags":{"latest":"6.22.0","next":"7.0.0-beta.3"},"versions":{"6.0.2":{"name":"babel-plugin-transform-es2015-block-scoped-functions","version":"6.0.2","description":"Babel plugin to ensure function declarations at the block level are block scoped","repository":{"type":"git","url":"git+https://github.com/babel/babel.git"},"license":"MIT","main":"lib/index.js","keywords":["babel-plugin"],"dependencies":{"babel-runtime":"^6.0.2"},"bugs":{"url":"https://github.com/babel/babel/issues"},"homepage":"https://github.com/babel/babel#readme","_id":"babel-plugin-transform-es2015-block-scoped-functions@6.0.2","scripts":{},"_shasum":"5195cd0e158afaddeecf05f6da005b67e25976dd","_from":".","_npmVersion":"2.14.3","_nodeVersion":"4.1.0","_npmUser":{"name":"sebmck","email":"sebmck@gmail.com"},"dist":{"shasum":"5195cd0e158afaddeecf05f6da005b67e25976dd","tarball":"https://registry.npmjs.org/babel-plugin-transform-es2015-block-scoped-functions/-/babel-plugin-transform-es2015-block-scoped-functions-6.0.2.tgz"},"maintainers":[{"name":"sebmck","email":"sebmck@gmail.com"}],"directories":{}},"6.0.14":{"name":"babel-plugin-transform-es2015-block-scoped-functions","version":"6.0.14","description":"Babel plugin to ensure function declarations at the block level are block scoped","repository":{"type":"git","url":"https://github.com/babel/babel/tree/master/packages/babel-plugin-transform-es2015-block-scoped-functions"},"license":"MIT","main":"lib/index.js","keywords":["babel-plugin"],"dependencies":{"babel-runtime":"^5.0.0"},"_id":"babel-plugin-transform-es2015-block-scoped-functions@6.0.14","scripts":{},"_shasum":"8a03536e6e77d5a4a05e2b7b63b5afc35288c55f","_from":".","_npmVersion":"2.14.9","_nodeVersion":"4.1.0","_npmUser":{"name":"sebmck","email":"sebmck@gmail.com"},"dist":{"shasum":"8a03536e6e77d5a4a05e2b7b63b5afc35288c55f","tarball":"https://registry.npmjs.org/babel-plugin-transform-es2015-block-scoped-functions/-/babel-plugin-transform-es2015-block-scoped-functions-6.0.14.tgz"},"maintainers":[{"name":"sebmck","email":"sebmck@gmail.com"}],"directories":{}},"6.1.4":{"name":"babel-plugin-transform-es2015-block-scoped-functions","version":"6.1.4","description":"Babel plugin to ensure function declarations at the block level are block scoped","repository":{"type":"git","url":"https://github.com/babel/babel/tree/master/packages/babel-plugin-transform-es2015-block-scoped-functions"},"license":"MIT","main":"lib/index.js","keywords":["babel-plugin"],"dependencies":{"babel-runtime":"^5.0.0"},"devDependencies":{"babel-helper-plugin-test-runner":"^6.1.4"},"_id":"babel-plugin-transform-es2015-block-scoped-functions@6.1.4","scripts":{},"_shasum":"c8c0ed26426615cc34cc5971ad33b211a6d712ee","_from":".","_npmVersion":"3.3.10","_nodeVersion":"4.1.0","_npmUser":{"name":"sebmck","email":"sebmck@gmail.com"},"dist":{"shasum":"c8c0ed26426615cc34cc5971ad33b211a6d712ee","tarball":"https://registry.npmjs.org/babel-plugin-transform-es2015-block-scoped-functions/-/babel-plugin-transform-es2015-block-scoped-functions-6.1.4.tgz"},"maintainers":[{"name":"sebmck","email":"sebmck@gmail.com"}],"directories":{}},"6.1.5":{"name":"babel-plugin-transform-es2015-block-scoped-functions","version":"6.1.5","description":"Babel plugin to ensure function declarations at the block level are block scoped","repository":{"type":"git","url":"https://github.com/babel/babel/tree/master/packages/babel-plugin-transform-es2015-block-scoped-functions"},"license":"MIT","main":"lib/index.js","keywords":["babel-plugin"],"dependencies":{"babel-runtime":"^5.0.0"},"devDependencies":{"babel-helper-plugin-test-runner":"^6.1.5"},"_id":"babel-plugin-transform-es2015-block-scoped-functions@6.1.5","scripts":{},"_shasum":"ade9f623a8b9ccd49659de98825e9859da0cca44","_from":".","_npmVersion":"3.3.10","_nodeVersion":"4.1.0","_npmUser":{"name":"sebmck","email":"sebmck@gmail.com"},"dist":{"shasum":"ade9f623a8b9ccd49659de98825e9859da0cca44","tarball":"https://registry.npmjs.org/babel-plugin-transform-es2015-block-scoped-functions/-/babel-plugin-transform-es2015-block-scoped-functions-6.1.5.tgz"},"maintainers":[{"name":"sebmck","email":"sebmck@gmail.com"}],"directories":{}},"6.1.10":{"name":"babel-plugin-transform-es2015-block-scoped-functions","version":"6.1.10","description":"Babel plugin to ensure function declarations at the block level are block scoped","repository":{"type":"git","url":"https://github.com/babel/babel/tree/master/packages/babel-plugin-transform-es2015-block-scoped-functions"},"license":"MIT","main":"lib/index.js","keywords":["babel-plugin"],"dependencies":{"babel-runtime":"^5.0.0"},"devDependencies":{"babel-helper-plugin-test-runner":"^6.1.10"},"_id":"babel-plugin-transform-es2015-block-scoped-functions@6.1.10","scripts":{},"_shasum":"5dacdd007081ac1ef302e17771b27c952a04938d","_from":".","_npmVersion":"3.3.10","_nodeVersion":"4.1.0","_npmUser":{"name":"sebmck","email":"sebmck@gmail.com"},"dist":{"shasum":"5dacdd007081ac1ef302e17771b27c952a04938d","tarball":"https://registry.npmjs.org/babel-plugin-transform-es2015-block-scoped-functions/-/babel-plugin-transform-es2015-block-scoped-functions-6.1.10.tgz"},"maintainers":[{"name":"amasad","email":"amjad.masad@gmail.com"},{"name":"sebmck","email":"sebmck@gmail.com"},{"name":"thejameskyle","email":"me@thejameskyle.com"}],"directories":{}},"6.1.17":{"name":"babel-plugin-transform-es2015-block-scoped-functions","version":"6.1.17","description":"Babel plugin to ensure function declarations at the block level are block scoped","repository":{"type":"git","url":"https://github.com/babel/babel/tree/master/packages/babel-plugin-transform-es2015-block-scoped-functions"},"license":"MIT","main":"lib/index.js","keywords":["babel-plugin"],"dependencies":{"babel-runtime":"^5.0.0"},"devDependencies":{"babel-helper-plugin-test-runner":"^6.1.17"},"_id":"babel-plugin-transform-es2015-block-scoped-functions@6.1.17","scripts":{},"_shasum":"0955d840f125411a4fd4b72c6062a8912c9ddb75","_from":".","_npmVersion":"3.3.10","_nodeVersion":"4.1.0","_npmUser":{"name":"sebmck","email":"sebmck@gmail.com"},"dist":{"shasum":"0955d840f125411a4fd4b72c6062a8912c9ddb75","tarball":"https://registry.npmjs.org/babel-plugin-transform-es2015-block-scoped-functions/-/babel-plugin-transform-es2015-block-scoped-functions-6.1.17.tgz"},"maintainers":[{"name":"amasad","email":"amjad.masad@gmail.com"},{"name":"sebmck","email":"sebmck@gmail.com"},{"name":"thejameskyle","email":"me@thejameskyle.com"}],"directories":{}},"6.1.18":{"name":"babel-plugin-transform-es2015-block-scoped-functions","version":"6.1.18","description":"Babel plugin to ensure function declarations at the block level are block scoped","repository":{"type":"git","url":"https://github.com/babel/babel/tree/master/packages/babel-plugin-transform-es2015-block-scoped-functions"},"license":"MIT","main":"lib/index.js","keywords":["babel-plugin"],"dependencies":{"babel-runtime":"^5.0.0"},"devDependencies":{"babel-helper-plugin-test-runner":"^6.1.18"},"_id":"babel-plugin-transform-es2015-block-scoped-functions@6.1.18","scripts":{},"_shasum":"55719f639875b2d46144c97c26f2281ab67f68f4","_from":".","_npmVersion":"3.3.10","_nodeVersion":"4.1.0","_npmUser":{"name":"sebmck","email":"sebmck@gmail.com"},"dist":{"shasum":"55719f639875b2d46144c97c26f2281ab67f68f4","tarball":"https://registry.npmjs.org/babel-plugin-transform-es2015-block-scoped-functions/-/babel-plugin-transform-es2015-block-scoped-functions-6.1.18.tgz"},"maintainers":[{"name":"amasad","email":"amjad.masad@gmail.com"},{"name":"sebmck","email":"sebmck@gmail.com"},{"name":"thejameskyle","email":"me@thejameskyle.com"}],"directories":{}},"6.2.4":{"name":"babel-plugin-transform-es2015-block-scoped-functions","version":"6.2.4","description":"Babel plugin to ensure function declarations at the block level are block scoped","repository":{"type":"git","url":"https://github.com/babel/babel/tree/master/packages/babel-plugin-transform-es2015-block-scoped-functions"},"license":"MIT","main":"lib/index.js","keywords":["babel-plugin"],"dependencies":{"babel-runtime":"^5.0.0"},"devDependencies":{"babel-helper-plugin-test-runner":"^6.2.4"},"_id":"babel-plugin-transform-es2015-block-scoped-functions@6.2.4","scripts":{},"_shasum":"d23b8ab5bc5f75cb1821e8790c06dfc4b8377b3f","_from":".","_npmVersion":"3.3.10","_nodeVersion":"4.1.0","_npmUser":{"name":"sebmck","email":"sebmck@gmail.com"},"dist":{"shasum":"d23b8ab5bc5f75cb1821e8790c06dfc4b8377b3f","tarball":"https://registry.npmjs.org/babel-plugin-transform-es2015-block-scoped-functions/-/babel-plugin-transform-es2015-block-scoped-functions-6.2.4.tgz"},"maintainers":[{"name":"amasad","email":"amjad.masad@gmail.com"},{"name":"sebmck","email":"sebmck@gmail.com"},{"name":"thejameskyle","email":"me@thejameskyle.com"}],"directories":{}},"6.3.13":{"name":"babel-plugin-transform-es2015-block-scoped-functions","version":"6.3.13","description":"Babel plugin to ensure function declarations at the block level are block scoped","repository":{"type":"git","url":"https://github.com/babel/babel/tree/master/packages/babel-plugin-transform-es2015-block-scoped-functions"},"license":"MIT","main":"lib/index.js","keywords":["babel-plugin"],"dependencies":{"babel-runtime":"^5.0.0"},"devDependencies":{"babel-helper-plugin-test-runner":"^6.3.13"},"_id":"babel-plugin-transform-es2015-block-scoped-functions@6.3.13","scripts":{},"_shasum":"a5fcff89f877588f41feb1b78268391b445c315b","_from":".","_npmVersion":"3.3.10","_nodeVersion":"4.1.0","_npmUser":{"name":"sebmck","email":"sebmck@gmail.com"},"dist":{"shasum":"a5fcff89f877588f41feb1b78268391b445c315b","tarball":"https://registry.npmjs.org/babel-plugin-transform-es2015-block-scoped-functions/-/babel-plugin-transform-es2015-block-scoped-functions-6.3.13.tgz"},"maintainers":[{"name":"amasad","email":"amjad.masad@gmail.com"},{"name":"hzoo","email":"hi@henryzoo.com"},{"name":"jmm","email":"npm-public@jessemccarthy.net"},{"name":"loganfsmyth","email":"loganfsmyth@gmail.com"},{"name":"sebmck","email":"sebmck@gmail.com"},{"name":"thejameskyle","email":"me@thejameskyle.com"}],"directories":{}},"6.5.0":{"name":"babel-plugin-transform-es2015-block-scoped-functions","version":"6.5.0","description":"Babel plugin to ensure function declarations at the block level are block scoped","repository":{"type":"git","url":"https://github.com/babel/babel/tree/master/packages/babel-plugin-transform-es2015-block-scoped-functions"},"license":"MIT","main":"lib/index.js","keywords":["babel-plugin"],"dependencies":{"babel-runtime":"^5.0.0"},"devDependencies":{"babel-helper-plugin-test-runner":"^6.3.13"},"_id":"babel-plugin-transform-es2015-block-scoped-functions@6.5.0","scripts":{},"_shasum":"95206079e3a7382397c30534d31dabb66b5dc521","_from":".","_npmVersion":"3.6.0","_nodeVersion":"5.1.0","_npmUser":{"name":"hzoo","email":"hi@henryzoo.com"},"dist":{"shasum":"95206079e3a7382397c30534d31dabb66b5dc521","tarball":"https://registry.npmjs.org/babel-plugin-transform-es2015-block-scoped-functions/-/babel-plugin-transform-es2015-block-scoped-functions-6.5.0.tgz"},"maintainers":[{"name":"amasad","email":"amjad.masad@gmail.com"},{"name":"hzoo","email":"hi@henryzoo.com"},{"name":"jmm","email":"npm-public@jessemccarthy.net"},{"name":"loganfsmyth","email":"loganfsmyth@gmail.com"},{"name":"sebmck","email":"sebmck@gmail.com"},{"name":"thejameskyle","email":"me@thejameskyle.com"}],"_npmOperationalInternal":{"host":"packages-9-west.internal.npmjs.com","tmp":"tmp/babel-plugin-transform-es2015-block-scoped-functions-6.5.0.tgz_1454803648885_0.06330967578105628"},"directories":{}},"6.5.0-1":{"name":"babel-plugin-transform-es2015-block-scoped-functions","version":"6.5.0-1","description":"Babel plugin to ensure function declarations at the block level are block scoped","repository":{"type":"git","url":"https://github.com/babel/babel/tree/master/packages/babel-plugin-transform-es2015-block-scoped-functions"},"license":"MIT","main":"lib/index.js","keywords":["babel-plugin"],"dependencies":{"babel-runtime":"^5.0.0"},"devDependencies":{"babel-helper-plugin-test-runner":"^6.5.0-1"},"_id":"babel-plugin-transform-es2015-block-scoped-functions@6.5.0-1","scripts":{},"_shasum":"3be7cc110a84dd7b96f2161acaaabf63843296e7","_from":".","_npmVersion":"3.6.0","_nodeVersion":"5.1.0","_npmUser":{"name":"hzoo","email":"hi@henryzoo.com"},"dist":{"shasum":"3be7cc110a84dd7b96f2161acaaabf63843296e7","tarball":"https://registry.npmjs.org/babel-plugin-transform-es2015-block-scoped-functions/-/babel-plugin-transform-es2015-block-scoped-functions-6.5.0-1.tgz"},"maintainers":[{"name":"amasad","email":"amjad.masad@gmail.com"},{"name":"hzoo","email":"hi@henryzoo.com"},{"name":"jmm","email":"npm-public@jessemccarthy.net"},{"name":"loganfsmyth","email":"loganfsmyth@gmail.com"},{"name":"sebmck","email":"sebmck@gmail.com"},{"name":"thejameskyle","email":"me@thejameskyle.com"}],"_npmOperationalInternal":{"host":"packages-6-west.internal.npmjs.com","tmp":"tmp/babel-plugin-transform-es2015-block-scoped-functions-6.5.0-1.tgz_1454812827961_0.2665932432282716"},"directories":{}},"6.6.4":{"name":"babel-plugin-transform-es2015-block-scoped-functions","version":"6.6.4","description":"Babel plugin to ensure function declarations at the block level are block scoped","repository":{"type":"git","url":"https://github.com/babel/babel/tree/master/packages/babel-plugin-transform-es2015-block-scoped-functions"},"license":"MIT","main":"lib/index.js","keywords":["babel-plugin"],"dependencies":{"babel-runtime":"^5.0.0"},"devDependencies":{"babel-helper-plugin-test-runner":"^6.3.13"},"_id":"babel-plugin-transform-es2015-block-scoped-functions@6.6.4","scripts":{},"_shasum":"13eb9e137c9a9ec64e444a19ce59f6578e4dad89","_from":".","_npmVersion":"3.6.0","_nodeVersion":"5.1.0","_npmUser":{"name":"hzoo","email":"hi@henryzoo.com"},"dist":{"shasum":"13eb9e137c9a9ec64e444a19ce59f6578e4dad89","tarball":"https://registry.npmjs.org/babel-plugin-transform-es2015-block-scoped-functions/-/babel-plugin-transform-es2015-block-scoped-functions-6.6.4.tgz"},"maintainers":[{"name":"amasad","email":"amjad.masad@gmail.com"},{"name":"hzoo","email":"hi@henryzoo.com"},{"name":"jmm","email":"npm-public@jessemccarthy.net"},{"name":"loganfsmyth","email":"loganfsmyth@gmail.com"},{"name":"sebmck","email":"sebmck@gmail.com"},{"name":"thejameskyle","email":"me@thejameskyle.com"}],"_npmOperationalInternal":{"host":"packages-13-west.internal.npmjs.com","tmp":"tmp/babel-plugin-transform-es2015-block-scoped-functions-6.6.4.tgz_1456954178632_0.8927386130671948"},"directories":{}},"6.6.5":{"name":"babel-plugin-transform-es2015-block-scoped-functions","version":"6.6.5","description":"Babel plugin to ensure function declarations at the block level are block scoped","repository":{"type":"git","url":"https://github.com/babel/babel/tree/master/packages/babel-plugin-transform-es2015-block-scoped-functions"},"license":"MIT","main":"lib/index.js","keywords":["babel-plugin"],"dependencies":{"babel-runtime":"^5.0.0"},"devDependencies":{"babel-helper-plugin-test-runner":"^6.3.13"},"_id":"babel-plugin-transform-es2015-block-scoped-functions@6.6.5","scripts":{},"_shasum":"640d8918a32fb2b5ee4ad205c2b5a248e1083fe6","_from":".","_npmVersion":"3.6.0","_nodeVersion":"5.1.0","_npmUser":{"name":"hzoo","email":"hi@henryzoo.com"},"dist":{"shasum":"640d8918a32fb2b5ee4ad205c2b5a248e1083fe6","tarball":"https://registry.npmjs.org/babel-plugin-transform-es2015-block-scoped-functions/-/babel-plugin-transform-es2015-block-scoped-functions-6.6.5.tgz"},"maintainers":[{"name":"amasad","email":"amjad.masad@gmail.com"},{"name":"hzoo","email":"hi@henryzoo.com"},{"name":"jmm","email":"npm-public@jessemccarthy.net"},{"name":"loganfsmyth","email":"loganfsmyth@gmail.com"},{"name":"sebmck","email":"sebmck@gmail.com"},{"name":"thejameskyle","email":"me@thejameskyle.com"}],"_npmOperationalInternal":{"host":"packages-13-west.internal.npmjs.com","tmp":"tmp/babel-plugin-transform-es2015-block-scoped-functions-6.6.5.tgz_1457133405955_0.6049373527057469"},"directories":{}},"6.8.0":{"name":"babel-plugin-transform-es2015-block-scoped-functions","version":"6.8.0","description":"Babel plugin to ensure function declarations at the block level are block scoped","repository":{"type":"git","url":"https://github.com/babel/babel/tree/master/packages/babel-plugin-transform-es2015-block-scoped-functions"},"license":"MIT","main":"lib/index.js","keywords":["babel-plugin"],"dependencies":{"babel-runtime":"^6.0.0"},"devDependencies":{"babel-helper-plugin-test-runner":"^6.8.0"},"_id":"babel-plugin-transform-es2015-block-scoped-functions@6.8.0","scripts":{},"_shasum":"ed95d629c4b5a71ae29682b998f70d9833eb366d","_from":".","_npmVersion":"3.8.6","_nodeVersion":"5.1.0","_npmUser":{"name":"hzoo","email":"hi@henryzoo.com"},"maintainers":[{"name":"amasad","email":"amjad.masad@gmail.com"},{"name":"hzoo","email":"hi@henryzoo.com"},{"name":"jmm","email":"npm-public@jessemccarthy.net"},{"name":"loganfsmyth","email":"loganfsmyth@gmail.com"},{"name":"sebmck","email":"sebmck@gmail.com"},{"name":"thejameskyle","email":"me@thejameskyle.com"}],"dist":{"shasum":"ed95d629c4b5a71ae29682b998f70d9833eb366d","tarball":"https://registry.npmjs.org/babel-plugin-transform-es2015-block-scoped-functions/-/babel-plugin-transform-es2015-block-scoped-functions-6.8.0.tgz"},"_npmOperationalInternal":{"host":"packages-16-east.internal.npmjs.com","tmp":"tmp/babel-plugin-transform-es2015-block-scoped-functions-6.8.0.tgz_1462232673039_0.8572791118640453"},"directories":{}},"6.22.0":{"name":"babel-plugin-transform-es2015-block-scoped-functions","version":"6.22.0","description":"Babel plugin to ensure function declarations at the block level are block scoped","repository":{"type":"git","url":"https://github.com/babel/babel/tree/master/packages/babel-plugin-transform-es2015-block-scoped-functions"},"license":"MIT","main":"lib/index.js","keywords":["babel-plugin"],"dependencies":{"babel-runtime":"^6.22.0"},"devDependencies":{"babel-helper-plugin-test-runner":"^6.22.0"},"_id":"babel-plugin-transform-es2015-block-scoped-functions@6.22.0","scripts":{},"_shasum":"bbc51b49f964d70cb8d8e0b94e820246ce3a6141","_from":".","_npmVersion":"3.10.10","_nodeVersion":"6.9.0","_npmUser":{"name":"hzoo","email":"hi@henryzoo.com"},"dist":{"shasum":"bbc51b49f964d70cb8d8e0b94e820246ce3a6141","tarball":"https://registry.npmjs.org/babel-plugin-transform-es2015-block-scoped-functions/-/babel-plugin-transform-es2015-block-scoped-functions-6.22.0.tgz"},"maintainers":[{"name":"amasad","email":"amjad.masad@gmail.com"},{"name":"hzoo","email":"hi@henryzoo.com"},{"name":"jmm","email":"npm-public@jessemccarthy.net"},{"name":"loganfsmyth","email":"loganfsmyth@gmail.com"},{"name":"sebmck","email":"sebmck@gmail.com"},{"name":"thejameskyle","email":"me@thejameskyle.com"}],"_npmOperationalInternal":{"host":"packages-18-east.internal.npmjs.com","tmp":"tmp/babel-plugin-transform-es2015-block-scoped-functions-6.22.0.tgz_1484872427609_0.37350659677758813"},"directories":{}},"7.0.0-alpha.1":{"name":"babel-plugin-transform-es2015-block-scoped-functions","version":"7.0.0-alpha.1","description":"Babel plugin to ensure function declarations at the block level are block scoped","repository":{"type":"git","url":"https://github.com/babel/babel/tree/master/packages/babel-plugin-transform-es2015-block-scoped-functions"},"license":"MIT","main":"lib/index.js","keywords":["babel-plugin"],"devDependencies":{"babel-helper-plugin-test-runner":"7.0.0-alpha.1"},"_id":"babel-plugin-transform-es2015-block-scoped-functions@7.0.0-alpha.1","scripts":{},"_shasum":"65d4c95a4f0ec0976f8da45af493d126d29d6fe4","_from":".","_npmVersion":"3.10.10","_nodeVersion":"6.9.0","_npmUser":{"name":"hzoo","email":"hi@henryzoo.com"},"dist":{"shasum":"65d4c95a4f0ec0976f8da45af493d126d29d6fe4","tarball":"https://registry.npmjs.org/babel-plugin-transform-es2015-block-scoped-functions/-/babel-plugin-transform-es2015-block-scoped-functions-7.0.0-alpha.1.tgz"},"maintainers":[{"name":"amasad","email":"amjad.masad@gmail.com"},{"name":"hzoo","email":"hi@henryzoo.com"},{"name":"jmm","email":"npm-public@jessemccarthy.net"},{"name":"loganfsmyth","email":"loganfsmyth@gmail.com"},{"name":"sebmck","email":"sebmck@gmail.com"},{"name":"thejameskyle","email":"me@thejameskyle.com"}],"_npmOperationalInternal":{"host":"packages-12-west.internal.npmjs.com","tmp":"tmp/babel-plugin-transform-es2015-block-scoped-functions-7.0.0-alpha.1.tgz_1488488700999_0.2810675597283989"},"directories":{}},"7.0.0-alpha.3":{"name":"babel-plugin-transform-es2015-block-scoped-functions","version":"7.0.0-alpha.3","description":"Babel plugin to ensure function declarations at the block level are block scoped","repository":{"type":"git","url":"https://github.com/babel/babel/tree/master/packages/babel-plugin-transform-es2015-block-scoped-functions"},"license":"MIT","main":"lib/index.js","keywords":["babel-plugin"],"devDependencies":{"babel-helper-plugin-test-runner":"7.0.0-alpha.3"},"_id":"babel-plugin-transform-es2015-block-scoped-functions@7.0.0-alpha.3","scripts":{},"_shasum":"fa5f3f3715e05ec3a1ef2c1ec8bb1f1fe3a4ce0a","_from":".","_npmVersion":"3.10.10","_nodeVersion":"6.9.0","_npmUser":{"name":"hzoo","email":"hi@henryzoo.com"},"dist":{"shasum":"fa5f3f3715e05ec3a1ef2c1ec8bb1f1fe3a4ce0a","tarball":"https://registry.npmjs.org/babel-plugin-transform-es2015-block-scoped-functions/-/babel-plugin-transform-es2015-block-scoped-functions-7.0.0-alpha.3.tgz"},"maintainers":[{"name":"amasad","email":"amjad.masad@gmail.com"},{"name":"hzoo","email":"hi@henryzoo.com"},{"name":"jmm","email":"npm-public@jessemccarthy.net"},{"name":"loganfsmyth","email":"loganfsmyth@gmail.com"},{"name":"sebmck","email":"sebmck@gmail.com"},{"name":"thejameskyle","email":"me@thejameskyle.com"}],"_npmOperationalInternal":{"host":"packages-18-east.internal.npmjs.com","tmp":"tmp/babel-plugin-transform-es2015-block-scoped-functions-7.0.0-alpha.3.tgz_1490298551190_0.750465385382995"},"directories":{}},"7.0.0-alpha.7":{"name":"babel-plugin-transform-es2015-block-scoped-functions","version":"7.0.0-alpha.7","description":"Babel plugin to ensure function declarations at the block level are block scoped","repository":{"type":"git","url":"https://github.com/babel/babel/tree/master/packages/babel-plugin-transform-es2015-block-scoped-functions"},"license":"MIT","main":"lib/index.js","keywords":["babel-plugin"],"devDependencies":{"babel-helper-plugin-test-runner":"7.0.0-alpha.7"},"_id":"babel-plugin-transform-es2015-block-scoped-functions@7.0.0-alpha.7","scripts":{},"_shasum":"c3409df41e449c075100c5ff602f98e065577f7a","_from":".","_npmVersion":"3.10.10","_nodeVersion":"6.9.0","_npmUser":{"name":"hzoo","email":"hi@henryzoo.com"},"dist":{"shasum":"c3409df41e449c075100c5ff602f98e065577f7a","tarball":"https://registry.npmjs.org/babel-plugin-transform-es2015-block-scoped-functions/-/babel-plugin-transform-es2015-block-scoped-functions-7.0.0-alpha.7.tgz"},"maintainers":[{"name":"amasad","email":"amjad.masad@gmail.com"},{"name":"hzoo","email":"hi@henryzoo.com"},{"name":"jmm","email":"npm-public@jessemccarthy.net"},{"name":"loganfsmyth","email":"loganfsmyth@gmail.com"},{"name":"sebmck","email":"sebmck@gmail.com"},{"name":"thejameskyle","email":"me@thejameskyle.com"}],"_npmOperationalInternal":{"host":"packages-18-east.internal.npmjs.com","tmp":"tmp/babel-plugin-transform-es2015-block-scoped-functions-7.0.0-alpha.7.tgz_1491426814650_0.9836812866851687"},"directories":{}},"7.0.0-alpha.8":{"name":"babel-plugin-transform-es2015-block-scoped-functions","version":"7.0.0-alpha.8","description":"Babel plugin to ensure function declarations at the block level are block scoped","repository":{"type":"git","url":"https://github.com/babel/babel/tree/master/packages/babel-plugin-transform-es2015-block-scoped-functions"},"license":"MIT","main":"lib/index.js","keywords":["babel-plugin"],"devDependencies":{"babel-helper-plugin-test-runner":"7.0.0-alpha.8"},"_id":"babel-plugin-transform-es2015-block-scoped-functions@7.0.0-alpha.8","scripts":{},"_shasum":"7e919e20c49b02e7859cd2b1230f00e13487500d","_from":".","_npmVersion":"3.10.10","_nodeVersion":"6.9.0","_npmUser":{"name":"hzoo","email":"hi@henryzoo.com"},"dist":{"shasum":"7e919e20c49b02e7859cd2b1230f00e13487500d","tarball":"https://registry.npmjs.org/babel-plugin-transform-es2015-block-scoped-functions/-/babel-plugin-transform-es2015-block-scoped-functions-7.0.0-alpha.8.tgz"},"maintainers":[{"name":"amasad","email":"amjad.masad@gmail.com"},{"name":"hzoo","email":"hi@henryzoo.com"},{"name":"jmm","email":"npm-public@jessemccarthy.net"},{"name":"loganfsmyth","email":"loganfsmyth@gmail.com"},{"name":"sebmck","email":"sebmck@gmail.com"},{"name":"thejameskyle","email":"me@thejameskyle.com"}],"_npmOperationalInternal":{"host":"packages-18-east.internal.npmjs.com","tmp":"tmp/babel-plugin-transform-es2015-block-scoped-functions-7.0.0-alpha.8.tgz_1492456356540_0.3154750596731901"},"directories":{}},"7.0.0-alpha.9":{"name":"babel-plugin-transform-es2015-block-scoped-functions","version":"7.0.0-alpha.9","description":"Babel plugin to ensure function declarations at the block level are block scoped","repository":{"type":"git","url":"https://github.com/babel/babel/tree/master/packages/babel-plugin-transform-es2015-block-scoped-functions"},"license":"MIT","main":"lib/index.js","keywords":["babel-plugin"],"devDependencies":{"babel-helper-plugin-test-runner":"7.0.0-alpha.9"},"_id":"babel-plugin-transform-es2015-block-scoped-functions@7.0.0-alpha.9","scripts":{},"_shasum":"0fc73e54fe3e937dfa6a9f98374622fe88d8e613","_from":".","_npmVersion":"3.10.10","_nodeVersion":"6.9.0","_npmUser":{"name":"hzoo","email":"hi@henryzoo.com"},"dist":{"shasum":"0fc73e54fe3e937dfa6a9f98374622fe88d8e613","tarball":"https://registry.npmjs.org/babel-plugin-transform-es2015-block-scoped-functions/-/babel-plugin-transform-es2015-block-scoped-functions-7.0.0-alpha.9.tgz"},"maintainers":[{"name":"amasad","email":"amjad.masad@gmail.com"},{"name":"hzoo","email":"hi@henryzoo.com"},{"name":"jmm","email":"npm-public@jessemccarthy.net"},{"name":"loganfsmyth","email":"loganfsmyth@gmail.com"},{"name":"sebmck","email":"sebmck@gmail.com"},{"name":"thejameskyle","email":"me@thejameskyle.com"}],"_npmOperationalInternal":{"host":"packages-18-east.internal.npmjs.com","tmp":"tmp/babel-plugin-transform-es2015-block-scoped-functions-7.0.0-alpha.9.tgz_1492526503891_0.08840379188768566"},"directories":{}},"7.0.0-alpha.10":{"name":"babel-plugin-transform-es2015-block-scoped-functions","version":"7.0.0-alpha.10","description":"Babel plugin to ensure function declarations at the block level are block scoped","repository":{"type":"git","url":"https://github.com/babel/babel/tree/master/packages/babel-plugin-transform-es2015-block-scoped-functions"},"license":"MIT","main":"lib/index.js","keywords":["babel-plugin"],"devDependencies":{"babel-helper-plugin-test-runner":"7.0.0-alpha.10"},"_id":"babel-plugin-transform-es2015-block-scoped-functions@7.0.0-alpha.10","scripts":{},"_shasum":"2a8797aa3a94e790e8de81db173bcedf13534b1c","_from":".","_npmVersion":"3.10.10","_nodeVersion":"6.9.0","_npmUser":{"name":"hzoo","email":"hi@henryzoo.com"},"dist":{"shasum":"2a8797aa3a94e790e8de81db173bcedf13534b1c","tarball":"https://registry.npmjs.org/babel-plugin-transform-es2015-block-scoped-functions/-/babel-plugin-transform-es2015-block-scoped-functions-7.0.0-alpha.10.tgz"},"maintainers":[{"email":"daniel@tschinder.de","name":"danez"},{"email":"hi@henryzoo.com","name":"hzoo"},{"email":"loganfsmyth@gmail.com","name":"loganfsmyth"}],"_npmOperationalInternal":{"host":"s3://npm-registry-packages","tmp":"tmp/babel-plugin-transform-es2015-block-scoped-functions-7.0.0-alpha.10.tgz_1495739833128_0.16097964765504003"},"directories":{}},"7.0.0-alpha.11":{"name":"babel-plugin-transform-es2015-block-scoped-functions","version":"7.0.0-alpha.11","description":"Babel plugin to ensure function declarations at the block level are block scoped","repository":{"type":"git","url":"https://github.com/babel/babel/tree/master/packages/babel-plugin-transform-es2015-block-scoped-functions"},"license":"MIT","main":"lib/index.js","keywords":["babel-plugin"],"devDependencies":{"babel-helper-plugin-test-runner":"7.0.0-alpha.11"},"_id":"babel-plugin-transform-es2015-block-scoped-functions@7.0.0-alpha.11","_npmVersion":"5.0.0","_nodeVersion":"6.9.0","_npmUser":{"name":"hzoo","email":"hi@henryzoo.com"},"dist":{"integrity":"sha512-K+JzxakbF1g2tLdJ8uZpz9o+MCdudW5NtpHh87q6bXFgCD/GgrC7d46G08ly8rFCe8LtoVgxafhaArj8/odCDw==","shasum":"dbaec48f30f1f7be746db3c8cc9a53b92046379b","tarball":"https://registry.npmjs.org/babel-plugin-transform-es2015-block-scoped-functions/-/babel-plugin-transform-es2015-block-scoped-functions-7.0.0-alpha.11.tgz"},"maintainers":[{"email":"sebmck@gmail.com","name":"sebmck"},{"email":"daniel@tschinder.de","name":"danez"},{"email":"hi@henryzoo.com","name":"hzoo"},{"email":"loganfsmyth@gmail.com","name":"loganfsmyth"}],"_npmOperationalInternal":{"host":"s3://npm-registry-packages","tmp":"tmp/babel-plugin-transform-es2015-block-scoped-functions-7.0.0-alpha.11.tgz_1496263414309_0.6106240630615503"},"directories":{}},"7.0.0-alpha.12":{"name":"babel-plugin-transform-es2015-block-scoped-functions","version":"7.0.0-alpha.12","description":"Babel plugin to ensure function declarations at the block level are block scoped","repository":{"type":"git","url":"https://github.com/babel/babel/tree/master/packages/babel-plugin-transform-es2015-block-scoped-functions"},"license":"MIT","main":"lib/index.js","keywords":["babel-plugin"],"devDependencies":{"babel-helper-plugin-test-runner":"7.0.0-alpha.12"},"_id":"babel-plugin-transform-es2015-block-scoped-functions@7.0.0-alpha.12","_npmVersion":"5.0.0","_nodeVersion":"6.9.0","_npmUser":{"name":"hzoo","email":"hi@henryzoo.com"},"dist":{"integrity":"sha512-u9aLjh7l0lDZI0IYCYvV0ZiuqbbIIryBaHbXi7/eE960iG6JLinTqehNFkwbdO46DEKclauAYQeSZM3FuVVFXA==","shasum":"81a3c39a1fbdbea2ced92d2d8d89dc8114c6cc2a","tarball":"https://registry.npmjs.org/babel-plugin-transform-es2015-block-scoped-functions/-/babel-plugin-transform-es2015-block-scoped-functions-7.0.0-alpha.12.tgz"},"maintainers":[{"email":"sebmck@gmail.com","name":"sebmck"},{"email":"daniel@tschinder.de","name":"danez"},{"email":"hi@henryzoo.com","name":"hzoo"},{"email":"loganfsmyth@gmail.com","name":"loganfsmyth"}],"_npmOperationalInternal":{"host":"s3://npm-registry-packages","tmp":"tmp/babel-plugin-transform-es2015-block-scoped-functions-7.0.0-alpha.12.tgz_1496265107347_0.3885373407974839"},"directories":{}},"7.0.0-alpha.13":{"name":"babel-plugin-transform-es2015-block-scoped-functions","version":"7.0.0-alpha.13","description":"Babel plugin to ensure function declarations at the block level are block scoped","repository":{"type":"git","url":"https://github.com/babel/babel/tree/master/packages/babel-plugin-transform-es2015-block-scoped-functions"},"license":"MIT","main":"lib/index.js","keywords":["babel-plugin"],"devDependencies":{"babel-helper-plugin-test-runner":"7.0.0-alpha.13"},"_id":"babel-plugin-transform-es2015-block-scoped-functions@7.0.0-alpha.13","scripts":{},"_shasum":"48cf89dfb2eb8b83c585a071593ed12392c32730","_from":".","_npmVersion":"4.6.1","_nodeVersion":"6.9.0","_npmUser":{"name":"hzoo","email":"hi@henryzoo.com"},"dist":{"shasum":"48cf89dfb2eb8b83c585a071593ed12392c32730","tarball":"https://registry.npmjs.org/babel-plugin-transform-es2015-block-scoped-functions/-/babel-plugin-transform-es2015-block-scoped-functions-7.0.0-alpha.13.tgz"},"maintainers":[{"email":"sebmck@gmail.com","name":"sebmck"},{"email":"daniel@tschinder.de","name":"danez"},{"email":"hi@henryzoo.com","name":"hzoo"},{"email":"loganfsmyth@gmail.com","name":"loganfsmyth"}],"_npmOperationalInternal":{"host":"s3://npm-registry-packages","tmp":"tmp/babel-plugin-transform-es2015-block-scoped-functions-7.0.0-alpha.13.tgz_1499826491775_0.5802350235171616"},"directories":{}},"7.0.0-alpha.14":{"name":"babel-plugin-transform-es2015-block-scoped-functions","version":"7.0.0-alpha.14","description":"Babel plugin to ensure function declarations at the block level are block scoped","repository":{"type":"git","url":"https://github.com/babel/babel/tree/master/packages/babel-plugin-transform-es2015-block-scoped-functions"},"license":"MIT","main":"lib/index.js","keywords":["babel-plugin"],"devDependencies":{"babel-helper-plugin-test-runner":"7.0.0-alpha.14"},"_id":"babel-plugin-transform-es2015-block-scoped-functions@7.0.0-alpha.14","scripts":{},"_shasum":"40390649090db3ef022461963c6d445ba6a167ad","_from":".","_npmVersion":"4.6.1","_nodeVersion":"6.9.0","_npmUser":{"name":"hzoo","email":"hi@henryzoo.com"},"dist":{"shasum":"40390649090db3ef022461963c6d445ba6a167ad","tarball":"https://registry.npmjs.org/babel-plugin-transform-es2015-block-scoped-functions/-/babel-plugin-transform-es2015-block-scoped-functions-7.0.0-alpha.14.tgz"},"maintainers":[{"email":"sebmck@gmail.com","name":"sebmck"},{"email":"daniel@tschinder.de","name":"danez"},{"email":"hi@henryzoo.com","name":"hzoo"},{"email":"loganfsmyth@gmail.com","name":"loganfsmyth"}],"_npmOperationalInternal":{"host":"s3://npm-registry-packages","tmp":"tmp/babel-plugin-transform-es2015-block-scoped-functions-7.0.0-alpha.14.tgz_1499828003165_0.6384065316524357"},"directories":{}},"7.0.0-alpha.15":{"name":"babel-plugin-transform-es2015-block-scoped-functions","version":"7.0.0-alpha.15","description":"Babel plugin to ensure function declarations at the block level are block scoped","repository":{"type":"git","url":"https://github.com/babel/babel/tree/master/packages/babel-plugin-transform-es2015-block-scoped-functions"},"license":"MIT","main":"lib/index.js","keywords":["babel-plugin"],"devDependencies":{"babel-helper-plugin-test-runner":"7.0.0-alpha.15"},"_id":"babel-plugin-transform-es2015-block-scoped-functions@7.0.0-alpha.15","scripts":{},"_shasum":"1aded097e86b5b10933e7d9ef4102989bf1abbda","_from":".","_npmVersion":"4.6.1","_nodeVersion":"6.9.0","_npmUser":{"name":"hzoo","email":"hi@henryzoo.com"},"dist":{"shasum":"1aded097e86b5b10933e7d9ef4102989bf1abbda","tarball":"https://registry.npmjs.org/babel-plugin-transform-es2015-block-scoped-functions/-/babel-plugin-transform-es2015-block-scoped-functions-7.0.0-alpha.15.tgz"},"maintainers":[{"email":"sebmck@gmail.com","name":"sebmck"},{"email":"daniel@tschinder.de","name":"danez"},{"email":"hi@henryzoo.com","name":"hzoo"},{"email":"loganfsmyth@gmail.com","name":"loganfsmyth"}],"_npmOperationalInternal":{"host":"s3://npm-registry-packages","tmp":"tmp/babel-plugin-transform-es2015-block-scoped-functions-7.0.0-alpha.15.tgz_1499830537633_0.8746962326113135"},"directories":{}},"7.0.0-alpha.16":{"name":"babel-plugin-transform-es2015-block-scoped-functions","version":"7.0.0-alpha.16","description":"Babel plugin to ensure function declarations at the block level are block scoped","repository":{"type":"git","url":"https://github.com/babel/babel/tree/master/packages/babel-plugin-transform-es2015-block-scoped-functions"},"license":"MIT","main":"lib/index.js","keywords":["babel-plugin"],"devDependencies":{"babel-helper-plugin-test-runner":"7.0.0-alpha.16"},"_id":"babel-plugin-transform-es2015-block-scoped-functions@7.0.0-alpha.16","scripts":{},"_shasum":"bb849533f9c97ab29c2aa046faa2f4e2cbf497c0","_from":".","_npmVersion":"4.6.1","_nodeVersion":"6.9.0","_npmUser":{"name":"hzoo","email":"hi@henryzoo.com"},"dist":{"shasum":"bb849533f9c97ab29c2aa046faa2f4e2cbf497c0","tarball":"https://registry.npmjs.org/babel-plugin-transform-es2015-block-scoped-functions/-/babel-plugin-transform-es2015-block-scoped-functions-7.0.0-alpha.16.tgz"},"maintainers":[{"email":"sebmck@gmail.com","name":"sebmck"},{"email":"daniel@tschinder.de","name":"danez"},{"email":"hi@henryzoo.com","name":"hzoo"},{"email":"loganfsmyth@gmail.com","name":"loganfsmyth"}],"_npmOperationalInternal":{"host":"s3://npm-registry-packages","tmp":"tmp/babel-plugin-transform-es2015-block-scoped-functions-7.0.0-alpha.16.tgz_1501017451369_0.42625835142098367"},"directories":{}},"7.0.0-alpha.17":{"name":"babel-plugin-transform-es2015-block-scoped-functions","version":"7.0.0-alpha.17","description":"Babel plugin to ensure function declarations at the block level are block scoped","repository":{"type":"git","url":"https://github.com/babel/babel/tree/master/packages/babel-plugin-transform-es2015-block-scoped-functions"},"license":"MIT","main":"lib/index.js","keywords":["babel-plugin"],"devDependencies":{"babel-helper-plugin-test-runner":"7.0.0-alpha.17"},"_id":"babel-plugin-transform-es2015-block-scoped-functions@7.0.0-alpha.17","scripts":{},"_shasum":"fd35d96635d4ba147cc8eddfcde06b5f3a375736","_from":".","_npmVersion":"4.6.1","_nodeVersion":"6.9.0","_npmUser":{"name":"hzoo","email":"hi@henryzoo.com"},"dist":{"shasum":"fd35d96635d4ba147cc8eddfcde06b5f3a375736","tarball":"https://registry.npmjs.org/babel-plugin-transform-es2015-block-scoped-functions/-/babel-plugin-transform-es2015-block-scoped-functions-7.0.0-alpha.17.tgz"},"maintainers":[{"email":"sebmck@gmail.com","name":"sebmck"},{"email":"daniel@tschinder.de","name":"danez"},{"email":"hi@henryzoo.com","name":"hzoo"},{"email":"loganfsmyth@gmail.com","name":"loganfsmyth"}],"_npmOperationalInternal":{"host":"s3://npm-registry-packages","tmp":"tmp/babel-plugin-transform-es2015-block-scoped-functions-7.0.0-alpha.17.tgz_1501072740607_0.5380947184748948"},"directories":{}},"7.0.0-alpha.18":{"name":"babel-plugin-transform-es2015-block-scoped-functions","version":"7.0.0-alpha.18","description":"Babel plugin to ensure function declarations at the block level are block scoped","repository":{"type":"git","url":"https://github.com/babel/babel/tree/master/packages/babel-plugin-transform-es2015-block-scoped-functions"},"license":"MIT","main":"lib/index.js","keywords":["babel-plugin"],"devDependencies":{"babel-helper-plugin-test-runner":"7.0.0-alpha.18"},"_id":"babel-plugin-transform-es2015-block-scoped-functions@7.0.0-alpha.18","_npmVersion":"5.3.0","_nodeVersion":"8.1.4","_npmUser":{"name":"hzoo","email":"hi@henryzoo.com"},"dist":{"integrity":"sha512-7azC8H7q4M5G1dgKlhUWZnGqQCWkKATISgL0G02VuFiczs+mcuup5PJW+mHBM1NoOv3Y4KdfiXO1XLvY+jXHLA==","shasum":"eb2b83c325f9da4e9229ed6f221a421cace09ec7","tarball":"https://registry.npmjs.org/babel-plugin-transform-es2015-block-scoped-functions/-/babel-plugin-transform-es2015-block-scoped-functions-7.0.0-alpha.18.tgz"},"maintainers":[{"email":"me@thejameskyle.com","name":"thejameskyle"},{"email":"sebmck@gmail.com","name":"sebmck"},{"email":"daniel@tschinder.de","name":"danez"},{"email":"hi@henryzoo.com","name":"hzoo"},{"email":"loganfsmyth@gmail.com","name":"loganfsmyth"}],"_npmOperationalInternal":{"host":"s3://npm-registry-packages","tmp":"tmp/babel-plugin-transform-es2015-block-scoped-functions-7.0.0-alpha.18.tgz_1501798848439_0.9165130381006747"},"directories":{}},"7.0.0-alpha.19":{"name":"babel-plugin-transform-es2015-block-scoped-functions","version":"7.0.0-alpha.19","description":"Babel plugin to ensure function declarations at the block level are block scoped","repository":{"type":"git","url":"https://github.com/babel/babel/tree/master/packages/babel-plugin-transform-es2015-block-scoped-functions"},"license":"MIT","main":"lib/index.js","keywords":["babel-plugin"],"devDependencies":{"babel-helper-plugin-test-runner":"7.0.0-alpha.19"},"_id":"babel-plugin-transform-es2015-block-scoped-functions@7.0.0-alpha.19","_npmVersion":"5.3.0","_nodeVersion":"8.1.4","_npmUser":{"name":"hzoo","email":"hi@henryzoo.com"},"dist":{"integrity":"sha512-JQ2Q6YrQuw1UdAb4Ol12AIxv5i1mC5Le6ACOK/o3I36zxS3MQEWzIOpm86We7jN6ZYVHT9HI9oqjJrapXgLyKA==","shasum":"89e073fe39d6ced51aa8e0fc05526fbf95d7d0fd","tarball":"https://registry.npmjs.org/babel-plugin-transform-es2015-block-scoped-functions/-/babel-plugin-transform-es2015-block-scoped-functions-7.0.0-alpha.19.tgz"},"maintainers":[{"email":"me@thejameskyle.com","name":"thejameskyle"},{"email":"sebmck@gmail.com","name":"sebmck"},{"email":"daniel@tschinder.de","name":"danez"},{"email":"hi@henryzoo.com","name":"hzoo"},{"email":"loganfsmyth@gmail.com","name":"loganfsmyth"}],"_npmOperationalInternal":{"host":"s3://npm-registry-packages","tmp":"tmp/babel-plugin-transform-es2015-block-scoped-functions-7.0.0-alpha.19.tgz_1502144484778_0.46553180017508566"},"directories":{}},"7.0.0-alpha.20":{"name":"babel-plugin-transform-es2015-block-scoped-functions","version":"7.0.0-alpha.20","description":"Babel plugin to ensure function declarations at the block level are block scoped","repository":{"type":"git","url":"https://github.com/babel/babel/tree/master/packages/babel-plugin-transform-es2015-block-scoped-functions"},"license":"MIT","main":"lib/index.js","keywords":["babel-plugin"],"devDependencies":{"babel-helper-plugin-test-runner":"7.0.0-alpha.20"},"_id":"babel-plugin-transform-es2015-block-scoped-functions@7.0.0-alpha.20","_npmVersion":"5.3.0","_nodeVersion":"8.1.4","_npmUser":{"name":"hzoo","email":"hi@henryzoo.com"},"dist":{"integrity":"sha512-dPtnCxPYFMwowP7F/ABtm57Zq/ZC4fjTYEo4rLhZQkRJIuqp8U4J/FCm/WjBmpsn/75NV3A6QN9HSwfebQY8pA==","shasum":"aa366df2f9eb23e1b8d13016d604fb1a0a8fca33","tarball":"https://registry.npmjs.org/babel-plugin-transform-es2015-block-scoped-functions/-/babel-plugin-transform-es2015-block-scoped-functions-7.0.0-alpha.20.tgz"},"maintainers":[{"email":"me@thejameskyle.com","name":"thejameskyle"},{"email":"sebmck@gmail.com","name":"sebmck"},{"email":"daniel@tschinder.de","name":"danez"},{"email":"hi@henryzoo.com","name":"hzoo"},{"email":"loganfsmyth@gmail.com","name":"loganfsmyth"}],"_npmOperationalInternal":{"host":"s3://npm-registry-packages","tmp":"tmp/babel-plugin-transform-es2015-block-scoped-functions-7.0.0-alpha.20.tgz_1504119114727_0.41955871717073023"},"directories":{}},"7.0.0-beta.0":{"name":"babel-plugin-transform-es2015-block-scoped-functions","version":"7.0.0-beta.0","description":"Babel plugin to ensure function declarations at the block level are block scoped","repository":{"type":"git","url":"https://github.com/babel/babel/tree/master/packages/babel-plugin-transform-es2015-block-scoped-functions"},"license":"MIT","main":"lib/index.js","keywords":["babel-plugin"],"devDependencies":{"babel-helper-plugin-test-runner":"7.0.0-beta.0"},"_id":"babel-plugin-transform-es2015-block-scoped-functions@7.0.0-beta.0","_npmVersion":"5.3.0","_nodeVersion":"8.1.4","_npmUser":{"name":"hzoo","email":"hi@henryzoo.com"},"dist":{"integrity":"sha512-wNikAPosctUbGstVelaBE9PBpeTPv2k12DXyqPV5Y+raZkw5gLgCMRugSm8T0An+GO/+2y0qFrEP2wZyUXBxBw==","shasum":"cafe49dd5c0ffcff2dc61b9a3baf84483ccd5d3c","tarball":"https://registry.npmjs.org/babel-plugin-transform-es2015-block-scoped-functions/-/babel-plugin-transform-es2015-block-scoped-functions-7.0.0-beta.0.tgz"},"maintainers":[{"email":"me@thejameskyle.com","name":"thejameskyle"},{"email":"sebmck@gmail.com","name":"sebmck"},{"email":"daniel@tschinder.de","name":"danez"},{"email":"hi@henryzoo.com","name":"hzoo"},{"email":"loganfsmyth@gmail.com","name":"loganfsmyth"}],"_npmOperationalInternal":{"host":"s3://npm-registry-packages","tmp":"tmp/babel-plugin-transform-es2015-block-scoped-functions-7.0.0-beta.0.tgz_1505185319371_0.3161454522050917"},"directories":{}},"7.0.0-beta.1":{"name":"babel-plugin-transform-es2015-block-scoped-functions","version":"7.0.0-beta.1","description":"Babel plugin to ensure function declarations at the block level are block scoped","repository":{"type":"git","url":"https://github.com/babel/babel/tree/master/packages/babel-plugin-transform-es2015-block-scoped-functions"},"license":"MIT","main":"lib/index.js","keywords":["babel-plugin"],"devDependencies":{"babel-helper-plugin-test-runner":"7.0.0-beta.1"},"_id":"babel-plugin-transform-es2015-block-scoped-functions@7.0.0-beta.1","_npmVersion":"5.4.1","_nodeVersion":"8.1.4","_npmUser":{"name":"hzoo","email":"hi@henryzoo.com"},"dist":{"integrity":"sha512-6tEKHt5555SPl6i7aYsxiMXtA3y7mZbYpvRo0azxoaXG/9ajlWbvBC1KAceclmqqIlG8h/haASVLnVgCoT7+/A==","shasum":"1848604111eeb8084a6db45e1451ce3e949bd3a6","tarball":"https://registry.npmjs.org/babel-plugin-transform-es2015-block-scoped-functions/-/babel-plugin-transform-es2015-block-scoped-functions-7.0.0-beta.1.tgz"},"maintainers":[{"email":"me@thejameskyle.com","name":"thejameskyle"},{"email":"sebmck@gmail.com","name":"sebmck"},{"email":"daniel@tschinder.de","name":"danez"},{"email":"hi@henryzoo.com","name":"hzoo"},{"email":"loganfsmyth@gmail.com","name":"loganfsmyth"}],"_npmOperationalInternal":{"host":"s3://npm-registry-packages","tmp":"tmp/babel-plugin-transform-es2015-block-scoped-functions-7.0.0-beta.1.tgz_1505851750031_0.2601692390162498"},"directories":{}},"7.0.0-beta.2":{"name":"babel-plugin-transform-es2015-block-scoped-functions","version":"7.0.0-beta.2","description":"Babel plugin to ensure function declarations at the block level are block scoped","repository":{"type":"git","url":"https://github.com/babel/babel/tree/master/packages/babel-plugin-transform-es2015-block-scoped-functions"},"license":"MIT","main":"lib/index.js","keywords":["babel-plugin"],"devDependencies":{"babel-helper-plugin-test-runner":"7.0.0-beta.2"},"_id":"babel-plugin-transform-es2015-block-scoped-functions@7.0.0-beta.2","_npmVersion":"5.4.1","_nodeVersion":"8.1.4","_npmUser":{"name":"hzoo","email":"hi@henryzoo.com"},"dist":{"integrity":"sha512-olNW9gIhzviQ8UR2x5AW6YdmO8JuKKcdai5f4kySrPd6881E0EMt1YX+0DJp+sVWIwEaBCkK6/fdRlfFTLuLEg==","shasum":"605a5df1efa8d5cdc5fbb652d875ad416a773522","tarball":"https://registry.npmjs.org/babel-plugin-transform-es2015-block-scoped-functions/-/babel-plugin-transform-es2015-block-scoped-functions-7.0.0-beta.2.tgz"},"maintainers":[{"email":"bng412@gmail.com","name":"existentialism"},{"email":"me@thejameskyle.com","name":"thejameskyle"},{"email":"sebmck@gmail.com","name":"sebmck"},{"email":"daniel@tschinder.de","name":"danez"},{"email":"hi@henryzoo.com","name":"hzoo"},{"email":"loganfsmyth@gmail.com","name":"loganfsmyth"}],"_npmOperationalInternal":{"host":"s3://npm-registry-packages","tmp":"tmp/babel-plugin-transform-es2015-block-scoped-functions-7.0.0-beta.2.tgz_1506438897771_0.4851949957665056"},"directories":{}},"7.0.0-beta.3":{"name":"babel-plugin-transform-es2015-block-scoped-functions","version":"7.0.0-beta.3","description":"Babel plugin to ensure function declarations at the block level are block scoped","repository":{"type":"git","url":"https://github.com/babel/babel/tree/master/packages/babel-plugin-transform-es2015-block-scoped-functions"},"license":"MIT","main":"lib/index.js","keywords":["babel-plugin"],"devDependencies":{"babel-helper-plugin-test-runner":"7.0.0-beta.3"},"_id":"babel-plugin-transform-es2015-block-scoped-functions@7.0.0-beta.3","_npmVersion":"5.5.1","_nodeVersion":"8.1.4","_npmUser":{"name":"hzoo","email":"hi@henryzoo.com"},"dist":{"integrity":"sha512-IzUjWeIa5670asiCA/xsyuH5lQYdsTJf3+yYssp/7/4KkUX7yWhP+L+VAihBGK9QtoyHE7dopIbRo/In07VWcQ==","shasum":"b019ae2bb96fd5648fb7925ddaca7515f6580e82","tarball":"https://registry.npmjs.org/babel-plugin-transform-es2015-block-scoped-functions/-/babel-plugin-transform-es2015-block-scoped-functions-7.0.0-beta.3.tgz"},"maintainers":[{"email":"bng412@gmail.com","name":"existentialism"},{"email":"me@thejameskyle.com","name":"thejameskyle"},{"email":"sebmck@gmail.com","name":"sebmck"},{"email":"daniel@tschinder.de","name":"danez"},{"email":"hi@henryzoo.com","name":"hzoo"},{"email":"loganfsmyth@gmail.com","name":"loganfsmyth"}],"_npmOperationalInternal":{"host":"s3://npm-registry-packages","tmp":"tmp/babel-plugin-transform-es2015-block-scoped-functions-7.0.0-beta.3.tgz_1508073084757_0.9879500241950154"},"directories":{}}},"readme":"# babel-plugin-transform-es2015-block-scoped-functions\n\nBabel plugin to ensure function declarations at the block level are block scoped.\n\n## Installation\n\n```sh\n$ npm install babel-plugin-transform-es2015-block-scoped-functions\n```\n\n## Usage\n\n### Via `.babelrc` (Recommended)\n\n**.babelrc**\n\n```json\n{\n  \"plugins\": [\"transform-es2015-block-scoped-functions\"]\n}\n```\n\n### Via CLI\n\n```sh\n$ babel --plugins transform-es2015-block-scoped-functions script.js\n```\n\n### Via Node API\n\n```javascript\nrequire(\"babel-core\").transform(\"code\", {\n  plugins: [\"transform-es2015-block-scoped-functions\"]\n});\n```\n","maintainers":[{"email":"bng412@gmail.com","name":"existentialism"},{"email":"me@thejameskyle.com","name":"thejameskyle"},{"email":"sebmck@gmail.com","name":"sebmck"},{"email":"daniel@tschinder.de","name":"danez"},{"email":"hi@henryzoo.com","name":"hzoo"},{"email":"loganfsmyth@gmail.com","name":"loganfsmyth"}],"time":{"modified":"2017-10-15T13:11:25.738Z","created":"2015-10-29T18:13:15.066Z","6.0.2":"2015-10-29T18:13:15.066Z","6.0.14":"2015-10-30T23:36:44.361Z","6.1.4":"2015-11-11T10:19:55.809Z","6.1.5":"2015-11-12T06:55:23.153Z","6.1.10":"2015-11-12T07:54:51.345Z","6.1.17":"2015-11-12T21:41:59.485Z","6.1.18":"2015-11-12T21:49:30.997Z","6.2.4":"2015-11-25T03:14:11.288Z","6.3.13":"2015-12-04T11:58:52.829Z","6.5.0":"2016-02-07T00:07:31.377Z","6.5.0-1":"2016-02-07T02:40:30.433Z","6.6.4":"2016-03-02T21:29:41.716Z","6.6.5":"2016-03-04T23:16:49.235Z","6.8.0":"2016-05-02T23:44:34.182Z","6.22.0":"2017-01-20T00:33:48.262Z","7.0.0-alpha.1":"2017-03-02T21:05:02.889Z","7.0.0-alpha.3":"2017-03-23T19:49:13.140Z","7.0.0-alpha.7":"2017-04-05T21:13:36.859Z","7.0.0-alpha.8":"2017-04-17T19:12:38.352Z","7.0.0-alpha.9":"2017-04-18T14:41:45.902Z","7.0.0-alpha.10":"2017-05-25T19:17:14.017Z","7.0.0-alpha.11":"2017-05-31T20:43:34.475Z","7.0.0-alpha.12":"2017-05-31T21:11:47.416Z","7.0.0-alpha.13":"2017-07-12T02:28:12.904Z","7.0.0-alpha.14":"2017-07-12T02:53:24.227Z","7.0.0-alpha.15":"2017-07-12T03:35:38.637Z","7.0.0-alpha.16":"2017-07-25T21:17:32.392Z","7.0.0-alpha.17":"2017-07-26T12:39:01.570Z","7.0.0-alpha.18":"2017-08-03T22:20:48.669Z","7.0.0-alpha.19":"2017-08-07T22:21:24.846Z","7.0.0-alpha.20":"2017-08-30T18:51:54.810Z","7.0.0-beta.0":"2017-09-12T03:02:00.269Z","7.0.0-beta.1":"2017-09-19T20:09:10.485Z","7.0.0-beta.2":"2017-09-26T15:14:58.673Z","7.0.0-beta.3":"2017-10-15T13:11:25.738Z"},"keywords":["babel-plugin"],"repository":{"type":"git","url":"https://github.com/babel/babel/tree/master/packages/babel-plugin-transform-es2015-block-scoped-functions"},"license":"MIT","readmeFilename":"README.md","_attachments":{},"_etag":"W/\"efbd1a66aad65f6ae73060f23a43a802\"","_lastModified":"Sat, 26 May 2018 17:58:26 GMT"}