{"_id":"babel-helper-hoist-variables","_rev":"75-e4d9d6360c18f5bdd095a77416bb79cb","name":"babel-helper-hoist-variables","description":"Helper function to hoist variables","dist-tags":{"latest":"6.24.1","next":"7.0.0-beta.3"},"versions":{"6.0.0":{"name":"babel-helper-hoist-variables","version":"6.0.0","description":"## Usage","repository":{"type":"git","url":"git+https://github.com/babel/babel.git"},"license":"MIT","main":"lib/index.js","dependencies":{"babel-runtime":"^6.0.0","babel-types":"^6.0.0"},"bugs":{"url":"https://github.com/babel/babel/issues"},"homepage":"https://github.com/babel/babel#readme","_id":"babel-helper-hoist-variables@6.0.0","scripts":{},"_shasum":"b66064887b411b8985b85329c19810130ac36dfc","_from":".","_npmVersion":"2.14.3","_nodeVersion":"4.1.0","_npmUser":{"name":"sebmck","email":"sebmck@gmail.com"},"dist":{"shasum":"b66064887b411b8985b85329c19810130ac36dfc","tarball":"https://registry.npmjs.org/babel-helper-hoist-variables/-/babel-helper-hoist-variables-6.0.0.tgz"},"maintainers":[{"name":"sebmck","email":"sebmck@gmail.com"}],"directories":{}},"6.0.2":{"name":"babel-helper-hoist-variables","version":"6.0.2","description":"## Usage","repository":{"type":"git","url":"git+https://github.com/babel/babel.git"},"license":"MIT","main":"lib/index.js","dependencies":{"babel-runtime":"^6.0.2","babel-types":"^6.0.2"},"bugs":{"url":"https://github.com/babel/babel/issues"},"homepage":"https://github.com/babel/babel#readme","_id":"babel-helper-hoist-variables@6.0.2","scripts":{},"_shasum":"0c60c13b49c7d6b9b776aa0b77bcabb01dbe4ce8","_from":".","_npmVersion":"2.14.3","_nodeVersion":"4.1.0","_npmUser":{"name":"sebmck","email":"sebmck@gmail.com"},"dist":{"shasum":"0c60c13b49c7d6b9b776aa0b77bcabb01dbe4ce8","tarball":"https://registry.npmjs.org/babel-helper-hoist-variables/-/babel-helper-hoist-variables-6.0.2.tgz"},"maintainers":[{"name":"sebmck","email":"sebmck@gmail.com"}],"directories":{}},"6.0.14":{"name":"babel-helper-hoist-variables","version":"6.0.14","description":"## Usage","repository":{"type":"git","url":"https://github.com/babel/babel/tree/master/packages/babel-helper-hoist-variables"},"license":"MIT","main":"lib/index.js","dependencies":{"babel-runtime":"^5.0.0","babel-types":"^6.0.14"},"_id":"babel-helper-hoist-variables@6.0.14","scripts":{},"_shasum":"aaa2b84222aa09f1c4577441115e42bb2e75b0a4","_from":".","_npmVersion":"2.14.9","_nodeVersion":"4.1.0","_npmUser":{"name":"sebmck","email":"sebmck@gmail.com"},"dist":{"shasum":"aaa2b84222aa09f1c4577441115e42bb2e75b0a4","tarball":"https://registry.npmjs.org/babel-helper-hoist-variables/-/babel-helper-hoist-variables-6.0.14.tgz"},"maintainers":[{"name":"sebmck","email":"sebmck@gmail.com"}],"directories":{}},"6.0.15":{"name":"babel-helper-hoist-variables","version":"6.0.15","description":"## Usage","repository":{"type":"git","url":"https://github.com/babel/babel/tree/master/packages/babel-helper-hoist-variables"},"license":"MIT","main":"lib/index.js","dependencies":{"babel-runtime":"^5.0.0","babel-types":"^6.0.15"},"_id":"babel-helper-hoist-variables@6.0.15","scripts":{},"_shasum":"fb37ffb2ba57e09a5b57eb0980ddb79f56943124","_from":".","_npmVersion":"2.14.9","_nodeVersion":"4.1.0","_npmUser":{"name":"sebmck","email":"sebmck@gmail.com"},"dist":{"shasum":"fb37ffb2ba57e09a5b57eb0980ddb79f56943124","tarball":"https://registry.npmjs.org/babel-helper-hoist-variables/-/babel-helper-hoist-variables-6.0.15.tgz"},"maintainers":[{"name":"sebmck","email":"sebmck@gmail.com"}],"directories":{}},"6.1.5":{"name":"babel-helper-hoist-variables","version":"6.1.5","description":"## Usage","repository":{"type":"git","url":"https://github.com/babel/babel/tree/master/packages/babel-helper-hoist-variables"},"license":"MIT","main":"lib/index.js","dependencies":{"babel-runtime":"^5.0.0","babel-types":"^6.1.5"},"_id":"babel-helper-hoist-variables@6.1.5","scripts":{},"_shasum":"3dad605d50df9d49b4bc8f7fd556efe5b91a2a1f","_from":".","_npmVersion":"3.3.10","_nodeVersion":"4.1.0","_npmUser":{"name":"sebmck","email":"sebmck@gmail.com"},"dist":{"shasum":"3dad605d50df9d49b4bc8f7fd556efe5b91a2a1f","tarball":"https://registry.npmjs.org/babel-helper-hoist-variables/-/babel-helper-hoist-variables-6.1.5.tgz"},"maintainers":[{"name":"sebmck","email":"sebmck@gmail.com"}],"directories":{}},"6.1.6":{"name":"babel-helper-hoist-variables","version":"6.1.6","description":"## Usage","repository":{"type":"git","url":"https://github.com/babel/babel/tree/master/packages/babel-helper-hoist-variables"},"license":"MIT","main":"lib/index.js","dependencies":{"babel-runtime":"^5.0.0","babel-types":"^6.1.6"},"_id":"babel-helper-hoist-variables@6.1.6","scripts":{},"_shasum":"b3954c0447cb3822c5c84e1daf5af61ac084ce0f","_from":".","_npmVersion":"3.3.10","_nodeVersion":"4.1.0","_npmUser":{"name":"sebmck","email":"sebmck@gmail.com"},"dist":{"shasum":"b3954c0447cb3822c5c84e1daf5af61ac084ce0f","tarball":"https://registry.npmjs.org/babel-helper-hoist-variables/-/babel-helper-hoist-variables-6.1.6.tgz"},"maintainers":[{"name":"amasad","email":"amjad.masad@gmail.com"},{"name":"sebmck","email":"sebmck@gmail.com"},{"name":"thejameskyle","email":"me@thejameskyle.com"}],"directories":{}},"6.1.7":{"name":"babel-helper-hoist-variables","version":"6.1.7","description":"## Usage","repository":{"type":"git","url":"https://github.com/babel/babel/tree/master/packages/babel-helper-hoist-variables"},"license":"MIT","main":"lib/index.js","dependencies":{"babel-runtime":"^5.0.0","babel-types":"^6.1.7"},"_id":"babel-helper-hoist-variables@6.1.7","scripts":{},"_shasum":"bff84c04950d588760fabe1e07211f2063bc70e9","_from":".","_npmVersion":"3.3.10","_nodeVersion":"4.1.0","_npmUser":{"name":"sebmck","email":"sebmck@gmail.com"},"dist":{"shasum":"bff84c04950d588760fabe1e07211f2063bc70e9","tarball":"https://registry.npmjs.org/babel-helper-hoist-variables/-/babel-helper-hoist-variables-6.1.7.tgz"},"maintainers":[{"name":"amasad","email":"amjad.masad@gmail.com"},{"name":"sebmck","email":"sebmck@gmail.com"},{"name":"thejameskyle","email":"me@thejameskyle.com"}],"directories":{}},"6.1.8":{"name":"babel-helper-hoist-variables","version":"6.1.8","description":"## Usage","repository":{"type":"git","url":"https://github.com/babel/babel/tree/master/packages/babel-helper-hoist-variables"},"license":"MIT","main":"lib/index.js","dependencies":{"babel-runtime":"^5.0.0","babel-types":"^6.1.8"},"_id":"babel-helper-hoist-variables@6.1.8","scripts":{},"_shasum":"2d24f2c06565bf175bba8a1d9c3635b217d99925","_from":".","_npmVersion":"3.3.10","_nodeVersion":"4.1.0","_npmUser":{"name":"sebmck","email":"sebmck@gmail.com"},"dist":{"shasum":"2d24f2c06565bf175bba8a1d9c3635b217d99925","tarball":"https://registry.npmjs.org/babel-helper-hoist-variables/-/babel-helper-hoist-variables-6.1.8.tgz"},"maintainers":[{"name":"amasad","email":"amjad.masad@gmail.com"},{"name":"sebmck","email":"sebmck@gmail.com"},{"name":"thejameskyle","email":"me@thejameskyle.com"}],"directories":{}},"6.1.9":{"name":"babel-helper-hoist-variables","version":"6.1.9","description":"## Usage","repository":{"type":"git","url":"https://github.com/babel/babel/tree/master/packages/babel-helper-hoist-variables"},"license":"MIT","main":"lib/index.js","dependencies":{"babel-runtime":"^5.0.0","babel-types":"^6.1.9"},"_id":"babel-helper-hoist-variables@6.1.9","scripts":{},"_shasum":"6174de6c315481274f50a2195b4ca3abcce6d8d9","_from":".","_npmVersion":"3.3.10","_nodeVersion":"4.1.0","_npmUser":{"name":"sebmck","email":"sebmck@gmail.com"},"dist":{"shasum":"6174de6c315481274f50a2195b4ca3abcce6d8d9","tarball":"https://registry.npmjs.org/babel-helper-hoist-variables/-/babel-helper-hoist-variables-6.1.9.tgz"},"maintainers":[{"name":"amasad","email":"amjad.masad@gmail.com"},{"name":"sebmck","email":"sebmck@gmail.com"},{"name":"thejameskyle","email":"me@thejameskyle.com"}],"directories":{}},"6.1.10":{"name":"babel-helper-hoist-variables","version":"6.1.10","description":"## Usage","repository":{"type":"git","url":"https://github.com/babel/babel/tree/master/packages/babel-helper-hoist-variables"},"license":"MIT","main":"lib/index.js","dependencies":{"babel-runtime":"^5.0.0","babel-types":"^6.1.10"},"_id":"babel-helper-hoist-variables@6.1.10","scripts":{},"_shasum":"ac88de9e2971aa64183363fdd218c0ef3e10917e","_from":".","_npmVersion":"3.3.10","_nodeVersion":"4.1.0","_npmUser":{"name":"sebmck","email":"sebmck@gmail.com"},"dist":{"shasum":"ac88de9e2971aa64183363fdd218c0ef3e10917e","tarball":"https://registry.npmjs.org/babel-helper-hoist-variables/-/babel-helper-hoist-variables-6.1.10.tgz"},"maintainers":[{"name":"amasad","email":"amjad.masad@gmail.com"},{"name":"sebmck","email":"sebmck@gmail.com"},{"name":"thejameskyle","email":"me@thejameskyle.com"}],"directories":{}},"6.1.12":{"name":"babel-helper-hoist-variables","version":"6.1.12","description":"## Usage","repository":{"type":"git","url":"https://github.com/babel/babel/tree/master/packages/babel-helper-hoist-variables"},"license":"MIT","main":"lib/index.js","dependencies":{"babel-runtime":"^5.0.0","babel-types":"^6.1.12"},"_id":"babel-helper-hoist-variables@6.1.12","scripts":{},"_shasum":"a4e6047b8bc05dba8f82b9a9a357668baf4fdbbf","_from":".","_npmVersion":"3.3.10","_nodeVersion":"4.1.0","_npmUser":{"name":"sebmck","email":"sebmck@gmail.com"},"dist":{"shasum":"a4e6047b8bc05dba8f82b9a9a357668baf4fdbbf","tarball":"https://registry.npmjs.org/babel-helper-hoist-variables/-/babel-helper-hoist-variables-6.1.12.tgz"},"maintainers":[{"name":"amasad","email":"amjad.masad@gmail.com"},{"name":"sebmck","email":"sebmck@gmail.com"},{"name":"thejameskyle","email":"me@thejameskyle.com"}],"directories":{}},"6.1.13":{"name":"babel-helper-hoist-variables","version":"6.1.13","description":"## Usage","repository":{"type":"git","url":"https://github.com/babel/babel/tree/master/packages/babel-helper-hoist-variables"},"license":"MIT","main":"lib/index.js","dependencies":{"babel-runtime":"^5.0.0","babel-types":"^6.1.13"},"_id":"babel-helper-hoist-variables@6.1.13","scripts":{},"_shasum":"c203b85b4ceb5c3fd865397215573540235cca4a","_from":".","_npmVersion":"3.3.10","_nodeVersion":"4.1.0","_npmUser":{"name":"sebmck","email":"sebmck@gmail.com"},"dist":{"shasum":"c203b85b4ceb5c3fd865397215573540235cca4a","tarball":"https://registry.npmjs.org/babel-helper-hoist-variables/-/babel-helper-hoist-variables-6.1.13.tgz"},"maintainers":[{"name":"amasad","email":"amjad.masad@gmail.com"},{"name":"sebmck","email":"sebmck@gmail.com"},{"name":"thejameskyle","email":"me@thejameskyle.com"}],"directories":{}},"6.1.16":{"name":"babel-helper-hoist-variables","version":"6.1.16","description":"## Usage","repository":{"type":"git","url":"https://github.com/babel/babel/tree/master/packages/babel-helper-hoist-variables"},"license":"MIT","main":"lib/index.js","dependencies":{"babel-runtime":"^5.0.0","babel-types":"^6.1.16"},"_id":"babel-helper-hoist-variables@6.1.16","scripts":{},"_shasum":"da969564bfc7825bb5272bc82d1809b9ccd80856","_from":".","_npmVersion":"3.3.10","_nodeVersion":"4.1.0","_npmUser":{"name":"sebmck","email":"sebmck@gmail.com"},"dist":{"shasum":"da969564bfc7825bb5272bc82d1809b9ccd80856","tarball":"https://registry.npmjs.org/babel-helper-hoist-variables/-/babel-helper-hoist-variables-6.1.16.tgz"},"maintainers":[{"name":"amasad","email":"amjad.masad@gmail.com"},{"name":"sebmck","email":"sebmck@gmail.com"},{"name":"thejameskyle","email":"me@thejameskyle.com"}],"directories":{}},"6.1.17":{"name":"babel-helper-hoist-variables","version":"6.1.17","description":"## Usage","repository":{"type":"git","url":"https://github.com/babel/babel/tree/master/packages/babel-helper-hoist-variables"},"license":"MIT","main":"lib/index.js","dependencies":{"babel-runtime":"^5.0.0","babel-types":"^6.1.17"},"_id":"babel-helper-hoist-variables@6.1.17","scripts":{},"_shasum":"6d6e974c2229e653fa0af59b0cfbcb93fdcef7de","_from":".","_npmVersion":"3.3.10","_nodeVersion":"4.1.0","_npmUser":{"name":"sebmck","email":"sebmck@gmail.com"},"dist":{"shasum":"6d6e974c2229e653fa0af59b0cfbcb93fdcef7de","tarball":"https://registry.npmjs.org/babel-helper-hoist-variables/-/babel-helper-hoist-variables-6.1.17.tgz"},"maintainers":[{"name":"amasad","email":"amjad.masad@gmail.com"},{"name":"sebmck","email":"sebmck@gmail.com"},{"name":"thejameskyle","email":"me@thejameskyle.com"}],"directories":{}},"6.1.18":{"name":"babel-helper-hoist-variables","version":"6.1.18","description":"## Usage","repository":{"type":"git","url":"https://github.com/babel/babel/tree/master/packages/babel-helper-hoist-variables"},"license":"MIT","main":"lib/index.js","dependencies":{"babel-runtime":"^5.0.0","babel-types":"^6.1.18"},"_id":"babel-helper-hoist-variables@6.1.18","scripts":{},"_shasum":"d5cbf3d372a16cf5b4959a90c11000611af2bbec","_from":".","_npmVersion":"3.3.10","_nodeVersion":"4.1.0","_npmUser":{"name":"sebmck","email":"sebmck@gmail.com"},"dist":{"shasum":"d5cbf3d372a16cf5b4959a90c11000611af2bbec","tarball":"https://registry.npmjs.org/babel-helper-hoist-variables/-/babel-helper-hoist-variables-6.1.18.tgz"},"maintainers":[{"name":"amasad","email":"amjad.masad@gmail.com"},{"name":"sebmck","email":"sebmck@gmail.com"},{"name":"thejameskyle","email":"me@thejameskyle.com"}],"directories":{}},"6.2.4":{"name":"babel-helper-hoist-variables","version":"6.2.4","description":"## Usage","repository":{"type":"git","url":"https://github.com/babel/babel/tree/master/packages/babel-helper-hoist-variables"},"license":"MIT","main":"lib/index.js","dependencies":{"babel-runtime":"^5.0.0","babel-types":"^6.2.4"},"_id":"babel-helper-hoist-variables@6.2.4","scripts":{},"_shasum":"186cd98c56b4496458eca4c410136dec7b665a9b","_from":".","_npmVersion":"3.3.10","_nodeVersion":"4.1.0","_npmUser":{"name":"sebmck","email":"sebmck@gmail.com"},"dist":{"shasum":"186cd98c56b4496458eca4c410136dec7b665a9b","tarball":"https://registry.npmjs.org/babel-helper-hoist-variables/-/babel-helper-hoist-variables-6.2.4.tgz"},"maintainers":[{"name":"amasad","email":"amjad.masad@gmail.com"},{"name":"sebmck","email":"sebmck@gmail.com"},{"name":"thejameskyle","email":"me@thejameskyle.com"}],"directories":{}},"6.3.13":{"name":"babel-helper-hoist-variables","version":"6.3.13","description":"## Usage","repository":{"type":"git","url":"https://github.com/babel/babel/tree/master/packages/babel-helper-hoist-variables"},"license":"MIT","main":"lib/index.js","dependencies":{"babel-runtime":"^5.0.0","babel-types":"^6.3.13"},"_id":"babel-helper-hoist-variables@6.3.13","scripts":{},"_shasum":"0b6b537dbfd6f1077d631aff97edb274b7602c59","_from":".","_npmVersion":"3.3.10","_nodeVersion":"4.1.0","_npmUser":{"name":"sebmck","email":"sebmck@gmail.com"},"dist":{"shasum":"0b6b537dbfd6f1077d631aff97edb274b7602c59","tarball":"https://registry.npmjs.org/babel-helper-hoist-variables/-/babel-helper-hoist-variables-6.3.13.tgz"},"maintainers":[{"name":"amasad","email":"amjad.masad@gmail.com"},{"name":"hzoo","email":"hi@henryzoo.com"},{"name":"jmm","email":"npm-public@jessemccarthy.net"},{"name":"loganfsmyth","email":"loganfsmyth@gmail.com"},{"name":"sebmck","email":"sebmck@gmail.com"},{"name":"thejameskyle","email":"me@thejameskyle.com"}],"directories":{}},"6.5.0":{"name":"babel-helper-hoist-variables","version":"6.5.0","description":"## Usage","repository":{"type":"git","url":"https://github.com/babel/babel/tree/master/packages/babel-helper-hoist-variables"},"license":"MIT","main":"lib/index.js","dependencies":{"babel-runtime":"^5.0.0","babel-types":"^6.3.13"},"_id":"babel-helper-hoist-variables@6.5.0","scripts":{},"_shasum":"af595fec90ff100b349af2f9cb0c560ae0c01df3","_from":".","_npmVersion":"3.6.0","_nodeVersion":"5.1.0","_npmUser":{"name":"hzoo","email":"hi@henryzoo.com"},"dist":{"shasum":"af595fec90ff100b349af2f9cb0c560ae0c01df3","tarball":"https://registry.npmjs.org/babel-helper-hoist-variables/-/babel-helper-hoist-variables-6.5.0.tgz"},"maintainers":[{"name":"amasad","email":"amjad.masad@gmail.com"},{"name":"hzoo","email":"hi@henryzoo.com"},{"name":"jmm","email":"npm-public@jessemccarthy.net"},{"name":"loganfsmyth","email":"loganfsmyth@gmail.com"},{"name":"sebmck","email":"sebmck@gmail.com"},{"name":"thejameskyle","email":"me@thejameskyle.com"}],"_npmOperationalInternal":{"host":"packages-5-east.internal.npmjs.com","tmp":"tmp/babel-helper-hoist-variables-6.5.0.tgz_1454803618383_0.7417336632497609"},"directories":{}},"6.5.0-1":{"name":"babel-helper-hoist-variables","version":"6.5.0-1","description":"## Usage","repository":{"type":"git","url":"https://github.com/babel/babel/tree/master/packages/babel-helper-hoist-variables"},"license":"MIT","main":"lib/index.js","dependencies":{"babel-runtime":"^5.0.0","babel-types":"^6.5.0-1"},"_id":"babel-helper-hoist-variables@6.5.0-1","scripts":{},"_shasum":"21d6aa113ff67b853bfbd8f708984ba9e1a237d6","_from":".","_npmVersion":"3.6.0","_nodeVersion":"5.1.0","_npmUser":{"name":"hzoo","email":"hi@henryzoo.com"},"dist":{"shasum":"21d6aa113ff67b853bfbd8f708984ba9e1a237d6","tarball":"https://registry.npmjs.org/babel-helper-hoist-variables/-/babel-helper-hoist-variables-6.5.0-1.tgz"},"maintainers":[{"name":"amasad","email":"amjad.masad@gmail.com"},{"name":"hzoo","email":"hi@henryzoo.com"},{"name":"jmm","email":"npm-public@jessemccarthy.net"},{"name":"loganfsmyth","email":"loganfsmyth@gmail.com"},{"name":"sebmck","email":"sebmck@gmail.com"},{"name":"thejameskyle","email":"me@thejameskyle.com"}],"_npmOperationalInternal":{"host":"packages-5-east.internal.npmjs.com","tmp":"tmp/babel-helper-hoist-variables-6.5.0-1.tgz_1454812785602_0.6640510514844209"},"directories":{}},"6.6.4":{"name":"babel-helper-hoist-variables","version":"6.6.4","description":"## Usage","repository":{"type":"git","url":"https://github.com/babel/babel/tree/master/packages/babel-helper-hoist-variables"},"license":"MIT","main":"lib/index.js","dependencies":{"babel-runtime":"^5.0.0","babel-types":"^6.6.4"},"_id":"babel-helper-hoist-variables@6.6.4","scripts":{},"_shasum":"78fe557592481119cb37b1aabe637a7ec63e7c1f","_from":".","_npmVersion":"3.6.0","_nodeVersion":"5.1.0","_npmUser":{"name":"hzoo","email":"hi@henryzoo.com"},"dist":{"shasum":"78fe557592481119cb37b1aabe637a7ec63e7c1f","tarball":"https://registry.npmjs.org/babel-helper-hoist-variables/-/babel-helper-hoist-variables-6.6.4.tgz"},"maintainers":[{"name":"amasad","email":"amjad.masad@gmail.com"},{"name":"hzoo","email":"hi@henryzoo.com"},{"name":"jmm","email":"npm-public@jessemccarthy.net"},{"name":"loganfsmyth","email":"loganfsmyth@gmail.com"},{"name":"sebmck","email":"sebmck@gmail.com"},{"name":"thejameskyle","email":"me@thejameskyle.com"}],"_npmOperationalInternal":{"host":"packages-12-west.internal.npmjs.com","tmp":"tmp/babel-helper-hoist-variables-6.6.4.tgz_1456954170599_0.9622905652504414"},"directories":{}},"6.6.5":{"name":"babel-helper-hoist-variables","version":"6.6.5","description":"## Usage","repository":{"type":"git","url":"https://github.com/babel/babel/tree/master/packages/babel-helper-hoist-variables"},"license":"MIT","main":"lib/index.js","dependencies":{"babel-runtime":"^5.0.0","babel-types":"^6.6.5"},"_id":"babel-helper-hoist-variables@6.6.5","scripts":{},"_shasum":"c48f619536d51d5c990dd2193b0b204e8ff2bba5","_from":".","_npmVersion":"3.6.0","_nodeVersion":"5.1.0","_npmUser":{"name":"hzoo","email":"hi@henryzoo.com"},"dist":{"shasum":"c48f619536d51d5c990dd2193b0b204e8ff2bba5","tarball":"https://registry.npmjs.org/babel-helper-hoist-variables/-/babel-helper-hoist-variables-6.6.5.tgz"},"maintainers":[{"name":"amasad","email":"amjad.masad@gmail.com"},{"name":"hzoo","email":"hi@henryzoo.com"},{"name":"jmm","email":"npm-public@jessemccarthy.net"},{"name":"loganfsmyth","email":"loganfsmyth@gmail.com"},{"name":"sebmck","email":"sebmck@gmail.com"},{"name":"thejameskyle","email":"me@thejameskyle.com"}],"_npmOperationalInternal":{"host":"packages-13-west.internal.npmjs.com","tmp":"tmp/babel-helper-hoist-variables-6.6.5.tgz_1457133394993_0.5703725907951593"},"directories":{}},"6.8.0":{"name":"babel-helper-hoist-variables","version":"6.8.0","description":"## Usage","repository":{"type":"git","url":"https://github.com/babel/babel/tree/master/packages/babel-helper-hoist-variables"},"license":"MIT","main":"lib/index.js","dependencies":{"babel-runtime":"^6.0.0","babel-types":"^6.8.0"},"_id":"babel-helper-hoist-variables@6.8.0","scripts":{},"_shasum":"8b0766dc026ea9ea423bc2b34e665a4da7373aaf","_from":".","_npmVersion":"3.8.6","_nodeVersion":"5.1.0","_npmUser":{"name":"hzoo","email":"hi@henryzoo.com"},"maintainers":[{"name":"amasad","email":"amjad.masad@gmail.com"},{"name":"hzoo","email":"hi@henryzoo.com"},{"name":"jmm","email":"npm-public@jessemccarthy.net"},{"name":"loganfsmyth","email":"loganfsmyth@gmail.com"},{"name":"sebmck","email":"sebmck@gmail.com"},{"name":"thejameskyle","email":"me@thejameskyle.com"}],"dist":{"shasum":"8b0766dc026ea9ea423bc2b34e665a4da7373aaf","tarball":"https://registry.npmjs.org/babel-helper-hoist-variables/-/babel-helper-hoist-variables-6.8.0.tgz"},"_npmOperationalInternal":{"host":"packages-16-east.internal.npmjs.com","tmp":"tmp/babel-helper-hoist-variables-6.8.0.tgz_1462232644087_0.7631918834522367"},"directories":{}},"6.18.0":{"name":"babel-helper-hoist-variables","version":"6.18.0","description":"Helper function to hoist variables","repository":{"type":"git","url":"https://github.com/babel/babel/tree/master/packages/babel-helper-hoist-variables"},"license":"MIT","main":"lib/index.js","dependencies":{"babel-runtime":"^6.0.0","babel-types":"^6.18.0"},"_id":"babel-helper-hoist-variables@6.18.0","scripts":{},"_shasum":"a835b5ab8b46d6de9babefae4d98ea41e866b82a","_from":".","_npmVersion":"3.10.8","_nodeVersion":"6.9.0","_npmUser":{"name":"hzoo","email":"hi@henryzoo.com"},"dist":{"shasum":"a835b5ab8b46d6de9babefae4d98ea41e866b82a","tarball":"https://registry.npmjs.org/babel-helper-hoist-variables/-/babel-helper-hoist-variables-6.18.0.tgz"},"maintainers":[{"name":"amasad","email":"amjad.masad@gmail.com"},{"name":"hzoo","email":"hi@henryzoo.com"},{"name":"jmm","email":"npm-public@jessemccarthy.net"},{"name":"loganfsmyth","email":"loganfsmyth@gmail.com"},{"name":"sebmck","email":"sebmck@gmail.com"},{"name":"thejameskyle","email":"me@thejameskyle.com"}],"_npmOperationalInternal":{"host":"packages-12-west.internal.npmjs.com","tmp":"tmp/babel-helper-hoist-variables-6.18.0.tgz_1477343927815_0.2728551540058106"},"directories":{}},"6.22.0":{"name":"babel-helper-hoist-variables","version":"6.22.0","description":"Helper function to hoist variables","repository":{"type":"git","url":"https://github.com/babel/babel/tree/master/packages/babel-helper-hoist-variables"},"license":"MIT","main":"lib/index.js","dependencies":{"babel-runtime":"^6.22.0","babel-types":"^6.22.0"},"_id":"babel-helper-hoist-variables@6.22.0","scripts":{},"_shasum":"3eacbf731d80705845dd2e9718f600cfb9b4ba72","_from":".","_npmVersion":"3.10.10","_nodeVersion":"6.9.0","_npmUser":{"name":"hzoo","email":"hi@henryzoo.com"},"dist":{"shasum":"3eacbf731d80705845dd2e9718f600cfb9b4ba72","tarball":"https://registry.npmjs.org/babel-helper-hoist-variables/-/babel-helper-hoist-variables-6.22.0.tgz"},"maintainers":[{"name":"amasad","email":"amjad.masad@gmail.com"},{"name":"hzoo","email":"hi@henryzoo.com"},{"name":"jmm","email":"npm-public@jessemccarthy.net"},{"name":"loganfsmyth","email":"loganfsmyth@gmail.com"},{"name":"sebmck","email":"sebmck@gmail.com"},{"name":"thejameskyle","email":"me@thejameskyle.com"}],"_npmOperationalInternal":{"host":"packages-18-east.internal.npmjs.com","tmp":"tmp/babel-helper-hoist-variables-6.22.0.tgz_1484872413035_0.7514224436599761"},"directories":{}},"7.0.0-alpha.1":{"name":"babel-helper-hoist-variables","version":"7.0.0-alpha.1","description":"Helper function to hoist variables","repository":{"type":"git","url":"https://github.com/babel/babel/tree/master/packages/babel-helper-hoist-variables"},"license":"MIT","main":"lib/index.js","dependencies":{"babel-types":"7.0.0-alpha.1"},"_id":"babel-helper-hoist-variables@7.0.0-alpha.1","scripts":{},"_shasum":"e46f39e716ca8da357da7b98d118e7429ac4f6ce","_from":".","_npmVersion":"3.10.10","_nodeVersion":"6.9.0","_npmUser":{"name":"hzoo","email":"hi@henryzoo.com"},"dist":{"shasum":"e46f39e716ca8da357da7b98d118e7429ac4f6ce","tarball":"https://registry.npmjs.org/babel-helper-hoist-variables/-/babel-helper-hoist-variables-7.0.0-alpha.1.tgz"},"maintainers":[{"name":"amasad","email":"amjad.masad@gmail.com"},{"name":"hzoo","email":"hi@henryzoo.com"},{"name":"jmm","email":"npm-public@jessemccarthy.net"},{"name":"loganfsmyth","email":"loganfsmyth@gmail.com"},{"name":"sebmck","email":"sebmck@gmail.com"},{"name":"thejameskyle","email":"me@thejameskyle.com"}],"_npmOperationalInternal":{"host":"packages-12-west.internal.npmjs.com","tmp":"tmp/babel-helper-hoist-variables-7.0.0-alpha.1.tgz_1488488719993_0.47314350702799857"},"directories":{}},"7.0.0-alpha.3":{"name":"babel-helper-hoist-variables","version":"7.0.0-alpha.3","description":"Helper function to hoist variables","repository":{"type":"git","url":"https://github.com/babel/babel/tree/master/packages/babel-helper-hoist-variables"},"license":"MIT","main":"lib/index.js","dependencies":{"babel-types":"7.0.0-alpha.3"},"_id":"babel-helper-hoist-variables@7.0.0-alpha.3","scripts":{},"_shasum":"6bd71cdea55d848877acf14c3751b8598c0fd198","_from":".","_npmVersion":"3.10.10","_nodeVersion":"6.9.0","_npmUser":{"name":"hzoo","email":"hi@henryzoo.com"},"dist":{"shasum":"6bd71cdea55d848877acf14c3751b8598c0fd198","tarball":"https://registry.npmjs.org/babel-helper-hoist-variables/-/babel-helper-hoist-variables-7.0.0-alpha.3.tgz"},"maintainers":[{"name":"amasad","email":"amjad.masad@gmail.com"},{"name":"hzoo","email":"hi@henryzoo.com"},{"name":"jmm","email":"npm-public@jessemccarthy.net"},{"name":"loganfsmyth","email":"loganfsmyth@gmail.com"},{"name":"sebmck","email":"sebmck@gmail.com"},{"name":"thejameskyle","email":"me@thejameskyle.com"}],"_npmOperationalInternal":{"host":"packages-18-east.internal.npmjs.com","tmp":"tmp/babel-helper-hoist-variables-7.0.0-alpha.3.tgz_1490298565806_0.6552907689474523"},"directories":{}},"7.0.0-alpha.7":{"name":"babel-helper-hoist-variables","version":"7.0.0-alpha.7","description":"Helper function to hoist variables","repository":{"type":"git","url":"https://github.com/babel/babel/tree/master/packages/babel-helper-hoist-variables"},"license":"MIT","main":"lib/index.js","dependencies":{"babel-types":"7.0.0-alpha.7"},"_id":"babel-helper-hoist-variables@7.0.0-alpha.7","scripts":{},"_shasum":"79251e91183322c656d210677a509b642165b8e8","_from":".","_npmVersion":"3.10.10","_nodeVersion":"6.9.0","_npmUser":{"name":"hzoo","email":"hi@henryzoo.com"},"dist":{"shasum":"79251e91183322c656d210677a509b642165b8e8","tarball":"https://registry.npmjs.org/babel-helper-hoist-variables/-/babel-helper-hoist-variables-7.0.0-alpha.7.tgz"},"maintainers":[{"name":"amasad","email":"amjad.masad@gmail.com"},{"name":"hzoo","email":"hi@henryzoo.com"},{"name":"jmm","email":"npm-public@jessemccarthy.net"},{"name":"loganfsmyth","email":"loganfsmyth@gmail.com"},{"name":"sebmck","email":"sebmck@gmail.com"},{"name":"thejameskyle","email":"me@thejameskyle.com"}],"_npmOperationalInternal":{"host":"packages-12-west.internal.npmjs.com","tmp":"tmp/babel-helper-hoist-variables-7.0.0-alpha.7.tgz_1491426838700_0.6207016876433045"},"directories":{}},"6.24.1":{"name":"babel-helper-hoist-variables","version":"6.24.1","description":"Helper function to hoist variables","repository":{"type":"git","url":"https://github.com/babel/babel/tree/master/packages/babel-helper-hoist-variables"},"license":"MIT","main":"lib/index.js","dependencies":{"babel-runtime":"^6.22.0","babel-types":"^6.24.1"},"_id":"babel-helper-hoist-variables@6.24.1","scripts":{},"_shasum":"1ecb27689c9d25513eadbc9914a73f5408be7a76","_from":".","_npmVersion":"3.10.10","_nodeVersion":"6.9.0","_npmUser":{"name":"hzoo","email":"hi@henryzoo.com"},"dist":{"shasum":"1ecb27689c9d25513eadbc9914a73f5408be7a76","tarball":"https://registry.npmjs.org/babel-helper-hoist-variables/-/babel-helper-hoist-variables-6.24.1.tgz"},"maintainers":[{"name":"amasad","email":"amjad.masad@gmail.com"},{"name":"hzoo","email":"hi@henryzoo.com"},{"name":"jmm","email":"npm-public@jessemccarthy.net"},{"name":"loganfsmyth","email":"loganfsmyth@gmail.com"},{"name":"sebmck","email":"sebmck@gmail.com"},{"name":"thejameskyle","email":"me@thejameskyle.com"}],"_npmOperationalInternal":{"host":"packages-18-east.internal.npmjs.com","tmp":"tmp/babel-helper-hoist-variables-6.24.1.tgz_1491578346811_0.8418492812197655"},"directories":{}},"7.0.0-alpha.9":{"name":"babel-helper-hoist-variables","version":"7.0.0-alpha.9","description":"Helper function to hoist variables","repository":{"type":"git","url":"https://github.com/babel/babel/tree/master/packages/babel-helper-hoist-variables"},"license":"MIT","main":"lib/index.js","dependencies":{"babel-types":"7.0.0-alpha.9"},"_id":"babel-helper-hoist-variables@7.0.0-alpha.9","scripts":{},"_shasum":"51b5dc0a0ca04eff44e0c2eb418d1223d5d80897","_from":".","_npmVersion":"3.10.10","_nodeVersion":"6.9.0","_npmUser":{"name":"hzoo","email":"hi@henryzoo.com"},"dist":{"shasum":"51b5dc0a0ca04eff44e0c2eb418d1223d5d80897","tarball":"https://registry.npmjs.org/babel-helper-hoist-variables/-/babel-helper-hoist-variables-7.0.0-alpha.9.tgz"},"maintainers":[{"name":"amasad","email":"amjad.masad@gmail.com"},{"name":"hzoo","email":"hi@henryzoo.com"},{"name":"jmm","email":"npm-public@jessemccarthy.net"},{"name":"loganfsmyth","email":"loganfsmyth@gmail.com"},{"name":"sebmck","email":"sebmck@gmail.com"},{"name":"thejameskyle","email":"me@thejameskyle.com"}],"_npmOperationalInternal":{"host":"packages-12-west.internal.npmjs.com","tmp":"tmp/babel-helper-hoist-variables-7.0.0-alpha.9.tgz_1492526519164_0.019993457244709134"},"directories":{}},"7.0.0-alpha.10":{"name":"babel-helper-hoist-variables","version":"7.0.0-alpha.10","description":"Helper function to hoist variables","repository":{"type":"git","url":"https://github.com/babel/babel/tree/master/packages/babel-helper-hoist-variables"},"license":"MIT","main":"lib/index.js","dependencies":{"babel-types":"7.0.0-alpha.10"},"_id":"babel-helper-hoist-variables@7.0.0-alpha.10","scripts":{},"_shasum":"0028ca30503b4bab9115748315f1f8693fb80786","_from":".","_npmVersion":"3.10.10","_nodeVersion":"6.9.0","_npmUser":{"name":"hzoo","email":"hi@henryzoo.com"},"dist":{"shasum":"0028ca30503b4bab9115748315f1f8693fb80786","tarball":"https://registry.npmjs.org/babel-helper-hoist-variables/-/babel-helper-hoist-variables-7.0.0-alpha.10.tgz"},"maintainers":[{"email":"daniel@tschinder.de","name":"danez"},{"email":"hi@henryzoo.com","name":"hzoo"},{"email":"loganfsmyth@gmail.com","name":"loganfsmyth"}],"_npmOperationalInternal":{"host":"s3://npm-registry-packages","tmp":"tmp/babel-helper-hoist-variables-7.0.0-alpha.10.tgz_1495739850434_0.3911800703499466"},"directories":{}},"7.0.0-alpha.11":{"name":"babel-helper-hoist-variables","version":"7.0.0-alpha.11","description":"Helper function to hoist variables","repository":{"type":"git","url":"https://github.com/babel/babel/tree/master/packages/babel-helper-hoist-variables"},"license":"MIT","main":"lib/index.js","dependencies":{"babel-types":"7.0.0-alpha.11"},"_id":"babel-helper-hoist-variables@7.0.0-alpha.11","_npmVersion":"5.0.0","_nodeVersion":"6.9.0","_npmUser":{"name":"hzoo","email":"hi@henryzoo.com"},"dist":{"integrity":"sha512-OVn9vyVI5VozysBArwMZKO9eEn0X6Noneucx39KlB27oPqo3swrlMjPWhbit1Lme14JLtvT0SUHs20evbA8l3w==","shasum":"d3679af82dd6dc6fa58ef41d0d9a58eba8b7e537","tarball":"https://registry.npmjs.org/babel-helper-hoist-variables/-/babel-helper-hoist-variables-7.0.0-alpha.11.tgz"},"maintainers":[{"email":"sebmck@gmail.com","name":"sebmck"},{"email":"daniel@tschinder.de","name":"danez"},{"email":"hi@henryzoo.com","name":"hzoo"},{"email":"loganfsmyth@gmail.com","name":"loganfsmyth"}],"_npmOperationalInternal":{"host":"s3://npm-registry-packages","tmp":"tmp/babel-helper-hoist-variables-7.0.0-alpha.11.tgz_1496263425017_0.19971371185965836"},"directories":{}},"7.0.0-alpha.12":{"name":"babel-helper-hoist-variables","version":"7.0.0-alpha.12","description":"Helper function to hoist variables","repository":{"type":"git","url":"https://github.com/babel/babel/tree/master/packages/babel-helper-hoist-variables"},"license":"MIT","main":"lib/index.js","dependencies":{"babel-types":"7.0.0-alpha.12"},"_id":"babel-helper-hoist-variables@7.0.0-alpha.12","_npmVersion":"5.0.0","_nodeVersion":"6.9.0","_npmUser":{"name":"hzoo","email":"hi@henryzoo.com"},"dist":{"integrity":"sha512-v6MTGAmDhGlZLV8gHJf+QQ1Z4KSJ2WrvA6/QzyFINC9CYOV+kMYIYKZLhSF+6VNFFqAod2Akf81BAvDBpsh+Ew==","shasum":"1f602862faafce666efb7da1141eb1c40486e9c6","tarball":"https://registry.npmjs.org/babel-helper-hoist-variables/-/babel-helper-hoist-variables-7.0.0-alpha.12.tgz"},"maintainers":[{"email":"sebmck@gmail.com","name":"sebmck"},{"email":"daniel@tschinder.de","name":"danez"},{"email":"hi@henryzoo.com","name":"hzoo"},{"email":"loganfsmyth@gmail.com","name":"loganfsmyth"}],"_npmOperationalInternal":{"host":"s3://npm-registry-packages","tmp":"tmp/babel-helper-hoist-variables-7.0.0-alpha.12.tgz_1496265116800_0.9061697262804955"},"directories":{}},"7.0.0-alpha.14":{"name":"babel-helper-hoist-variables","version":"7.0.0-alpha.14","description":"Helper function to hoist variables","repository":{"type":"git","url":"https://github.com/babel/babel/tree/master/packages/babel-helper-hoist-variables"},"license":"MIT","main":"lib/index.js","dependencies":{"babel-types":"7.0.0-alpha.14"},"_id":"babel-helper-hoist-variables@7.0.0-alpha.14","scripts":{},"_shasum":"eb8046722ef3e545df8440abc4d570b4c4d27c96","_from":".","_npmVersion":"4.6.1","_nodeVersion":"6.9.0","_npmUser":{"name":"hzoo","email":"hi@henryzoo.com"},"dist":{"shasum":"eb8046722ef3e545df8440abc4d570b4c4d27c96","tarball":"https://registry.npmjs.org/babel-helper-hoist-variables/-/babel-helper-hoist-variables-7.0.0-alpha.14.tgz"},"maintainers":[{"email":"sebmck@gmail.com","name":"sebmck"},{"email":"daniel@tschinder.de","name":"danez"},{"email":"hi@henryzoo.com","name":"hzoo"},{"email":"loganfsmyth@gmail.com","name":"loganfsmyth"}],"_npmOperationalInternal":{"host":"s3://npm-registry-packages","tmp":"tmp/babel-helper-hoist-variables-7.0.0-alpha.14.tgz_1499828020982_0.6371887435670942"},"directories":{}},"7.0.0-alpha.15":{"name":"babel-helper-hoist-variables","version":"7.0.0-alpha.15","description":"Helper function to hoist variables","repository":{"type":"git","url":"https://github.com/babel/babel/tree/master/packages/babel-helper-hoist-variables"},"license":"MIT","main":"lib/index.js","dependencies":{"babel-types":"7.0.0-alpha.15"},"_id":"babel-helper-hoist-variables@7.0.0-alpha.15","scripts":{},"_shasum":"115b54caa5cf6574e2b5a5c92c80eb65311d94cf","_from":".","_npmVersion":"4.6.1","_nodeVersion":"6.9.0","_npmUser":{"name":"hzoo","email":"hi@henryzoo.com"},"dist":{"shasum":"115b54caa5cf6574e2b5a5c92c80eb65311d94cf","tarball":"https://registry.npmjs.org/babel-helper-hoist-variables/-/babel-helper-hoist-variables-7.0.0-alpha.15.tgz"},"maintainers":[{"email":"sebmck@gmail.com","name":"sebmck"},{"email":"daniel@tschinder.de","name":"danez"},{"email":"hi@henryzoo.com","name":"hzoo"},{"email":"loganfsmyth@gmail.com","name":"loganfsmyth"}],"_npmOperationalInternal":{"host":"s3://npm-registry-packages","tmp":"tmp/babel-helper-hoist-variables-7.0.0-alpha.15.tgz_1499830555951_0.062388053862378"},"directories":{}},"7.0.0-alpha.16":{"name":"babel-helper-hoist-variables","version":"7.0.0-alpha.16","description":"Helper function to hoist variables","repository":{"type":"git","url":"https://github.com/babel/babel/tree/master/packages/babel-helper-hoist-variables"},"license":"MIT","main":"lib/index.js","dependencies":{"babel-types":"7.0.0-alpha.16"},"_id":"babel-helper-hoist-variables@7.0.0-alpha.16","scripts":{},"_shasum":"755dcf0260e4908443cf4b82dff4ea78e8138615","_from":".","_npmVersion":"4.6.1","_nodeVersion":"6.9.0","_npmUser":{"name":"hzoo","email":"hi@henryzoo.com"},"dist":{"shasum":"755dcf0260e4908443cf4b82dff4ea78e8138615","tarball":"https://registry.npmjs.org/babel-helper-hoist-variables/-/babel-helper-hoist-variables-7.0.0-alpha.16.tgz"},"maintainers":[{"email":"sebmck@gmail.com","name":"sebmck"},{"email":"daniel@tschinder.de","name":"danez"},{"email":"hi@henryzoo.com","name":"hzoo"},{"email":"loganfsmyth@gmail.com","name":"loganfsmyth"}],"_npmOperationalInternal":{"host":"s3://npm-registry-packages","tmp":"tmp/babel-helper-hoist-variables-7.0.0-alpha.16.tgz_1501017469530_0.035358254332095385"},"directories":{}},"7.0.0-alpha.17":{"name":"babel-helper-hoist-variables","version":"7.0.0-alpha.17","description":"Helper function to hoist variables","repository":{"type":"git","url":"https://github.com/babel/babel/tree/master/packages/babel-helper-hoist-variables"},"license":"MIT","main":"lib/index.js","dependencies":{"babel-types":"7.0.0-alpha.17"},"_id":"babel-helper-hoist-variables@7.0.0-alpha.17","scripts":{},"_shasum":"86c8002a151915782ccdd0daf7e793d5e2cb9ddf","_from":".","_npmVersion":"4.6.1","_nodeVersion":"6.9.0","_npmUser":{"name":"hzoo","email":"hi@henryzoo.com"},"dist":{"shasum":"86c8002a151915782ccdd0daf7e793d5e2cb9ddf","tarball":"https://registry.npmjs.org/babel-helper-hoist-variables/-/babel-helper-hoist-variables-7.0.0-alpha.17.tgz"},"maintainers":[{"email":"sebmck@gmail.com","name":"sebmck"},{"email":"daniel@tschinder.de","name":"danez"},{"email":"hi@henryzoo.com","name":"hzoo"},{"email":"loganfsmyth@gmail.com","name":"loganfsmyth"}],"_npmOperationalInternal":{"host":"s3://npm-registry-packages","tmp":"tmp/babel-helper-hoist-variables-7.0.0-alpha.17.tgz_1501072758522_0.25889065815135837"},"directories":{}},"7.0.0-alpha.18":{"name":"babel-helper-hoist-variables","version":"7.0.0-alpha.18","description":"Helper function to hoist variables","repository":{"type":"git","url":"https://github.com/babel/babel/tree/master/packages/babel-helper-hoist-variables"},"license":"MIT","main":"lib/index.js","dependencies":{"babel-types":"7.0.0-alpha.18"},"_id":"babel-helper-hoist-variables@7.0.0-alpha.18","_npmVersion":"5.3.0","_nodeVersion":"8.1.4","_npmUser":{"name":"hzoo","email":"hi@henryzoo.com"},"dist":{"integrity":"sha512-FXfgGyMjqjMs/8d6K9afFRiu9i5wCm1/gDENGizCBD8FX4dWAQd3fS8L0oaA+oGUFNYN7jnU+rbWZX0xVzbHGA==","shasum":"cce862e21106bcba1884792abc2875f254cdaebe","tarball":"https://registry.npmjs.org/babel-helper-hoist-variables/-/babel-helper-hoist-variables-7.0.0-alpha.18.tgz"},"maintainers":[{"email":"me@thejameskyle.com","name":"thejameskyle"},{"email":"sebmck@gmail.com","name":"sebmck"},{"email":"daniel@tschinder.de","name":"danez"},{"email":"hi@henryzoo.com","name":"hzoo"},{"email":"loganfsmyth@gmail.com","name":"loganfsmyth"}],"_npmOperationalInternal":{"host":"s3://npm-registry-packages","tmp":"tmp/babel-helper-hoist-variables-7.0.0-alpha.18.tgz_1501798862630_0.2868841600138694"},"directories":{}},"7.0.0-alpha.19":{"name":"babel-helper-hoist-variables","version":"7.0.0-alpha.19","description":"Helper function to hoist variables","repository":{"type":"git","url":"https://github.com/babel/babel/tree/master/packages/babel-helper-hoist-variables"},"license":"MIT","main":"lib/index.js","dependencies":{"babel-types":"7.0.0-alpha.19"},"_id":"babel-helper-hoist-variables@7.0.0-alpha.19","_npmVersion":"5.3.0","_nodeVersion":"8.1.4","_npmUser":{"name":"hzoo","email":"hi@henryzoo.com"},"dist":{"integrity":"sha512-9swiDoVZD6qL7dMDb/tysYmZIKvXY38xohvsLqZN1A8jIaDk8nybWkt+bZwsT00VSaeBJo4/YP7ERjXf2/Tj1w==","shasum":"c61a057ec369746a964447a1b3ca5c2442b4d080","tarball":"https://registry.npmjs.org/babel-helper-hoist-variables/-/babel-helper-hoist-variables-7.0.0-alpha.19.tgz"},"maintainers":[{"email":"me@thejameskyle.com","name":"thejameskyle"},{"email":"sebmck@gmail.com","name":"sebmck"},{"email":"daniel@tschinder.de","name":"danez"},{"email":"hi@henryzoo.com","name":"hzoo"},{"email":"loganfsmyth@gmail.com","name":"loganfsmyth"}],"_npmOperationalInternal":{"host":"s3://npm-registry-packages","tmp":"tmp/babel-helper-hoist-variables-7.0.0-alpha.19.tgz_1502144502111_0.05145185999572277"},"directories":{}},"7.0.0-alpha.20":{"name":"babel-helper-hoist-variables","version":"7.0.0-alpha.20","description":"Helper function to hoist variables","repository":{"type":"git","url":"https://github.com/babel/babel/tree/master/packages/babel-helper-hoist-variables"},"license":"MIT","main":"lib/index.js","dependencies":{"babel-types":"7.0.0-alpha.20"},"_id":"babel-helper-hoist-variables@7.0.0-alpha.20","_npmVersion":"5.3.0","_nodeVersion":"8.1.4","_npmUser":{"name":"hzoo","email":"hi@henryzoo.com"},"dist":{"integrity":"sha512-s1ZakBRhSAaQzLazJnEQYgWDhuMhDJsk8OUk0OdGEO/iIhbZjhOy6gLiReH/FyaPpj4ih/q8SbbmGMu9jrW1bA==","shasum":"bd440478d42e45a6b9bfaa637d49ded2383ef6fe","tarball":"https://registry.npmjs.org/babel-helper-hoist-variables/-/babel-helper-hoist-variables-7.0.0-alpha.20.tgz"},"maintainers":[{"email":"me@thejameskyle.com","name":"thejameskyle"},{"email":"sebmck@gmail.com","name":"sebmck"},{"email":"daniel@tschinder.de","name":"danez"},{"email":"hi@henryzoo.com","name":"hzoo"},{"email":"loganfsmyth@gmail.com","name":"loganfsmyth"}],"_npmOperationalInternal":{"host":"s3://npm-registry-packages","tmp":"tmp/babel-helper-hoist-variables-7.0.0-alpha.20.tgz_1504119816172_0.1509020037483424"},"directories":{}},"7.0.0-beta.0":{"name":"babel-helper-hoist-variables","version":"7.0.0-beta.0","description":"Helper function to hoist variables","repository":{"type":"git","url":"https://github.com/babel/babel/tree/master/packages/babel-helper-hoist-variables"},"license":"MIT","main":"lib/index.js","dependencies":{"babel-types":"7.0.0-beta.0"},"_id":"babel-helper-hoist-variables@7.0.0-beta.0","_npmVersion":"5.3.0","_nodeVersion":"8.1.4","_npmUser":{"name":"hzoo","email":"hi@henryzoo.com"},"dist":{"integrity":"sha512-yjyU/ZB18u/7dRrmxMOJ/9W6n8GIjMQAh0tphCiMDniwAWdYEwbmmo3Bcvo6dbPke4hXj3vctK5Hq7HY2uw+UA==","shasum":"fc654fed423d4c94410f8d5aa8a2a7475a850325","tarball":"https://registry.npmjs.org/babel-helper-hoist-variables/-/babel-helper-hoist-variables-7.0.0-beta.0.tgz"},"maintainers":[{"email":"me@thejameskyle.com","name":"thejameskyle"},{"email":"sebmck@gmail.com","name":"sebmck"},{"email":"daniel@tschinder.de","name":"danez"},{"email":"hi@henryzoo.com","name":"hzoo"},{"email":"loganfsmyth@gmail.com","name":"loganfsmyth"}],"_npmOperationalInternal":{"host":"s3://npm-registry-packages","tmp":"tmp/babel-helper-hoist-variables-7.0.0-beta.0.tgz_1505185340591_0.11147621436975896"},"directories":{}},"7.0.0-beta.1":{"name":"babel-helper-hoist-variables","version":"7.0.0-beta.1","description":"Helper function to hoist variables","repository":{"type":"git","url":"https://github.com/babel/babel/tree/master/packages/babel-helper-hoist-variables"},"license":"MIT","main":"lib/index.js","dependencies":{"babel-types":"7.0.0-beta.1"},"_id":"babel-helper-hoist-variables@7.0.0-beta.1","_npmVersion":"5.4.1","_nodeVersion":"8.1.4","_npmUser":{"name":"hzoo","email":"hi@henryzoo.com"},"dist":{"integrity":"sha512-L9IGV9lh3l5zVbJt5EFeflJO/3lxgiE8MqiOLnA4T/OqnfyvY6ZCe1LmRz6JOuxe8Cx8LhjyAE6pYdV4haBOmA==","shasum":"178c474b1a5e8338961fbe08d8803020223b6c3e","tarball":"https://registry.npmjs.org/babel-helper-hoist-variables/-/babel-helper-hoist-variables-7.0.0-beta.1.tgz"},"maintainers":[{"email":"me@thejameskyle.com","name":"thejameskyle"},{"email":"sebmck@gmail.com","name":"sebmck"},{"email":"daniel@tschinder.de","name":"danez"},{"email":"hi@henryzoo.com","name":"hzoo"},{"email":"loganfsmyth@gmail.com","name":"loganfsmyth"}],"_npmOperationalInternal":{"host":"s3://npm-registry-packages","tmp":"tmp/babel-helper-hoist-variables-7.0.0-beta.1.tgz_1505851795153_0.11105920863337815"},"directories":{}},"7.0.0-beta.2":{"name":"babel-helper-hoist-variables","version":"7.0.0-beta.2","description":"Helper function to hoist variables","repository":{"type":"git","url":"https://github.com/babel/babel/tree/master/packages/babel-helper-hoist-variables"},"license":"MIT","main":"lib/index.js","dependencies":{"babel-types":"7.0.0-beta.2"},"_id":"babel-helper-hoist-variables@7.0.0-beta.2","_npmVersion":"5.4.1","_nodeVersion":"8.1.4","_npmUser":{"name":"hzoo","email":"hi@henryzoo.com"},"dist":{"integrity":"sha512-qBwOO5kRe+r3Wtse/VR0jvbbuHcqMJbbjrVdAk7YU8H932HL0WXh5OzSMF0ZW0KAFygAOS+P2HVSaXbFWmXSnA==","shasum":"61fd4c88c186ec64b8e113b63eee5d77c5b7eb56","tarball":"https://registry.npmjs.org/babel-helper-hoist-variables/-/babel-helper-hoist-variables-7.0.0-beta.2.tgz"},"maintainers":[{"email":"bng412@gmail.com","name":"existentialism"},{"email":"me@thejameskyle.com","name":"thejameskyle"},{"email":"sebmck@gmail.com","name":"sebmck"},{"email":"daniel@tschinder.de","name":"danez"},{"email":"hi@henryzoo.com","name":"hzoo"},{"email":"loganfsmyth@gmail.com","name":"loganfsmyth"}],"_npmOperationalInternal":{"host":"s3://npm-registry-packages","tmp":"tmp/babel-helper-hoist-variables-7.0.0-beta.2.tgz_1506438921829_0.4981669734697789"},"directories":{}},"7.0.0-beta.3":{"name":"babel-helper-hoist-variables","version":"7.0.0-beta.3","description":"Helper function to hoist variables","repository":{"type":"git","url":"https://github.com/babel/babel/tree/master/packages/babel-helper-hoist-variables"},"license":"MIT","main":"lib/index.js","dependencies":{"babel-types":"7.0.0-beta.3"},"_id":"babel-helper-hoist-variables@7.0.0-beta.3","_npmVersion":"5.5.1","_nodeVersion":"8.1.4","_npmUser":{"name":"hzoo","email":"hi@henryzoo.com"},"dist":{"integrity":"sha512-9XOLW0nN3154gYf0OrRpatRYpB5s5NkRAcFseGYn/sxf+450iURwq442O7USvg9dRl1WWBgH23fsQQ5+xjKsGw==","shasum":"02c7dbc2a8981650958d4b815511bbd89704a95c","tarball":"https://registry.npmjs.org/babel-helper-hoist-variables/-/babel-helper-hoist-variables-7.0.0-beta.3.tgz"},"maintainers":[{"email":"bng412@gmail.com","name":"existentialism"},{"email":"me@thejameskyle.com","name":"thejameskyle"},{"email":"sebmck@gmail.com","name":"sebmck"},{"email":"daniel@tschinder.de","name":"danez"},{"email":"hi@henryzoo.com","name":"hzoo"},{"email":"loganfsmyth@gmail.com","name":"loganfsmyth"}],"_npmOperationalInternal":{"host":"s3://npm-registry-packages","tmp":"tmp/babel-helper-hoist-variables-7.0.0-beta.3.tgz_1508073106832_0.26905072946101427"},"directories":{}}},"readme":"# babel-helper-hoist-variables\n\n## Usage\n\nTODO\n","maintainers":[{"email":"bng412@gmail.com","name":"existentialism"},{"email":"me@thejameskyle.com","name":"thejameskyle"},{"email":"sebmck@gmail.com","name":"sebmck"},{"email":"daniel@tschinder.de","name":"danez"},{"email":"hi@henryzoo.com","name":"hzoo"},{"email":"loganfsmyth@gmail.com","name":"loganfsmyth"}],"time":{"modified":"2017-10-15T13:11:47.725Z","created":"2015-10-29T17:55:10.778Z","6.0.0":"2015-10-29T17:55:10.778Z","6.0.2":"2015-10-29T18:09:21.459Z","6.0.14":"2015-10-30T23:33:16.958Z","6.0.15":"2015-11-01T22:09:02.540Z","6.1.5":"2015-11-12T06:50:40.149Z","6.1.6":"2015-11-12T07:33:52.445Z","6.1.7":"2015-11-12T07:38:17.717Z","6.1.8":"2015-11-12T07:41:20.432Z","6.1.9":"2015-11-12T07:47:09.713Z","6.1.10":"2015-11-12T07:53:45.493Z","6.1.12":"2015-11-12T08:48:56.953Z","6.1.13":"2015-11-12T19:58:32.508Z","6.1.16":"2015-11-12T21:34:12.741Z","6.1.17":"2015-11-12T21:41:08.493Z","6.1.18":"2015-11-12T21:47:25.977Z","6.2.4":"2015-11-25T03:13:06.465Z","6.3.13":"2015-12-04T11:57:27.893Z","6.5.0":"2016-02-07T00:06:59.542Z","6.5.0-1":"2016-02-07T02:39:46.720Z","6.6.4":"2016-03-02T21:29:33.333Z","6.6.5":"2016-03-04T23:16:38.563Z","6.8.0":"2016-05-02T23:44:05.152Z","6.18.0":"2016-10-24T21:18:49.969Z","6.22.0":"2017-01-20T00:33:33.854Z","7.0.0-alpha.1":"2017-03-02T21:05:21.878Z","7.0.0-alpha.3":"2017-03-23T19:49:27.713Z","7.0.0-alpha.7":"2017-04-05T21:14:00.615Z","6.24.1":"2017-04-07T15:19:08.612Z","7.0.0-alpha.9":"2017-04-18T14:41:59.443Z","7.0.0-alpha.10":"2017-05-25T19:17:31.232Z","7.0.0-alpha.11":"2017-05-31T20:43:45.144Z","7.0.0-alpha.12":"2017-05-31T21:11:56.865Z","7.0.0-alpha.14":"2017-07-12T02:53:42.183Z","7.0.0-alpha.15":"2017-07-12T03:35:56.852Z","7.0.0-alpha.16":"2017-07-25T21:17:50.877Z","7.0.0-alpha.17":"2017-07-26T12:39:19.503Z","7.0.0-alpha.18":"2017-08-03T22:21:02.742Z","7.0.0-alpha.19":"2017-08-07T22:21:42.192Z","7.0.0-alpha.20":"2017-08-30T19:03:36.278Z","7.0.0-beta.0":"2017-09-12T03:02:21.629Z","7.0.0-beta.1":"2017-09-19T20:09:55.323Z","7.0.0-beta.2":"2017-09-26T15:15:22.738Z","7.0.0-beta.3":"2017-10-15T13:11:47.725Z"},"repository":{"type":"git","url":"https://github.com/babel/babel/tree/master/packages/babel-helper-hoist-variables"},"license":"MIT","readmeFilename":"README.md","_attachments":{},"_etag":"W/\"ab3cbc503713493c077dabfa32b6a8f4\"","_lastModified":"Sat, 26 May 2018 17:55:15 GMT"}