{"_id":"babel-plugin-transform-es2015-spread","_rev":"74-4e8eedce9bd84870c80e10e510668247","name":"babel-plugin-transform-es2015-spread","description":"Compile ES2015 spread to ES5","dist-tags":{"latest":"6.22.0","next":"7.0.0-beta.3"},"versions":{"6.0.2":{"name":"babel-plugin-transform-es2015-spread","version":"6.0.2","description":"Compile ES2015 spread to ES5","repository":{"type":"git","url":"git+https://github.com/babel/babel.git"},"license":"MIT","main":"lib/index.js","keywords":["babel-plugin"],"dependencies":{"babel-runtime":"^6.0.2"},"bugs":{"url":"https://github.com/babel/babel/issues"},"homepage":"https://github.com/babel/babel#readme","_id":"babel-plugin-transform-es2015-spread@6.0.2","scripts":{},"_shasum":"a7c146ab5eff2e032685ecf5954fe99a810c7cba","_from":".","_npmVersion":"2.14.3","_nodeVersion":"4.1.0","_npmUser":{"name":"sebmck","email":"sebmck@gmail.com"},"dist":{"shasum":"a7c146ab5eff2e032685ecf5954fe99a810c7cba","tarball":"https://registry.npmjs.org/babel-plugin-transform-es2015-spread/-/babel-plugin-transform-es2015-spread-6.0.2.tgz"},"maintainers":[{"name":"sebmck","email":"sebmck@gmail.com"}],"directories":{}},"6.0.14":{"name":"babel-plugin-transform-es2015-spread","version":"6.0.14","description":"Compile ES2015 spread to ES5","repository":{"type":"git","url":"https://github.com/babel/babel/tree/master/packages/babel-plugin-transform-es2015-spread"},"license":"MIT","main":"lib/index.js","keywords":["babel-plugin"],"dependencies":{"babel-runtime":"^5.0.0"},"_id":"babel-plugin-transform-es2015-spread@6.0.14","scripts":{},"_shasum":"9df6d828f18c1b76cbe4e3ad4f9e743e21a15a00","_from":".","_npmVersion":"2.14.9","_nodeVersion":"4.1.0","_npmUser":{"name":"sebmck","email":"sebmck@gmail.com"},"dist":{"shasum":"9df6d828f18c1b76cbe4e3ad4f9e743e21a15a00","tarball":"https://registry.npmjs.org/babel-plugin-transform-es2015-spread/-/babel-plugin-transform-es2015-spread-6.0.14.tgz"},"maintainers":[{"name":"sebmck","email":"sebmck@gmail.com"}],"directories":{}},"6.1.4":{"name":"babel-plugin-transform-es2015-spread","version":"6.1.4","description":"Compile ES2015 spread to ES5","repository":{"type":"git","url":"https://github.com/babel/babel/tree/master/packages/babel-plugin-transform-es2015-spread"},"license":"MIT","main":"lib/index.js","keywords":["babel-plugin"],"dependencies":{"babel-runtime":"^5.0.0"},"devDependencies":{"babel-helper-plugin-test-runner":"^6.1.4"},"_id":"babel-plugin-transform-es2015-spread@6.1.4","scripts":{},"_shasum":"7dae6a9411dc93a4a5a712bedecb6f1165282191","_from":".","_npmVersion":"3.3.10","_nodeVersion":"4.1.0","_npmUser":{"name":"sebmck","email":"sebmck@gmail.com"},"dist":{"shasum":"7dae6a9411dc93a4a5a712bedecb6f1165282191","tarball":"https://registry.npmjs.org/babel-plugin-transform-es2015-spread/-/babel-plugin-transform-es2015-spread-6.1.4.tgz"},"maintainers":[{"name":"sebmck","email":"sebmck@gmail.com"}],"directories":{}},"6.1.17":{"name":"babel-plugin-transform-es2015-spread","version":"6.1.17","description":"Compile ES2015 spread to ES5","repository":{"type":"git","url":"https://github.com/babel/babel/tree/master/packages/babel-plugin-transform-es2015-spread"},"license":"MIT","main":"lib/index.js","keywords":["babel-plugin"],"dependencies":{"babel-runtime":"^5.0.0"},"devDependencies":{"babel-helper-plugin-test-runner":"^6.1.17"},"_id":"babel-plugin-transform-es2015-spread@6.1.17","scripts":{},"_shasum":"4e856254d4fb24a456cc762c3c74433811c34159","_from":".","_npmVersion":"3.3.10","_nodeVersion":"4.1.0","_npmUser":{"name":"sebmck","email":"sebmck@gmail.com"},"dist":{"shasum":"4e856254d4fb24a456cc762c3c74433811c34159","tarball":"https://registry.npmjs.org/babel-plugin-transform-es2015-spread/-/babel-plugin-transform-es2015-spread-6.1.17.tgz"},"maintainers":[{"name":"amasad","email":"amjad.masad@gmail.com"},{"name":"sebmck","email":"sebmck@gmail.com"},{"name":"thejameskyle","email":"me@thejameskyle.com"}],"directories":{}},"6.1.18":{"name":"babel-plugin-transform-es2015-spread","version":"6.1.18","description":"Compile ES2015 spread to ES5","repository":{"type":"git","url":"https://github.com/babel/babel/tree/master/packages/babel-plugin-transform-es2015-spread"},"license":"MIT","main":"lib/index.js","keywords":["babel-plugin"],"dependencies":{"babel-runtime":"^5.0.0"},"devDependencies":{"babel-helper-plugin-test-runner":"^6.1.18"},"_id":"babel-plugin-transform-es2015-spread@6.1.18","scripts":{},"_shasum":"6969fecc3a21afa88db3ba89369c6675cac666ee","_from":".","_npmVersion":"3.3.10","_nodeVersion":"4.1.0","_npmUser":{"name":"sebmck","email":"sebmck@gmail.com"},"dist":{"shasum":"6969fecc3a21afa88db3ba89369c6675cac666ee","tarball":"https://registry.npmjs.org/babel-plugin-transform-es2015-spread/-/babel-plugin-transform-es2015-spread-6.1.18.tgz"},"maintainers":[{"name":"amasad","email":"amjad.masad@gmail.com"},{"name":"sebmck","email":"sebmck@gmail.com"},{"name":"thejameskyle","email":"me@thejameskyle.com"}],"directories":{}},"6.2.4":{"name":"babel-plugin-transform-es2015-spread","version":"6.2.4","description":"Compile ES2015 spread to ES5","repository":{"type":"git","url":"https://github.com/babel/babel/tree/master/packages/babel-plugin-transform-es2015-spread"},"license":"MIT","main":"lib/index.js","keywords":["babel-plugin"],"dependencies":{"babel-runtime":"^5.0.0"},"devDependencies":{"babel-helper-plugin-test-runner":"^6.2.4"},"_id":"babel-plugin-transform-es2015-spread@6.2.4","scripts":{},"_shasum":"9b0af7f5a4440dde5f6e38b9f32e91b376097d26","_from":".","_npmVersion":"3.3.10","_nodeVersion":"4.1.0","_npmUser":{"name":"sebmck","email":"sebmck@gmail.com"},"dist":{"shasum":"9b0af7f5a4440dde5f6e38b9f32e91b376097d26","tarball":"https://registry.npmjs.org/babel-plugin-transform-es2015-spread/-/babel-plugin-transform-es2015-spread-6.2.4.tgz"},"maintainers":[{"name":"amasad","email":"amjad.masad@gmail.com"},{"name":"sebmck","email":"sebmck@gmail.com"},{"name":"thejameskyle","email":"me@thejameskyle.com"}],"directories":{}},"6.3.13":{"name":"babel-plugin-transform-es2015-spread","version":"6.3.13","description":"Compile ES2015 spread to ES5","repository":{"type":"git","url":"https://github.com/babel/babel/tree/master/packages/babel-plugin-transform-es2015-spread"},"license":"MIT","main":"lib/index.js","keywords":["babel-plugin"],"dependencies":{"babel-runtime":"^5.0.0"},"devDependencies":{"babel-helper-plugin-test-runner":"^6.3.13"},"_id":"babel-plugin-transform-es2015-spread@6.3.13","scripts":{},"_shasum":"1e2eedc5d552b24d342fa594d6c2534353ec3bb2","_from":".","_npmVersion":"3.3.10","_nodeVersion":"4.1.0","_npmUser":{"name":"sebmck","email":"sebmck@gmail.com"},"dist":{"shasum":"1e2eedc5d552b24d342fa594d6c2534353ec3bb2","tarball":"https://registry.npmjs.org/babel-plugin-transform-es2015-spread/-/babel-plugin-transform-es2015-spread-6.3.13.tgz"},"maintainers":[{"name":"amasad","email":"amjad.masad@gmail.com"},{"name":"hzoo","email":"hi@henryzoo.com"},{"name":"jmm","email":"npm-public@jessemccarthy.net"},{"name":"loganfsmyth","email":"loganfsmyth@gmail.com"},{"name":"sebmck","email":"sebmck@gmail.com"},{"name":"thejameskyle","email":"me@thejameskyle.com"}],"directories":{}},"6.3.14":{"name":"babel-plugin-transform-es2015-spread","version":"6.3.14","description":"Compile ES2015 spread to ES5","repository":{"type":"git","url":"https://github.com/babel/babel/tree/master/packages/babel-plugin-transform-es2015-spread"},"license":"MIT","main":"lib/index.js","keywords":["babel-plugin"],"dependencies":{"babel-runtime":"^5.0.0"},"devDependencies":{"babel-helper-plugin-test-runner":"^6.3.13"},"_id":"babel-plugin-transform-es2015-spread@6.3.14","scripts":{},"_shasum":"601f5f07cf7df3e38f6230100e240812c34d881e","_from":".","_npmVersion":"3.3.12","_nodeVersion":"5.1.0","_npmUser":{"name":"hzoo","email":"hi@henryzoo.com"},"dist":{"shasum":"601f5f07cf7df3e38f6230100e240812c34d881e","tarball":"https://registry.npmjs.org/babel-plugin-transform-es2015-spread/-/babel-plugin-transform-es2015-spread-6.3.14.tgz"},"maintainers":[{"name":"amasad","email":"amjad.masad@gmail.com"},{"name":"hzoo","email":"hi@henryzoo.com"},{"name":"jmm","email":"npm-public@jessemccarthy.net"},{"name":"loganfsmyth","email":"loganfsmyth@gmail.com"},{"name":"sebmck","email":"sebmck@gmail.com"},{"name":"thejameskyle","email":"me@thejameskyle.com"}],"directories":{}},"6.4.0":{"name":"babel-plugin-transform-es2015-spread","version":"6.4.0","description":"Compile ES2015 spread to ES5","repository":{"type":"git","url":"https://github.com/babel/babel/tree/master/packages/babel-plugin-transform-es2015-spread"},"license":"MIT","main":"lib/index.js","keywords":["babel-plugin"],"dependencies":{"babel-runtime":"^5.0.0"},"devDependencies":{"babel-helper-plugin-test-runner":"^6.3.13"},"_id":"babel-plugin-transform-es2015-spread@6.4.0","scripts":{},"_shasum":"d50abd8a0f641df58be04e1bf052bd4322ff8d2c","_from":".","_npmVersion":"3.5.2","_nodeVersion":"5.1.0","_npmUser":{"name":"hzoo","email":"hi@henryzoo.com"},"dist":{"shasum":"d50abd8a0f641df58be04e1bf052bd4322ff8d2c","tarball":"https://registry.npmjs.org/babel-plugin-transform-es2015-spread/-/babel-plugin-transform-es2015-spread-6.4.0.tgz"},"maintainers":[{"name":"amasad","email":"amjad.masad@gmail.com"},{"name":"hzoo","email":"hi@henryzoo.com"},{"name":"jmm","email":"npm-public@jessemccarthy.net"},{"name":"loganfsmyth","email":"loganfsmyth@gmail.com"},{"name":"sebmck","email":"sebmck@gmail.com"},{"name":"thejameskyle","email":"me@thejameskyle.com"}],"directories":{}},"6.5.0":{"name":"babel-plugin-transform-es2015-spread","version":"6.5.0","description":"Compile ES2015 spread to ES5","repository":{"type":"git","url":"https://github.com/babel/babel/tree/master/packages/babel-plugin-transform-es2015-spread"},"license":"MIT","main":"lib/index.js","keywords":["babel-plugin"],"dependencies":{"babel-runtime":"^5.0.0"},"devDependencies":{"babel-helper-plugin-test-runner":"^6.3.13"},"_id":"babel-plugin-transform-es2015-spread@6.5.0","scripts":{},"_shasum":"0e70afb8837840ffd1521f8c0369354fc821dc7d","_from":".","_npmVersion":"3.6.0","_nodeVersion":"5.1.0","_npmUser":{"name":"hzoo","email":"hi@henryzoo.com"},"dist":{"shasum":"0e70afb8837840ffd1521f8c0369354fc821dc7d","tarball":"https://registry.npmjs.org/babel-plugin-transform-es2015-spread/-/babel-plugin-transform-es2015-spread-6.5.0.tgz"},"maintainers":[{"name":"amasad","email":"amjad.masad@gmail.com"},{"name":"hzoo","email":"hi@henryzoo.com"},{"name":"jmm","email":"npm-public@jessemccarthy.net"},{"name":"loganfsmyth","email":"loganfsmyth@gmail.com"},{"name":"sebmck","email":"sebmck@gmail.com"},{"name":"thejameskyle","email":"me@thejameskyle.com"}],"_npmOperationalInternal":{"host":"packages-5-east.internal.npmjs.com","tmp":"tmp/babel-plugin-transform-es2015-spread-6.5.0.tgz_1454803663066_0.33428715728223324"},"directories":{}},"6.5.0-1":{"name":"babel-plugin-transform-es2015-spread","version":"6.5.0-1","description":"Compile ES2015 spread to ES5","repository":{"type":"git","url":"https://github.com/babel/babel/tree/master/packages/babel-plugin-transform-es2015-spread"},"license":"MIT","main":"lib/index.js","keywords":["babel-plugin"],"dependencies":{"babel-runtime":"^5.0.0"},"devDependencies":{"babel-helper-plugin-test-runner":"^6.5.0-1"},"_id":"babel-plugin-transform-es2015-spread@6.5.0-1","scripts":{},"_shasum":"5c722dcfa4eb883c3a5c1091025147544adc0669","_from":".","_npmVersion":"3.6.0","_nodeVersion":"5.1.0","_npmUser":{"name":"hzoo","email":"hi@henryzoo.com"},"dist":{"shasum":"5c722dcfa4eb883c3a5c1091025147544adc0669","tarball":"https://registry.npmjs.org/babel-plugin-transform-es2015-spread/-/babel-plugin-transform-es2015-spread-6.5.0-1.tgz"},"maintainers":[{"name":"amasad","email":"amjad.masad@gmail.com"},{"name":"hzoo","email":"hi@henryzoo.com"},{"name":"jmm","email":"npm-public@jessemccarthy.net"},{"name":"loganfsmyth","email":"loganfsmyth@gmail.com"},{"name":"sebmck","email":"sebmck@gmail.com"},{"name":"thejameskyle","email":"me@thejameskyle.com"}],"_npmOperationalInternal":{"host":"packages-6-west.internal.npmjs.com","tmp":"tmp/babel-plugin-transform-es2015-spread-6.5.0-1.tgz_1454812858860_0.26699449121952057"},"directories":{}},"6.5.2":{"name":"babel-plugin-transform-es2015-spread","version":"6.5.2","description":"Compile ES2015 spread to ES5","repository":{"type":"git","url":"https://github.com/babel/babel/tree/master/packages/babel-plugin-transform-es2015-spread"},"license":"MIT","main":"lib/index.js","keywords":["babel-plugin"],"dependencies":{"babel-runtime":"^5.0.0"},"devDependencies":{"babel-helper-plugin-test-runner":"^6.3.13"},"_id":"babel-plugin-transform-es2015-spread@6.5.2","scripts":{},"_shasum":"13d91f703f64077f046167df9dfb155768331bdb","_from":".","_npmVersion":"3.6.0","_nodeVersion":"5.1.0","_npmUser":{"name":"hzoo","email":"hi@henryzoo.com"},"dist":{"shasum":"13d91f703f64077f046167df9dfb155768331bdb","tarball":"https://registry.npmjs.org/babel-plugin-transform-es2015-spread/-/babel-plugin-transform-es2015-spread-6.5.2.tgz"},"maintainers":[{"name":"amasad","email":"amjad.masad@gmail.com"},{"name":"hzoo","email":"hi@henryzoo.com"},{"name":"jmm","email":"npm-public@jessemccarthy.net"},{"name":"loganfsmyth","email":"loganfsmyth@gmail.com"},{"name":"sebmck","email":"sebmck@gmail.com"},{"name":"thejameskyle","email":"me@thejameskyle.com"}],"_npmOperationalInternal":{"host":"packages-9-west.internal.npmjs.com","tmp":"tmp/babel-plugin-transform-es2015-spread-6.5.2.tgz_1455294612388_0.28042768221348524"},"directories":{}},"6.6.4":{"name":"babel-plugin-transform-es2015-spread","version":"6.6.4","description":"Compile ES2015 spread to ES5","repository":{"type":"git","url":"https://github.com/babel/babel/tree/master/packages/babel-plugin-transform-es2015-spread"},"license":"MIT","main":"lib/index.js","keywords":["babel-plugin"],"dependencies":{"babel-runtime":"^5.0.0"},"devDependencies":{"babel-helper-plugin-test-runner":"^6.3.13"},"_id":"babel-plugin-transform-es2015-spread@6.6.4","scripts":{},"_shasum":"abddee7af8a7615bb15dfd63bdffaa8231e1121c","_from":".","_npmVersion":"3.6.0","_nodeVersion":"5.1.0","_npmUser":{"name":"hzoo","email":"hi@henryzoo.com"},"dist":{"shasum":"abddee7af8a7615bb15dfd63bdffaa8231e1121c","tarball":"https://registry.npmjs.org/babel-plugin-transform-es2015-spread/-/babel-plugin-transform-es2015-spread-6.6.4.tgz"},"maintainers":[{"name":"amasad","email":"amjad.masad@gmail.com"},{"name":"hzoo","email":"hi@henryzoo.com"},{"name":"jmm","email":"npm-public@jessemccarthy.net"},{"name":"loganfsmyth","email":"loganfsmyth@gmail.com"},{"name":"sebmck","email":"sebmck@gmail.com"},{"name":"thejameskyle","email":"me@thejameskyle.com"}],"_npmOperationalInternal":{"host":"packages-13-west.internal.npmjs.com","tmp":"tmp/babel-plugin-transform-es2015-spread-6.6.4.tgz_1456954187418_0.9483469475526363"},"directories":{}},"6.6.5":{"name":"babel-plugin-transform-es2015-spread","version":"6.6.5","description":"Compile ES2015 spread to ES5","repository":{"type":"git","url":"https://github.com/babel/babel/tree/master/packages/babel-plugin-transform-es2015-spread"},"license":"MIT","main":"lib/index.js","keywords":["babel-plugin"],"dependencies":{"babel-runtime":"^5.0.0"},"devDependencies":{"babel-helper-plugin-test-runner":"^6.3.13"},"_id":"babel-plugin-transform-es2015-spread@6.6.5","scripts":{},"_shasum":"e1a496c686cc4710f40bc80465841dc1fac80511","_from":".","_npmVersion":"3.6.0","_nodeVersion":"5.1.0","_npmUser":{"name":"hzoo","email":"hi@henryzoo.com"},"dist":{"shasum":"e1a496c686cc4710f40bc80465841dc1fac80511","tarball":"https://registry.npmjs.org/babel-plugin-transform-es2015-spread/-/babel-plugin-transform-es2015-spread-6.6.5.tgz"},"maintainers":[{"name":"amasad","email":"amjad.masad@gmail.com"},{"name":"hzoo","email":"hi@henryzoo.com"},{"name":"jmm","email":"npm-public@jessemccarthy.net"},{"name":"loganfsmyth","email":"loganfsmyth@gmail.com"},{"name":"sebmck","email":"sebmck@gmail.com"},{"name":"thejameskyle","email":"me@thejameskyle.com"}],"_npmOperationalInternal":{"host":"packages-13-west.internal.npmjs.com","tmp":"tmp/babel-plugin-transform-es2015-spread-6.6.5.tgz_1457133419293_0.46392561472021043"},"directories":{}},"6.8.0":{"name":"babel-plugin-transform-es2015-spread","version":"6.8.0","description":"Compile ES2015 spread to ES5","repository":{"type":"git","url":"https://github.com/babel/babel/tree/master/packages/babel-plugin-transform-es2015-spread"},"license":"MIT","main":"lib/index.js","keywords":["babel-plugin"],"dependencies":{"babel-runtime":"^6.0.0"},"devDependencies":{"babel-helper-plugin-test-runner":"^6.8.0"},"_id":"babel-plugin-transform-es2015-spread@6.8.0","scripts":{},"_shasum":"0217f737e3b821fa5a669f187c6ed59205f05e9c","_from":".","_npmVersion":"3.8.6","_nodeVersion":"5.1.0","_npmUser":{"name":"hzoo","email":"hi@henryzoo.com"},"maintainers":[{"name":"amasad","email":"amjad.masad@gmail.com"},{"name":"hzoo","email":"hi@henryzoo.com"},{"name":"jmm","email":"npm-public@jessemccarthy.net"},{"name":"loganfsmyth","email":"loganfsmyth@gmail.com"},{"name":"sebmck","email":"sebmck@gmail.com"},{"name":"thejameskyle","email":"me@thejameskyle.com"}],"dist":{"shasum":"0217f737e3b821fa5a669f187c6ed59205f05e9c","tarball":"https://registry.npmjs.org/babel-plugin-transform-es2015-spread/-/babel-plugin-transform-es2015-spread-6.8.0.tgz"},"_npmOperationalInternal":{"host":"packages-12-west.internal.npmjs.com","tmp":"tmp/babel-plugin-transform-es2015-spread-6.8.0.tgz_1462232690055_0.03267335775308311"},"directories":{}},"6.22.0":{"name":"babel-plugin-transform-es2015-spread","version":"6.22.0","description":"Compile ES2015 spread to ES5","repository":{"type":"git","url":"https://github.com/babel/babel/tree/master/packages/babel-plugin-transform-es2015-spread"},"license":"MIT","main":"lib/index.js","keywords":["babel-plugin"],"dependencies":{"babel-runtime":"^6.22.0"},"devDependencies":{"babel-helper-plugin-test-runner":"^6.22.0"},"_id":"babel-plugin-transform-es2015-spread@6.22.0","scripts":{},"_shasum":"d6d68a99f89aedc4536c81a542e8dd9f1746f8d1","_from":".","_npmVersion":"3.10.10","_nodeVersion":"6.9.0","_npmUser":{"name":"hzoo","email":"hi@henryzoo.com"},"dist":{"shasum":"d6d68a99f89aedc4536c81a542e8dd9f1746f8d1","tarball":"https://registry.npmjs.org/babel-plugin-transform-es2015-spread/-/babel-plugin-transform-es2015-spread-6.22.0.tgz"},"maintainers":[{"name":"amasad","email":"amjad.masad@gmail.com"},{"name":"hzoo","email":"hi@henryzoo.com"},{"name":"jmm","email":"npm-public@jessemccarthy.net"},{"name":"loganfsmyth","email":"loganfsmyth@gmail.com"},{"name":"sebmck","email":"sebmck@gmail.com"},{"name":"thejameskyle","email":"me@thejameskyle.com"}],"_npmOperationalInternal":{"host":"packages-12-west.internal.npmjs.com","tmp":"tmp/babel-plugin-transform-es2015-spread-6.22.0.tgz_1484872439193_0.7624396567698568"},"directories":{}},"7.0.0-alpha.1":{"name":"babel-plugin-transform-es2015-spread","version":"7.0.0-alpha.1","description":"Compile ES2015 spread to ES5","repository":{"type":"git","url":"https://github.com/babel/babel/tree/master/packages/babel-plugin-transform-es2015-spread"},"license":"MIT","main":"lib/index.js","keywords":["babel-plugin"],"devDependencies":{"babel-helper-plugin-test-runner":"7.0.0-alpha.1"},"_id":"babel-plugin-transform-es2015-spread@7.0.0-alpha.1","scripts":{},"_shasum":"bf852df483e6870929b0421e678b4867f7657b74","_from":".","_npmVersion":"3.10.10","_nodeVersion":"6.9.0","_npmUser":{"name":"hzoo","email":"hi@henryzoo.com"},"dist":{"shasum":"bf852df483e6870929b0421e678b4867f7657b74","tarball":"https://registry.npmjs.org/babel-plugin-transform-es2015-spread/-/babel-plugin-transform-es2015-spread-7.0.0-alpha.1.tgz"},"maintainers":[{"name":"amasad","email":"amjad.masad@gmail.com"},{"name":"hzoo","email":"hi@henryzoo.com"},{"name":"jmm","email":"npm-public@jessemccarthy.net"},{"name":"loganfsmyth","email":"loganfsmyth@gmail.com"},{"name":"sebmck","email":"sebmck@gmail.com"},{"name":"thejameskyle","email":"me@thejameskyle.com"}],"_npmOperationalInternal":{"host":"packages-12-west.internal.npmjs.com","tmp":"tmp/babel-plugin-transform-es2015-spread-7.0.0-alpha.1.tgz_1488488705561_0.9562422749586403"},"directories":{}},"7.0.0-alpha.3":{"name":"babel-plugin-transform-es2015-spread","version":"7.0.0-alpha.3","description":"Compile ES2015 spread to ES5","repository":{"type":"git","url":"https://github.com/babel/babel/tree/master/packages/babel-plugin-transform-es2015-spread"},"license":"MIT","main":"lib/index.js","keywords":["babel-plugin"],"devDependencies":{"babel-helper-plugin-test-runner":"7.0.0-alpha.3"},"_id":"babel-plugin-transform-es2015-spread@7.0.0-alpha.3","scripts":{},"_shasum":"2d4b831e6b0e7c73e8201c38a824fe88d6168567","_from":".","_npmVersion":"3.10.10","_nodeVersion":"6.9.0","_npmUser":{"name":"hzoo","email":"hi@henryzoo.com"},"dist":{"shasum":"2d4b831e6b0e7c73e8201c38a824fe88d6168567","tarball":"https://registry.npmjs.org/babel-plugin-transform-es2015-spread/-/babel-plugin-transform-es2015-spread-7.0.0-alpha.3.tgz"},"maintainers":[{"name":"amasad","email":"amjad.masad@gmail.com"},{"name":"hzoo","email":"hi@henryzoo.com"},{"name":"jmm","email":"npm-public@jessemccarthy.net"},{"name":"loganfsmyth","email":"loganfsmyth@gmail.com"},{"name":"sebmck","email":"sebmck@gmail.com"},{"name":"thejameskyle","email":"me@thejameskyle.com"}],"_npmOperationalInternal":{"host":"packages-12-west.internal.npmjs.com","tmp":"tmp/babel-plugin-transform-es2015-spread-7.0.0-alpha.3.tgz_1490298554263_0.41904271324165165"},"directories":{}},"7.0.0-alpha.7":{"name":"babel-plugin-transform-es2015-spread","version":"7.0.0-alpha.7","description":"Compile ES2015 spread to ES5","repository":{"type":"git","url":"https://github.com/babel/babel/tree/master/packages/babel-plugin-transform-es2015-spread"},"license":"MIT","main":"lib/index.js","keywords":["babel-plugin"],"devDependencies":{"babel-helper-plugin-test-runner":"7.0.0-alpha.7"},"_id":"babel-plugin-transform-es2015-spread@7.0.0-alpha.7","scripts":{},"_shasum":"6b5a26372b19e2e1d4c63af5e22d298c5c278f5d","_from":".","_npmVersion":"3.10.10","_nodeVersion":"6.9.0","_npmUser":{"name":"hzoo","email":"hi@henryzoo.com"},"dist":{"shasum":"6b5a26372b19e2e1d4c63af5e22d298c5c278f5d","tarball":"https://registry.npmjs.org/babel-plugin-transform-es2015-spread/-/babel-plugin-transform-es2015-spread-7.0.0-alpha.7.tgz"},"maintainers":[{"name":"amasad","email":"amjad.masad@gmail.com"},{"name":"hzoo","email":"hi@henryzoo.com"},{"name":"jmm","email":"npm-public@jessemccarthy.net"},{"name":"loganfsmyth","email":"loganfsmyth@gmail.com"},{"name":"sebmck","email":"sebmck@gmail.com"},{"name":"thejameskyle","email":"me@thejameskyle.com"}],"_npmOperationalInternal":{"host":"packages-12-west.internal.npmjs.com","tmp":"tmp/babel-plugin-transform-es2015-spread-7.0.0-alpha.7.tgz_1491426819210_0.4500438952818513"},"directories":{}},"7.0.0-alpha.8":{"name":"babel-plugin-transform-es2015-spread","version":"7.0.0-alpha.8","description":"Compile ES2015 spread to ES5","repository":{"type":"git","url":"https://github.com/babel/babel/tree/master/packages/babel-plugin-transform-es2015-spread"},"license":"MIT","main":"lib/index.js","keywords":["babel-plugin"],"devDependencies":{"babel-helper-plugin-test-runner":"7.0.0-alpha.8"},"_id":"babel-plugin-transform-es2015-spread@7.0.0-alpha.8","scripts":{},"_shasum":"cf4b03d978ce3beb4c770865ef2a1f41ab4f9675","_from":".","_npmVersion":"3.10.10","_nodeVersion":"6.9.0","_npmUser":{"name":"hzoo","email":"hi@henryzoo.com"},"dist":{"shasum":"cf4b03d978ce3beb4c770865ef2a1f41ab4f9675","tarball":"https://registry.npmjs.org/babel-plugin-transform-es2015-spread/-/babel-plugin-transform-es2015-spread-7.0.0-alpha.8.tgz"},"maintainers":[{"name":"amasad","email":"amjad.masad@gmail.com"},{"name":"hzoo","email":"hi@henryzoo.com"},{"name":"jmm","email":"npm-public@jessemccarthy.net"},{"name":"loganfsmyth","email":"loganfsmyth@gmail.com"},{"name":"sebmck","email":"sebmck@gmail.com"},{"name":"thejameskyle","email":"me@thejameskyle.com"}],"_npmOperationalInternal":{"host":"packages-12-west.internal.npmjs.com","tmp":"tmp/babel-plugin-transform-es2015-spread-7.0.0-alpha.8.tgz_1492456359475_0.2592463563196361"},"directories":{}},"7.0.0-alpha.9":{"name":"babel-plugin-transform-es2015-spread","version":"7.0.0-alpha.9","description":"Compile ES2015 spread to ES5","repository":{"type":"git","url":"https://github.com/babel/babel/tree/master/packages/babel-plugin-transform-es2015-spread"},"license":"MIT","main":"lib/index.js","keywords":["babel-plugin"],"devDependencies":{"babel-helper-plugin-test-runner":"7.0.0-alpha.9"},"_id":"babel-plugin-transform-es2015-spread@7.0.0-alpha.9","scripts":{},"_shasum":"f82d6783784fa16c7d9e257133b222cee369a76f","_from":".","_npmVersion":"3.10.10","_nodeVersion":"6.9.0","_npmUser":{"name":"hzoo","email":"hi@henryzoo.com"},"dist":{"shasum":"f82d6783784fa16c7d9e257133b222cee369a76f","tarball":"https://registry.npmjs.org/babel-plugin-transform-es2015-spread/-/babel-plugin-transform-es2015-spread-7.0.0-alpha.9.tgz"},"maintainers":[{"name":"amasad","email":"amjad.masad@gmail.com"},{"name":"hzoo","email":"hi@henryzoo.com"},{"name":"jmm","email":"npm-public@jessemccarthy.net"},{"name":"loganfsmyth","email":"loganfsmyth@gmail.com"},{"name":"sebmck","email":"sebmck@gmail.com"},{"name":"thejameskyle","email":"me@thejameskyle.com"}],"_npmOperationalInternal":{"host":"packages-18-east.internal.npmjs.com","tmp":"tmp/babel-plugin-transform-es2015-spread-7.0.0-alpha.9.tgz_1492526506488_0.06603887560777366"},"directories":{}},"7.0.0-alpha.10":{"name":"babel-plugin-transform-es2015-spread","version":"7.0.0-alpha.10","description":"Compile ES2015 spread to ES5","repository":{"type":"git","url":"https://github.com/babel/babel/tree/master/packages/babel-plugin-transform-es2015-spread"},"license":"MIT","main":"lib/index.js","keywords":["babel-plugin"],"devDependencies":{"babel-helper-plugin-test-runner":"7.0.0-alpha.10"},"_id":"babel-plugin-transform-es2015-spread@7.0.0-alpha.10","scripts":{},"_shasum":"a576143817478715f123d4bc82e32f32fcdacfb8","_from":".","_npmVersion":"3.10.10","_nodeVersion":"6.9.0","_npmUser":{"name":"hzoo","email":"hi@henryzoo.com"},"dist":{"shasum":"a576143817478715f123d4bc82e32f32fcdacfb8","tarball":"https://registry.npmjs.org/babel-plugin-transform-es2015-spread/-/babel-plugin-transform-es2015-spread-7.0.0-alpha.10.tgz"},"maintainers":[{"email":"daniel@tschinder.de","name":"danez"},{"email":"hi@henryzoo.com","name":"hzoo"},{"email":"loganfsmyth@gmail.com","name":"loganfsmyth"}],"_npmOperationalInternal":{"host":"s3://npm-registry-packages","tmp":"tmp/babel-plugin-transform-es2015-spread-7.0.0-alpha.10.tgz_1495739835244_0.44627755391411483"},"directories":{}},"7.0.0-alpha.11":{"name":"babel-plugin-transform-es2015-spread","version":"7.0.0-alpha.11","description":"Compile ES2015 spread to ES5","repository":{"type":"git","url":"https://github.com/babel/babel/tree/master/packages/babel-plugin-transform-es2015-spread"},"license":"MIT","main":"lib/index.js","keywords":["babel-plugin"],"devDependencies":{"babel-helper-plugin-test-runner":"7.0.0-alpha.11"},"_id":"babel-plugin-transform-es2015-spread@7.0.0-alpha.11","_npmVersion":"5.0.0","_nodeVersion":"6.9.0","_npmUser":{"name":"hzoo","email":"hi@henryzoo.com"},"dist":{"integrity":"sha512-AEix7PltzTFMHPbfaYr4/Y/YmiQd0d80uc+pMsrsT6fSz10TkRCYlXUZRkHPntehQOosPEY07h8e9bEimtaMRQ==","shasum":"16929eff19bd5039d5e1fcf8287de9f521d2085f","tarball":"https://registry.npmjs.org/babel-plugin-transform-es2015-spread/-/babel-plugin-transform-es2015-spread-7.0.0-alpha.11.tgz"},"maintainers":[{"email":"sebmck@gmail.com","name":"sebmck"},{"email":"daniel@tschinder.de","name":"danez"},{"email":"hi@henryzoo.com","name":"hzoo"},{"email":"loganfsmyth@gmail.com","name":"loganfsmyth"}],"_npmOperationalInternal":{"host":"s3://npm-registry-packages","tmp":"tmp/babel-plugin-transform-es2015-spread-7.0.0-alpha.11.tgz_1496263415547_0.3597385676112026"},"directories":{}},"7.0.0-alpha.12":{"name":"babel-plugin-transform-es2015-spread","version":"7.0.0-alpha.12","description":"Compile ES2015 spread to ES5","repository":{"type":"git","url":"https://github.com/babel/babel/tree/master/packages/babel-plugin-transform-es2015-spread"},"license":"MIT","main":"lib/index.js","keywords":["babel-plugin"],"devDependencies":{"babel-helper-plugin-test-runner":"7.0.0-alpha.12"},"_id":"babel-plugin-transform-es2015-spread@7.0.0-alpha.12","_npmVersion":"5.0.0","_nodeVersion":"6.9.0","_npmUser":{"name":"hzoo","email":"hi@henryzoo.com"},"dist":{"integrity":"sha512-rsXqFPyMPi99VaXT4XFbZa0i3UbvMNl/y9wvsmWzQp644h4baH0xH7A907II8VSuMYFVwNoZkKm7YTHV84OdMw==","shasum":"142b9924dc8fb3d264225125773388c90904acc5","tarball":"https://registry.npmjs.org/babel-plugin-transform-es2015-spread/-/babel-plugin-transform-es2015-spread-7.0.0-alpha.12.tgz"},"maintainers":[{"email":"sebmck@gmail.com","name":"sebmck"},{"email":"daniel@tschinder.de","name":"danez"},{"email":"hi@henryzoo.com","name":"hzoo"},{"email":"loganfsmyth@gmail.com","name":"loganfsmyth"}],"_npmOperationalInternal":{"host":"s3://npm-registry-packages","tmp":"tmp/babel-plugin-transform-es2015-spread-7.0.0-alpha.12.tgz_1496265109574_0.9494126632343978"},"directories":{}},"7.0.0-alpha.14":{"name":"babel-plugin-transform-es2015-spread","version":"7.0.0-alpha.14","description":"Compile ES2015 spread to ES5","repository":{"type":"git","url":"https://github.com/babel/babel/tree/master/packages/babel-plugin-transform-es2015-spread"},"license":"MIT","main":"lib/index.js","keywords":["babel-plugin"],"devDependencies":{"babel-helper-plugin-test-runner":"7.0.0-alpha.14"},"_id":"babel-plugin-transform-es2015-spread@7.0.0-alpha.14","scripts":{},"_shasum":"daf6358f5f73e65a14c9444416342fe0d84bb6d6","_from":".","_npmVersion":"4.6.1","_nodeVersion":"6.9.0","_npmUser":{"name":"hzoo","email":"hi@henryzoo.com"},"dist":{"shasum":"daf6358f5f73e65a14c9444416342fe0d84bb6d6","tarball":"https://registry.npmjs.org/babel-plugin-transform-es2015-spread/-/babel-plugin-transform-es2015-spread-7.0.0-alpha.14.tgz"},"maintainers":[{"email":"sebmck@gmail.com","name":"sebmck"},{"email":"daniel@tschinder.de","name":"danez"},{"email":"hi@henryzoo.com","name":"hzoo"},{"email":"loganfsmyth@gmail.com","name":"loganfsmyth"}],"_npmOperationalInternal":{"host":"s3://npm-registry-packages","tmp":"tmp/babel-plugin-transform-es2015-spread-7.0.0-alpha.14.tgz_1499828006595_0.6293225204572082"},"directories":{}},"7.0.0-alpha.15":{"name":"babel-plugin-transform-es2015-spread","version":"7.0.0-alpha.15","description":"Compile ES2015 spread to ES5","repository":{"type":"git","url":"https://github.com/babel/babel/tree/master/packages/babel-plugin-transform-es2015-spread"},"license":"MIT","main":"lib/index.js","keywords":["babel-plugin"],"devDependencies":{"babel-helper-plugin-test-runner":"7.0.0-alpha.15"},"_id":"babel-plugin-transform-es2015-spread@7.0.0-alpha.15","scripts":{},"_shasum":"6e7b6e08e3a229753825c6139588bd6fe7cf0443","_from":".","_npmVersion":"4.6.1","_nodeVersion":"6.9.0","_npmUser":{"name":"hzoo","email":"hi@henryzoo.com"},"dist":{"shasum":"6e7b6e08e3a229753825c6139588bd6fe7cf0443","tarball":"https://registry.npmjs.org/babel-plugin-transform-es2015-spread/-/babel-plugin-transform-es2015-spread-7.0.0-alpha.15.tgz"},"maintainers":[{"email":"sebmck@gmail.com","name":"sebmck"},{"email":"daniel@tschinder.de","name":"danez"},{"email":"hi@henryzoo.com","name":"hzoo"},{"email":"loganfsmyth@gmail.com","name":"loganfsmyth"}],"_npmOperationalInternal":{"host":"s3://npm-registry-packages","tmp":"tmp/babel-plugin-transform-es2015-spread-7.0.0-alpha.15.tgz_1499830540399_0.9874012309592217"},"directories":{}},"7.0.0-alpha.16":{"name":"babel-plugin-transform-es2015-spread","version":"7.0.0-alpha.16","description":"Compile ES2015 spread to ES5","repository":{"type":"git","url":"https://github.com/babel/babel/tree/master/packages/babel-plugin-transform-es2015-spread"},"license":"MIT","main":"lib/index.js","keywords":["babel-plugin"],"devDependencies":{"babel-helper-plugin-test-runner":"7.0.0-alpha.16"},"_id":"babel-plugin-transform-es2015-spread@7.0.0-alpha.16","scripts":{},"_shasum":"12e801ddfa46af7bbcb746bed59fa043747aa70a","_from":".","_npmVersion":"4.6.1","_nodeVersion":"6.9.0","_npmUser":{"name":"hzoo","email":"hi@henryzoo.com"},"dist":{"shasum":"12e801ddfa46af7bbcb746bed59fa043747aa70a","tarball":"https://registry.npmjs.org/babel-plugin-transform-es2015-spread/-/babel-plugin-transform-es2015-spread-7.0.0-alpha.16.tgz"},"maintainers":[{"email":"sebmck@gmail.com","name":"sebmck"},{"email":"daniel@tschinder.de","name":"danez"},{"email":"hi@henryzoo.com","name":"hzoo"},{"email":"loganfsmyth@gmail.com","name":"loganfsmyth"}],"_npmOperationalInternal":{"host":"s3://npm-registry-packages","tmp":"tmp/babel-plugin-transform-es2015-spread-7.0.0-alpha.16.tgz_1501017454335_0.10969313723035157"},"directories":{}},"7.0.0-alpha.17":{"name":"babel-plugin-transform-es2015-spread","version":"7.0.0-alpha.17","description":"Compile ES2015 spread to ES5","repository":{"type":"git","url":"https://github.com/babel/babel/tree/master/packages/babel-plugin-transform-es2015-spread"},"license":"MIT","main":"lib/index.js","keywords":["babel-plugin"],"devDependencies":{"babel-helper-plugin-test-runner":"7.0.0-alpha.17"},"_id":"babel-plugin-transform-es2015-spread@7.0.0-alpha.17","scripts":{},"_shasum":"483476cffdf660429cbf686d4e772f16ef7f1176","_from":".","_npmVersion":"4.6.1","_nodeVersion":"6.9.0","_npmUser":{"name":"hzoo","email":"hi@henryzoo.com"},"dist":{"shasum":"483476cffdf660429cbf686d4e772f16ef7f1176","tarball":"https://registry.npmjs.org/babel-plugin-transform-es2015-spread/-/babel-plugin-transform-es2015-spread-7.0.0-alpha.17.tgz"},"maintainers":[{"email":"sebmck@gmail.com","name":"sebmck"},{"email":"daniel@tschinder.de","name":"danez"},{"email":"hi@henryzoo.com","name":"hzoo"},{"email":"loganfsmyth@gmail.com","name":"loganfsmyth"}],"_npmOperationalInternal":{"host":"s3://npm-registry-packages","tmp":"tmp/babel-plugin-transform-es2015-spread-7.0.0-alpha.17.tgz_1501072743489_0.3468567843083292"},"directories":{}},"7.0.0-alpha.18":{"name":"babel-plugin-transform-es2015-spread","version":"7.0.0-alpha.18","description":"Compile ES2015 spread to ES5","repository":{"type":"git","url":"https://github.com/babel/babel/tree/master/packages/babel-plugin-transform-es2015-spread"},"license":"MIT","main":"lib/index.js","keywords":["babel-plugin"],"devDependencies":{"babel-helper-plugin-test-runner":"7.0.0-alpha.18"},"_id":"babel-plugin-transform-es2015-spread@7.0.0-alpha.18","_npmVersion":"5.3.0","_nodeVersion":"8.1.4","_npmUser":{"name":"hzoo","email":"hi@henryzoo.com"},"dist":{"integrity":"sha512-Bl+hNsYnCikBBwHQU2m+yVLoGaEKpHtRipo7+SpdbKhcqV9hT3MuV64IcHsYumiylgl9WALl4/Ga6Bn8TJzcxQ==","shasum":"aa346d32b2d0debae10da9d8c0cb14be08debb8f","tarball":"https://registry.npmjs.org/babel-plugin-transform-es2015-spread/-/babel-plugin-transform-es2015-spread-7.0.0-alpha.18.tgz"},"maintainers":[{"email":"me@thejameskyle.com","name":"thejameskyle"},{"email":"sebmck@gmail.com","name":"sebmck"},{"email":"daniel@tschinder.de","name":"danez"},{"email":"hi@henryzoo.com","name":"hzoo"},{"email":"loganfsmyth@gmail.com","name":"loganfsmyth"}],"_npmOperationalInternal":{"host":"s3://npm-registry-packages","tmp":"tmp/babel-plugin-transform-es2015-spread-7.0.0-alpha.18.tgz_1501798850413_0.9661838205065578"},"directories":{}},"7.0.0-alpha.19":{"name":"babel-plugin-transform-es2015-spread","version":"7.0.0-alpha.19","description":"Compile ES2015 spread to ES5","repository":{"type":"git","url":"https://github.com/babel/babel/tree/master/packages/babel-plugin-transform-es2015-spread"},"license":"MIT","main":"lib/index.js","keywords":["babel-plugin"],"devDependencies":{"babel-helper-plugin-test-runner":"7.0.0-alpha.19"},"_id":"babel-plugin-transform-es2015-spread@7.0.0-alpha.19","_npmVersion":"5.3.0","_nodeVersion":"8.1.4","_npmUser":{"name":"hzoo","email":"hi@henryzoo.com"},"dist":{"integrity":"sha512-GYX7PRyY0cs+/yl3DBfUxlL2KJ0FQ9D97cxLeRjw6eiz0ql5fuzsIWwhDie7/ccqSNec56E+d/L/z4mvnHabMg==","shasum":"fa59386e080df5b8ee4011353c0dcb4b7285a6c6","tarball":"https://registry.npmjs.org/babel-plugin-transform-es2015-spread/-/babel-plugin-transform-es2015-spread-7.0.0-alpha.19.tgz"},"maintainers":[{"email":"me@thejameskyle.com","name":"thejameskyle"},{"email":"sebmck@gmail.com","name":"sebmck"},{"email":"daniel@tschinder.de","name":"danez"},{"email":"hi@henryzoo.com","name":"hzoo"},{"email":"loganfsmyth@gmail.com","name":"loganfsmyth"}],"_npmOperationalInternal":{"host":"s3://npm-registry-packages","tmp":"tmp/babel-plugin-transform-es2015-spread-7.0.0-alpha.19.tgz_1502144487569_0.9331136662513018"},"directories":{}},"7.0.0-alpha.20":{"name":"babel-plugin-transform-es2015-spread","version":"7.0.0-alpha.20","description":"Compile ES2015 spread to ES5","repository":{"type":"git","url":"https://github.com/babel/babel/tree/master/packages/babel-plugin-transform-es2015-spread"},"license":"MIT","main":"lib/index.js","keywords":["babel-plugin"],"devDependencies":{"babel-helper-plugin-test-runner":"7.0.0-alpha.20"},"_id":"babel-plugin-transform-es2015-spread@7.0.0-alpha.20","_npmVersion":"5.3.0","_nodeVersion":"8.1.4","_npmUser":{"name":"hzoo","email":"hi@henryzoo.com"},"dist":{"integrity":"sha512-E9geFO3SELC1qIp4vyEbm/2Qzr4lQtwhHmyMCS+O4rWxH818DroGrxmGpwUuBVIjWQk0nWwgop+BTvVZcc3NaA==","shasum":"67323c11785ef13c5ca6931c8b3b965d380d6411","tarball":"https://registry.npmjs.org/babel-plugin-transform-es2015-spread/-/babel-plugin-transform-es2015-spread-7.0.0-alpha.20.tgz"},"maintainers":[{"email":"me@thejameskyle.com","name":"thejameskyle"},{"email":"sebmck@gmail.com","name":"sebmck"},{"email":"daniel@tschinder.de","name":"danez"},{"email":"hi@henryzoo.com","name":"hzoo"},{"email":"loganfsmyth@gmail.com","name":"loganfsmyth"}],"_npmOperationalInternal":{"host":"s3://npm-registry-packages","tmp":"tmp/babel-plugin-transform-es2015-spread-7.0.0-alpha.20.tgz_1504119117804_0.6580244868528098"},"directories":{}},"7.0.0-beta.0":{"name":"babel-plugin-transform-es2015-spread","version":"7.0.0-beta.0","description":"Compile ES2015 spread to ES5","repository":{"type":"git","url":"https://github.com/babel/babel/tree/master/packages/babel-plugin-transform-es2015-spread"},"license":"MIT","main":"lib/index.js","keywords":["babel-plugin"],"devDependencies":{"babel-helper-plugin-test-runner":"7.0.0-beta.0"},"_id":"babel-plugin-transform-es2015-spread@7.0.0-beta.0","_npmVersion":"5.3.0","_nodeVersion":"8.1.4","_npmUser":{"name":"hzoo","email":"hi@henryzoo.com"},"dist":{"integrity":"sha512-MidAOzM664FVE/hLQl0Feg5E8Je2SuT2V/5/1Ow4nzLl2KokfQ8XNlXuGLj7/mLgnjkBJSZ3e5ixbemgSBPNCw==","shasum":"c423380dc9fdc0f7e83fc1043e0d94aea66067bf","tarball":"https://registry.npmjs.org/babel-plugin-transform-es2015-spread/-/babel-plugin-transform-es2015-spread-7.0.0-beta.0.tgz"},"maintainers":[{"email":"me@thejameskyle.com","name":"thejameskyle"},{"email":"sebmck@gmail.com","name":"sebmck"},{"email":"daniel@tschinder.de","name":"danez"},{"email":"hi@henryzoo.com","name":"hzoo"},{"email":"loganfsmyth@gmail.com","name":"loganfsmyth"}],"_npmOperationalInternal":{"host":"s3://npm-registry-packages","tmp":"tmp/babel-plugin-transform-es2015-spread-7.0.0-beta.0.tgz_1505185321863_0.08435113192535937"},"directories":{}},"7.0.0-beta.1":{"name":"babel-plugin-transform-es2015-spread","version":"7.0.0-beta.1","description":"Compile ES2015 spread to ES5","repository":{"type":"git","url":"https://github.com/babel/babel/tree/master/packages/babel-plugin-transform-es2015-spread"},"license":"MIT","main":"lib/index.js","keywords":["babel-plugin"],"devDependencies":{"babel-helper-plugin-test-runner":"7.0.0-beta.1"},"_id":"babel-plugin-transform-es2015-spread@7.0.0-beta.1","_npmVersion":"5.4.1","_nodeVersion":"8.1.4","_npmUser":{"name":"hzoo","email":"hi@henryzoo.com"},"dist":{"integrity":"sha512-MbIY1U4cqwwBof0arihQpauyU+z3Qmir4mm7MONxX81NV4iiC/Tx11GKMXyta+ayzND7zKDkcuqBxlZ5LYgPag==","shasum":"555bd1cff51dd76b6b64db1ced9e390a1055a7bd","tarball":"https://registry.npmjs.org/babel-plugin-transform-es2015-spread/-/babel-plugin-transform-es2015-spread-7.0.0-beta.1.tgz"},"maintainers":[{"email":"me@thejameskyle.com","name":"thejameskyle"},{"email":"sebmck@gmail.com","name":"sebmck"},{"email":"daniel@tschinder.de","name":"danez"},{"email":"hi@henryzoo.com","name":"hzoo"},{"email":"loganfsmyth@gmail.com","name":"loganfsmyth"}],"_npmOperationalInternal":{"host":"s3://npm-registry-packages","tmp":"tmp/babel-plugin-transform-es2015-spread-7.0.0-beta.1.tgz_1505851752721_0.8288350636139512"},"directories":{}},"7.0.0-beta.2":{"name":"babel-plugin-transform-es2015-spread","version":"7.0.0-beta.2","description":"Compile ES2015 spread to ES5","repository":{"type":"git","url":"https://github.com/babel/babel/tree/master/packages/babel-plugin-transform-es2015-spread"},"license":"MIT","main":"lib/index.js","keywords":["babel-plugin"],"devDependencies":{"babel-helper-plugin-test-runner":"7.0.0-beta.2"},"_id":"babel-plugin-transform-es2015-spread@7.0.0-beta.2","_npmVersion":"5.4.1","_nodeVersion":"8.1.4","_npmUser":{"name":"hzoo","email":"hi@henryzoo.com"},"dist":{"integrity":"sha512-17hgsr9AEWalOlDAvHoqf449qk+x39hqI64wGukKCPNYqCCj08hBBG1ebMYGxZjiGbB45V1uqbobV7lcG5Es8w==","shasum":"c166da155f2edf8d23d6b6c53056740bce95f83d","tarball":"https://registry.npmjs.org/babel-plugin-transform-es2015-spread/-/babel-plugin-transform-es2015-spread-7.0.0-beta.2.tgz"},"maintainers":[{"email":"bng412@gmail.com","name":"existentialism"},{"email":"me@thejameskyle.com","name":"thejameskyle"},{"email":"sebmck@gmail.com","name":"sebmck"},{"email":"daniel@tschinder.de","name":"danez"},{"email":"hi@henryzoo.com","name":"hzoo"},{"email":"loganfsmyth@gmail.com","name":"loganfsmyth"}],"_npmOperationalInternal":{"host":"s3://npm-registry-packages","tmp":"tmp/babel-plugin-transform-es2015-spread-7.0.0-beta.2.tgz_1506438902948_0.6772444604430348"},"directories":{}},"7.0.0-beta.3":{"name":"babel-plugin-transform-es2015-spread","version":"7.0.0-beta.3","description":"Compile ES2015 spread to ES5","repository":{"type":"git","url":"https://github.com/babel/babel/tree/master/packages/babel-plugin-transform-es2015-spread"},"license":"MIT","main":"lib/index.js","keywords":["babel-plugin"],"devDependencies":{"babel-helper-plugin-test-runner":"7.0.0-beta.3"},"_id":"babel-plugin-transform-es2015-spread@7.0.0-beta.3","_npmVersion":"5.5.1","_nodeVersion":"8.1.4","_npmUser":{"name":"hzoo","email":"hi@henryzoo.com"},"dist":{"integrity":"sha512-D6fi9kAvi+IMcdeOUxgJUFSRlfo0iG2Bn1ZiB43xbtgVgKrA/rerWwQxGuUHhp0lN5lbRSCEpV6tMx+vrYsp1w==","shasum":"aa4b99f316a6784cf4eead7749ca706a4ae9a8d2","tarball":"https://registry.npmjs.org/babel-plugin-transform-es2015-spread/-/babel-plugin-transform-es2015-spread-7.0.0-beta.3.tgz"},"maintainers":[{"email":"bng412@gmail.com","name":"existentialism"},{"email":"me@thejameskyle.com","name":"thejameskyle"},{"email":"sebmck@gmail.com","name":"sebmck"},{"email":"daniel@tschinder.de","name":"danez"},{"email":"hi@henryzoo.com","name":"hzoo"},{"email":"loganfsmyth@gmail.com","name":"loganfsmyth"}],"_npmOperationalInternal":{"host":"s3://npm-registry-packages","tmp":"tmp/babel-plugin-transform-es2015-spread-7.0.0-beta.3.tgz_1508073087631_0.4678008302580565"},"directories":{}}},"readme":"# babel-plugin-transform-es2015-spread\n\nCompile ES2015 spread to ES5\n\n## Installation\n\n```sh\n$ npm install babel-plugin-transform-es2015-spread\n```\n\n## Usage\n\n### Via `.babelrc` (Recommended)\n\n**.babelrc**\n\n```json\n{\n  \"plugins\": [\"transform-es2015-spread\"]\n}\n```\n\n### Via CLI\n\n```sh\n$ babel --plugins transform-es2015-spread script.js\n```\n\n### Via Node API\n\n```javascript\nrequire(\"babel-core\").transform(\"code\", {\n  plugins: [\"transform-es2015-spread\"]\n});\n```\n","maintainers":[{"email":"bng412@gmail.com","name":"existentialism"},{"email":"me@thejameskyle.com","name":"thejameskyle"},{"email":"sebmck@gmail.com","name":"sebmck"},{"email":"daniel@tschinder.de","name":"danez"},{"email":"hi@henryzoo.com","name":"hzoo"},{"email":"loganfsmyth@gmail.com","name":"loganfsmyth"}],"time":{"modified":"2017-10-15T13:11:28.599Z","created":"2015-10-29T18:15:35.800Z","6.0.2":"2015-10-29T18:15:35.800Z","6.0.14":"2015-10-30T23:38:41.623Z","6.1.4":"2015-11-11T10:27:28.453Z","6.1.17":"2015-11-12T21:42:24.472Z","6.1.18":"2015-11-12T21:51:40.513Z","6.2.4":"2015-11-25T03:14:38.136Z","6.3.13":"2015-12-04T11:59:29.081Z","6.3.14":"2015-12-04T18:52:43.993Z","6.4.0":"2016-01-06T20:34:55.983Z","6.5.0":"2016-02-07T00:07:44.345Z","6.5.0-1":"2016-02-07T02:41:01.345Z","6.5.2":"2016-02-12T16:30:16.329Z","6.6.4":"2016-03-02T21:29:50.349Z","6.6.5":"2016-03-04T23:17:03.387Z","6.8.0":"2016-05-02T23:44:52.573Z","6.22.0":"2017-01-20T00:34:00.922Z","7.0.0-alpha.1":"2017-03-02T21:05:07.458Z","7.0.0-alpha.3":"2017-03-23T19:49:14.484Z","7.0.0-alpha.7":"2017-04-05T21:13:41.408Z","7.0.0-alpha.8":"2017-04-17T19:12:39.696Z","7.0.0-alpha.9":"2017-04-18T14:41:48.351Z","7.0.0-alpha.10":"2017-05-25T19:17:16.073Z","7.0.0-alpha.11":"2017-05-31T20:43:35.691Z","7.0.0-alpha.12":"2017-05-31T21:11:49.645Z","7.0.0-alpha.14":"2017-07-12T02:53:27.536Z","7.0.0-alpha.15":"2017-07-12T03:35:41.536Z","7.0.0-alpha.16":"2017-07-25T21:17:35.232Z","7.0.0-alpha.17":"2017-07-26T12:39:04.375Z","7.0.0-alpha.18":"2017-08-03T22:20:50.550Z","7.0.0-alpha.19":"2017-08-07T22:21:27.716Z","7.0.0-alpha.20":"2017-08-30T18:51:57.926Z","7.0.0-beta.0":"2017-09-12T03:02:02.800Z","7.0.0-beta.1":"2017-09-19T20:09:12.809Z","7.0.0-beta.2":"2017-09-26T15:15:03.814Z","7.0.0-beta.3":"2017-10-15T13:11:28.599Z"},"keywords":["babel-plugin"],"repository":{"type":"git","url":"https://github.com/babel/babel/tree/master/packages/babel-plugin-transform-es2015-spread"},"license":"MIT","readmeFilename":"README.md","users":{"klimnikita":true},"_attachments":{},"_etag":"W/\"01d863424669f2b4c5531b9b86889d70\"","_lastModified":"Sat, 26 May 2018 17:58:40 GMT"}