{"_id":"babel-plugin-transform-es2015-for-of","_rev":"75-7bb01225bfe171eea45b0f658cf4ca9b","name":"babel-plugin-transform-es2015-for-of","description":"Compile ES2015 for...of to ES5","dist-tags":{"latest":"6.23.0","next":"7.0.0-beta.3"},"versions":{"6.0.2":{"name":"babel-plugin-transform-es2015-for-of","version":"6.0.2","description":"Compile ES2015 for...of to ES5","repository":{"type":"git","url":"git+https://github.com/babel/babel.git"},"license":"MIT","main":"lib/index.js","keywords":["babel-plugin"],"dependencies":{"babel-runtime":"^6.0.2"},"bugs":{"url":"https://github.com/babel/babel/issues"},"homepage":"https://github.com/babel/babel#readme","_id":"babel-plugin-transform-es2015-for-of@6.0.2","scripts":{},"_shasum":"d27038a6b5e3df7f962797a21bece7bea005d304","_from":".","_npmVersion":"2.14.3","_nodeVersion":"4.1.0","_npmUser":{"name":"sebmck","email":"sebmck@gmail.com"},"dist":{"shasum":"d27038a6b5e3df7f962797a21bece7bea005d304","tarball":"https://registry.npmjs.org/babel-plugin-transform-es2015-for-of/-/babel-plugin-transform-es2015-for-of-6.0.2.tgz"},"maintainers":[{"name":"sebmck","email":"sebmck@gmail.com"}],"directories":{}},"6.0.14":{"name":"babel-plugin-transform-es2015-for-of","version":"6.0.14","description":"Compile ES2015 for...of to ES5","repository":{"type":"git","url":"https://github.com/babel/babel/tree/master/packages/babel-plugin-transform-es2015-for-of"},"license":"MIT","main":"lib/index.js","keywords":["babel-plugin"],"dependencies":{"babel-runtime":"^5.0.0"},"_id":"babel-plugin-transform-es2015-for-of@6.0.14","scripts":{},"_shasum":"24d6c0186c2d57be0e558ae729a1e0ea0624f10c","_from":".","_npmVersion":"2.14.9","_nodeVersion":"4.1.0","_npmUser":{"name":"sebmck","email":"sebmck@gmail.com"},"dist":{"shasum":"24d6c0186c2d57be0e558ae729a1e0ea0624f10c","tarball":"https://registry.npmjs.org/babel-plugin-transform-es2015-for-of/-/babel-plugin-transform-es2015-for-of-6.0.14.tgz"},"maintainers":[{"name":"sebmck","email":"sebmck@gmail.com"}],"directories":{}},"6.1.4":{"name":"babel-plugin-transform-es2015-for-of","version":"6.1.4","description":"Compile ES2015 for...of to ES5","repository":{"type":"git","url":"https://github.com/babel/babel/tree/master/packages/babel-plugin-transform-es2015-for-of"},"license":"MIT","main":"lib/index.js","keywords":["babel-plugin"],"dependencies":{"babel-runtime":"^5.0.0"},"devDependencies":{"babel-helper-plugin-test-runner":"^6.1.4"},"_id":"babel-plugin-transform-es2015-for-of@6.1.4","scripts":{},"_shasum":"5abcbe9f4000c1f758465dbe2878d61ee863b571","_from":".","_npmVersion":"3.3.10","_nodeVersion":"4.1.0","_npmUser":{"name":"sebmck","email":"sebmck@gmail.com"},"dist":{"shasum":"5abcbe9f4000c1f758465dbe2878d61ee863b571","tarball":"https://registry.npmjs.org/babel-plugin-transform-es2015-for-of/-/babel-plugin-transform-es2015-for-of-6.1.4.tgz"},"maintainers":[{"name":"sebmck","email":"sebmck@gmail.com"}],"directories":{}},"6.1.5":{"name":"babel-plugin-transform-es2015-for-of","version":"6.1.5","description":"Compile ES2015 for...of to ES5","repository":{"type":"git","url":"https://github.com/babel/babel/tree/master/packages/babel-plugin-transform-es2015-for-of"},"license":"MIT","main":"lib/index.js","keywords":["babel-plugin"],"dependencies":{"babel-runtime":"^5.0.0"},"devDependencies":{"babel-helper-plugin-test-runner":"^6.1.5"},"_id":"babel-plugin-transform-es2015-for-of@6.1.5","scripts":{},"_shasum":"4881eb106fba970ec584c5a77b2dc390e5c331af","_from":".","_npmVersion":"3.3.10","_nodeVersion":"4.1.0","_npmUser":{"name":"sebmck","email":"sebmck@gmail.com"},"dist":{"shasum":"4881eb106fba970ec584c5a77b2dc390e5c331af","tarball":"https://registry.npmjs.org/babel-plugin-transform-es2015-for-of/-/babel-plugin-transform-es2015-for-of-6.1.5.tgz"},"maintainers":[{"name":"sebmck","email":"sebmck@gmail.com"}],"directories":{}},"6.1.10":{"name":"babel-plugin-transform-es2015-for-of","version":"6.1.10","description":"Compile ES2015 for...of to ES5","repository":{"type":"git","url":"https://github.com/babel/babel/tree/master/packages/babel-plugin-transform-es2015-for-of"},"license":"MIT","main":"lib/index.js","keywords":["babel-plugin"],"dependencies":{"babel-runtime":"^5.0.0"},"devDependencies":{"babel-helper-plugin-test-runner":"^6.1.10"},"_id":"babel-plugin-transform-es2015-for-of@6.1.10","scripts":{},"_shasum":"f3d22e000a1510bde873ee15342f92dbd65c7ce9","_from":".","_npmVersion":"3.3.10","_nodeVersion":"4.1.0","_npmUser":{"name":"sebmck","email":"sebmck@gmail.com"},"dist":{"shasum":"f3d22e000a1510bde873ee15342f92dbd65c7ce9","tarball":"https://registry.npmjs.org/babel-plugin-transform-es2015-for-of/-/babel-plugin-transform-es2015-for-of-6.1.10.tgz"},"maintainers":[{"name":"amasad","email":"amjad.masad@gmail.com"},{"name":"sebmck","email":"sebmck@gmail.com"},{"name":"thejameskyle","email":"me@thejameskyle.com"}],"directories":{}},"6.1.17":{"name":"babel-plugin-transform-es2015-for-of","version":"6.1.17","description":"Compile ES2015 for...of to ES5","repository":{"type":"git","url":"https://github.com/babel/babel/tree/master/packages/babel-plugin-transform-es2015-for-of"},"license":"MIT","main":"lib/index.js","keywords":["babel-plugin"],"dependencies":{"babel-runtime":"^5.0.0"},"devDependencies":{"babel-helper-plugin-test-runner":"^6.1.17"},"_id":"babel-plugin-transform-es2015-for-of@6.1.17","scripts":{},"_shasum":"47097f7ef32fd9f58e87c3fe2c84defc4952b535","_from":".","_npmVersion":"3.3.10","_nodeVersion":"4.1.0","_npmUser":{"name":"sebmck","email":"sebmck@gmail.com"},"dist":{"shasum":"47097f7ef32fd9f58e87c3fe2c84defc4952b535","tarball":"https://registry.npmjs.org/babel-plugin-transform-es2015-for-of/-/babel-plugin-transform-es2015-for-of-6.1.17.tgz"},"maintainers":[{"name":"amasad","email":"amjad.masad@gmail.com"},{"name":"sebmck","email":"sebmck@gmail.com"},{"name":"thejameskyle","email":"me@thejameskyle.com"}],"directories":{}},"6.1.18":{"name":"babel-plugin-transform-es2015-for-of","version":"6.1.18","description":"Compile ES2015 for...of to ES5","repository":{"type":"git","url":"https://github.com/babel/babel/tree/master/packages/babel-plugin-transform-es2015-for-of"},"license":"MIT","main":"lib/index.js","keywords":["babel-plugin"],"dependencies":{"babel-runtime":"^5.0.0"},"devDependencies":{"babel-helper-plugin-test-runner":"^6.1.18"},"_id":"babel-plugin-transform-es2015-for-of@6.1.18","scripts":{},"_shasum":"5f6ad69ca41abb99e84e14813cc05ebdc9a8a340","_from":".","_npmVersion":"3.3.10","_nodeVersion":"4.1.0","_npmUser":{"name":"sebmck","email":"sebmck@gmail.com"},"dist":{"shasum":"5f6ad69ca41abb99e84e14813cc05ebdc9a8a340","tarball":"https://registry.npmjs.org/babel-plugin-transform-es2015-for-of/-/babel-plugin-transform-es2015-for-of-6.1.18.tgz"},"maintainers":[{"name":"amasad","email":"amjad.masad@gmail.com"},{"name":"sebmck","email":"sebmck@gmail.com"},{"name":"thejameskyle","email":"me@thejameskyle.com"}],"directories":{}},"6.2.4":{"name":"babel-plugin-transform-es2015-for-of","version":"6.2.4","description":"Compile ES2015 for...of to ES5","repository":{"type":"git","url":"https://github.com/babel/babel/tree/master/packages/babel-plugin-transform-es2015-for-of"},"license":"MIT","main":"lib/index.js","keywords":["babel-plugin"],"dependencies":{"babel-runtime":"^5.0.0"},"devDependencies":{"babel-helper-plugin-test-runner":"^6.2.4"},"_id":"babel-plugin-transform-es2015-for-of@6.2.4","scripts":{},"_shasum":"1c2545a49b47016f34006bc7d0ef1fb12254c810","_from":".","_npmVersion":"3.3.10","_nodeVersion":"4.1.0","_npmUser":{"name":"sebmck","email":"sebmck@gmail.com"},"dist":{"shasum":"1c2545a49b47016f34006bc7d0ef1fb12254c810","tarball":"https://registry.npmjs.org/babel-plugin-transform-es2015-for-of/-/babel-plugin-transform-es2015-for-of-6.2.4.tgz"},"maintainers":[{"name":"amasad","email":"amjad.masad@gmail.com"},{"name":"sebmck","email":"sebmck@gmail.com"},{"name":"thejameskyle","email":"me@thejameskyle.com"}],"directories":{}},"6.3.13":{"name":"babel-plugin-transform-es2015-for-of","version":"6.3.13","description":"Compile ES2015 for...of to ES5","repository":{"type":"git","url":"https://github.com/babel/babel/tree/master/packages/babel-plugin-transform-es2015-for-of"},"license":"MIT","main":"lib/index.js","keywords":["babel-plugin"],"dependencies":{"babel-runtime":"^5.0.0"},"devDependencies":{"babel-helper-plugin-test-runner":"^6.3.13"},"_id":"babel-plugin-transform-es2015-for-of@6.3.13","scripts":{},"_shasum":"32121a36c91a091b6c195523419acdfb5c2d8914","_from":".","_npmVersion":"3.3.10","_nodeVersion":"4.1.0","_npmUser":{"name":"sebmck","email":"sebmck@gmail.com"},"dist":{"shasum":"32121a36c91a091b6c195523419acdfb5c2d8914","tarball":"https://registry.npmjs.org/babel-plugin-transform-es2015-for-of/-/babel-plugin-transform-es2015-for-of-6.3.13.tgz"},"maintainers":[{"name":"amasad","email":"amjad.masad@gmail.com"},{"name":"hzoo","email":"hi@henryzoo.com"},{"name":"jmm","email":"npm-public@jessemccarthy.net"},{"name":"loganfsmyth","email":"loganfsmyth@gmail.com"},{"name":"sebmck","email":"sebmck@gmail.com"},{"name":"thejameskyle","email":"me@thejameskyle.com"}],"directories":{}},"6.5.0":{"name":"babel-plugin-transform-es2015-for-of","version":"6.5.0","description":"Compile ES2015 for...of to ES5","repository":{"type":"git","url":"https://github.com/babel/babel/tree/master/packages/babel-plugin-transform-es2015-for-of"},"license":"MIT","main":"lib/index.js","keywords":["babel-plugin"],"dependencies":{"babel-runtime":"^5.0.0"},"devDependencies":{"babel-helper-plugin-test-runner":"^6.3.13"},"_id":"babel-plugin-transform-es2015-for-of@6.5.0","scripts":{},"_shasum":"4e9eb1550c190844e9f8037525e07479be08da17","_from":".","_npmVersion":"3.6.0","_nodeVersion":"5.1.0","_npmUser":{"name":"hzoo","email":"hi@henryzoo.com"},"dist":{"shasum":"4e9eb1550c190844e9f8037525e07479be08da17","tarball":"https://registry.npmjs.org/babel-plugin-transform-es2015-for-of/-/babel-plugin-transform-es2015-for-of-6.5.0.tgz"},"maintainers":[{"name":"amasad","email":"amjad.masad@gmail.com"},{"name":"hzoo","email":"hi@henryzoo.com"},{"name":"jmm","email":"npm-public@jessemccarthy.net"},{"name":"loganfsmyth","email":"loganfsmyth@gmail.com"},{"name":"sebmck","email":"sebmck@gmail.com"},{"name":"thejameskyle","email":"me@thejameskyle.com"}],"_npmOperationalInternal":{"host":"packages-5-east.internal.npmjs.com","tmp":"tmp/babel-plugin-transform-es2015-for-of-6.5.0.tgz_1454803654107_0.6474336634855717"},"directories":{}},"6.5.0-1":{"name":"babel-plugin-transform-es2015-for-of","version":"6.5.0-1","description":"Compile ES2015 for...of to ES5","repository":{"type":"git","url":"https://github.com/babel/babel/tree/master/packages/babel-plugin-transform-es2015-for-of"},"license":"MIT","main":"lib/index.js","keywords":["babel-plugin"],"dependencies":{"babel-runtime":"^5.0.0"},"devDependencies":{"babel-helper-plugin-test-runner":"^6.5.0-1"},"_id":"babel-plugin-transform-es2015-for-of@6.5.0-1","scripts":{},"_shasum":"f21c449ba91adb5bfcac207dc8533685cd7df886","_from":".","_npmVersion":"3.6.0","_nodeVersion":"5.1.0","_npmUser":{"name":"hzoo","email":"hi@henryzoo.com"},"dist":{"shasum":"f21c449ba91adb5bfcac207dc8533685cd7df886","tarball":"https://registry.npmjs.org/babel-plugin-transform-es2015-for-of/-/babel-plugin-transform-es2015-for-of-6.5.0-1.tgz"},"maintainers":[{"name":"amasad","email":"amjad.masad@gmail.com"},{"name":"hzoo","email":"hi@henryzoo.com"},{"name":"jmm","email":"npm-public@jessemccarthy.net"},{"name":"loganfsmyth","email":"loganfsmyth@gmail.com"},{"name":"sebmck","email":"sebmck@gmail.com"},{"name":"thejameskyle","email":"me@thejameskyle.com"}],"_npmOperationalInternal":{"host":"packages-5-east.internal.npmjs.com","tmp":"tmp/babel-plugin-transform-es2015-for-of-6.5.0-1.tgz_1454812836228_0.5892932368442416"},"directories":{}},"6.5.2":{"name":"babel-plugin-transform-es2015-for-of","version":"6.5.2","description":"Compile ES2015 for...of to ES5","repository":{"type":"git","url":"https://github.com/babel/babel/tree/master/packages/babel-plugin-transform-es2015-for-of"},"license":"MIT","main":"lib/index.js","keywords":["babel-plugin"],"dependencies":{"babel-runtime":"^5.0.0"},"devDependencies":{"babel-helper-plugin-test-runner":"^6.3.13"},"_id":"babel-plugin-transform-es2015-for-of@6.5.2","scripts":{},"_shasum":"49e077a7d406514af45a13669ae2f3bdd7f95204","_from":".","_npmVersion":"3.6.0","_nodeVersion":"5.1.0","_npmUser":{"name":"hzoo","email":"hi@henryzoo.com"},"dist":{"shasum":"49e077a7d406514af45a13669ae2f3bdd7f95204","tarball":"https://registry.npmjs.org/babel-plugin-transform-es2015-for-of/-/babel-plugin-transform-es2015-for-of-6.5.2.tgz"},"maintainers":[{"name":"amasad","email":"amjad.masad@gmail.com"},{"name":"hzoo","email":"hi@henryzoo.com"},{"name":"jmm","email":"npm-public@jessemccarthy.net"},{"name":"loganfsmyth","email":"loganfsmyth@gmail.com"},{"name":"sebmck","email":"sebmck@gmail.com"},{"name":"thejameskyle","email":"me@thejameskyle.com"}],"_npmOperationalInternal":{"host":"packages-9-west.internal.npmjs.com","tmp":"tmp/babel-plugin-transform-es2015-for-of-6.5.2.tgz_1455294608499_0.9555436156224459"},"directories":{}},"6.6.0":{"name":"babel-plugin-transform-es2015-for-of","version":"6.6.0","description":"Compile ES2015 for...of to ES5","repository":{"type":"git","url":"https://github.com/babel/babel/tree/master/packages/babel-plugin-transform-es2015-for-of"},"license":"MIT","main":"lib/index.js","keywords":["babel-plugin"],"dependencies":{"babel-runtime":"^5.0.0"},"devDependencies":{"babel-helper-plugin-test-runner":"^6.3.13"},"_id":"babel-plugin-transform-es2015-for-of@6.6.0","scripts":{},"_shasum":"9b14ed6e95293bcc5b624fdc5fbab39902834758","_from":".","_npmVersion":"3.6.0","_nodeVersion":"5.1.0","_npmUser":{"name":"hzoo","email":"hi@henryzoo.com"},"dist":{"shasum":"9b14ed6e95293bcc5b624fdc5fbab39902834758","tarball":"https://registry.npmjs.org/babel-plugin-transform-es2015-for-of/-/babel-plugin-transform-es2015-for-of-6.6.0.tgz"},"maintainers":[{"name":"amasad","email":"amjad.masad@gmail.com"},{"name":"hzoo","email":"hi@henryzoo.com"},{"name":"jmm","email":"npm-public@jessemccarthy.net"},{"name":"loganfsmyth","email":"loganfsmyth@gmail.com"},{"name":"sebmck","email":"sebmck@gmail.com"},{"name":"thejameskyle","email":"me@thejameskyle.com"}],"_npmOperationalInternal":{"host":"packages-5-east.internal.npmjs.com","tmp":"tmp/babel-plugin-transform-es2015-for-of-6.6.0.tgz_1456780362924_0.6019125843886286"},"directories":{}},"6.8.0":{"name":"babel-plugin-transform-es2015-for-of","version":"6.8.0","description":"Compile ES2015 for...of to ES5","repository":{"type":"git","url":"https://github.com/babel/babel/tree/master/packages/babel-plugin-transform-es2015-for-of"},"license":"MIT","main":"lib/index.js","keywords":["babel-plugin"],"dependencies":{"babel-runtime":"^6.0.0"},"devDependencies":{"babel-helper-plugin-test-runner":"^6.8.0"},"_id":"babel-plugin-transform-es2015-for-of@6.8.0","scripts":{},"_shasum":"82eda139ba4270dda135c3ec1b1f2813fa62f23c","_from":".","_npmVersion":"3.8.6","_nodeVersion":"5.1.0","_npmUser":{"name":"hzoo","email":"hi@henryzoo.com"},"maintainers":[{"name":"amasad","email":"amjad.masad@gmail.com"},{"name":"hzoo","email":"hi@henryzoo.com"},{"name":"jmm","email":"npm-public@jessemccarthy.net"},{"name":"loganfsmyth","email":"loganfsmyth@gmail.com"},{"name":"sebmck","email":"sebmck@gmail.com"},{"name":"thejameskyle","email":"me@thejameskyle.com"}],"dist":{"shasum":"82eda139ba4270dda135c3ec1b1f2813fa62f23c","tarball":"https://registry.npmjs.org/babel-plugin-transform-es2015-for-of/-/babel-plugin-transform-es2015-for-of-6.8.0.tgz"},"_npmOperationalInternal":{"host":"packages-16-east.internal.npmjs.com","tmp":"tmp/babel-plugin-transform-es2015-for-of-6.8.0.tgz_1462232679666_0.5235182147007436"},"directories":{}},"6.18.0":{"name":"babel-plugin-transform-es2015-for-of","version":"6.18.0","description":"Compile ES2015 for...of to ES5","repository":{"type":"git","url":"https://github.com/babel/babel/tree/master/packages/babel-plugin-transform-es2015-for-of"},"license":"MIT","main":"lib/index.js","keywords":["babel-plugin"],"dependencies":{"babel-runtime":"^6.0.0"},"devDependencies":{"babel-helper-plugin-test-runner":"^6.18.0"},"_id":"babel-plugin-transform-es2015-for-of@6.18.0","scripts":{},"_shasum":"4c517504db64bf8cfc119a6b8f177211f2028a70","_from":".","_npmVersion":"3.10.8","_nodeVersion":"6.9.0","_npmUser":{"name":"hzoo","email":"hi@henryzoo.com"},"dist":{"shasum":"4c517504db64bf8cfc119a6b8f177211f2028a70","tarball":"https://registry.npmjs.org/babel-plugin-transform-es2015-for-of/-/babel-plugin-transform-es2015-for-of-6.18.0.tgz"},"maintainers":[{"name":"amasad","email":"amjad.masad@gmail.com"},{"name":"hzoo","email":"hi@henryzoo.com"},{"name":"jmm","email":"npm-public@jessemccarthy.net"},{"name":"loganfsmyth","email":"loganfsmyth@gmail.com"},{"name":"sebmck","email":"sebmck@gmail.com"},{"name":"thejameskyle","email":"me@thejameskyle.com"}],"_npmOperationalInternal":{"host":"packages-12-west.internal.npmjs.com","tmp":"tmp/babel-plugin-transform-es2015-for-of-6.18.0.tgz_1477343941420_0.9596845174673945"},"directories":{}},"6.22.0":{"name":"babel-plugin-transform-es2015-for-of","version":"6.22.0","description":"Compile ES2015 for...of to ES5","repository":{"type":"git","url":"https://github.com/babel/babel/tree/master/packages/babel-plugin-transform-es2015-for-of"},"license":"MIT","main":"lib/index.js","keywords":["babel-plugin"],"dependencies":{"babel-runtime":"^6.22.0"},"devDependencies":{"babel-helper-plugin-test-runner":"^6.22.0"},"_id":"babel-plugin-transform-es2015-for-of@6.22.0","scripts":{},"_shasum":"180467ad63aeea592a1caeee4bf1c8b3e2616265","_from":".","_npmVersion":"3.10.10","_nodeVersion":"6.9.0","_npmUser":{"name":"hzoo","email":"hi@henryzoo.com"},"dist":{"shasum":"180467ad63aeea592a1caeee4bf1c8b3e2616265","tarball":"https://registry.npmjs.org/babel-plugin-transform-es2015-for-of/-/babel-plugin-transform-es2015-for-of-6.22.0.tgz"},"maintainers":[{"name":"amasad","email":"amjad.masad@gmail.com"},{"name":"hzoo","email":"hi@henryzoo.com"},{"name":"jmm","email":"npm-public@jessemccarthy.net"},{"name":"loganfsmyth","email":"loganfsmyth@gmail.com"},{"name":"sebmck","email":"sebmck@gmail.com"},{"name":"thejameskyle","email":"me@thejameskyle.com"}],"_npmOperationalInternal":{"host":"packages-12-west.internal.npmjs.com","tmp":"tmp/babel-plugin-transform-es2015-for-of-6.22.0.tgz_1484872432101_0.7993572885170579"},"directories":{}},"6.23.0":{"name":"babel-plugin-transform-es2015-for-of","version":"6.23.0","description":"Compile ES2015 for...of to ES5","repository":{"type":"git","url":"https://github.com/babel/babel/tree/master/packages/babel-plugin-transform-es2015-for-of"},"license":"MIT","main":"lib/index.js","keywords":["babel-plugin"],"dependencies":{"babel-runtime":"^6.22.0"},"devDependencies":{"babel-helper-plugin-test-runner":"^6.22.0"},"_id":"babel-plugin-transform-es2015-for-of@6.23.0","scripts":{},"_shasum":"f47c95b2b613df1d3ecc2fdb7573623c75248691","_from":".","_npmVersion":"3.10.8","_nodeVersion":"6.9.1","_npmUser":{"name":"loganfsmyth","email":"loganfsmyth@gmail.com"},"dist":{"shasum":"f47c95b2b613df1d3ecc2fdb7573623c75248691","tarball":"https://registry.npmjs.org/babel-plugin-transform-es2015-for-of/-/babel-plugin-transform-es2015-for-of-6.23.0.tgz"},"maintainers":[{"name":"amasad","email":"amjad.masad@gmail.com"},{"name":"hzoo","email":"hi@henryzoo.com"},{"name":"jmm","email":"npm-public@jessemccarthy.net"},{"name":"loganfsmyth","email":"loganfsmyth@gmail.com"},{"name":"sebmck","email":"sebmck@gmail.com"},{"name":"thejameskyle","email":"me@thejameskyle.com"}],"_npmOperationalInternal":{"host":"packages-12-west.internal.npmjs.com","tmp":"tmp/babel-plugin-transform-es2015-for-of-6.23.0.tgz_1487027061167_0.7569211190566421"},"directories":{}},"7.0.0-alpha.1":{"name":"babel-plugin-transform-es2015-for-of","version":"7.0.0-alpha.1","description":"Compile ES2015 for...of to ES5","repository":{"type":"git","url":"https://github.com/babel/babel/tree/master/packages/babel-plugin-transform-es2015-for-of"},"license":"MIT","main":"lib/index.js","keywords":["babel-plugin"],"devDependencies":{"babel-helper-plugin-test-runner":"7.0.0-alpha.1"},"_id":"babel-plugin-transform-es2015-for-of@7.0.0-alpha.1","scripts":{},"_shasum":"fd4cea43f220f1c138a501e05f2331ea4cb890c8","_from":".","_npmVersion":"3.10.10","_nodeVersion":"6.9.0","_npmUser":{"name":"hzoo","email":"hi@henryzoo.com"},"dist":{"shasum":"fd4cea43f220f1c138a501e05f2331ea4cb890c8","tarball":"https://registry.npmjs.org/babel-plugin-transform-es2015-for-of/-/babel-plugin-transform-es2015-for-of-7.0.0-alpha.1.tgz"},"maintainers":[{"name":"amasad","email":"amjad.masad@gmail.com"},{"name":"hzoo","email":"hi@henryzoo.com"},{"name":"jmm","email":"npm-public@jessemccarthy.net"},{"name":"loganfsmyth","email":"loganfsmyth@gmail.com"},{"name":"sebmck","email":"sebmck@gmail.com"},{"name":"thejameskyle","email":"me@thejameskyle.com"}],"_npmOperationalInternal":{"host":"packages-12-west.internal.npmjs.com","tmp":"tmp/babel-plugin-transform-es2015-for-of-7.0.0-alpha.1.tgz_1488488702643_0.0580580725800246"},"directories":{}},"7.0.0-alpha.3":{"name":"babel-plugin-transform-es2015-for-of","version":"7.0.0-alpha.3","description":"Compile ES2015 for...of to ES5","repository":{"type":"git","url":"https://github.com/babel/babel/tree/master/packages/babel-plugin-transform-es2015-for-of"},"license":"MIT","main":"lib/index.js","keywords":["babel-plugin"],"devDependencies":{"babel-helper-plugin-test-runner":"7.0.0-alpha.3"},"_id":"babel-plugin-transform-es2015-for-of@7.0.0-alpha.3","scripts":{},"_shasum":"6a959e8995a21ae796deaa2db7d74b7009a9dd79","_from":".","_npmVersion":"3.10.10","_nodeVersion":"6.9.0","_npmUser":{"name":"hzoo","email":"hi@henryzoo.com"},"dist":{"shasum":"6a959e8995a21ae796deaa2db7d74b7009a9dd79","tarball":"https://registry.npmjs.org/babel-plugin-transform-es2015-for-of/-/babel-plugin-transform-es2015-for-of-7.0.0-alpha.3.tgz"},"maintainers":[{"name":"amasad","email":"amjad.masad@gmail.com"},{"name":"hzoo","email":"hi@henryzoo.com"},{"name":"jmm","email":"npm-public@jessemccarthy.net"},{"name":"loganfsmyth","email":"loganfsmyth@gmail.com"},{"name":"sebmck","email":"sebmck@gmail.com"},{"name":"thejameskyle","email":"me@thejameskyle.com"}],"_npmOperationalInternal":{"host":"packages-12-west.internal.npmjs.com","tmp":"tmp/babel-plugin-transform-es2015-for-of-7.0.0-alpha.3.tgz_1490298552796_0.37387995375320315"},"directories":{}},"7.0.0-alpha.7":{"name":"babel-plugin-transform-es2015-for-of","version":"7.0.0-alpha.7","description":"Compile ES2015 for...of to ES5","repository":{"type":"git","url":"https://github.com/babel/babel/tree/master/packages/babel-plugin-transform-es2015-for-of"},"license":"MIT","main":"lib/index.js","keywords":["babel-plugin"],"devDependencies":{"babel-helper-plugin-test-runner":"7.0.0-alpha.7"},"_id":"babel-plugin-transform-es2015-for-of@7.0.0-alpha.7","scripts":{},"_shasum":"3dd6e5dc5e98c5044b9cb616252e023b97477ef7","_from":".","_npmVersion":"3.10.10","_nodeVersion":"6.9.0","_npmUser":{"name":"hzoo","email":"hi@henryzoo.com"},"dist":{"shasum":"3dd6e5dc5e98c5044b9cb616252e023b97477ef7","tarball":"https://registry.npmjs.org/babel-plugin-transform-es2015-for-of/-/babel-plugin-transform-es2015-for-of-7.0.0-alpha.7.tgz"},"maintainers":[{"name":"amasad","email":"amjad.masad@gmail.com"},{"name":"hzoo","email":"hi@henryzoo.com"},{"name":"jmm","email":"npm-public@jessemccarthy.net"},{"name":"loganfsmyth","email":"loganfsmyth@gmail.com"},{"name":"sebmck","email":"sebmck@gmail.com"},{"name":"thejameskyle","email":"me@thejameskyle.com"}],"_npmOperationalInternal":{"host":"packages-12-west.internal.npmjs.com","tmp":"tmp/babel-plugin-transform-es2015-for-of-7.0.0-alpha.7.tgz_1491426816983_0.8506295476108789"},"directories":{}},"7.0.0-alpha.8":{"name":"babel-plugin-transform-es2015-for-of","version":"7.0.0-alpha.8","description":"Compile ES2015 for...of to ES5","repository":{"type":"git","url":"https://github.com/babel/babel/tree/master/packages/babel-plugin-transform-es2015-for-of"},"license":"MIT","main":"lib/index.js","keywords":["babel-plugin"],"devDependencies":{"babel-helper-plugin-test-runner":"7.0.0-alpha.8"},"_id":"babel-plugin-transform-es2015-for-of@7.0.0-alpha.8","scripts":{},"_shasum":"6b37fe234bbc52079daad332e85ed4d9cb1a3fc2","_from":".","_npmVersion":"3.10.10","_nodeVersion":"6.9.0","_npmUser":{"name":"hzoo","email":"hi@henryzoo.com"},"dist":{"shasum":"6b37fe234bbc52079daad332e85ed4d9cb1a3fc2","tarball":"https://registry.npmjs.org/babel-plugin-transform-es2015-for-of/-/babel-plugin-transform-es2015-for-of-7.0.0-alpha.8.tgz"},"maintainers":[{"name":"amasad","email":"amjad.masad@gmail.com"},{"name":"hzoo","email":"hi@henryzoo.com"},{"name":"jmm","email":"npm-public@jessemccarthy.net"},{"name":"loganfsmyth","email":"loganfsmyth@gmail.com"},{"name":"sebmck","email":"sebmck@gmail.com"},{"name":"thejameskyle","email":"me@thejameskyle.com"}],"_npmOperationalInternal":{"host":"packages-12-west.internal.npmjs.com","tmp":"tmp/babel-plugin-transform-es2015-for-of-7.0.0-alpha.8.tgz_1492456357821_0.5428596946876496"},"directories":{}},"7.0.0-alpha.9":{"name":"babel-plugin-transform-es2015-for-of","version":"7.0.0-alpha.9","description":"Compile ES2015 for...of to ES5","repository":{"type":"git","url":"https://github.com/babel/babel/tree/master/packages/babel-plugin-transform-es2015-for-of"},"license":"MIT","main":"lib/index.js","keywords":["babel-plugin"],"devDependencies":{"babel-helper-plugin-test-runner":"7.0.0-alpha.9"},"_id":"babel-plugin-transform-es2015-for-of@7.0.0-alpha.9","scripts":{},"_shasum":"b5975301de392944b613cf56466e5719a9de2779","_from":".","_npmVersion":"3.10.10","_nodeVersion":"6.9.0","_npmUser":{"name":"hzoo","email":"hi@henryzoo.com"},"dist":{"shasum":"b5975301de392944b613cf56466e5719a9de2779","tarball":"https://registry.npmjs.org/babel-plugin-transform-es2015-for-of/-/babel-plugin-transform-es2015-for-of-7.0.0-alpha.9.tgz"},"maintainers":[{"name":"amasad","email":"amjad.masad@gmail.com"},{"name":"hzoo","email":"hi@henryzoo.com"},{"name":"jmm","email":"npm-public@jessemccarthy.net"},{"name":"loganfsmyth","email":"loganfsmyth@gmail.com"},{"name":"sebmck","email":"sebmck@gmail.com"},{"name":"thejameskyle","email":"me@thejameskyle.com"}],"_npmOperationalInternal":{"host":"packages-18-east.internal.npmjs.com","tmp":"tmp/babel-plugin-transform-es2015-for-of-7.0.0-alpha.9.tgz_1492526504364_0.8066905722953379"},"directories":{}},"7.0.0-alpha.10":{"name":"babel-plugin-transform-es2015-for-of","version":"7.0.0-alpha.10","description":"Compile ES2015 for...of to ES5","repository":{"type":"git","url":"https://github.com/babel/babel/tree/master/packages/babel-plugin-transform-es2015-for-of"},"license":"MIT","main":"lib/index.js","keywords":["babel-plugin"],"devDependencies":{"babel-helper-plugin-test-runner":"7.0.0-alpha.10"},"_id":"babel-plugin-transform-es2015-for-of@7.0.0-alpha.10","scripts":{},"_shasum":"6306d02150b0576010264f4ae33e1845c762e36d","_from":".","_npmVersion":"3.10.10","_nodeVersion":"6.9.0","_npmUser":{"name":"hzoo","email":"hi@henryzoo.com"},"dist":{"shasum":"6306d02150b0576010264f4ae33e1845c762e36d","tarball":"https://registry.npmjs.org/babel-plugin-transform-es2015-for-of/-/babel-plugin-transform-es2015-for-of-7.0.0-alpha.10.tgz"},"maintainers":[{"email":"daniel@tschinder.de","name":"danez"},{"email":"hi@henryzoo.com","name":"hzoo"},{"email":"loganfsmyth@gmail.com","name":"loganfsmyth"}],"_npmOperationalInternal":{"host":"s3://npm-registry-packages","tmp":"tmp/babel-plugin-transform-es2015-for-of-7.0.0-alpha.10.tgz_1495739833661_0.15884388284757733"},"directories":{}},"7.0.0-alpha.11":{"name":"babel-plugin-transform-es2015-for-of","version":"7.0.0-alpha.11","description":"Compile ES2015 for...of to ES5","repository":{"type":"git","url":"https://github.com/babel/babel/tree/master/packages/babel-plugin-transform-es2015-for-of"},"license":"MIT","main":"lib/index.js","keywords":["babel-plugin"],"devDependencies":{"babel-helper-plugin-test-runner":"7.0.0-alpha.11"},"_id":"babel-plugin-transform-es2015-for-of@7.0.0-alpha.11","_npmVersion":"5.0.0","_nodeVersion":"6.9.0","_npmUser":{"name":"hzoo","email":"hi@henryzoo.com"},"dist":{"integrity":"sha512-NnMQ7W7s3kt5TZXgHCt42o9QslXxFRWBr7Xdizcuv5omnMnTeEaspBtT6dJc5SochiCILPij+8kEEuvpo3mRCA==","shasum":"380cad7ec6a1b684cb7b19121ff2f9008b50fe9d","tarball":"https://registry.npmjs.org/babel-plugin-transform-es2015-for-of/-/babel-plugin-transform-es2015-for-of-7.0.0-alpha.11.tgz"},"maintainers":[{"email":"sebmck@gmail.com","name":"sebmck"},{"email":"daniel@tschinder.de","name":"danez"},{"email":"hi@henryzoo.com","name":"hzoo"},{"email":"loganfsmyth@gmail.com","name":"loganfsmyth"}],"_npmOperationalInternal":{"host":"s3://npm-registry-packages","tmp":"tmp/babel-plugin-transform-es2015-for-of-7.0.0-alpha.11.tgz_1496263414405_0.3453923580236733"},"directories":{}},"7.0.0-alpha.12":{"name":"babel-plugin-transform-es2015-for-of","version":"7.0.0-alpha.12","description":"Compile ES2015 for...of to ES5","repository":{"type":"git","url":"https://github.com/babel/babel/tree/master/packages/babel-plugin-transform-es2015-for-of"},"license":"MIT","main":"lib/index.js","keywords":["babel-plugin"],"devDependencies":{"babel-helper-plugin-test-runner":"7.0.0-alpha.12"},"_id":"babel-plugin-transform-es2015-for-of@7.0.0-alpha.12","_npmVersion":"5.0.0","_nodeVersion":"6.9.0","_npmUser":{"name":"hzoo","email":"hi@henryzoo.com"},"dist":{"integrity":"sha512-n7PrAkBnXUuWXYxdcEDgJYj/Br9K1zmr0XvAq1Xd0jBfkE8arP+hW2w/IxbaQqyb0gfZKlRz2sPvbLGs9hr5zA==","shasum":"e68fee124da6e5789c2f0e69845dc727a1ca078e","tarball":"https://registry.npmjs.org/babel-plugin-transform-es2015-for-of/-/babel-plugin-transform-es2015-for-of-7.0.0-alpha.12.tgz"},"maintainers":[{"email":"sebmck@gmail.com","name":"sebmck"},{"email":"daniel@tschinder.de","name":"danez"},{"email":"hi@henryzoo.com","name":"hzoo"},{"email":"loganfsmyth@gmail.com","name":"loganfsmyth"}],"_npmOperationalInternal":{"host":"s3://npm-registry-packages","tmp":"tmp/babel-plugin-transform-es2015-for-of-7.0.0-alpha.12.tgz_1496265108302_0.13832284533418715"},"directories":{}},"7.0.0-alpha.13":{"name":"babel-plugin-transform-es2015-for-of","version":"7.0.0-alpha.13","description":"Compile ES2015 for...of to ES5","repository":{"type":"git","url":"https://github.com/babel/babel/tree/master/packages/babel-plugin-transform-es2015-for-of"},"license":"MIT","main":"lib/index.js","keywords":["babel-plugin"],"devDependencies":{"babel-helper-plugin-test-runner":"7.0.0-alpha.13"},"_id":"babel-plugin-transform-es2015-for-of@7.0.0-alpha.13","scripts":{},"_shasum":"4146163be2a5611db04920a404456fcd4e005ab8","_from":".","_npmVersion":"4.6.1","_nodeVersion":"6.9.0","_npmUser":{"name":"hzoo","email":"hi@henryzoo.com"},"dist":{"shasum":"4146163be2a5611db04920a404456fcd4e005ab8","tarball":"https://registry.npmjs.org/babel-plugin-transform-es2015-for-of/-/babel-plugin-transform-es2015-for-of-7.0.0-alpha.13.tgz"},"maintainers":[{"email":"sebmck@gmail.com","name":"sebmck"},{"email":"daniel@tschinder.de","name":"danez"},{"email":"hi@henryzoo.com","name":"hzoo"},{"email":"loganfsmyth@gmail.com","name":"loganfsmyth"}],"_npmOperationalInternal":{"host":"s3://npm-registry-packages","tmp":"tmp/babel-plugin-transform-es2015-for-of-7.0.0-alpha.13.tgz_1499826494043_0.15622484032064676"},"directories":{}},"7.0.0-alpha.14":{"name":"babel-plugin-transform-es2015-for-of","version":"7.0.0-alpha.14","description":"Compile ES2015 for...of to ES5","repository":{"type":"git","url":"https://github.com/babel/babel/tree/master/packages/babel-plugin-transform-es2015-for-of"},"license":"MIT","main":"lib/index.js","keywords":["babel-plugin"],"devDependencies":{"babel-helper-plugin-test-runner":"7.0.0-alpha.14"},"_id":"babel-plugin-transform-es2015-for-of@7.0.0-alpha.14","scripts":{},"_shasum":"97373f9c636fecca8702e3454b6f8afeb449d7bb","_from":".","_npmVersion":"4.6.1","_nodeVersion":"6.9.0","_npmUser":{"name":"hzoo","email":"hi@henryzoo.com"},"dist":{"shasum":"97373f9c636fecca8702e3454b6f8afeb449d7bb","tarball":"https://registry.npmjs.org/babel-plugin-transform-es2015-for-of/-/babel-plugin-transform-es2015-for-of-7.0.0-alpha.14.tgz"},"maintainers":[{"email":"sebmck@gmail.com","name":"sebmck"},{"email":"daniel@tschinder.de","name":"danez"},{"email":"hi@henryzoo.com","name":"hzoo"},{"email":"loganfsmyth@gmail.com","name":"loganfsmyth"}],"_npmOperationalInternal":{"host":"s3://npm-registry-packages","tmp":"tmp/babel-plugin-transform-es2015-for-of-7.0.0-alpha.14.tgz_1499828005475_0.38908069487661123"},"directories":{}},"7.0.0-alpha.15":{"name":"babel-plugin-transform-es2015-for-of","version":"7.0.0-alpha.15","description":"Compile ES2015 for...of to ES5","repository":{"type":"git","url":"https://github.com/babel/babel/tree/master/packages/babel-plugin-transform-es2015-for-of"},"license":"MIT","main":"lib/index.js","keywords":["babel-plugin"],"devDependencies":{"babel-helper-plugin-test-runner":"7.0.0-alpha.15"},"_id":"babel-plugin-transform-es2015-for-of@7.0.0-alpha.15","scripts":{},"_shasum":"cfcc21c66a86099eab991a75515d3616f7144d62","_from":".","_npmVersion":"4.6.1","_nodeVersion":"6.9.0","_npmUser":{"name":"hzoo","email":"hi@henryzoo.com"},"dist":{"shasum":"cfcc21c66a86099eab991a75515d3616f7144d62","tarball":"https://registry.npmjs.org/babel-plugin-transform-es2015-for-of/-/babel-plugin-transform-es2015-for-of-7.0.0-alpha.15.tgz"},"maintainers":[{"email":"sebmck@gmail.com","name":"sebmck"},{"email":"daniel@tschinder.de","name":"danez"},{"email":"hi@henryzoo.com","name":"hzoo"},{"email":"loganfsmyth@gmail.com","name":"loganfsmyth"}],"_npmOperationalInternal":{"host":"s3://npm-registry-packages","tmp":"tmp/babel-plugin-transform-es2015-for-of-7.0.0-alpha.15.tgz_1499830540040_0.8526978283189237"},"directories":{}},"7.0.0-alpha.16":{"name":"babel-plugin-transform-es2015-for-of","version":"7.0.0-alpha.16","description":"Compile ES2015 for...of to ES5","repository":{"type":"git","url":"https://github.com/babel/babel/tree/master/packages/babel-plugin-transform-es2015-for-of"},"license":"MIT","main":"lib/index.js","keywords":["babel-plugin"],"devDependencies":{"babel-helper-plugin-test-runner":"7.0.0-alpha.16"},"_id":"babel-plugin-transform-es2015-for-of@7.0.0-alpha.16","scripts":{},"_shasum":"0a310f1ec1155a1bc019f4d3f172167442b30a4c","_from":".","_npmVersion":"4.6.1","_nodeVersion":"6.9.0","_npmUser":{"name":"hzoo","email":"hi@henryzoo.com"},"dist":{"shasum":"0a310f1ec1155a1bc019f4d3f172167442b30a4c","tarball":"https://registry.npmjs.org/babel-plugin-transform-es2015-for-of/-/babel-plugin-transform-es2015-for-of-7.0.0-alpha.16.tgz"},"maintainers":[{"email":"sebmck@gmail.com","name":"sebmck"},{"email":"daniel@tschinder.de","name":"danez"},{"email":"hi@henryzoo.com","name":"hzoo"},{"email":"loganfsmyth@gmail.com","name":"loganfsmyth"}],"_npmOperationalInternal":{"host":"s3://npm-registry-packages","tmp":"tmp/babel-plugin-transform-es2015-for-of-7.0.0-alpha.16.tgz_1501017457952_0.787873855791986"},"directories":{}},"7.0.0-alpha.17":{"name":"babel-plugin-transform-es2015-for-of","version":"7.0.0-alpha.17","description":"Compile ES2015 for...of to ES5","repository":{"type":"git","url":"https://github.com/babel/babel/tree/master/packages/babel-plugin-transform-es2015-for-of"},"license":"MIT","main":"lib/index.js","keywords":["babel-plugin"],"devDependencies":{"babel-helper-plugin-test-runner":"7.0.0-alpha.17"},"_id":"babel-plugin-transform-es2015-for-of@7.0.0-alpha.17","scripts":{},"_shasum":"9c5952e3787ee1ccb2c2f1e980f541b889f0c595","_from":".","_npmVersion":"4.6.1","_nodeVersion":"6.9.0","_npmUser":{"name":"hzoo","email":"hi@henryzoo.com"},"dist":{"shasum":"9c5952e3787ee1ccb2c2f1e980f541b889f0c595","tarball":"https://registry.npmjs.org/babel-plugin-transform-es2015-for-of/-/babel-plugin-transform-es2015-for-of-7.0.0-alpha.17.tgz"},"maintainers":[{"email":"sebmck@gmail.com","name":"sebmck"},{"email":"daniel@tschinder.de","name":"danez"},{"email":"hi@henryzoo.com","name":"hzoo"},{"email":"loganfsmyth@gmail.com","name":"loganfsmyth"}],"_npmOperationalInternal":{"host":"s3://npm-registry-packages","tmp":"tmp/babel-plugin-transform-es2015-for-of-7.0.0-alpha.17.tgz_1501072741383_0.35970116779208183"},"directories":{}},"7.0.0-alpha.18":{"name":"babel-plugin-transform-es2015-for-of","version":"7.0.0-alpha.18","description":"Compile ES2015 for...of to ES5","repository":{"type":"git","url":"https://github.com/babel/babel/tree/master/packages/babel-plugin-transform-es2015-for-of"},"license":"MIT","main":"lib/index.js","keywords":["babel-plugin"],"devDependencies":{"babel-helper-plugin-test-runner":"7.0.0-alpha.18"},"_id":"babel-plugin-transform-es2015-for-of@7.0.0-alpha.18","_npmVersion":"5.3.0","_nodeVersion":"8.1.4","_npmUser":{"name":"hzoo","email":"hi@henryzoo.com"},"dist":{"integrity":"sha512-hRz1gmE4pm+cxHjcV6thhv2gpMQHP59QMBptU/RM43w2mb1omfNY5pTzEzOGhqv5Amv3OHwN8aA+Ggk/L0sdpw==","shasum":"971dc41d215df6efda182f78fabd470d2b747a02","tarball":"https://registry.npmjs.org/babel-plugin-transform-es2015-for-of/-/babel-plugin-transform-es2015-for-of-7.0.0-alpha.18.tgz"},"maintainers":[{"email":"me@thejameskyle.com","name":"thejameskyle"},{"email":"sebmck@gmail.com","name":"sebmck"},{"email":"daniel@tschinder.de","name":"danez"},{"email":"hi@henryzoo.com","name":"hzoo"},{"email":"loganfsmyth@gmail.com","name":"loganfsmyth"}],"_npmOperationalInternal":{"host":"s3://npm-registry-packages","tmp":"tmp/babel-plugin-transform-es2015-for-of-7.0.0-alpha.18.tgz_1501798849110_0.6768212323077023"},"directories":{}},"7.0.0-alpha.19":{"name":"babel-plugin-transform-es2015-for-of","version":"7.0.0-alpha.19","description":"Compile ES2015 for...of to ES5","repository":{"type":"git","url":"https://github.com/babel/babel/tree/master/packages/babel-plugin-transform-es2015-for-of"},"license":"MIT","main":"lib/index.js","keywords":["babel-plugin"],"devDependencies":{"babel-helper-plugin-test-runner":"7.0.0-alpha.19"},"_id":"babel-plugin-transform-es2015-for-of@7.0.0-alpha.19","_npmVersion":"5.3.0","_nodeVersion":"8.1.4","_npmUser":{"name":"hzoo","email":"hi@henryzoo.com"},"dist":{"integrity":"sha512-tcK8FnU1wXfvYoy/1QjnVaPGZGkLay+m0B3qSr+JzLzWlekiZBei9M2A6PL2b5h4E6pIQs2VYHFl+dRqO2NQ/A==","shasum":"733e621be9e4717e5227882139c9f41cbd16b149","tarball":"https://registry.npmjs.org/babel-plugin-transform-es2015-for-of/-/babel-plugin-transform-es2015-for-of-7.0.0-alpha.19.tgz"},"maintainers":[{"email":"me@thejameskyle.com","name":"thejameskyle"},{"email":"sebmck@gmail.com","name":"sebmck"},{"email":"daniel@tschinder.de","name":"danez"},{"email":"hi@henryzoo.com","name":"hzoo"},{"email":"loganfsmyth@gmail.com","name":"loganfsmyth"}],"_npmOperationalInternal":{"host":"s3://npm-registry-packages","tmp":"tmp/babel-plugin-transform-es2015-for-of-7.0.0-alpha.19.tgz_1502144485232_0.42079794919118285"},"directories":{}},"7.0.0-alpha.20":{"name":"babel-plugin-transform-es2015-for-of","version":"7.0.0-alpha.20","description":"Compile ES2015 for...of to ES5","repository":{"type":"git","url":"https://github.com/babel/babel/tree/master/packages/babel-plugin-transform-es2015-for-of"},"license":"MIT","main":"lib/index.js","keywords":["babel-plugin"],"devDependencies":{"babel-helper-plugin-test-runner":"7.0.0-alpha.20"},"_id":"babel-plugin-transform-es2015-for-of@7.0.0-alpha.20","_npmVersion":"5.3.0","_nodeVersion":"8.1.4","_npmUser":{"name":"hzoo","email":"hi@henryzoo.com"},"dist":{"integrity":"sha512-DFB51mIy3OZtDrltrEA+XuEVWinQjWmWa27Ugpd4q4BNUGgBk96NwrqY2PavCj7sxCOrHs1HeczLqpIT4nIWyg==","shasum":"615686c3d3902260084bcb0f8d38777014386d4d","tarball":"https://registry.npmjs.org/babel-plugin-transform-es2015-for-of/-/babel-plugin-transform-es2015-for-of-7.0.0-alpha.20.tgz"},"maintainers":[{"email":"me@thejameskyle.com","name":"thejameskyle"},{"email":"sebmck@gmail.com","name":"sebmck"},{"email":"daniel@tschinder.de","name":"danez"},{"email":"hi@henryzoo.com","name":"hzoo"},{"email":"loganfsmyth@gmail.com","name":"loganfsmyth"}],"_npmOperationalInternal":{"host":"s3://npm-registry-packages","tmp":"tmp/babel-plugin-transform-es2015-for-of-7.0.0-alpha.20.tgz_1504119114847_0.03387311496771872"},"directories":{}},"7.0.0-beta.0":{"name":"babel-plugin-transform-es2015-for-of","version":"7.0.0-beta.0","description":"Compile ES2015 for...of to ES5","repository":{"type":"git","url":"https://github.com/babel/babel/tree/master/packages/babel-plugin-transform-es2015-for-of"},"license":"MIT","main":"lib/index.js","keywords":["babel-plugin"],"devDependencies":{"babel-helper-plugin-test-runner":"7.0.0-beta.0"},"_id":"babel-plugin-transform-es2015-for-of@7.0.0-beta.0","_npmVersion":"5.3.0","_nodeVersion":"8.1.4","_npmUser":{"name":"hzoo","email":"hi@henryzoo.com"},"dist":{"integrity":"sha512-7mFqXlnfy5kXzTCkaGATbJicxRpXOED+gzFm0DaRUwk5nuQqi2apLZGM8xxajx+PcRlskjngrFE5iBgBR/jKGw==","shasum":"a4dd88e17c35480e2102f669ab3babcae741eefc","tarball":"https://registry.npmjs.org/babel-plugin-transform-es2015-for-of/-/babel-plugin-transform-es2015-for-of-7.0.0-beta.0.tgz"},"maintainers":[{"email":"me@thejameskyle.com","name":"thejameskyle"},{"email":"sebmck@gmail.com","name":"sebmck"},{"email":"daniel@tschinder.de","name":"danez"},{"email":"hi@henryzoo.com","name":"hzoo"},{"email":"loganfsmyth@gmail.com","name":"loganfsmyth"}],"_npmOperationalInternal":{"host":"s3://npm-registry-packages","tmp":"tmp/babel-plugin-transform-es2015-for-of-7.0.0-beta.0.tgz_1505185319718_0.5144553971476853"},"directories":{}},"7.0.0-beta.1":{"name":"babel-plugin-transform-es2015-for-of","version":"7.0.0-beta.1","description":"Compile ES2015 for...of to ES5","repository":{"type":"git","url":"https://github.com/babel/babel/tree/master/packages/babel-plugin-transform-es2015-for-of"},"license":"MIT","main":"lib/index.js","keywords":["babel-plugin"],"devDependencies":{"babel-helper-plugin-test-runner":"7.0.0-beta.1"},"_id":"babel-plugin-transform-es2015-for-of@7.0.0-beta.1","_npmVersion":"5.4.1","_nodeVersion":"8.1.4","_npmUser":{"name":"hzoo","email":"hi@henryzoo.com"},"dist":{"integrity":"sha512-kJs/LAWEjRB9Qek2BrZJaBrAME174rl5nwNHUuRRe4ALP4Zpy6IeoYtnZsa/Os6IRQK1pBvqpaf9g13QG4zTew==","shasum":"07d825aa702eb5d54a33c98067ae8b675990a3a9","tarball":"https://registry.npmjs.org/babel-plugin-transform-es2015-for-of/-/babel-plugin-transform-es2015-for-of-7.0.0-beta.1.tgz"},"maintainers":[{"email":"me@thejameskyle.com","name":"thejameskyle"},{"email":"sebmck@gmail.com","name":"sebmck"},{"email":"daniel@tschinder.de","name":"danez"},{"email":"hi@henryzoo.com","name":"hzoo"},{"email":"loganfsmyth@gmail.com","name":"loganfsmyth"}],"_npmOperationalInternal":{"host":"s3://npm-registry-packages","tmp":"tmp/babel-plugin-transform-es2015-for-of-7.0.0-beta.1.tgz_1505851751201_0.5221498778555542"},"directories":{}},"7.0.0-beta.2":{"name":"babel-plugin-transform-es2015-for-of","version":"7.0.0-beta.2","description":"Compile ES2015 for...of to ES5","repository":{"type":"git","url":"https://github.com/babel/babel/tree/master/packages/babel-plugin-transform-es2015-for-of"},"license":"MIT","main":"lib/index.js","keywords":["babel-plugin"],"devDependencies":{"babel-helper-plugin-test-runner":"7.0.0-beta.2"},"_id":"babel-plugin-transform-es2015-for-of@7.0.0-beta.2","_npmVersion":"5.4.1","_nodeVersion":"8.1.4","_npmUser":{"name":"hzoo","email":"hi@henryzoo.com"},"dist":{"integrity":"sha512-PpW4wID+UG8WEzM7xD0Y6wsbIp8HnbC981PpOJLyvjSlqb9vz2GYQGDE0IcTYMvkNj5Cq1ncWXLIIJqB8GKkWA==","shasum":"82802261b857047b0a1ac89be9a973d8a7707e83","tarball":"https://registry.npmjs.org/babel-plugin-transform-es2015-for-of/-/babel-plugin-transform-es2015-for-of-7.0.0-beta.2.tgz"},"maintainers":[{"email":"bng412@gmail.com","name":"existentialism"},{"email":"me@thejameskyle.com","name":"thejameskyle"},{"email":"sebmck@gmail.com","name":"sebmck"},{"email":"daniel@tschinder.de","name":"danez"},{"email":"hi@henryzoo.com","name":"hzoo"},{"email":"loganfsmyth@gmail.com","name":"loganfsmyth"}],"_npmOperationalInternal":{"host":"s3://npm-registry-packages","tmp":"tmp/babel-plugin-transform-es2015-for-of-7.0.0-beta.2.tgz_1506438899813_0.5997513462789357"},"directories":{}},"7.0.0-beta.3":{"name":"babel-plugin-transform-es2015-for-of","version":"7.0.0-beta.3","description":"Compile ES2015 for...of to ES5","repository":{"type":"git","url":"https://github.com/babel/babel/tree/master/packages/babel-plugin-transform-es2015-for-of"},"license":"MIT","main":"lib/index.js","keywords":["babel-plugin"],"devDependencies":{"babel-helper-plugin-test-runner":"7.0.0-beta.3"},"_id":"babel-plugin-transform-es2015-for-of@7.0.0-beta.3","_npmVersion":"5.5.1","_nodeVersion":"8.1.4","_npmUser":{"name":"hzoo","email":"hi@henryzoo.com"},"dist":{"integrity":"sha512-eaJ5ClU6XF9na+Fcle4sYfYEQtqBMy0CFg6H1dJbtmnWAkzYz4wnwR1unUe0vz5RPp5lA43ECWTTZE+1aH+e3A==","shasum":"f3eb9140e1de900899e6fa646226807e545f16a4","tarball":"https://registry.npmjs.org/babel-plugin-transform-es2015-for-of/-/babel-plugin-transform-es2015-for-of-7.0.0-beta.3.tgz"},"maintainers":[{"email":"bng412@gmail.com","name":"existentialism"},{"email":"me@thejameskyle.com","name":"thejameskyle"},{"email":"sebmck@gmail.com","name":"sebmck"},{"email":"daniel@tschinder.de","name":"danez"},{"email":"hi@henryzoo.com","name":"hzoo"},{"email":"loganfsmyth@gmail.com","name":"loganfsmyth"}],"_npmOperationalInternal":{"host":"s3://npm-registry-packages","tmp":"tmp/babel-plugin-transform-es2015-for-of-7.0.0-beta.3.tgz_1508073085754_0.7765423420350999"},"directories":{}}},"readme":"# babel-plugin-transform-es2015-for-of\n\nCompile ES2015 for...of to ES5\n\n## Installation\n\n```sh\n$ npm install babel-plugin-transform-es2015-for-of\n```\n\n## Usage\n\n### Via `.babelrc` (Recommended)\n\n**.babelrc**\n\n```json\n{\n  \"plugins\": [\"transform-es2015-for-of\"]\n}\n```\n\n### Via CLI\n\n```sh\n$ babel --plugins transform-es2015-for-of script.js\n```\n\n### Via Node API\n\n```javascript\nrequire(\"babel-core\").transform(\"code\", {\n  plugins: [\"transform-es2015-for-of\"]\n});\n```\n","maintainers":[{"email":"bng412@gmail.com","name":"existentialism"},{"email":"me@thejameskyle.com","name":"thejameskyle"},{"email":"sebmck@gmail.com","name":"sebmck"},{"email":"daniel@tschinder.de","name":"danez"},{"email":"hi@henryzoo.com","name":"hzoo"},{"email":"loganfsmyth@gmail.com","name":"loganfsmyth"}],"time":{"modified":"2018-01-25T18:01:25.935Z","created":"2015-10-29T18:14:07.354Z","6.0.2":"2015-10-29T18:14:07.354Z","6.0.14":"2015-10-30T23:37:27.270Z","6.1.4":"2015-11-11T10:22:24.885Z","6.1.5":"2015-11-12T06:57:49.593Z","6.1.10":"2015-11-12T07:55:06.301Z","6.1.17":"2015-11-12T21:42:05.697Z","6.1.18":"2015-11-12T21:49:54.525Z","6.2.4":"2015-11-25T03:14:20.885Z","6.3.13":"2015-12-04T11:59:04.873Z","6.5.0":"2016-02-07T00:07:35.324Z","6.5.0-1":"2016-02-07T02:40:37.467Z","6.5.2":"2016-02-12T16:30:12.214Z","6.6.0":"2016-02-29T21:12:44.780Z","6.8.0":"2016-05-02T23:44:40.766Z","6.18.0":"2016-10-24T21:19:03.260Z","6.22.0":"2017-01-20T00:33:53.995Z","6.23.0":"2017-02-13T23:04:23.121Z","7.0.0-alpha.1":"2017-03-02T21:05:04.507Z","7.0.0-alpha.3":"2017-03-23T19:49:13.045Z","7.0.0-alpha.7":"2017-04-05T21:13:39.074Z","7.0.0-alpha.8":"2017-04-17T19:12:38.056Z","7.0.0-alpha.9":"2017-04-18T14:41:46.447Z","7.0.0-alpha.10":"2017-05-25T19:17:14.979Z","7.0.0-alpha.11":"2017-05-31T20:43:34.527Z","7.0.0-alpha.12":"2017-05-31T21:11:48.366Z","7.0.0-alpha.13":"2017-07-12T02:28:14.983Z","7.0.0-alpha.14":"2017-07-12T02:53:27.182Z","7.0.0-alpha.15":"2017-07-12T03:35:41.010Z","7.0.0-alpha.16":"2017-07-25T21:17:38.822Z","7.0.0-alpha.17":"2017-07-26T12:39:02.306Z","7.0.0-alpha.18":"2017-08-03T22:20:49.178Z","7.0.0-alpha.19":"2017-08-07T22:21:25.309Z","7.0.0-alpha.20":"2017-08-30T18:51:54.948Z","7.0.0-beta.0":"2017-09-12T03:02:00.592Z","7.0.0-beta.1":"2017-09-19T20:09:11.305Z","7.0.0-beta.2":"2017-09-26T15:15:00.777Z","7.0.0-beta.3":"2017-10-15T13:11:26.734Z"},"keywords":["babel-plugin"],"repository":{"type":"git","url":"https://github.com/babel/babel/tree/master/packages/babel-plugin-transform-es2015-for-of"},"license":"MIT","readmeFilename":"README.md","users":{"langri-sha":true,"professorcoal":true},"_attachments":{},"_etag":"W/\"53249dd4d9ce7c573a9bad6124806c83\"","_lastModified":"Sat, 26 May 2018 17:58:30 GMT"}