{"_id":"babel-plugin-transform-es2015-object-super","_rev":"69-e714ef5f38e4bb89287f0c710de9c56d","name":"babel-plugin-transform-es2015-object-super","description":"Compile ES2015 object super to ES5","dist-tags":{"latest":"6.24.1","next":"7.0.0-beta.3"},"versions":{"6.0.2":{"name":"babel-plugin-transform-es2015-object-super","version":"6.0.2","description":"Compile ES2015 object super to ES5","repository":{"type":"git","url":"git+https://github.com/babel/babel.git"},"license":"MIT","main":"lib/index.js","keywords":["babel-plugin"],"dependencies":{"babel-helper-replace-supers":"^6.0.2","babel-runtime":"^6.0.2"},"bugs":{"url":"https://github.com/babel/babel/issues"},"homepage":"https://github.com/babel/babel#readme","_id":"babel-plugin-transform-es2015-object-super@6.0.2","scripts":{},"_shasum":"b5d09aca12b5ac585a575a20a9598c306fe9a649","_from":".","_npmVersion":"2.14.3","_nodeVersion":"4.1.0","_npmUser":{"name":"sebmck","email":"sebmck@gmail.com"},"dist":{"shasum":"b5d09aca12b5ac585a575a20a9598c306fe9a649","tarball":"https://registry.npmjs.org/babel-plugin-transform-es2015-object-super/-/babel-plugin-transform-es2015-object-super-6.0.2.tgz"},"maintainers":[{"name":"sebmck","email":"sebmck@gmail.com"}],"directories":{}},"6.0.14":{"name":"babel-plugin-transform-es2015-object-super","version":"6.0.14","description":"Compile ES2015 object super to ES5","repository":{"type":"git","url":"https://github.com/babel/babel/tree/master/packages/babel-plugin-transform-es2015-object-super"},"license":"MIT","main":"lib/index.js","keywords":["babel-plugin"],"dependencies":{"babel-helper-replace-supers":"^6.0.14","babel-runtime":"^5.0.0"},"_id":"babel-plugin-transform-es2015-object-super@6.0.14","scripts":{},"_shasum":"42a563782a73c701efa08fd683aef28703ad66ab","_from":".","_npmVersion":"2.14.9","_nodeVersion":"4.1.0","_npmUser":{"name":"sebmck","email":"sebmck@gmail.com"},"dist":{"shasum":"42a563782a73c701efa08fd683aef28703ad66ab","tarball":"https://registry.npmjs.org/babel-plugin-transform-es2015-object-super/-/babel-plugin-transform-es2015-object-super-6.0.14.tgz"},"maintainers":[{"name":"sebmck","email":"sebmck@gmail.com"}],"directories":{}},"6.1.4":{"name":"babel-plugin-transform-es2015-object-super","version":"6.1.4","description":"Compile ES2015 object super to ES5","repository":{"type":"git","url":"https://github.com/babel/babel/tree/master/packages/babel-plugin-transform-es2015-object-super"},"license":"MIT","main":"lib/index.js","keywords":["babel-plugin"],"dependencies":{"babel-helper-replace-supers":"^6.0.14","babel-runtime":"^5.0.0"},"devDependencies":{"babel-helper-plugin-test-runner":"^6.1.4"},"_id":"babel-plugin-transform-es2015-object-super@6.1.4","scripts":{},"_shasum":"15ed47768423950962bd6328fa640a827869c0d0","_from":".","_npmVersion":"3.3.10","_nodeVersion":"4.1.0","_npmUser":{"name":"sebmck","email":"sebmck@gmail.com"},"dist":{"shasum":"15ed47768423950962bd6328fa640a827869c0d0","tarball":"https://registry.npmjs.org/babel-plugin-transform-es2015-object-super/-/babel-plugin-transform-es2015-object-super-6.1.4.tgz"},"maintainers":[{"name":"sebmck","email":"sebmck@gmail.com"}],"directories":{}},"6.1.5":{"name":"babel-plugin-transform-es2015-object-super","version":"6.1.5","description":"Compile ES2015 object super to ES5","repository":{"type":"git","url":"https://github.com/babel/babel/tree/master/packages/babel-plugin-transform-es2015-object-super"},"license":"MIT","main":"lib/index.js","keywords":["babel-plugin"],"dependencies":{"babel-helper-replace-supers":"^6.1.5","babel-runtime":"^5.0.0"},"devDependencies":{"babel-helper-plugin-test-runner":"^6.1.5"},"_id":"babel-plugin-transform-es2015-object-super@6.1.5","scripts":{},"_shasum":"891b0d9c51bf65ccf59ae5ff28c4fbb90bcee8a8","_from":".","_npmVersion":"3.3.10","_nodeVersion":"4.1.0","_npmUser":{"name":"sebmck","email":"sebmck@gmail.com"},"dist":{"shasum":"891b0d9c51bf65ccf59ae5ff28c4fbb90bcee8a8","tarball":"https://registry.npmjs.org/babel-plugin-transform-es2015-object-super/-/babel-plugin-transform-es2015-object-super-6.1.5.tgz"},"maintainers":[{"name":"sebmck","email":"sebmck@gmail.com"}],"directories":{}},"6.1.17":{"name":"babel-plugin-transform-es2015-object-super","version":"6.1.17","description":"Compile ES2015 object super to ES5","repository":{"type":"git","url":"https://github.com/babel/babel/tree/master/packages/babel-plugin-transform-es2015-object-super"},"license":"MIT","main":"lib/index.js","keywords":["babel-plugin"],"dependencies":{"babel-helper-replace-supers":"^6.1.17","babel-runtime":"^5.0.0"},"devDependencies":{"babel-helper-plugin-test-runner":"^6.1.17"},"_id":"babel-plugin-transform-es2015-object-super@6.1.17","scripts":{},"_shasum":"cca775d93abd2b20b95b6cfc67dec1065c25ab8c","_from":".","_npmVersion":"3.3.10","_nodeVersion":"4.1.0","_npmUser":{"name":"sebmck","email":"sebmck@gmail.com"},"dist":{"shasum":"cca775d93abd2b20b95b6cfc67dec1065c25ab8c","tarball":"https://registry.npmjs.org/babel-plugin-transform-es2015-object-super/-/babel-plugin-transform-es2015-object-super-6.1.17.tgz"},"maintainers":[{"name":"amasad","email":"amjad.masad@gmail.com"},{"name":"sebmck","email":"sebmck@gmail.com"},{"name":"thejameskyle","email":"me@thejameskyle.com"}],"directories":{}},"6.1.18":{"name":"babel-plugin-transform-es2015-object-super","version":"6.1.18","description":"Compile ES2015 object super to ES5","repository":{"type":"git","url":"https://github.com/babel/babel/tree/master/packages/babel-plugin-transform-es2015-object-super"},"license":"MIT","main":"lib/index.js","keywords":["babel-plugin"],"dependencies":{"babel-helper-replace-supers":"^6.1.18","babel-runtime":"^5.0.0"},"devDependencies":{"babel-helper-plugin-test-runner":"^6.1.18"},"_id":"babel-plugin-transform-es2015-object-super@6.1.18","scripts":{},"_shasum":"31a80dceb722ca9b53fdafe72118eaa84fbbdd9c","_from":".","_npmVersion":"3.3.10","_nodeVersion":"4.1.0","_npmUser":{"name":"sebmck","email":"sebmck@gmail.com"},"dist":{"shasum":"31a80dceb722ca9b53fdafe72118eaa84fbbdd9c","tarball":"https://registry.npmjs.org/babel-plugin-transform-es2015-object-super/-/babel-plugin-transform-es2015-object-super-6.1.18.tgz"},"maintainers":[{"name":"amasad","email":"amjad.masad@gmail.com"},{"name":"sebmck","email":"sebmck@gmail.com"},{"name":"thejameskyle","email":"me@thejameskyle.com"}],"directories":{}},"6.2.4":{"name":"babel-plugin-transform-es2015-object-super","version":"6.2.4","description":"Compile ES2015 object super to ES5","repository":{"type":"git","url":"https://github.com/babel/babel/tree/master/packages/babel-plugin-transform-es2015-object-super"},"license":"MIT","main":"lib/index.js","keywords":["babel-plugin"],"dependencies":{"babel-helper-replace-supers":"^6.2.4","babel-runtime":"^5.0.0"},"devDependencies":{"babel-helper-plugin-test-runner":"^6.2.4"},"_id":"babel-plugin-transform-es2015-object-super@6.2.4","scripts":{},"_shasum":"df18344bdac6b090a2d7eb08a6d48f354f89efcd","_from":".","_npmVersion":"3.3.10","_nodeVersion":"4.1.0","_npmUser":{"name":"sebmck","email":"sebmck@gmail.com"},"dist":{"shasum":"df18344bdac6b090a2d7eb08a6d48f354f89efcd","tarball":"https://registry.npmjs.org/babel-plugin-transform-es2015-object-super/-/babel-plugin-transform-es2015-object-super-6.2.4.tgz"},"maintainers":[{"name":"amasad","email":"amjad.masad@gmail.com"},{"name":"sebmck","email":"sebmck@gmail.com"},{"name":"thejameskyle","email":"me@thejameskyle.com"}],"directories":{}},"6.3.13":{"name":"babel-plugin-transform-es2015-object-super","version":"6.3.13","description":"Compile ES2015 object super to ES5","repository":{"type":"git","url":"https://github.com/babel/babel/tree/master/packages/babel-plugin-transform-es2015-object-super"},"license":"MIT","main":"lib/index.js","keywords":["babel-plugin"],"dependencies":{"babel-helper-replace-supers":"^6.3.13","babel-runtime":"^5.0.0"},"devDependencies":{"babel-helper-plugin-test-runner":"^6.3.13"},"_id":"babel-plugin-transform-es2015-object-super@6.3.13","scripts":{},"_shasum":"761c350e5c7d19e1aeff7e00fb6fc0ffb45b22c6","_from":".","_npmVersion":"3.3.10","_nodeVersion":"4.1.0","_npmUser":{"name":"sebmck","email":"sebmck@gmail.com"},"dist":{"shasum":"761c350e5c7d19e1aeff7e00fb6fc0ffb45b22c6","tarball":"https://registry.npmjs.org/babel-plugin-transform-es2015-object-super/-/babel-plugin-transform-es2015-object-super-6.3.13.tgz"},"maintainers":[{"name":"amasad","email":"amjad.masad@gmail.com"},{"name":"hzoo","email":"hi@henryzoo.com"},{"name":"jmm","email":"npm-public@jessemccarthy.net"},{"name":"loganfsmyth","email":"loganfsmyth@gmail.com"},{"name":"sebmck","email":"sebmck@gmail.com"},{"name":"thejameskyle","email":"me@thejameskyle.com"}],"directories":{}},"6.4.0":{"name":"babel-plugin-transform-es2015-object-super","version":"6.4.0","description":"Compile ES2015 object super to ES5","repository":{"type":"git","url":"https://github.com/babel/babel/tree/master/packages/babel-plugin-transform-es2015-object-super"},"license":"MIT","main":"lib/index.js","keywords":["babel-plugin"],"dependencies":{"babel-helper-replace-supers":"^6.3.13","babel-runtime":"^5.0.0"},"devDependencies":{"babel-helper-plugin-test-runner":"^6.3.13"},"_id":"babel-plugin-transform-es2015-object-super@6.4.0","scripts":{},"_shasum":"644c17d411ba8a6b9f63e42938481a243b50ebb4","_from":".","_npmVersion":"3.5.2","_nodeVersion":"5.1.0","_npmUser":{"name":"hzoo","email":"hi@henryzoo.com"},"dist":{"shasum":"644c17d411ba8a6b9f63e42938481a243b50ebb4","tarball":"https://registry.npmjs.org/babel-plugin-transform-es2015-object-super/-/babel-plugin-transform-es2015-object-super-6.4.0.tgz"},"maintainers":[{"name":"amasad","email":"amjad.masad@gmail.com"},{"name":"hzoo","email":"hi@henryzoo.com"},{"name":"jmm","email":"npm-public@jessemccarthy.net"},{"name":"loganfsmyth","email":"loganfsmyth@gmail.com"},{"name":"sebmck","email":"sebmck@gmail.com"},{"name":"thejameskyle","email":"me@thejameskyle.com"}],"directories":{}},"6.5.0":{"name":"babel-plugin-transform-es2015-object-super","version":"6.5.0","description":"Compile ES2015 object super to ES5","repository":{"type":"git","url":"https://github.com/babel/babel/tree/master/packages/babel-plugin-transform-es2015-object-super"},"license":"MIT","main":"lib/index.js","keywords":["babel-plugin"],"dependencies":{"babel-helper-replace-supers":"^6.3.13","babel-runtime":"^5.0.0"},"devDependencies":{"babel-helper-plugin-test-runner":"^6.3.13"},"_id":"babel-plugin-transform-es2015-object-super@6.5.0","scripts":{},"_shasum":"32ace8adee07d3bdbb37fef9f03371c38a24fa6a","_from":".","_npmVersion":"3.6.0","_nodeVersion":"5.1.0","_npmUser":{"name":"hzoo","email":"hi@henryzoo.com"},"dist":{"shasum":"32ace8adee07d3bdbb37fef9f03371c38a24fa6a","tarball":"https://registry.npmjs.org/babel-plugin-transform-es2015-object-super/-/babel-plugin-transform-es2015-object-super-6.5.0.tgz"},"maintainers":[{"name":"amasad","email":"amjad.masad@gmail.com"},{"name":"hzoo","email":"hi@henryzoo.com"},{"name":"jmm","email":"npm-public@jessemccarthy.net"},{"name":"loganfsmyth","email":"loganfsmyth@gmail.com"},{"name":"sebmck","email":"sebmck@gmail.com"},{"name":"thejameskyle","email":"me@thejameskyle.com"}],"_npmOperationalInternal":{"host":"packages-6-west.internal.npmjs.com","tmp":"tmp/babel-plugin-transform-es2015-object-super-6.5.0.tgz_1454803659311_0.7661569411866367"},"directories":{}},"6.5.0-1":{"name":"babel-plugin-transform-es2015-object-super","version":"6.5.0-1","description":"Compile ES2015 object super to ES5","repository":{"type":"git","url":"https://github.com/babel/babel/tree/master/packages/babel-plugin-transform-es2015-object-super"},"license":"MIT","main":"lib/index.js","keywords":["babel-plugin"],"dependencies":{"babel-helper-replace-supers":"^6.5.0-1","babel-runtime":"^5.0.0"},"devDependencies":{"babel-helper-plugin-test-runner":"^6.5.0-1"},"_id":"babel-plugin-transform-es2015-object-super@6.5.0-1","scripts":{},"_shasum":"332808388c722a207a1b871a4941839a90598001","_from":".","_npmVersion":"3.6.0","_nodeVersion":"5.1.0","_npmUser":{"name":"hzoo","email":"hi@henryzoo.com"},"dist":{"shasum":"332808388c722a207a1b871a4941839a90598001","tarball":"https://registry.npmjs.org/babel-plugin-transform-es2015-object-super/-/babel-plugin-transform-es2015-object-super-6.5.0-1.tgz"},"maintainers":[{"name":"amasad","email":"amjad.masad@gmail.com"},{"name":"hzoo","email":"hi@henryzoo.com"},{"name":"jmm","email":"npm-public@jessemccarthy.net"},{"name":"loganfsmyth","email":"loganfsmyth@gmail.com"},{"name":"sebmck","email":"sebmck@gmail.com"},{"name":"thejameskyle","email":"me@thejameskyle.com"}],"_npmOperationalInternal":{"host":"packages-9-west.internal.npmjs.com","tmp":"tmp/babel-plugin-transform-es2015-object-super-6.5.0-1.tgz_1454812851839_0.8510863110423088"},"directories":{}},"6.6.4":{"name":"babel-plugin-transform-es2015-object-super","version":"6.6.4","description":"Compile ES2015 object super to ES5","repository":{"type":"git","url":"https://github.com/babel/babel/tree/master/packages/babel-plugin-transform-es2015-object-super"},"license":"MIT","main":"lib/index.js","keywords":["babel-plugin"],"dependencies":{"babel-helper-replace-supers":"^6.6.4","babel-runtime":"^5.0.0"},"devDependencies":{"babel-helper-plugin-test-runner":"^6.3.13"},"_id":"babel-plugin-transform-es2015-object-super@6.6.4","scripts":{},"_shasum":"ba0ef0aa8269ca07909d5fd82b33d75905d5ec6e","_from":".","_npmVersion":"3.6.0","_nodeVersion":"5.1.0","_npmUser":{"name":"hzoo","email":"hi@henryzoo.com"},"dist":{"shasum":"ba0ef0aa8269ca07909d5fd82b33d75905d5ec6e","tarball":"https://registry.npmjs.org/babel-plugin-transform-es2015-object-super/-/babel-plugin-transform-es2015-object-super-6.6.4.tgz"},"maintainers":[{"name":"amasad","email":"amjad.masad@gmail.com"},{"name":"hzoo","email":"hi@henryzoo.com"},{"name":"jmm","email":"npm-public@jessemccarthy.net"},{"name":"loganfsmyth","email":"loganfsmyth@gmail.com"},{"name":"sebmck","email":"sebmck@gmail.com"},{"name":"thejameskyle","email":"me@thejameskyle.com"}],"_npmOperationalInternal":{"host":"packages-13-west.internal.npmjs.com","tmp":"tmp/babel-plugin-transform-es2015-object-super-6.6.4.tgz_1456954187057_0.9960963372141123"},"directories":{}},"6.6.5":{"name":"babel-plugin-transform-es2015-object-super","version":"6.6.5","description":"Compile ES2015 object super to ES5","repository":{"type":"git","url":"https://github.com/babel/babel/tree/master/packages/babel-plugin-transform-es2015-object-super"},"license":"MIT","main":"lib/index.js","keywords":["babel-plugin"],"dependencies":{"babel-helper-replace-supers":"^6.6.5","babel-runtime":"^5.0.0"},"devDependencies":{"babel-helper-plugin-test-runner":"^6.3.13"},"_id":"babel-plugin-transform-es2015-object-super@6.6.5","scripts":{},"_shasum":"ed29ca5b175d97e8acdadc258bcf40a564e906a4","_from":".","_npmVersion":"3.6.0","_nodeVersion":"5.1.0","_npmUser":{"name":"hzoo","email":"hi@henryzoo.com"},"dist":{"shasum":"ed29ca5b175d97e8acdadc258bcf40a564e906a4","tarball":"https://registry.npmjs.org/babel-plugin-transform-es2015-object-super/-/babel-plugin-transform-es2015-object-super-6.6.5.tgz"},"maintainers":[{"name":"amasad","email":"amjad.masad@gmail.com"},{"name":"hzoo","email":"hi@henryzoo.com"},{"name":"jmm","email":"npm-public@jessemccarthy.net"},{"name":"loganfsmyth","email":"loganfsmyth@gmail.com"},{"name":"sebmck","email":"sebmck@gmail.com"},{"name":"thejameskyle","email":"me@thejameskyle.com"}],"_npmOperationalInternal":{"host":"packages-13-west.internal.npmjs.com","tmp":"tmp/babel-plugin-transform-es2015-object-super-6.6.5.tgz_1457133417645_0.757795168319717"},"directories":{}},"6.8.0":{"name":"babel-plugin-transform-es2015-object-super","version":"6.8.0","description":"Compile ES2015 object super to ES5","repository":{"type":"git","url":"https://github.com/babel/babel/tree/master/packages/babel-plugin-transform-es2015-object-super"},"license":"MIT","main":"lib/index.js","keywords":["babel-plugin"],"dependencies":{"babel-helper-replace-supers":"^6.8.0","babel-runtime":"^6.0.0"},"devDependencies":{"babel-helper-plugin-test-runner":"^6.8.0"},"_id":"babel-plugin-transform-es2015-object-super@6.8.0","scripts":{},"_shasum":"1b858740a5a4400887c23dcff6f4d56eea4a24c5","_from":".","_npmVersion":"3.8.6","_nodeVersion":"5.1.0","_npmUser":{"name":"hzoo","email":"hi@henryzoo.com"},"maintainers":[{"name":"amasad","email":"amjad.masad@gmail.com"},{"name":"hzoo","email":"hi@henryzoo.com"},{"name":"jmm","email":"npm-public@jessemccarthy.net"},{"name":"loganfsmyth","email":"loganfsmyth@gmail.com"},{"name":"sebmck","email":"sebmck@gmail.com"},{"name":"thejameskyle","email":"me@thejameskyle.com"}],"dist":{"shasum":"1b858740a5a4400887c23dcff6f4d56eea4a24c5","tarball":"https://registry.npmjs.org/babel-plugin-transform-es2015-object-super/-/babel-plugin-transform-es2015-object-super-6.8.0.tgz"},"_npmOperationalInternal":{"host":"packages-16-east.internal.npmjs.com","tmp":"tmp/babel-plugin-transform-es2015-object-super-6.8.0.tgz_1462232687122_0.37952318019233644"},"directories":{}},"6.22.0":{"name":"babel-plugin-transform-es2015-object-super","version":"6.22.0","description":"Compile ES2015 object super to ES5","repository":{"type":"git","url":"https://github.com/babel/babel/tree/master/packages/babel-plugin-transform-es2015-object-super"},"license":"MIT","main":"lib/index.js","keywords":["babel-plugin"],"dependencies":{"babel-helper-replace-supers":"^6.22.0","babel-runtime":"^6.22.0"},"devDependencies":{"babel-helper-plugin-test-runner":"^6.22.0"},"_id":"babel-plugin-transform-es2015-object-super@6.22.0","scripts":{},"_shasum":"daa60e114a042ea769dd53fe528fc82311eb98fc","_from":".","_npmVersion":"3.10.10","_nodeVersion":"6.9.0","_npmUser":{"name":"hzoo","email":"hi@henryzoo.com"},"dist":{"shasum":"daa60e114a042ea769dd53fe528fc82311eb98fc","tarball":"https://registry.npmjs.org/babel-plugin-transform-es2015-object-super/-/babel-plugin-transform-es2015-object-super-6.22.0.tgz"},"maintainers":[{"name":"amasad","email":"amjad.masad@gmail.com"},{"name":"hzoo","email":"hi@henryzoo.com"},{"name":"jmm","email":"npm-public@jessemccarthy.net"},{"name":"loganfsmyth","email":"loganfsmyth@gmail.com"},{"name":"sebmck","email":"sebmck@gmail.com"},{"name":"thejameskyle","email":"me@thejameskyle.com"}],"_npmOperationalInternal":{"host":"packages-18-east.internal.npmjs.com","tmp":"tmp/babel-plugin-transform-es2015-object-super-6.22.0.tgz_1484872437604_0.9438816735055298"},"directories":{}},"7.0.0-alpha.1":{"name":"babel-plugin-transform-es2015-object-super","version":"7.0.0-alpha.1","description":"Compile ES2015 object super to ES5","repository":{"type":"git","url":"https://github.com/babel/babel/tree/master/packages/babel-plugin-transform-es2015-object-super"},"license":"MIT","main":"lib/index.js","keywords":["babel-plugin"],"dependencies":{"babel-helper-replace-supers":"7.0.0-alpha.1"},"devDependencies":{"babel-helper-plugin-test-runner":"7.0.0-alpha.1"},"_id":"babel-plugin-transform-es2015-object-super@7.0.0-alpha.1","scripts":{},"_shasum":"2185395a0212a041435efa9ce4efea04301cd3b7","_from":".","_npmVersion":"3.10.10","_nodeVersion":"6.9.0","_npmUser":{"name":"hzoo","email":"hi@henryzoo.com"},"dist":{"shasum":"2185395a0212a041435efa9ce4efea04301cd3b7","tarball":"https://registry.npmjs.org/babel-plugin-transform-es2015-object-super/-/babel-plugin-transform-es2015-object-super-7.0.0-alpha.1.tgz"},"maintainers":[{"name":"amasad","email":"amjad.masad@gmail.com"},{"name":"hzoo","email":"hi@henryzoo.com"},{"name":"jmm","email":"npm-public@jessemccarthy.net"},{"name":"loganfsmyth","email":"loganfsmyth@gmail.com"},{"name":"sebmck","email":"sebmck@gmail.com"},{"name":"thejameskyle","email":"me@thejameskyle.com"}],"_npmOperationalInternal":{"host":"packages-18-east.internal.npmjs.com","tmp":"tmp/babel-plugin-transform-es2015-object-super-7.0.0-alpha.1.tgz_1488488756063_0.4043025760911405"},"directories":{}},"7.0.0-alpha.3":{"name":"babel-plugin-transform-es2015-object-super","version":"7.0.0-alpha.3","description":"Compile ES2015 object super to ES5","repository":{"type":"git","url":"https://github.com/babel/babel/tree/master/packages/babel-plugin-transform-es2015-object-super"},"license":"MIT","main":"lib/index.js","keywords":["babel-plugin"],"dependencies":{"babel-helper-replace-supers":"7.0.0-alpha.3"},"devDependencies":{"babel-helper-plugin-test-runner":"7.0.0-alpha.3"},"_id":"babel-plugin-transform-es2015-object-super@7.0.0-alpha.3","scripts":{},"_shasum":"b27368c505aa951656cc96749b485401da620429","_from":".","_npmVersion":"3.10.10","_nodeVersion":"6.9.0","_npmUser":{"name":"hzoo","email":"hi@henryzoo.com"},"dist":{"shasum":"b27368c505aa951656cc96749b485401da620429","tarball":"https://registry.npmjs.org/babel-plugin-transform-es2015-object-super/-/babel-plugin-transform-es2015-object-super-7.0.0-alpha.3.tgz"},"maintainers":[{"name":"amasad","email":"amjad.masad@gmail.com"},{"name":"hzoo","email":"hi@henryzoo.com"},{"name":"jmm","email":"npm-public@jessemccarthy.net"},{"name":"loganfsmyth","email":"loganfsmyth@gmail.com"},{"name":"sebmck","email":"sebmck@gmail.com"},{"name":"thejameskyle","email":"me@thejameskyle.com"}],"_npmOperationalInternal":{"host":"packages-12-west.internal.npmjs.com","tmp":"tmp/babel-plugin-transform-es2015-object-super-7.0.0-alpha.3.tgz_1490298594036_0.7667953912168741"},"directories":{}},"7.0.0-alpha.7":{"name":"babel-plugin-transform-es2015-object-super","version":"7.0.0-alpha.7","description":"Compile ES2015 object super to ES5","repository":{"type":"git","url":"https://github.com/babel/babel/tree/master/packages/babel-plugin-transform-es2015-object-super"},"license":"MIT","main":"lib/index.js","keywords":["babel-plugin"],"dependencies":{"babel-helper-replace-supers":"7.0.0-alpha.7"},"devDependencies":{"babel-helper-plugin-test-runner":"7.0.0-alpha.7"},"_id":"babel-plugin-transform-es2015-object-super@7.0.0-alpha.7","scripts":{},"_shasum":"0dd56a6bbea14523187c73cede1660280947e91e","_from":".","_npmVersion":"3.10.10","_nodeVersion":"6.9.0","_npmUser":{"name":"hzoo","email":"hi@henryzoo.com"},"dist":{"shasum":"0dd56a6bbea14523187c73cede1660280947e91e","tarball":"https://registry.npmjs.org/babel-plugin-transform-es2015-object-super/-/babel-plugin-transform-es2015-object-super-7.0.0-alpha.7.tgz"},"maintainers":[{"name":"amasad","email":"amjad.masad@gmail.com"},{"name":"hzoo","email":"hi@henryzoo.com"},{"name":"jmm","email":"npm-public@jessemccarthy.net"},{"name":"loganfsmyth","email":"loganfsmyth@gmail.com"},{"name":"sebmck","email":"sebmck@gmail.com"},{"name":"thejameskyle","email":"me@thejameskyle.com"}],"_npmOperationalInternal":{"host":"packages-18-east.internal.npmjs.com","tmp":"tmp/babel-plugin-transform-es2015-object-super-7.0.0-alpha.7.tgz_1491426867503_0.47906529204919934"},"directories":{}},"6.24.1":{"name":"babel-plugin-transform-es2015-object-super","version":"6.24.1","description":"Compile ES2015 object super to ES5","repository":{"type":"git","url":"https://github.com/babel/babel/tree/master/packages/babel-plugin-transform-es2015-object-super"},"license":"MIT","main":"lib/index.js","keywords":["babel-plugin"],"dependencies":{"babel-helper-replace-supers":"^6.24.1","babel-runtime":"^6.22.0"},"devDependencies":{"babel-helper-plugin-test-runner":"^6.24.1"},"_id":"babel-plugin-transform-es2015-object-super@6.24.1","scripts":{},"_shasum":"24cef69ae21cb83a7f8603dad021f572eb278f8d","_from":".","_npmVersion":"3.10.10","_nodeVersion":"6.9.0","_npmUser":{"name":"hzoo","email":"hi@henryzoo.com"},"dist":{"shasum":"24cef69ae21cb83a7f8603dad021f572eb278f8d","tarball":"https://registry.npmjs.org/babel-plugin-transform-es2015-object-super/-/babel-plugin-transform-es2015-object-super-6.24.1.tgz"},"maintainers":[{"name":"amasad","email":"amjad.masad@gmail.com"},{"name":"hzoo","email":"hi@henryzoo.com"},{"name":"jmm","email":"npm-public@jessemccarthy.net"},{"name":"loganfsmyth","email":"loganfsmyth@gmail.com"},{"name":"sebmck","email":"sebmck@gmail.com"},{"name":"thejameskyle","email":"me@thejameskyle.com"}],"_npmOperationalInternal":{"host":"packages-12-west.internal.npmjs.com","tmp":"tmp/babel-plugin-transform-es2015-object-super-6.24.1.tgz_1491578374085_0.19697221810929477"},"directories":{}},"7.0.0-alpha.8":{"name":"babel-plugin-transform-es2015-object-super","version":"7.0.0-alpha.8","description":"Compile ES2015 object super to ES5","repository":{"type":"git","url":"https://github.com/babel/babel/tree/master/packages/babel-plugin-transform-es2015-object-super"},"license":"MIT","main":"lib/index.js","keywords":["babel-plugin"],"dependencies":{"babel-helper-replace-supers":"7.0.0-alpha.8"},"devDependencies":{"babel-helper-plugin-test-runner":"7.0.0-alpha.8"},"_id":"babel-plugin-transform-es2015-object-super@7.0.0-alpha.8","scripts":{},"_shasum":"cffdd0fb416d2fa558e1440b00efe2eabd4232d6","_from":".","_npmVersion":"3.10.10","_nodeVersion":"6.9.0","_npmUser":{"name":"hzoo","email":"hi@henryzoo.com"},"dist":{"shasum":"cffdd0fb416d2fa558e1440b00efe2eabd4232d6","tarball":"https://registry.npmjs.org/babel-plugin-transform-es2015-object-super/-/babel-plugin-transform-es2015-object-super-7.0.0-alpha.8.tgz"},"maintainers":[{"name":"amasad","email":"amjad.masad@gmail.com"},{"name":"hzoo","email":"hi@henryzoo.com"},{"name":"jmm","email":"npm-public@jessemccarthy.net"},{"name":"loganfsmyth","email":"loganfsmyth@gmail.com"},{"name":"sebmck","email":"sebmck@gmail.com"},{"name":"thejameskyle","email":"me@thejameskyle.com"}],"_npmOperationalInternal":{"host":"packages-12-west.internal.npmjs.com","tmp":"tmp/babel-plugin-transform-es2015-object-super-7.0.0-alpha.8.tgz_1492456401802_0.28550599864684045"},"directories":{}},"7.0.0-alpha.9":{"name":"babel-plugin-transform-es2015-object-super","version":"7.0.0-alpha.9","description":"Compile ES2015 object super to ES5","repository":{"type":"git","url":"https://github.com/babel/babel/tree/master/packages/babel-plugin-transform-es2015-object-super"},"license":"MIT","main":"lib/index.js","keywords":["babel-plugin"],"dependencies":{"babel-helper-replace-supers":"7.0.0-alpha.9"},"devDependencies":{"babel-helper-plugin-test-runner":"7.0.0-alpha.9"},"_id":"babel-plugin-transform-es2015-object-super@7.0.0-alpha.9","scripts":{},"_shasum":"21fd8d96977753af28ad2c29f04e247e6976d214","_from":".","_npmVersion":"3.10.10","_nodeVersion":"6.9.0","_npmUser":{"name":"hzoo","email":"hi@henryzoo.com"},"dist":{"shasum":"21fd8d96977753af28ad2c29f04e247e6976d214","tarball":"https://registry.npmjs.org/babel-plugin-transform-es2015-object-super/-/babel-plugin-transform-es2015-object-super-7.0.0-alpha.9.tgz"},"maintainers":[{"name":"amasad","email":"amjad.masad@gmail.com"},{"name":"hzoo","email":"hi@henryzoo.com"},{"name":"jmm","email":"npm-public@jessemccarthy.net"},{"name":"loganfsmyth","email":"loganfsmyth@gmail.com"},{"name":"sebmck","email":"sebmck@gmail.com"},{"name":"thejameskyle","email":"me@thejameskyle.com"}],"_npmOperationalInternal":{"host":"packages-12-west.internal.npmjs.com","tmp":"tmp/babel-plugin-transform-es2015-object-super-7.0.0-alpha.9.tgz_1492526547566_0.9852952365763485"},"directories":{}},"7.0.0-alpha.10":{"name":"babel-plugin-transform-es2015-object-super","version":"7.0.0-alpha.10","description":"Compile ES2015 object super to ES5","repository":{"type":"git","url":"https://github.com/babel/babel/tree/master/packages/babel-plugin-transform-es2015-object-super"},"license":"MIT","main":"lib/index.js","keywords":["babel-plugin"],"dependencies":{"babel-helper-replace-supers":"7.0.0-alpha.10"},"devDependencies":{"babel-helper-plugin-test-runner":"7.0.0-alpha.10"},"_id":"babel-plugin-transform-es2015-object-super@7.0.0-alpha.10","scripts":{},"_shasum":"41877de10027f9d3813716e551b772ae0785b41f","_from":".","_npmVersion":"3.10.10","_nodeVersion":"6.9.0","_npmUser":{"name":"hzoo","email":"hi@henryzoo.com"},"dist":{"shasum":"41877de10027f9d3813716e551b772ae0785b41f","tarball":"https://registry.npmjs.org/babel-plugin-transform-es2015-object-super/-/babel-plugin-transform-es2015-object-super-7.0.0-alpha.10.tgz"},"maintainers":[{"email":"daniel@tschinder.de","name":"danez"},{"email":"hi@henryzoo.com","name":"hzoo"},{"email":"loganfsmyth@gmail.com","name":"loganfsmyth"}],"_npmOperationalInternal":{"host":"s3://npm-registry-packages","tmp":"tmp/babel-plugin-transform-es2015-object-super-7.0.0-alpha.10.tgz_1495739870447_0.5918989947531372"},"directories":{}},"7.0.0-alpha.11":{"name":"babel-plugin-transform-es2015-object-super","version":"7.0.0-alpha.11","description":"Compile ES2015 object super to ES5","repository":{"type":"git","url":"https://github.com/babel/babel/tree/master/packages/babel-plugin-transform-es2015-object-super"},"license":"MIT","main":"lib/index.js","keywords":["babel-plugin"],"dependencies":{"babel-helper-replace-supers":"7.0.0-alpha.11"},"devDependencies":{"babel-helper-plugin-test-runner":"7.0.0-alpha.11"},"_id":"babel-plugin-transform-es2015-object-super@7.0.0-alpha.11","_npmVersion":"5.0.0","_nodeVersion":"6.9.0","_npmUser":{"name":"hzoo","email":"hi@henryzoo.com"},"dist":{"integrity":"sha512-zQfoi9pjOnLPJ8WszCwTyvis/gG4QeYlhc+C7E3Pc1ggx+yPXsMD5ypsKq0e2+RRD9dcfGzmt2xARPkOpmuRqQ==","shasum":"231f86580fd979f9aba6f46f757e624857c03159","tarball":"https://registry.npmjs.org/babel-plugin-transform-es2015-object-super/-/babel-plugin-transform-es2015-object-super-7.0.0-alpha.11.tgz"},"maintainers":[{"email":"sebmck@gmail.com","name":"sebmck"},{"email":"daniel@tschinder.de","name":"danez"},{"email":"hi@henryzoo.com","name":"hzoo"},{"email":"loganfsmyth@gmail.com","name":"loganfsmyth"}],"_npmOperationalInternal":{"host":"s3://npm-registry-packages","tmp":"tmp/babel-plugin-transform-es2015-object-super-7.0.0-alpha.11.tgz_1496263439499_0.35198616818524897"},"directories":{}},"7.0.0-alpha.12":{"name":"babel-plugin-transform-es2015-object-super","version":"7.0.0-alpha.12","description":"Compile ES2015 object super to ES5","repository":{"type":"git","url":"https://github.com/babel/babel/tree/master/packages/babel-plugin-transform-es2015-object-super"},"license":"MIT","main":"lib/index.js","keywords":["babel-plugin"],"dependencies":{"babel-helper-replace-supers":"7.0.0-alpha.12"},"devDependencies":{"babel-helper-plugin-test-runner":"7.0.0-alpha.12"},"_id":"babel-plugin-transform-es2015-object-super@7.0.0-alpha.12","_npmVersion":"5.0.0","_nodeVersion":"6.9.0","_npmUser":{"name":"hzoo","email":"hi@henryzoo.com"},"dist":{"integrity":"sha512-oPgEGKlR24sHZiNs4lo7SR1yJ3mLVuIbmv7Rf+2qc1w75v1lEoF0xLm6LbQj8zCdtvGC1jqIJiJVqDYEGf9nyw==","shasum":"a5344782259b89b4d5a11a0dbf4e91664b45f2b0","tarball":"https://registry.npmjs.org/babel-plugin-transform-es2015-object-super/-/babel-plugin-transform-es2015-object-super-7.0.0-alpha.12.tgz"},"maintainers":[{"email":"sebmck@gmail.com","name":"sebmck"},{"email":"daniel@tschinder.de","name":"danez"},{"email":"hi@henryzoo.com","name":"hzoo"},{"email":"loganfsmyth@gmail.com","name":"loganfsmyth"}],"_npmOperationalInternal":{"host":"s3://npm-registry-packages","tmp":"tmp/babel-plugin-transform-es2015-object-super-7.0.0-alpha.12.tgz_1496265134472_0.001879597082734108"},"directories":{}},"7.0.0-alpha.14":{"name":"babel-plugin-transform-es2015-object-super","version":"7.0.0-alpha.14","description":"Compile ES2015 object super to ES5","repository":{"type":"git","url":"https://github.com/babel/babel/tree/master/packages/babel-plugin-transform-es2015-object-super"},"license":"MIT","main":"lib/index.js","keywords":["babel-plugin"],"dependencies":{"babel-helper-replace-supers":"7.0.0-alpha.14"},"devDependencies":{"babel-helper-plugin-test-runner":"7.0.0-alpha.14"},"_id":"babel-plugin-transform-es2015-object-super@7.0.0-alpha.14","scripts":{},"_shasum":"db07e8f9b7a66d9f44065a9e0dbcd103472cde06","_from":".","_npmVersion":"4.6.1","_nodeVersion":"6.9.0","_npmUser":{"name":"hzoo","email":"hi@henryzoo.com"},"dist":{"shasum":"db07e8f9b7a66d9f44065a9e0dbcd103472cde06","tarball":"https://registry.npmjs.org/babel-plugin-transform-es2015-object-super/-/babel-plugin-transform-es2015-object-super-7.0.0-alpha.14.tgz"},"maintainers":[{"email":"sebmck@gmail.com","name":"sebmck"},{"email":"daniel@tschinder.de","name":"danez"},{"email":"hi@henryzoo.com","name":"hzoo"},{"email":"loganfsmyth@gmail.com","name":"loganfsmyth"}],"_npmOperationalInternal":{"host":"s3://npm-registry-packages","tmp":"tmp/babel-plugin-transform-es2015-object-super-7.0.0-alpha.14.tgz_1499828064758_0.9117395682260394"},"directories":{}},"7.0.0-alpha.15":{"name":"babel-plugin-transform-es2015-object-super","version":"7.0.0-alpha.15","description":"Compile ES2015 object super to ES5","repository":{"type":"git","url":"https://github.com/babel/babel/tree/master/packages/babel-plugin-transform-es2015-object-super"},"license":"MIT","main":"lib/index.js","keywords":["babel-plugin"],"dependencies":{"babel-helper-replace-supers":"7.0.0-alpha.15"},"devDependencies":{"babel-helper-plugin-test-runner":"7.0.0-alpha.15"},"_id":"babel-plugin-transform-es2015-object-super@7.0.0-alpha.15","scripts":{},"_shasum":"373b99a53b3eec1805a1ed1e99066e97d037c930","_from":".","_npmVersion":"4.6.1","_nodeVersion":"6.9.0","_npmUser":{"name":"hzoo","email":"hi@henryzoo.com"},"dist":{"shasum":"373b99a53b3eec1805a1ed1e99066e97d037c930","tarball":"https://registry.npmjs.org/babel-plugin-transform-es2015-object-super/-/babel-plugin-transform-es2015-object-super-7.0.0-alpha.15.tgz"},"maintainers":[{"email":"sebmck@gmail.com","name":"sebmck"},{"email":"daniel@tschinder.de","name":"danez"},{"email":"hi@henryzoo.com","name":"hzoo"},{"email":"loganfsmyth@gmail.com","name":"loganfsmyth"}],"_npmOperationalInternal":{"host":"s3://npm-registry-packages","tmp":"tmp/babel-plugin-transform-es2015-object-super-7.0.0-alpha.15.tgz_1499830601933_0.9617975600995123"},"directories":{}},"7.0.0-alpha.16":{"name":"babel-plugin-transform-es2015-object-super","version":"7.0.0-alpha.16","description":"Compile ES2015 object super to ES5","repository":{"type":"git","url":"https://github.com/babel/babel/tree/master/packages/babel-plugin-transform-es2015-object-super"},"license":"MIT","main":"lib/index.js","keywords":["babel-plugin"],"dependencies":{"babel-helper-replace-supers":"7.0.0-alpha.16"},"devDependencies":{"babel-helper-plugin-test-runner":"7.0.0-alpha.16"},"_id":"babel-plugin-transform-es2015-object-super@7.0.0-alpha.16","scripts":{},"_shasum":"9a62dda9f5a66b988d73171a15dd51ca0f5fd477","_from":".","_npmVersion":"4.6.1","_nodeVersion":"6.9.0","_npmUser":{"name":"hzoo","email":"hi@henryzoo.com"},"dist":{"shasum":"9a62dda9f5a66b988d73171a15dd51ca0f5fd477","tarball":"https://registry.npmjs.org/babel-plugin-transform-es2015-object-super/-/babel-plugin-transform-es2015-object-super-7.0.0-alpha.16.tgz"},"maintainers":[{"email":"sebmck@gmail.com","name":"sebmck"},{"email":"daniel@tschinder.de","name":"danez"},{"email":"hi@henryzoo.com","name":"hzoo"},{"email":"loganfsmyth@gmail.com","name":"loganfsmyth"}],"_npmOperationalInternal":{"host":"s3://npm-registry-packages","tmp":"tmp/babel-plugin-transform-es2015-object-super-7.0.0-alpha.16.tgz_1501017514251_0.29871754604391754"},"directories":{}},"7.0.0-alpha.17":{"name":"babel-plugin-transform-es2015-object-super","version":"7.0.0-alpha.17","description":"Compile ES2015 object super to ES5","repository":{"type":"git","url":"https://github.com/babel/babel/tree/master/packages/babel-plugin-transform-es2015-object-super"},"license":"MIT","main":"lib/index.js","keywords":["babel-plugin"],"dependencies":{"babel-helper-replace-supers":"7.0.0-alpha.17"},"devDependencies":{"babel-helper-plugin-test-runner":"7.0.0-alpha.17"},"_id":"babel-plugin-transform-es2015-object-super@7.0.0-alpha.17","scripts":{},"_shasum":"cac0a8d1b9568079a7b96d0a88e28e90af5303cd","_from":".","_npmVersion":"4.6.1","_nodeVersion":"6.9.0","_npmUser":{"name":"hzoo","email":"hi@henryzoo.com"},"dist":{"shasum":"cac0a8d1b9568079a7b96d0a88e28e90af5303cd","tarball":"https://registry.npmjs.org/babel-plugin-transform-es2015-object-super/-/babel-plugin-transform-es2015-object-super-7.0.0-alpha.17.tgz"},"maintainers":[{"email":"sebmck@gmail.com","name":"sebmck"},{"email":"daniel@tschinder.de","name":"danez"},{"email":"hi@henryzoo.com","name":"hzoo"},{"email":"loganfsmyth@gmail.com","name":"loganfsmyth"}],"_npmOperationalInternal":{"host":"s3://npm-registry-packages","tmp":"tmp/babel-plugin-transform-es2015-object-super-7.0.0-alpha.17.tgz_1501072807116_0.4211741518229246"},"directories":{}},"7.0.0-alpha.18":{"name":"babel-plugin-transform-es2015-object-super","version":"7.0.0-alpha.18","description":"Compile ES2015 object super to ES5","repository":{"type":"git","url":"https://github.com/babel/babel/tree/master/packages/babel-plugin-transform-es2015-object-super"},"license":"MIT","main":"lib/index.js","keywords":["babel-plugin"],"dependencies":{"babel-helper-replace-supers":"7.0.0-alpha.18"},"devDependencies":{"babel-helper-plugin-test-runner":"7.0.0-alpha.18"},"_id":"babel-plugin-transform-es2015-object-super@7.0.0-alpha.18","_npmVersion":"5.3.0","_nodeVersion":"8.1.4","_npmUser":{"name":"hzoo","email":"hi@henryzoo.com"},"dist":{"integrity":"sha512-/x4zk++/N4VV1YHqZeuk5XqeQ9x1StXxXEje1lSbsog6gkqjhreZdUUaudSwt35OCBL1QhzoCz1J44QVUQKUnw==","shasum":"98de0157222a27add0119d49d1c5ff3dc1d29045","tarball":"https://registry.npmjs.org/babel-plugin-transform-es2015-object-super/-/babel-plugin-transform-es2015-object-super-7.0.0-alpha.18.tgz"},"maintainers":[{"email":"me@thejameskyle.com","name":"thejameskyle"},{"email":"sebmck@gmail.com","name":"sebmck"},{"email":"daniel@tschinder.de","name":"danez"},{"email":"hi@henryzoo.com","name":"hzoo"},{"email":"loganfsmyth@gmail.com","name":"loganfsmyth"}],"_npmOperationalInternal":{"host":"s3://npm-registry-packages","tmp":"tmp/babel-plugin-transform-es2015-object-super-7.0.0-alpha.18.tgz_1501798897159_0.5330578836146742"},"directories":{}},"7.0.0-alpha.19":{"name":"babel-plugin-transform-es2015-object-super","version":"7.0.0-alpha.19","description":"Compile ES2015 object super to ES5","repository":{"type":"git","url":"https://github.com/babel/babel/tree/master/packages/babel-plugin-transform-es2015-object-super"},"license":"MIT","main":"lib/index.js","keywords":["babel-plugin"],"dependencies":{"babel-helper-replace-supers":"7.0.0-alpha.19"},"devDependencies":{"babel-helper-plugin-test-runner":"7.0.0-alpha.19"},"_id":"babel-plugin-transform-es2015-object-super@7.0.0-alpha.19","_npmVersion":"5.3.0","_nodeVersion":"8.1.4","_npmUser":{"name":"hzoo","email":"hi@henryzoo.com"},"dist":{"integrity":"sha512-5SUB8zZH5j1omVktHXVzVGMhmC/yokWTFixJZ0CqSRuAwoFTuaBgHsj/T1QtmMZbvrJ3PsV8uCrg8zO7Z2yUgw==","shasum":"67df7402585f593d55069850d1d11bc829c5f4ed","tarball":"https://registry.npmjs.org/babel-plugin-transform-es2015-object-super/-/babel-plugin-transform-es2015-object-super-7.0.0-alpha.19.tgz"},"maintainers":[{"email":"me@thejameskyle.com","name":"thejameskyle"},{"email":"sebmck@gmail.com","name":"sebmck"},{"email":"daniel@tschinder.de","name":"danez"},{"email":"hi@henryzoo.com","name":"hzoo"},{"email":"loganfsmyth@gmail.com","name":"loganfsmyth"}],"_npmOperationalInternal":{"host":"s3://npm-registry-packages","tmp":"tmp/babel-plugin-transform-es2015-object-super-7.0.0-alpha.19.tgz_1502144540458_0.5266919611021876"},"directories":{}},"7.0.0-alpha.20":{"name":"babel-plugin-transform-es2015-object-super","version":"7.0.0-alpha.20","description":"Compile ES2015 object super to ES5","repository":{"type":"git","url":"https://github.com/babel/babel/tree/master/packages/babel-plugin-transform-es2015-object-super"},"license":"MIT","main":"lib/index.js","keywords":["babel-plugin"],"dependencies":{"babel-helper-replace-supers":"7.0.0-alpha.20"},"devDependencies":{"babel-helper-plugin-test-runner":"7.0.0-alpha.20"},"_id":"babel-plugin-transform-es2015-object-super@7.0.0-alpha.20","_npmVersion":"5.3.0","_nodeVersion":"8.1.4","_npmUser":{"name":"hzoo","email":"hi@henryzoo.com"},"dist":{"integrity":"sha512-+exBoJCuwTG6s+YC0C/K42xzkAG8gCBetqxw9U/bep4F0NlGdkqCvlNXP7ULDWbWwwmNN8AlL3V5KMF9DBkDmg==","shasum":"bd36669cc78c4c215cb6ffa10841531e8d5ed9f3","tarball":"https://registry.npmjs.org/babel-plugin-transform-es2015-object-super/-/babel-plugin-transform-es2015-object-super-7.0.0-alpha.20.tgz"},"maintainers":[{"email":"me@thejameskyle.com","name":"thejameskyle"},{"email":"sebmck@gmail.com","name":"sebmck"},{"email":"daniel@tschinder.de","name":"danez"},{"email":"hi@henryzoo.com","name":"hzoo"},{"email":"loganfsmyth@gmail.com","name":"loganfsmyth"}],"_npmOperationalInternal":{"host":"s3://npm-registry-packages","tmp":"tmp/babel-plugin-transform-es2015-object-super-7.0.0-alpha.20.tgz_1504119886822_0.024064153898507357"},"directories":{}},"7.0.0-beta.0":{"name":"babel-plugin-transform-es2015-object-super","version":"7.0.0-beta.0","description":"Compile ES2015 object super to ES5","repository":{"type":"git","url":"https://github.com/babel/babel/tree/master/packages/babel-plugin-transform-es2015-object-super"},"license":"MIT","main":"lib/index.js","keywords":["babel-plugin"],"dependencies":{"babel-helper-replace-supers":"7.0.0-beta.0"},"devDependencies":{"babel-helper-plugin-test-runner":"7.0.0-beta.0"},"_id":"babel-plugin-transform-es2015-object-super@7.0.0-beta.0","_npmVersion":"5.3.0","_nodeVersion":"8.1.4","_npmUser":{"name":"hzoo","email":"hi@henryzoo.com"},"dist":{"integrity":"sha512-TNByiuI/bo9s+iq556cfpWtVcgewlTQ7SHEnz3sAMFnaf1cStf8hmXXqlHIdNirmC8x0fW15wl6Lh3FgNO3Ysg==","shasum":"9e5b531ad3a0f730dd837b2a7d89c6d345146c57","tarball":"https://registry.npmjs.org/babel-plugin-transform-es2015-object-super/-/babel-plugin-transform-es2015-object-super-7.0.0-beta.0.tgz"},"maintainers":[{"email":"me@thejameskyle.com","name":"thejameskyle"},{"email":"sebmck@gmail.com","name":"sebmck"},{"email":"daniel@tschinder.de","name":"danez"},{"email":"hi@henryzoo.com","name":"hzoo"},{"email":"loganfsmyth@gmail.com","name":"loganfsmyth"}],"_npmOperationalInternal":{"host":"s3://npm-registry-packages","tmp":"tmp/babel-plugin-transform-es2015-object-super-7.0.0-beta.0.tgz_1505185387580_0.6853807936422527"},"directories":{}},"7.0.0-beta.1":{"name":"babel-plugin-transform-es2015-object-super","version":"7.0.0-beta.1","description":"Compile ES2015 object super to ES5","repository":{"type":"git","url":"https://github.com/babel/babel/tree/master/packages/babel-plugin-transform-es2015-object-super"},"license":"MIT","main":"lib/index.js","keywords":["babel-plugin"],"dependencies":{"babel-helper-replace-supers":"7.0.0-beta.1"},"devDependencies":{"babel-helper-plugin-test-runner":"7.0.0-beta.1"},"_id":"babel-plugin-transform-es2015-object-super@7.0.0-beta.1","_npmVersion":"5.4.1","_nodeVersion":"8.1.4","_npmUser":{"name":"hzoo","email":"hi@henryzoo.com"},"dist":{"integrity":"sha512-LsUecLnAMO3hG6znRqA8oazMuKZONWvzf0WPx42MtQwtGiuIofnOfdZ1jVx1ZthzvjXF/H7bW3+PQKtCtv5OTQ==","shasum":"8befa276a2abbce66ce877e5612ef1ed4fb8d8c9","tarball":"https://registry.npmjs.org/babel-plugin-transform-es2015-object-super/-/babel-plugin-transform-es2015-object-super-7.0.0-beta.1.tgz"},"maintainers":[{"email":"me@thejameskyle.com","name":"thejameskyle"},{"email":"sebmck@gmail.com","name":"sebmck"},{"email":"daniel@tschinder.de","name":"danez"},{"email":"hi@henryzoo.com","name":"hzoo"},{"email":"loganfsmyth@gmail.com","name":"loganfsmyth"}],"_npmOperationalInternal":{"host":"s3://npm-registry-packages","tmp":"tmp/babel-plugin-transform-es2015-object-super-7.0.0-beta.1.tgz_1505852695313_0.24281795835122466"},"directories":{}},"7.0.0-beta.2":{"name":"babel-plugin-transform-es2015-object-super","version":"7.0.0-beta.2","description":"Compile ES2015 object super to ES5","repository":{"type":"git","url":"https://github.com/babel/babel/tree/master/packages/babel-plugin-transform-es2015-object-super"},"license":"MIT","main":"lib/index.js","keywords":["babel-plugin"],"dependencies":{"babel-helper-replace-supers":"7.0.0-beta.2"},"devDependencies":{"babel-helper-plugin-test-runner":"7.0.0-beta.2"},"_id":"babel-plugin-transform-es2015-object-super@7.0.0-beta.2","_npmVersion":"5.4.1","_nodeVersion":"8.1.4","_npmUser":{"name":"hzoo","email":"hi@henryzoo.com"},"dist":{"integrity":"sha512-kwm0aNaxN1IRbMNhOugUjA3zRN6U6RKLMSZ2wq9nWsErS7hlXsxxXd/rX56NHMv7eqQz+Ww2Z7Ty/51bBH/q+w==","shasum":"64512343955490ba37dc9c2db7b88b5f2d08e580","tarball":"https://registry.npmjs.org/babel-plugin-transform-es2015-object-super/-/babel-plugin-transform-es2015-object-super-7.0.0-beta.2.tgz"},"maintainers":[{"email":"bng412@gmail.com","name":"existentialism"},{"email":"me@thejameskyle.com","name":"thejameskyle"},{"email":"sebmck@gmail.com","name":"sebmck"},{"email":"daniel@tschinder.de","name":"danez"},{"email":"hi@henryzoo.com","name":"hzoo"},{"email":"loganfsmyth@gmail.com","name":"loganfsmyth"}],"_npmOperationalInternal":{"host":"s3://npm-registry-packages","tmp":"tmp/babel-plugin-transform-es2015-object-super-7.0.0-beta.2.tgz_1506438971826_0.8350020772777498"},"directories":{}},"7.0.0-beta.3":{"name":"babel-plugin-transform-es2015-object-super","version":"7.0.0-beta.3","description":"Compile ES2015 object super to ES5","repository":{"type":"git","url":"https://github.com/babel/babel/tree/master/packages/babel-plugin-transform-es2015-object-super"},"license":"MIT","main":"lib/index.js","keywords":["babel-plugin"],"dependencies":{"babel-helper-replace-supers":"7.0.0-beta.3"},"devDependencies":{"babel-helper-plugin-test-runner":"7.0.0-beta.3"},"_id":"babel-plugin-transform-es2015-object-super@7.0.0-beta.3","_npmVersion":"5.5.1","_nodeVersion":"8.1.4","_npmUser":{"name":"hzoo","email":"hi@henryzoo.com"},"dist":{"integrity":"sha512-yNMxez22uwWZ17nKH+PbZl4sIq7VCqjbOXF8B7pItq2cGRDH2wTbdpRCkWWfIJyxoXR9JYftSj4g95Ev+ris5g==","shasum":"85a4637c913c809de49b31e8f68f012b00998b30","tarball":"https://registry.npmjs.org/babel-plugin-transform-es2015-object-super/-/babel-plugin-transform-es2015-object-super-7.0.0-beta.3.tgz"},"maintainers":[{"email":"bng412@gmail.com","name":"existentialism"},{"email":"me@thejameskyle.com","name":"thejameskyle"},{"email":"sebmck@gmail.com","name":"sebmck"},{"email":"daniel@tschinder.de","name":"danez"},{"email":"hi@henryzoo.com","name":"hzoo"},{"email":"loganfsmyth@gmail.com","name":"loganfsmyth"}],"_npmOperationalInternal":{"host":"s3://npm-registry-packages","tmp":"tmp/babel-plugin-transform-es2015-object-super-7.0.0-beta.3.tgz_1508073157303_0.587975520407781"},"directories":{}}},"readme":"# babel-plugin-transform-es2015-object-super\n\n> Compile ES2015 object super to ES5\n\n## Installation\n\n```sh\nnpm install --save-dev babel-plugin-transform-es2015-object-super\n```\n\n## Usage\n\n### Via `.babelrc` (Recommended)\n\n**.babelrc**\n\n```json\n{\n  \"plugins\": [\"transform-es2015-object-super\"]\n}\n```\n\n### Via CLI\n\n```sh\nbabel --plugins transform-es2015-object-super script.js\n```\n\n### Via Node API\n\n```javascript\nrequire(\"babel-core\").transform(\"code\", {\n  plugins: [\"transform-es2015-object-super\"]\n});\n```\n","maintainers":[{"email":"bng412@gmail.com","name":"existentialism"},{"email":"me@thejameskyle.com","name":"thejameskyle"},{"email":"sebmck@gmail.com","name":"sebmck"},{"email":"daniel@tschinder.de","name":"danez"},{"email":"hi@henryzoo.com","name":"hzoo"},{"email":"loganfsmyth@gmail.com","name":"loganfsmyth"}],"time":{"modified":"2017-10-15T13:12:38.231Z","created":"2015-10-29T18:15:06.645Z","6.0.2":"2015-10-29T18:15:06.645Z","6.0.14":"2015-10-30T23:38:20.626Z","6.1.4":"2015-11-11T10:25:02.929Z","6.1.5":"2015-11-12T07:01:31.629Z","6.1.17":"2015-11-12T21:42:19.340Z","6.1.18":"2015-11-12T21:50:23.249Z","6.2.4":"2015-11-25T03:14:33.612Z","6.3.13":"2015-12-04T11:59:24.917Z","6.4.0":"2016-01-06T20:34:54.042Z","6.5.0":"2016-02-07T00:07:42.126Z","6.5.0-1":"2016-02-07T02:40:54.313Z","6.6.4":"2016-03-02T21:29:49.809Z","6.6.5":"2016-03-04T23:17:01.050Z","6.8.0":"2016-05-02T23:44:48.257Z","6.22.0":"2017-01-20T00:33:58.506Z","7.0.0-alpha.1":"2017-03-02T21:05:56.701Z","7.0.0-alpha.3":"2017-03-23T19:49:54.293Z","7.0.0-alpha.7":"2017-04-05T21:14:28.288Z","6.24.1":"2017-04-07T15:19:34.360Z","7.0.0-alpha.8":"2017-04-17T19:13:22.050Z","7.0.0-alpha.9":"2017-04-18T14:42:27.815Z","7.0.0-alpha.10":"2017-05-25T19:17:51.220Z","7.0.0-alpha.11":"2017-05-31T20:43:59.603Z","7.0.0-alpha.12":"2017-05-31T21:12:14.566Z","7.0.0-alpha.14":"2017-07-12T02:54:25.625Z","7.0.0-alpha.15":"2017-07-12T03:36:42.837Z","7.0.0-alpha.16":"2017-07-25T21:18:35.462Z","7.0.0-alpha.17":"2017-07-26T12:40:08.118Z","7.0.0-alpha.18":"2017-08-03T22:21:37.234Z","7.0.0-alpha.19":"2017-08-07T22:22:20.525Z","7.0.0-alpha.20":"2017-08-30T19:04:46.942Z","7.0.0-beta.0":"2017-09-12T03:03:08.497Z","7.0.0-beta.1":"2017-09-19T20:24:55.402Z","7.0.0-beta.2":"2017-09-26T15:16:12.741Z","7.0.0-beta.3":"2017-10-15T13:12:38.231Z"},"keywords":["babel-plugin"],"repository":{"type":"git","url":"https://github.com/babel/babel/tree/master/packages/babel-plugin-transform-es2015-object-super"},"license":"MIT","readmeFilename":"README.md","users":{"mkamakura":true},"_attachments":{},"_etag":"W/\"846edadb38f91521a59d32f886108953\"","_lastModified":"Sat, 26 May 2018 17:58:38 GMT"}