{"_id":"babel-plugin-transform-es2015-sticky-regex","_rev":"58-ea997e7563f316c6da086406d52960d8","name":"babel-plugin-transform-es2015-sticky-regex","description":"Compile ES2015 sticky regex to an ES5 RegExp constructor","dist-tags":{"latest":"6.24.1","next":"7.0.0-beta.3"},"versions":{"6.0.2":{"name":"babel-plugin-transform-es2015-sticky-regex","version":"6.0.2","description":"Compile ES2015 sticky regex to an ES5 RegExp constructor","repository":{"type":"git","url":"git+https://github.com/babel/babel.git"},"license":"MIT","main":"lib/index.js","keywords":["babel-plugin"],"dependencies":{"babel-helper-regex":"^6.0.2","babel-types":"^6.0.2","babel-runtime":"^6.0.2"},"bugs":{"url":"https://github.com/babel/babel/issues"},"homepage":"https://github.com/babel/babel#readme","_id":"babel-plugin-transform-es2015-sticky-regex@6.0.2","scripts":{},"_shasum":"cafa024d69d9f22693b52831c07d122c76ab5c46","_from":".","_npmVersion":"2.14.3","_nodeVersion":"4.1.0","_npmUser":{"name":"sebmck","email":"sebmck@gmail.com"},"dist":{"shasum":"cafa024d69d9f22693b52831c07d122c76ab5c46","tarball":"https://registry.npmjs.org/babel-plugin-transform-es2015-sticky-regex/-/babel-plugin-transform-es2015-sticky-regex-6.0.2.tgz"},"maintainers":[{"name":"sebmck","email":"sebmck@gmail.com"}],"directories":{}},"6.0.14":{"name":"babel-plugin-transform-es2015-sticky-regex","version":"6.0.14","description":"Compile ES2015 sticky regex to an ES5 RegExp constructor","repository":{"type":"git","url":"https://github.com/babel/babel/tree/master/packages/babel-plugin-transform-es2015-sticky-regex"},"license":"MIT","main":"lib/index.js","keywords":["babel-plugin"],"dependencies":{"babel-helper-regex":"^6.0.14","babel-types":"^6.0.14","babel-runtime":"^5.0.0"},"_id":"babel-plugin-transform-es2015-sticky-regex@6.0.14","scripts":{},"_shasum":"89b07abd0f616a118207424989b50884fe2320d9","_from":".","_npmVersion":"2.14.9","_nodeVersion":"4.1.0","_npmUser":{"name":"sebmck","email":"sebmck@gmail.com"},"dist":{"shasum":"89b07abd0f616a118207424989b50884fe2320d9","tarball":"https://registry.npmjs.org/babel-plugin-transform-es2015-sticky-regex/-/babel-plugin-transform-es2015-sticky-regex-6.0.14.tgz"},"maintainers":[{"name":"sebmck","email":"sebmck@gmail.com"}],"directories":{}},"6.0.18":{"name":"babel-plugin-transform-es2015-sticky-regex","version":"6.0.18","description":"Compile ES2015 sticky regex to an ES5 RegExp constructor","repository":{"type":"git","url":"https://github.com/babel/babel/tree/master/packages/babel-plugin-transform-es2015-sticky-regex"},"license":"MIT","main":"lib/index.js","keywords":["babel-plugin"],"dependencies":{"babel-helper-regex":"^6.0.18","babel-types":"^6.0.18","babel-runtime":"^5.0.0"},"_id":"babel-plugin-transform-es2015-sticky-regex@6.0.18","scripts":{},"_shasum":"0c78f21871143bdbc2a92303c6b6bec7fcf8e7ff","_from":".","_npmVersion":"2.14.9","_nodeVersion":"4.1.0","_npmUser":{"name":"sebmck","email":"sebmck@gmail.com"},"dist":{"shasum":"0c78f21871143bdbc2a92303c6b6bec7fcf8e7ff","tarball":"https://registry.npmjs.org/babel-plugin-transform-es2015-sticky-regex/-/babel-plugin-transform-es2015-sticky-regex-6.0.18.tgz"},"maintainers":[{"name":"sebmck","email":"sebmck@gmail.com"}],"directories":{}},"6.1.4":{"name":"babel-plugin-transform-es2015-sticky-regex","version":"6.1.4","description":"Compile ES2015 sticky regex to an ES5 RegExp constructor","repository":{"type":"git","url":"https://github.com/babel/babel/tree/master/packages/babel-plugin-transform-es2015-sticky-regex"},"license":"MIT","main":"lib/index.js","keywords":["babel-plugin"],"dependencies":{"babel-helper-regex":"^6.0.18","babel-types":"^6.1.4","babel-runtime":"^5.0.0"},"devDependencies":{"babel-helper-plugin-test-runner":"^6.1.4"},"_id":"babel-plugin-transform-es2015-sticky-regex@6.1.4","scripts":{},"_shasum":"668aab0d1fe7d2ca5853175c3fa62bda7159ad0a","_from":".","_npmVersion":"3.3.10","_nodeVersion":"4.1.0","_npmUser":{"name":"sebmck","email":"sebmck@gmail.com"},"dist":{"shasum":"668aab0d1fe7d2ca5853175c3fa62bda7159ad0a","tarball":"https://registry.npmjs.org/babel-plugin-transform-es2015-sticky-regex/-/babel-plugin-transform-es2015-sticky-regex-6.1.4.tgz"},"maintainers":[{"name":"sebmck","email":"sebmck@gmail.com"}],"directories":{}},"6.1.17":{"name":"babel-plugin-transform-es2015-sticky-regex","version":"6.1.17","description":"Compile ES2015 sticky regex to an ES5 RegExp constructor","repository":{"type":"git","url":"https://github.com/babel/babel/tree/master/packages/babel-plugin-transform-es2015-sticky-regex"},"license":"MIT","main":"lib/index.js","keywords":["babel-plugin"],"dependencies":{"babel-helper-regex":"^6.1.17","babel-types":"^6.1.17","babel-runtime":"^5.0.0"},"devDependencies":{"babel-helper-plugin-test-runner":"^6.1.17"},"_id":"babel-plugin-transform-es2015-sticky-regex@6.1.17","scripts":{},"_shasum":"117c04896599fd188c50d358951f10e406315715","_from":".","_npmVersion":"3.3.10","_nodeVersion":"4.1.0","_npmUser":{"name":"sebmck","email":"sebmck@gmail.com"},"dist":{"shasum":"117c04896599fd188c50d358951f10e406315715","tarball":"https://registry.npmjs.org/babel-plugin-transform-es2015-sticky-regex/-/babel-plugin-transform-es2015-sticky-regex-6.1.17.tgz"},"maintainers":[{"name":"amasad","email":"amjad.masad@gmail.com"},{"name":"sebmck","email":"sebmck@gmail.com"},{"name":"thejameskyle","email":"me@thejameskyle.com"}],"directories":{}},"6.1.18":{"name":"babel-plugin-transform-es2015-sticky-regex","version":"6.1.18","description":"Compile ES2015 sticky regex to an ES5 RegExp constructor","repository":{"type":"git","url":"https://github.com/babel/babel/tree/master/packages/babel-plugin-transform-es2015-sticky-regex"},"license":"MIT","main":"lib/index.js","keywords":["babel-plugin"],"dependencies":{"babel-helper-regex":"^6.1.18","babel-types":"^6.1.18","babel-runtime":"^5.0.0"},"devDependencies":{"babel-helper-plugin-test-runner":"^6.1.18"},"_id":"babel-plugin-transform-es2015-sticky-regex@6.1.18","scripts":{},"_shasum":"c5f40efce341db120d2b6ec99887e7f4c77a33bc","_from":".","_npmVersion":"3.3.10","_nodeVersion":"4.1.0","_npmUser":{"name":"sebmck","email":"sebmck@gmail.com"},"dist":{"shasum":"c5f40efce341db120d2b6ec99887e7f4c77a33bc","tarball":"https://registry.npmjs.org/babel-plugin-transform-es2015-sticky-regex/-/babel-plugin-transform-es2015-sticky-regex-6.1.18.tgz"},"maintainers":[{"name":"amasad","email":"amjad.masad@gmail.com"},{"name":"sebmck","email":"sebmck@gmail.com"},{"name":"thejameskyle","email":"me@thejameskyle.com"}],"directories":{}},"6.2.4":{"name":"babel-plugin-transform-es2015-sticky-regex","version":"6.2.4","description":"Compile ES2015 sticky regex to an ES5 RegExp constructor","repository":{"type":"git","url":"https://github.com/babel/babel/tree/master/packages/babel-plugin-transform-es2015-sticky-regex"},"license":"MIT","main":"lib/index.js","keywords":["babel-plugin"],"dependencies":{"babel-helper-regex":"^6.2.4","babel-types":"^6.2.4","babel-runtime":"^5.0.0"},"devDependencies":{"babel-helper-plugin-test-runner":"^6.2.4"},"_id":"babel-plugin-transform-es2015-sticky-regex@6.2.4","scripts":{},"_shasum":"4bcf6ce64b302653d653efbe6b87619a9cfb1291","_from":".","_npmVersion":"3.3.10","_nodeVersion":"4.1.0","_npmUser":{"name":"sebmck","email":"sebmck@gmail.com"},"dist":{"shasum":"4bcf6ce64b302653d653efbe6b87619a9cfb1291","tarball":"https://registry.npmjs.org/babel-plugin-transform-es2015-sticky-regex/-/babel-plugin-transform-es2015-sticky-regex-6.2.4.tgz"},"maintainers":[{"name":"amasad","email":"amjad.masad@gmail.com"},{"name":"sebmck","email":"sebmck@gmail.com"},{"name":"thejameskyle","email":"me@thejameskyle.com"}],"directories":{}},"6.3.13":{"name":"babel-plugin-transform-es2015-sticky-regex","version":"6.3.13","description":"Compile ES2015 sticky regex to an ES5 RegExp constructor","repository":{"type":"git","url":"https://github.com/babel/babel/tree/master/packages/babel-plugin-transform-es2015-sticky-regex"},"license":"MIT","main":"lib/index.js","keywords":["babel-plugin"],"dependencies":{"babel-helper-regex":"^6.3.13","babel-types":"^6.3.13","babel-runtime":"^5.0.0"},"devDependencies":{"babel-helper-plugin-test-runner":"^6.3.13"},"_id":"babel-plugin-transform-es2015-sticky-regex@6.3.13","scripts":{},"_shasum":"d86ed59d633454aff8dce147b81948d1562bb761","_from":".","_npmVersion":"3.3.10","_nodeVersion":"4.1.0","_npmUser":{"name":"sebmck","email":"sebmck@gmail.com"},"dist":{"shasum":"d86ed59d633454aff8dce147b81948d1562bb761","tarball":"https://registry.npmjs.org/babel-plugin-transform-es2015-sticky-regex/-/babel-plugin-transform-es2015-sticky-regex-6.3.13.tgz"},"maintainers":[{"name":"amasad","email":"amjad.masad@gmail.com"},{"name":"hzoo","email":"hi@henryzoo.com"},{"name":"jmm","email":"npm-public@jessemccarthy.net"},{"name":"loganfsmyth","email":"loganfsmyth@gmail.com"},{"name":"sebmck","email":"sebmck@gmail.com"},{"name":"thejameskyle","email":"me@thejameskyle.com"}],"directories":{}},"6.5.0":{"name":"babel-plugin-transform-es2015-sticky-regex","version":"6.5.0","description":"Compile ES2015 sticky regex to an ES5 RegExp constructor","repository":{"type":"git","url":"https://github.com/babel/babel/tree/master/packages/babel-plugin-transform-es2015-sticky-regex"},"license":"MIT","main":"lib/index.js","keywords":["babel-plugin"],"dependencies":{"babel-helper-regex":"^6.3.13","babel-types":"^6.3.13","babel-runtime":"^5.0.0"},"devDependencies":{"babel-helper-plugin-test-runner":"^6.3.13"},"_id":"babel-plugin-transform-es2015-sticky-regex@6.5.0","scripts":{},"_shasum":"eb8bb6b474d2c0a4d8855f05fe4f5b197c45b49c","_from":".","_npmVersion":"3.6.0","_nodeVersion":"5.1.0","_npmUser":{"name":"hzoo","email":"hi@henryzoo.com"},"dist":{"shasum":"eb8bb6b474d2c0a4d8855f05fe4f5b197c45b49c","tarball":"https://registry.npmjs.org/babel-plugin-transform-es2015-sticky-regex/-/babel-plugin-transform-es2015-sticky-regex-6.5.0.tgz"},"maintainers":[{"name":"amasad","email":"amjad.masad@gmail.com"},{"name":"hzoo","email":"hi@henryzoo.com"},{"name":"jmm","email":"npm-public@jessemccarthy.net"},{"name":"loganfsmyth","email":"loganfsmyth@gmail.com"},{"name":"sebmck","email":"sebmck@gmail.com"},{"name":"thejameskyle","email":"me@thejameskyle.com"}],"_npmOperationalInternal":{"host":"packages-9-west.internal.npmjs.com","tmp":"tmp/babel-plugin-transform-es2015-sticky-regex-6.5.0.tgz_1454803663357_0.29958560317754745"},"directories":{}},"6.5.0-1":{"name":"babel-plugin-transform-es2015-sticky-regex","version":"6.5.0-1","description":"Compile ES2015 sticky regex to an ES5 RegExp constructor","repository":{"type":"git","url":"https://github.com/babel/babel/tree/master/packages/babel-plugin-transform-es2015-sticky-regex"},"license":"MIT","main":"lib/index.js","keywords":["babel-plugin"],"dependencies":{"babel-helper-regex":"^6.5.0-1","babel-types":"^6.5.0-1","babel-runtime":"^5.0.0"},"devDependencies":{"babel-helper-plugin-test-runner":"^6.5.0-1"},"_id":"babel-plugin-transform-es2015-sticky-regex@6.5.0-1","scripts":{},"_shasum":"d3a0c7112277a94a114864901ccde592489e00be","_from":".","_npmVersion":"3.6.0","_nodeVersion":"5.1.0","_npmUser":{"name":"hzoo","email":"hi@henryzoo.com"},"dist":{"shasum":"d3a0c7112277a94a114864901ccde592489e00be","tarball":"https://registry.npmjs.org/babel-plugin-transform-es2015-sticky-regex/-/babel-plugin-transform-es2015-sticky-regex-6.5.0-1.tgz"},"maintainers":[{"name":"amasad","email":"amjad.masad@gmail.com"},{"name":"hzoo","email":"hi@henryzoo.com"},{"name":"jmm","email":"npm-public@jessemccarthy.net"},{"name":"loganfsmyth","email":"loganfsmyth@gmail.com"},{"name":"sebmck","email":"sebmck@gmail.com"},{"name":"thejameskyle","email":"me@thejameskyle.com"}],"_npmOperationalInternal":{"host":"packages-9-west.internal.npmjs.com","tmp":"tmp/babel-plugin-transform-es2015-sticky-regex-6.5.0-1.tgz_1454812859559_0.39386781211942434"},"directories":{}},"6.8.0":{"name":"babel-plugin-transform-es2015-sticky-regex","version":"6.8.0","description":"Compile ES2015 sticky regex to an ES5 RegExp constructor","repository":{"type":"git","url":"https://github.com/babel/babel/tree/master/packages/babel-plugin-transform-es2015-sticky-regex"},"license":"MIT","main":"lib/index.js","keywords":["babel-plugin"],"dependencies":{"babel-helper-regex":"^6.8.0","babel-types":"^6.8.0","babel-runtime":"^6.0.0"},"devDependencies":{"babel-helper-plugin-test-runner":"^6.8.0"},"_id":"babel-plugin-transform-es2015-sticky-regex@6.8.0","scripts":{},"_shasum":"e73d300a440a35d5c64f5c2a344dc236e3df47be","_from":".","_npmVersion":"3.8.6","_nodeVersion":"5.1.0","_npmUser":{"name":"hzoo","email":"hi@henryzoo.com"},"maintainers":[{"name":"amasad","email":"amjad.masad@gmail.com"},{"name":"hzoo","email":"hi@henryzoo.com"},{"name":"jmm","email":"npm-public@jessemccarthy.net"},{"name":"loganfsmyth","email":"loganfsmyth@gmail.com"},{"name":"sebmck","email":"sebmck@gmail.com"},{"name":"thejameskyle","email":"me@thejameskyle.com"}],"dist":{"shasum":"e73d300a440a35d5c64f5c2a344dc236e3df47be","tarball":"https://registry.npmjs.org/babel-plugin-transform-es2015-sticky-regex/-/babel-plugin-transform-es2015-sticky-regex-6.8.0.tgz"},"_npmOperationalInternal":{"host":"packages-16-east.internal.npmjs.com","tmp":"tmp/babel-plugin-transform-es2015-sticky-regex-6.8.0.tgz_1462232690039_0.6653951292391866"},"directories":{}},"6.22.0":{"name":"babel-plugin-transform-es2015-sticky-regex","version":"6.22.0","description":"Compile ES2015 sticky regex to an ES5 RegExp constructor","repository":{"type":"git","url":"https://github.com/babel/babel/tree/master/packages/babel-plugin-transform-es2015-sticky-regex"},"license":"MIT","main":"lib/index.js","keywords":["babel-plugin"],"dependencies":{"babel-helper-regex":"^6.22.0","babel-types":"^6.22.0","babel-runtime":"^6.22.0"},"devDependencies":{"babel-helper-plugin-test-runner":"^6.22.0"},"_id":"babel-plugin-transform-es2015-sticky-regex@6.22.0","scripts":{},"_shasum":"ab316829e866ee3f4b9eb96939757d19a5bc4593","_from":".","_npmVersion":"3.10.10","_nodeVersion":"6.9.0","_npmUser":{"name":"hzoo","email":"hi@henryzoo.com"},"dist":{"shasum":"ab316829e866ee3f4b9eb96939757d19a5bc4593","tarball":"https://registry.npmjs.org/babel-plugin-transform-es2015-sticky-regex/-/babel-plugin-transform-es2015-sticky-regex-6.22.0.tgz"},"maintainers":[{"name":"amasad","email":"amjad.masad@gmail.com"},{"name":"hzoo","email":"hi@henryzoo.com"},{"name":"jmm","email":"npm-public@jessemccarthy.net"},{"name":"loganfsmyth","email":"loganfsmyth@gmail.com"},{"name":"sebmck","email":"sebmck@gmail.com"},{"name":"thejameskyle","email":"me@thejameskyle.com"}],"_npmOperationalInternal":{"host":"packages-12-west.internal.npmjs.com","tmp":"tmp/babel-plugin-transform-es2015-sticky-regex-6.22.0.tgz_1484872439868_0.852705349912867"},"directories":{}},"7.0.0-alpha.1":{"name":"babel-plugin-transform-es2015-sticky-regex","version":"7.0.0-alpha.1","description":"Compile ES2015 sticky regex to an ES5 RegExp constructor","repository":{"type":"git","url":"https://github.com/babel/babel/tree/master/packages/babel-plugin-transform-es2015-sticky-regex"},"license":"MIT","main":"lib/index.js","keywords":["babel-plugin"],"dependencies":{"babel-helper-regex":"7.0.0-alpha.1","babel-types":"7.0.0-alpha.1"},"devDependencies":{"babel-helper-plugin-test-runner":"7.0.0-alpha.1"},"_id":"babel-plugin-transform-es2015-sticky-regex@7.0.0-alpha.1","scripts":{},"_shasum":"d8756e49a4bc62f1c1a9746d24507f0438263a92","_from":".","_npmVersion":"3.10.10","_nodeVersion":"6.9.0","_npmUser":{"name":"hzoo","email":"hi@henryzoo.com"},"dist":{"shasum":"d8756e49a4bc62f1c1a9746d24507f0438263a92","tarball":"https://registry.npmjs.org/babel-plugin-transform-es2015-sticky-regex/-/babel-plugin-transform-es2015-sticky-regex-7.0.0-alpha.1.tgz"},"maintainers":[{"name":"amasad","email":"amjad.masad@gmail.com"},{"name":"hzoo","email":"hi@henryzoo.com"},{"name":"jmm","email":"npm-public@jessemccarthy.net"},{"name":"loganfsmyth","email":"loganfsmyth@gmail.com"},{"name":"sebmck","email":"sebmck@gmail.com"},{"name":"thejameskyle","email":"me@thejameskyle.com"}],"_npmOperationalInternal":{"host":"packages-18-east.internal.npmjs.com","tmp":"tmp/babel-plugin-transform-es2015-sticky-regex-7.0.0-alpha.1.tgz_1488488734996_0.5480351715814322"},"directories":{}},"7.0.0-alpha.3":{"name":"babel-plugin-transform-es2015-sticky-regex","version":"7.0.0-alpha.3","description":"Compile ES2015 sticky regex to an ES5 RegExp constructor","repository":{"type":"git","url":"https://github.com/babel/babel/tree/master/packages/babel-plugin-transform-es2015-sticky-regex"},"license":"MIT","main":"lib/index.js","keywords":["babel-plugin"],"dependencies":{"babel-helper-regex":"7.0.0-alpha.3","babel-types":"7.0.0-alpha.3"},"devDependencies":{"babel-helper-plugin-test-runner":"7.0.0-alpha.3"},"_id":"babel-plugin-transform-es2015-sticky-regex@7.0.0-alpha.3","scripts":{},"_shasum":"abc021c8ad9a9ced19c27b0d94d1817abf2a8a2b","_from":".","_npmVersion":"3.10.10","_nodeVersion":"6.9.0","_npmUser":{"name":"hzoo","email":"hi@henryzoo.com"},"dist":{"shasum":"abc021c8ad9a9ced19c27b0d94d1817abf2a8a2b","tarball":"https://registry.npmjs.org/babel-plugin-transform-es2015-sticky-regex/-/babel-plugin-transform-es2015-sticky-regex-7.0.0-alpha.3.tgz"},"maintainers":[{"name":"amasad","email":"amjad.masad@gmail.com"},{"name":"hzoo","email":"hi@henryzoo.com"},{"name":"jmm","email":"npm-public@jessemccarthy.net"},{"name":"loganfsmyth","email":"loganfsmyth@gmail.com"},{"name":"sebmck","email":"sebmck@gmail.com"},{"name":"thejameskyle","email":"me@thejameskyle.com"}],"_npmOperationalInternal":{"host":"packages-12-west.internal.npmjs.com","tmp":"tmp/babel-plugin-transform-es2015-sticky-regex-7.0.0-alpha.3.tgz_1490298579361_0.5995949429925531"},"directories":{}},"7.0.0-alpha.7":{"name":"babel-plugin-transform-es2015-sticky-regex","version":"7.0.0-alpha.7","description":"Compile ES2015 sticky regex to an ES5 RegExp constructor","repository":{"type":"git","url":"https://github.com/babel/babel/tree/master/packages/babel-plugin-transform-es2015-sticky-regex"},"license":"MIT","main":"lib/index.js","keywords":["babel-plugin"],"dependencies":{"babel-helper-regex":"7.0.0-alpha.7","babel-types":"7.0.0-alpha.7"},"devDependencies":{"babel-helper-plugin-test-runner":"7.0.0-alpha.7"},"_id":"babel-plugin-transform-es2015-sticky-regex@7.0.0-alpha.7","scripts":{},"_shasum":"de71144b924c5c03da720c2982ade2a717b1fded","_from":".","_npmVersion":"3.10.10","_nodeVersion":"6.9.0","_npmUser":{"name":"hzoo","email":"hi@henryzoo.com"},"dist":{"shasum":"de71144b924c5c03da720c2982ade2a717b1fded","tarball":"https://registry.npmjs.org/babel-plugin-transform-es2015-sticky-regex/-/babel-plugin-transform-es2015-sticky-regex-7.0.0-alpha.7.tgz"},"maintainers":[{"name":"amasad","email":"amjad.masad@gmail.com"},{"name":"hzoo","email":"hi@henryzoo.com"},{"name":"jmm","email":"npm-public@jessemccarthy.net"},{"name":"loganfsmyth","email":"loganfsmyth@gmail.com"},{"name":"sebmck","email":"sebmck@gmail.com"},{"name":"thejameskyle","email":"me@thejameskyle.com"}],"_npmOperationalInternal":{"host":"packages-18-east.internal.npmjs.com","tmp":"tmp/babel-plugin-transform-es2015-sticky-regex-7.0.0-alpha.7.tgz_1491426847748_0.0030482944566756487"},"directories":{}},"6.24.1":{"name":"babel-plugin-transform-es2015-sticky-regex","version":"6.24.1","description":"Compile ES2015 sticky regex to an ES5 RegExp constructor","repository":{"type":"git","url":"https://github.com/babel/babel/tree/master/packages/babel-plugin-transform-es2015-sticky-regex"},"license":"MIT","main":"lib/index.js","keywords":["babel-plugin"],"dependencies":{"babel-helper-regex":"^6.24.1","babel-types":"^6.24.1","babel-runtime":"^6.22.0"},"devDependencies":{"babel-helper-plugin-test-runner":"^6.24.1"},"_id":"babel-plugin-transform-es2015-sticky-regex@6.24.1","scripts":{},"_shasum":"00c1cdb1aca71112cdf0cf6126c2ed6b457ccdbc","_from":".","_npmVersion":"3.10.10","_nodeVersion":"6.9.0","_npmUser":{"name":"hzoo","email":"hi@henryzoo.com"},"dist":{"shasum":"00c1cdb1aca71112cdf0cf6126c2ed6b457ccdbc","tarball":"https://registry.npmjs.org/babel-plugin-transform-es2015-sticky-regex/-/babel-plugin-transform-es2015-sticky-regex-6.24.1.tgz"},"maintainers":[{"name":"amasad","email":"amjad.masad@gmail.com"},{"name":"hzoo","email":"hi@henryzoo.com"},{"name":"jmm","email":"npm-public@jessemccarthy.net"},{"name":"loganfsmyth","email":"loganfsmyth@gmail.com"},{"name":"sebmck","email":"sebmck@gmail.com"},{"name":"thejameskyle","email":"me@thejameskyle.com"}],"_npmOperationalInternal":{"host":"packages-12-west.internal.npmjs.com","tmp":"tmp/babel-plugin-transform-es2015-sticky-regex-6.24.1.tgz_1491578352236_0.6988765797577798"},"directories":{}},"7.0.0-alpha.8":{"name":"babel-plugin-transform-es2015-sticky-regex","version":"7.0.0-alpha.8","description":"Compile ES2015 sticky regex to an ES5 RegExp constructor","repository":{"type":"git","url":"https://github.com/babel/babel/tree/master/packages/babel-plugin-transform-es2015-sticky-regex"},"license":"MIT","main":"lib/index.js","keywords":["babel-plugin"],"dependencies":{"babel-helper-regex":"7.0.0-alpha.7","babel-types":"7.0.0-alpha.7"},"devDependencies":{"babel-helper-plugin-test-runner":"7.0.0-alpha.8"},"_id":"babel-plugin-transform-es2015-sticky-regex@7.0.0-alpha.8","scripts":{},"_shasum":"529b7cca63f759ddd7b2af31e421a1160cc0da24","_from":".","_npmVersion":"3.10.10","_nodeVersion":"6.9.0","_npmUser":{"name":"hzoo","email":"hi@henryzoo.com"},"dist":{"shasum":"529b7cca63f759ddd7b2af31e421a1160cc0da24","tarball":"https://registry.npmjs.org/babel-plugin-transform-es2015-sticky-regex/-/babel-plugin-transform-es2015-sticky-regex-7.0.0-alpha.8.tgz"},"maintainers":[{"name":"amasad","email":"amjad.masad@gmail.com"},{"name":"hzoo","email":"hi@henryzoo.com"},{"name":"jmm","email":"npm-public@jessemccarthy.net"},{"name":"loganfsmyth","email":"loganfsmyth@gmail.com"},{"name":"sebmck","email":"sebmck@gmail.com"},{"name":"thejameskyle","email":"me@thejameskyle.com"}],"_npmOperationalInternal":{"host":"packages-12-west.internal.npmjs.com","tmp":"tmp/babel-plugin-transform-es2015-sticky-regex-7.0.0-alpha.8.tgz_1492456361162_0.5984254982322454"},"directories":{}},"7.0.0-alpha.9":{"name":"babel-plugin-transform-es2015-sticky-regex","version":"7.0.0-alpha.9","description":"Compile ES2015 sticky regex to an ES5 RegExp constructor","repository":{"type":"git","url":"https://github.com/babel/babel/tree/master/packages/babel-plugin-transform-es2015-sticky-regex"},"license":"MIT","main":"lib/index.js","keywords":["babel-plugin"],"dependencies":{"babel-helper-regex":"7.0.0-alpha.9","babel-types":"7.0.0-alpha.9"},"devDependencies":{"babel-helper-plugin-test-runner":"7.0.0-alpha.9"},"_id":"babel-plugin-transform-es2015-sticky-regex@7.0.0-alpha.9","scripts":{},"_shasum":"af8d52db9096e49de15a1fc1009ae8427a55c72e","_from":".","_npmVersion":"3.10.10","_nodeVersion":"6.9.0","_npmUser":{"name":"hzoo","email":"hi@henryzoo.com"},"dist":{"shasum":"af8d52db9096e49de15a1fc1009ae8427a55c72e","tarball":"https://registry.npmjs.org/babel-plugin-transform-es2015-sticky-regex/-/babel-plugin-transform-es2015-sticky-regex-7.0.0-alpha.9.tgz"},"maintainers":[{"name":"amasad","email":"amjad.masad@gmail.com"},{"name":"hzoo","email":"hi@henryzoo.com"},{"name":"jmm","email":"npm-public@jessemccarthy.net"},{"name":"loganfsmyth","email":"loganfsmyth@gmail.com"},{"name":"sebmck","email":"sebmck@gmail.com"},{"name":"thejameskyle","email":"me@thejameskyle.com"}],"_npmOperationalInternal":{"host":"packages-12-west.internal.npmjs.com","tmp":"tmp/babel-plugin-transform-es2015-sticky-regex-7.0.0-alpha.9.tgz_1492526529683_0.5006360551342368"},"directories":{}},"7.0.0-alpha.10":{"name":"babel-plugin-transform-es2015-sticky-regex","version":"7.0.0-alpha.10","description":"Compile ES2015 sticky regex to an ES5 RegExp constructor","repository":{"type":"git","url":"https://github.com/babel/babel/tree/master/packages/babel-plugin-transform-es2015-sticky-regex"},"license":"MIT","main":"lib/index.js","keywords":["babel-plugin"],"dependencies":{"babel-helper-regex":"7.0.0-alpha.10","babel-types":"7.0.0-alpha.10"},"devDependencies":{"babel-helper-plugin-test-runner":"7.0.0-alpha.10"},"_id":"babel-plugin-transform-es2015-sticky-regex@7.0.0-alpha.10","scripts":{},"_shasum":"10b527a539cb8b56963d70978f0ab54507581bb6","_from":".","_npmVersion":"3.10.10","_nodeVersion":"6.9.0","_npmUser":{"name":"hzoo","email":"hi@henryzoo.com"},"dist":{"shasum":"10b527a539cb8b56963d70978f0ab54507581bb6","tarball":"https://registry.npmjs.org/babel-plugin-transform-es2015-sticky-regex/-/babel-plugin-transform-es2015-sticky-regex-7.0.0-alpha.10.tgz"},"maintainers":[{"email":"daniel@tschinder.de","name":"danez"},{"email":"hi@henryzoo.com","name":"hzoo"},{"email":"loganfsmyth@gmail.com","name":"loganfsmyth"}],"_npmOperationalInternal":{"host":"s3://npm-registry-packages","tmp":"tmp/babel-plugin-transform-es2015-sticky-regex-7.0.0-alpha.10.tgz_1495739856910_0.07407737406902015"},"directories":{}},"7.0.0-alpha.11":{"name":"babel-plugin-transform-es2015-sticky-regex","version":"7.0.0-alpha.11","description":"Compile ES2015 sticky regex to an ES5 RegExp constructor","repository":{"type":"git","url":"https://github.com/babel/babel/tree/master/packages/babel-plugin-transform-es2015-sticky-regex"},"license":"MIT","main":"lib/index.js","keywords":["babel-plugin"],"dependencies":{"babel-helper-regex":"7.0.0-alpha.11","babel-types":"7.0.0-alpha.11"},"devDependencies":{"babel-helper-plugin-test-runner":"7.0.0-alpha.11"},"_id":"babel-plugin-transform-es2015-sticky-regex@7.0.0-alpha.11","_npmVersion":"5.0.0","_nodeVersion":"6.9.0","_npmUser":{"name":"hzoo","email":"hi@henryzoo.com"},"dist":{"integrity":"sha512-tm+IBte/YZuDaGSB6p2VVTgf7IfbpCyC66/5R5Qn1aoxHxsPS+Wd1zPcNHA7LFbvOcsqE746JOlxVWnls4heLg==","shasum":"02847bffbbbc7df5e1e2c0317d80aa1f8bde927d","tarball":"https://registry.npmjs.org/babel-plugin-transform-es2015-sticky-regex/-/babel-plugin-transform-es2015-sticky-regex-7.0.0-alpha.11.tgz"},"maintainers":[{"email":"sebmck@gmail.com","name":"sebmck"},{"email":"daniel@tschinder.de","name":"danez"},{"email":"hi@henryzoo.com","name":"hzoo"},{"email":"loganfsmyth@gmail.com","name":"loganfsmyth"}],"_npmOperationalInternal":{"host":"s3://npm-registry-packages","tmp":"tmp/babel-plugin-transform-es2015-sticky-regex-7.0.0-alpha.11.tgz_1496263429614_0.9573109208140522"},"directories":{}},"7.0.0-alpha.12":{"name":"babel-plugin-transform-es2015-sticky-regex","version":"7.0.0-alpha.12","description":"Compile ES2015 sticky regex to an ES5 RegExp constructor","repository":{"type":"git","url":"https://github.com/babel/babel/tree/master/packages/babel-plugin-transform-es2015-sticky-regex"},"license":"MIT","main":"lib/index.js","keywords":["babel-plugin"],"dependencies":{"babel-helper-regex":"7.0.0-alpha.12","babel-types":"7.0.0-alpha.12"},"devDependencies":{"babel-helper-plugin-test-runner":"7.0.0-alpha.12"},"_id":"babel-plugin-transform-es2015-sticky-regex@7.0.0-alpha.12","_npmVersion":"5.0.0","_nodeVersion":"6.9.0","_npmUser":{"name":"hzoo","email":"hi@henryzoo.com"},"dist":{"integrity":"sha512-757Kbnta6rKlHdw5mbMhptjYkTGYVHuGQqzI2Ru8S/kPTPeuzdWph+eiLhMLPG/I5evJYyIy2DhCR+og+UdwQw==","shasum":"6a2e84dea9191b04af8b469419e0bf6214b06850","tarball":"https://registry.npmjs.org/babel-plugin-transform-es2015-sticky-regex/-/babel-plugin-transform-es2015-sticky-regex-7.0.0-alpha.12.tgz"},"maintainers":[{"email":"sebmck@gmail.com","name":"sebmck"},{"email":"daniel@tschinder.de","name":"danez"},{"email":"hi@henryzoo.com","name":"hzoo"},{"email":"loganfsmyth@gmail.com","name":"loganfsmyth"}],"_npmOperationalInternal":{"host":"s3://npm-registry-packages","tmp":"tmp/babel-plugin-transform-es2015-sticky-regex-7.0.0-alpha.12.tgz_1496265124330_0.8942779819481075"},"directories":{}},"7.0.0-alpha.14":{"name":"babel-plugin-transform-es2015-sticky-regex","version":"7.0.0-alpha.14","description":"Compile ES2015 sticky regex to an ES5 RegExp constructor","repository":{"type":"git","url":"https://github.com/babel/babel/tree/master/packages/babel-plugin-transform-es2015-sticky-regex"},"license":"MIT","main":"lib/index.js","keywords":["babel-plugin"],"dependencies":{"babel-helper-regex":"7.0.0-alpha.14","babel-types":"7.0.0-alpha.14"},"devDependencies":{"babel-helper-plugin-test-runner":"7.0.0-alpha.14"},"_id":"babel-plugin-transform-es2015-sticky-regex@7.0.0-alpha.14","scripts":{},"_shasum":"4fd89e9dbcb68a711dd545ce11f87025af00c9ba","_from":".","_npmVersion":"4.6.1","_nodeVersion":"6.9.0","_npmUser":{"name":"hzoo","email":"hi@henryzoo.com"},"dist":{"shasum":"4fd89e9dbcb68a711dd545ce11f87025af00c9ba","tarball":"https://registry.npmjs.org/babel-plugin-transform-es2015-sticky-regex/-/babel-plugin-transform-es2015-sticky-regex-7.0.0-alpha.14.tgz"},"maintainers":[{"email":"sebmck@gmail.com","name":"sebmck"},{"email":"daniel@tschinder.de","name":"danez"},{"email":"hi@henryzoo.com","name":"hzoo"},{"email":"loganfsmyth@gmail.com","name":"loganfsmyth"}],"_npmOperationalInternal":{"host":"s3://npm-registry-packages","tmp":"tmp/babel-plugin-transform-es2015-sticky-regex-7.0.0-alpha.14.tgz_1499828034023_0.5292372058611363"},"directories":{}},"7.0.0-alpha.15":{"name":"babel-plugin-transform-es2015-sticky-regex","version":"7.0.0-alpha.15","description":"Compile ES2015 sticky regex to an ES5 RegExp constructor","repository":{"type":"git","url":"https://github.com/babel/babel/tree/master/packages/babel-plugin-transform-es2015-sticky-regex"},"license":"MIT","main":"lib/index.js","keywords":["babel-plugin"],"dependencies":{"babel-helper-regex":"7.0.0-alpha.15","babel-types":"7.0.0-alpha.15"},"devDependencies":{"babel-helper-plugin-test-runner":"7.0.0-alpha.15"},"_id":"babel-plugin-transform-es2015-sticky-regex@7.0.0-alpha.15","scripts":{},"_shasum":"dbfaac2d65d76eef477399797a64afa670e959c6","_from":".","_npmVersion":"4.6.1","_nodeVersion":"6.9.0","_npmUser":{"name":"hzoo","email":"hi@henryzoo.com"},"dist":{"shasum":"dbfaac2d65d76eef477399797a64afa670e959c6","tarball":"https://registry.npmjs.org/babel-plugin-transform-es2015-sticky-regex/-/babel-plugin-transform-es2015-sticky-regex-7.0.0-alpha.15.tgz"},"maintainers":[{"email":"sebmck@gmail.com","name":"sebmck"},{"email":"daniel@tschinder.de","name":"danez"},{"email":"hi@henryzoo.com","name":"hzoo"},{"email":"loganfsmyth@gmail.com","name":"loganfsmyth"}],"_npmOperationalInternal":{"host":"s3://npm-registry-packages","tmp":"tmp/babel-plugin-transform-es2015-sticky-regex-7.0.0-alpha.15.tgz_1499830569166_0.6427655683364719"},"directories":{}},"7.0.0-alpha.16":{"name":"babel-plugin-transform-es2015-sticky-regex","version":"7.0.0-alpha.16","description":"Compile ES2015 sticky regex to an ES5 RegExp constructor","repository":{"type":"git","url":"https://github.com/babel/babel/tree/master/packages/babel-plugin-transform-es2015-sticky-regex"},"license":"MIT","main":"lib/index.js","keywords":["babel-plugin"],"dependencies":{"babel-helper-regex":"7.0.0-alpha.16","babel-types":"7.0.0-alpha.16"},"devDependencies":{"babel-helper-plugin-test-runner":"7.0.0-alpha.16"},"_id":"babel-plugin-transform-es2015-sticky-regex@7.0.0-alpha.16","scripts":{},"_shasum":"8aef5b8d883471551c32101c84084775dc4b83b1","_from":".","_npmVersion":"4.6.1","_nodeVersion":"6.9.0","_npmUser":{"name":"hzoo","email":"hi@henryzoo.com"},"dist":{"shasum":"8aef5b8d883471551c32101c84084775dc4b83b1","tarball":"https://registry.npmjs.org/babel-plugin-transform-es2015-sticky-regex/-/babel-plugin-transform-es2015-sticky-regex-7.0.0-alpha.16.tgz"},"maintainers":[{"email":"sebmck@gmail.com","name":"sebmck"},{"email":"daniel@tschinder.de","name":"danez"},{"email":"hi@henryzoo.com","name":"hzoo"},{"email":"loganfsmyth@gmail.com","name":"loganfsmyth"}],"_npmOperationalInternal":{"host":"s3://npm-registry-packages","tmp":"tmp/babel-plugin-transform-es2015-sticky-regex-7.0.0-alpha.16.tgz_1501017483351_0.1396356897894293"},"directories":{}},"7.0.0-alpha.17":{"name":"babel-plugin-transform-es2015-sticky-regex","version":"7.0.0-alpha.17","description":"Compile ES2015 sticky regex to an ES5 RegExp constructor","repository":{"type":"git","url":"https://github.com/babel/babel/tree/master/packages/babel-plugin-transform-es2015-sticky-regex"},"license":"MIT","main":"lib/index.js","keywords":["babel-plugin"],"dependencies":{"babel-helper-regex":"7.0.0-alpha.17","babel-types":"7.0.0-alpha.17"},"devDependencies":{"babel-helper-plugin-test-runner":"7.0.0-alpha.17"},"_id":"babel-plugin-transform-es2015-sticky-regex@7.0.0-alpha.17","scripts":{},"_shasum":"a1beb9700bccafec0ab2218f2d6aa9c9ff828576","_from":".","_npmVersion":"4.6.1","_nodeVersion":"6.9.0","_npmUser":{"name":"hzoo","email":"hi@henryzoo.com"},"dist":{"shasum":"a1beb9700bccafec0ab2218f2d6aa9c9ff828576","tarball":"https://registry.npmjs.org/babel-plugin-transform-es2015-sticky-regex/-/babel-plugin-transform-es2015-sticky-regex-7.0.0-alpha.17.tgz"},"maintainers":[{"email":"sebmck@gmail.com","name":"sebmck"},{"email":"daniel@tschinder.de","name":"danez"},{"email":"hi@henryzoo.com","name":"hzoo"},{"email":"loganfsmyth@gmail.com","name":"loganfsmyth"}],"_npmOperationalInternal":{"host":"s3://npm-registry-packages","tmp":"tmp/babel-plugin-transform-es2015-sticky-regex-7.0.0-alpha.17.tgz_1501072776186_0.440813968423754"},"directories":{}},"7.0.0-alpha.18":{"name":"babel-plugin-transform-es2015-sticky-regex","version":"7.0.0-alpha.18","description":"Compile ES2015 sticky regex to an ES5 RegExp constructor","repository":{"type":"git","url":"https://github.com/babel/babel/tree/master/packages/babel-plugin-transform-es2015-sticky-regex"},"license":"MIT","main":"lib/index.js","keywords":["babel-plugin"],"dependencies":{"babel-helper-regex":"7.0.0-alpha.18","babel-types":"7.0.0-alpha.18"},"devDependencies":{"babel-helper-plugin-test-runner":"7.0.0-alpha.18"},"_id":"babel-plugin-transform-es2015-sticky-regex@7.0.0-alpha.18","_npmVersion":"5.3.0","_nodeVersion":"8.1.4","_npmUser":{"name":"hzoo","email":"hi@henryzoo.com"},"dist":{"integrity":"sha512-FLhXyihkksFtwt0hrGFSH1VadZLbDEfjlOCK7yFmPA1AtmSWINg7oDLiOomKLZSTm4IsP+oWZMnXi27PauVOmg==","shasum":"e18c5c3811a543eb5ac33292275686b9bd4da475","tarball":"https://registry.npmjs.org/babel-plugin-transform-es2015-sticky-regex/-/babel-plugin-transform-es2015-sticky-regex-7.0.0-alpha.18.tgz"},"maintainers":[{"email":"me@thejameskyle.com","name":"thejameskyle"},{"email":"sebmck@gmail.com","name":"sebmck"},{"email":"daniel@tschinder.de","name":"danez"},{"email":"hi@henryzoo.com","name":"hzoo"},{"email":"loganfsmyth@gmail.com","name":"loganfsmyth"}],"_npmOperationalInternal":{"host":"s3://npm-registry-packages","tmp":"tmp/babel-plugin-transform-es2015-sticky-regex-7.0.0-alpha.18.tgz_1501798875437_0.15983828040771186"},"directories":{}},"7.0.0-alpha.19":{"name":"babel-plugin-transform-es2015-sticky-regex","version":"7.0.0-alpha.19","description":"Compile ES2015 sticky regex to an ES5 RegExp constructor","repository":{"type":"git","url":"https://github.com/babel/babel/tree/master/packages/babel-plugin-transform-es2015-sticky-regex"},"license":"MIT","main":"lib/index.js","keywords":["babel-plugin"],"dependencies":{"babel-helper-regex":"7.0.0-alpha.19","babel-types":"7.0.0-alpha.19"},"devDependencies":{"babel-helper-plugin-test-runner":"7.0.0-alpha.19"},"_id":"babel-plugin-transform-es2015-sticky-regex@7.0.0-alpha.19","_npmVersion":"5.3.0","_nodeVersion":"8.1.4","_npmUser":{"name":"hzoo","email":"hi@henryzoo.com"},"dist":{"integrity":"sha512-vdwlh1UD3UTdCBiRmNXensfRO/v3J6VyiIHx7HePnwGRS3Dh8+ePOptdSD8jR9ucC9sAbb/0fkK7tV+jo7I7Tg==","shasum":"480476e5ba72012f00f6adfa508de5a036497793","tarball":"https://registry.npmjs.org/babel-plugin-transform-es2015-sticky-regex/-/babel-plugin-transform-es2015-sticky-regex-7.0.0-alpha.19.tgz"},"maintainers":[{"email":"me@thejameskyle.com","name":"thejameskyle"},{"email":"sebmck@gmail.com","name":"sebmck"},{"email":"daniel@tschinder.de","name":"danez"},{"email":"hi@henryzoo.com","name":"hzoo"},{"email":"loganfsmyth@gmail.com","name":"loganfsmyth"}],"_npmOperationalInternal":{"host":"s3://npm-registry-packages","tmp":"tmp/babel-plugin-transform-es2015-sticky-regex-7.0.0-alpha.19.tgz_1502144516072_0.8579183907713741"},"directories":{}},"7.0.0-alpha.20":{"name":"babel-plugin-transform-es2015-sticky-regex","version":"7.0.0-alpha.20","description":"Compile ES2015 sticky regex to an ES5 RegExp constructor","repository":{"type":"git","url":"https://github.com/babel/babel/tree/master/packages/babel-plugin-transform-es2015-sticky-regex"},"license":"MIT","main":"lib/index.js","keywords":["babel-plugin"],"dependencies":{"babel-helper-regex":"7.0.0-alpha.20","babel-types":"7.0.0-alpha.20"},"devDependencies":{"babel-helper-plugin-test-runner":"7.0.0-alpha.20"},"_id":"babel-plugin-transform-es2015-sticky-regex@7.0.0-alpha.20","_npmVersion":"5.3.0","_nodeVersion":"8.1.4","_npmUser":{"name":"hzoo","email":"hi@henryzoo.com"},"dist":{"integrity":"sha512-F7A7VOFJML2I6gNmUDN2L63WybijJPpE+tv4SZHqEs9AIu2yBTCkNWnL3/kOO+S4UPOew1QnLP+9doyMBko2+g==","shasum":"07ec3a946ed221b3b0fd8a763a4ad97ab1d929f5","tarball":"https://registry.npmjs.org/babel-plugin-transform-es2015-sticky-regex/-/babel-plugin-transform-es2015-sticky-regex-7.0.0-alpha.20.tgz"},"maintainers":[{"email":"me@thejameskyle.com","name":"thejameskyle"},{"email":"sebmck@gmail.com","name":"sebmck"},{"email":"daniel@tschinder.de","name":"danez"},{"email":"hi@henryzoo.com","name":"hzoo"},{"email":"loganfsmyth@gmail.com","name":"loganfsmyth"}],"_npmOperationalInternal":{"host":"s3://npm-registry-packages","tmp":"tmp/babel-plugin-transform-es2015-sticky-regex-7.0.0-alpha.20.tgz_1504119844019_0.11750300647690892"},"directories":{}},"7.0.0-beta.0":{"name":"babel-plugin-transform-es2015-sticky-regex","version":"7.0.0-beta.0","description":"Compile ES2015 sticky regex to an ES5 RegExp constructor","repository":{"type":"git","url":"https://github.com/babel/babel/tree/master/packages/babel-plugin-transform-es2015-sticky-regex"},"license":"MIT","main":"lib/index.js","keywords":["babel-plugin"],"dependencies":{"babel-helper-regex":"7.0.0-beta.0","babel-types":"7.0.0-beta.0"},"devDependencies":{"babel-helper-plugin-test-runner":"7.0.0-beta.0"},"_id":"babel-plugin-transform-es2015-sticky-regex@7.0.0-beta.0","_npmVersion":"5.3.0","_nodeVersion":"8.1.4","_npmUser":{"name":"hzoo","email":"hi@henryzoo.com"},"dist":{"integrity":"sha512-t70hof+FfYxwVOC7EsNUNLecW2RtUVRiOWLxTNVGaQQWs/SW+CdJi0k+RIgOXV0F9zYdHVaoTPpvsyLRiqoXwg==","shasum":"36de6b7832ade3c95de4cb24def79fad83aae282","tarball":"https://registry.npmjs.org/babel-plugin-transform-es2015-sticky-regex/-/babel-plugin-transform-es2015-sticky-regex-7.0.0-beta.0.tgz"},"maintainers":[{"email":"me@thejameskyle.com","name":"thejameskyle"},{"email":"sebmck@gmail.com","name":"sebmck"},{"email":"daniel@tschinder.de","name":"danez"},{"email":"hi@henryzoo.com","name":"hzoo"},{"email":"loganfsmyth@gmail.com","name":"loganfsmyth"}],"_npmOperationalInternal":{"host":"s3://npm-registry-packages","tmp":"tmp/babel-plugin-transform-es2015-sticky-regex-7.0.0-beta.0.tgz_1505185356342_0.7339867344126105"},"directories":{}},"7.0.0-beta.1":{"name":"babel-plugin-transform-es2015-sticky-regex","version":"7.0.0-beta.1","description":"Compile ES2015 sticky regex to an ES5 RegExp constructor","repository":{"type":"git","url":"https://github.com/babel/babel/tree/master/packages/babel-plugin-transform-es2015-sticky-regex"},"license":"MIT","main":"lib/index.js","keywords":["babel-plugin"],"dependencies":{"babel-helper-regex":"7.0.0-beta.1","babel-types":"7.0.0-beta.1"},"devDependencies":{"babel-helper-plugin-test-runner":"7.0.0-beta.1"},"_id":"babel-plugin-transform-es2015-sticky-regex@7.0.0-beta.1","_npmVersion":"5.4.1","_nodeVersion":"8.1.4","_npmUser":{"name":"hzoo","email":"hi@henryzoo.com"},"dist":{"integrity":"sha512-sx54/PmHxNewu9Ig2KqcQG7Ydz63FUmdDqvLnnqmc9ncpGPmiPp055czks6Hc33B/FiWNAH2+l5Taw9ws9ynNw==","shasum":"f8ded7d7d2a9067b08ba659293aafe5f5f5b107f","tarball":"https://registry.npmjs.org/babel-plugin-transform-es2015-sticky-regex/-/babel-plugin-transform-es2015-sticky-regex-7.0.0-beta.1.tgz"},"maintainers":[{"email":"me@thejameskyle.com","name":"thejameskyle"},{"email":"sebmck@gmail.com","name":"sebmck"},{"email":"daniel@tschinder.de","name":"danez"},{"email":"hi@henryzoo.com","name":"hzoo"},{"email":"loganfsmyth@gmail.com","name":"loganfsmyth"}],"_npmOperationalInternal":{"host":"s3://npm-registry-packages","tmp":"tmp/babel-plugin-transform-es2015-sticky-regex-7.0.0-beta.1.tgz_1505851798114_0.4583571783732623"},"directories":{}},"7.0.0-beta.2":{"name":"babel-plugin-transform-es2015-sticky-regex","version":"7.0.0-beta.2","description":"Compile ES2015 sticky regex to an ES5 RegExp constructor","repository":{"type":"git","url":"https://github.com/babel/babel/tree/master/packages/babel-plugin-transform-es2015-sticky-regex"},"license":"MIT","main":"lib/index.js","keywords":["babel-plugin"],"dependencies":{"babel-helper-regex":"7.0.0-beta.2","babel-types":"7.0.0-beta.2"},"devDependencies":{"babel-helper-plugin-test-runner":"7.0.0-beta.2"},"_id":"babel-plugin-transform-es2015-sticky-regex@7.0.0-beta.2","_npmVersion":"5.4.1","_nodeVersion":"8.1.4","_npmUser":{"name":"hzoo","email":"hi@henryzoo.com"},"dist":{"integrity":"sha512-1RYMZx3z9Eoi8sO6LGEWs4vwOSKEbGdUwuELM6DFZpaR/BMxEzV6N5L9ISjCg8ks9AZuHZtYFQLCXuY01KrCvQ==","shasum":"5be492f3196013d1560c6a515f8a688e7fd64e3a","tarball":"https://registry.npmjs.org/babel-plugin-transform-es2015-sticky-regex/-/babel-plugin-transform-es2015-sticky-regex-7.0.0-beta.2.tgz"},"maintainers":[{"email":"bng412@gmail.com","name":"existentialism"},{"email":"me@thejameskyle.com","name":"thejameskyle"},{"email":"sebmck@gmail.com","name":"sebmck"},{"email":"daniel@tschinder.de","name":"danez"},{"email":"hi@henryzoo.com","name":"hzoo"},{"email":"loganfsmyth@gmail.com","name":"loganfsmyth"}],"_npmOperationalInternal":{"host":"s3://npm-registry-packages","tmp":"tmp/babel-plugin-transform-es2015-sticky-regex-7.0.0-beta.2.tgz_1506438925008_0.9875572335440665"},"directories":{}},"7.0.0-beta.3":{"name":"babel-plugin-transform-es2015-sticky-regex","version":"7.0.0-beta.3","description":"Compile ES2015 sticky regex to an ES5 RegExp constructor","repository":{"type":"git","url":"https://github.com/babel/babel/tree/master/packages/babel-plugin-transform-es2015-sticky-regex"},"license":"MIT","main":"lib/index.js","keywords":["babel-plugin"],"dependencies":{"babel-helper-regex":"7.0.0-beta.3","babel-types":"7.0.0-beta.3"},"devDependencies":{"babel-helper-plugin-test-runner":"7.0.0-beta.3"},"_id":"babel-plugin-transform-es2015-sticky-regex@7.0.0-beta.3","_npmVersion":"5.5.1","_nodeVersion":"8.1.4","_npmUser":{"name":"hzoo","email":"hi@henryzoo.com"},"dist":{"integrity":"sha512-ccZeHcyA0rs2L2OPbACECpHoYJa3nxLcAlNfabGfM/l8mPaZ+C/YDJMLRcGP/37eC3pTA+G9+jPK7i5wT/6QaA==","shasum":"572c0aa13dbb39468b0b0f57343597c0d3804f5f","tarball":"https://registry.npmjs.org/babel-plugin-transform-es2015-sticky-regex/-/babel-plugin-transform-es2015-sticky-regex-7.0.0-beta.3.tgz"},"maintainers":[{"email":"bng412@gmail.com","name":"existentialism"},{"email":"me@thejameskyle.com","name":"thejameskyle"},{"email":"sebmck@gmail.com","name":"sebmck"},{"email":"daniel@tschinder.de","name":"danez"},{"email":"hi@henryzoo.com","name":"hzoo"},{"email":"loganfsmyth@gmail.com","name":"loganfsmyth"}],"_npmOperationalInternal":{"host":"s3://npm-registry-packages","tmp":"tmp/babel-plugin-transform-es2015-sticky-regex-7.0.0-beta.3.tgz_1508073111108_0.1700171681586653"},"directories":{}}},"readme":"# babel-plugin-transform-es2015-sticky-regex\n\n> Compile ES2015 sticky regex to an ES5 RegExp constructor\n\n## Installation\n\n```sh\nnpm install --save-dev babel-plugin-transform-es2015-sticky-regex\n```\n\n## Usage\n\n### Via `.babelrc` (Recommended)\n\n**.babelrc**\n\n```json\n{\n  \"plugins\": [\"transform-es2015-sticky-regex\"]\n}\n```\n\n### Via CLI\n\n```sh\nbabel --plugins transform-es2015-sticky-regex script.js\n```\n\n### Via Node API\n\n```javascript\nrequire(\"babel-core\").transform(\"code\", {\n  plugins: [\"transform-es2015-sticky-regex\"]\n});\n```\n","maintainers":[{"email":"bng412@gmail.com","name":"existentialism"},{"email":"me@thejameskyle.com","name":"thejameskyle"},{"email":"sebmck@gmail.com","name":"sebmck"},{"email":"daniel@tschinder.de","name":"danez"},{"email":"hi@henryzoo.com","name":"hzoo"},{"email":"loganfsmyth@gmail.com","name":"loganfsmyth"}],"time":{"modified":"2017-10-15T13:11:52.095Z","created":"2015-10-29T18:15:47.528Z","6.0.2":"2015-10-29T18:15:47.528Z","6.0.14":"2015-10-30T23:38:49.657Z","6.0.18":"2015-11-03T01:24:59.017Z","6.1.4":"2015-11-11T10:27:32.813Z","6.1.17":"2015-11-12T21:42:24.768Z","6.1.18":"2015-11-12T21:50:33.872Z","6.2.4":"2015-11-25T03:14:39.972Z","6.3.13":"2015-12-04T11:59:30.673Z","6.5.0":"2016-02-07T00:07:46.021Z","6.5.0-1":"2016-02-07T02:41:02.200Z","6.8.0":"2016-05-02T23:44:51.178Z","6.22.0":"2017-01-20T00:34:01.554Z","7.0.0-alpha.1":"2017-03-02T21:05:35.881Z","7.0.0-alpha.3":"2017-03-23T19:49:39.596Z","7.0.0-alpha.7":"2017-04-05T21:14:08.671Z","6.24.1":"2017-04-07T15:19:12.481Z","7.0.0-alpha.8":"2017-04-17T19:12:41.419Z","7.0.0-alpha.9":"2017-04-18T14:42:09.965Z","7.0.0-alpha.10":"2017-05-25T19:17:37.728Z","7.0.0-alpha.11":"2017-05-31T20:43:49.697Z","7.0.0-alpha.12":"2017-05-31T21:12:04.448Z","7.0.0-alpha.14":"2017-07-12T02:53:54.987Z","7.0.0-alpha.15":"2017-07-12T03:36:10.085Z","7.0.0-alpha.16":"2017-07-25T21:18:06.547Z","7.0.0-alpha.17":"2017-07-26T12:39:37.139Z","7.0.0-alpha.18":"2017-08-03T22:21:15.521Z","7.0.0-alpha.19":"2017-08-07T22:21:56.158Z","7.0.0-alpha.20":"2017-08-30T19:04:04.121Z","7.0.0-beta.0":"2017-09-12T03:02:37.302Z","7.0.0-beta.1":"2017-09-19T20:09:58.174Z","7.0.0-beta.2":"2017-09-26T15:15:25.871Z","7.0.0-beta.3":"2017-10-15T13:11:52.095Z"},"keywords":["babel-plugin"],"repository":{"type":"git","url":"https://github.com/babel/babel/tree/master/packages/babel-plugin-transform-es2015-sticky-regex"},"license":"MIT","readmeFilename":"README.md","_attachments":{},"_etag":"W/\"4d5486016a46f20406dc6a1b700d8149\"","_lastModified":"Sat, 26 May 2018 17:58:41 GMT"}