{"_id":"braces","_rev":"59-4e6a12a460a29586dbb447ba71bdf3d7","name":"braces","description":"Bash-like brace expansion, implemented in JavaScript. Safer than other brace expansion libs, with complete support for the Bash 4.3 braces specification, without sacrificing speed.","dist-tags":{"latest":"2.3.2"},"versions":{"0.1.0":{"name":"braces","description":"Faster brace expansion for file paths.","version":"0.1.0","homepage":"https://github.com/jonschlinkert/braces","author":{"name":"Jon Schlinkert","url":"https://github.com/jonschlinkert"},"repository":{"type":"git","url":"git://github.com/jonschlinkert/braces.git"},"bugs":{"url":"https://github.com/jonschlinkert/braces/issues"},"licenses":[{"type":"MIT","url":"https://github.com/jonschlinkert/braces/blob/master/LICENSE-MIT"}],"main":"index.js","engines":{"node":">=0.10.0"},"scripts":{"test":"mocha -R spec"},"devDependencies":{"benchmarked":"^0.1.1","brace-expansion":"0.0.0","lodash":"^2.4.1","minimatch":"^1.0.0","mocha":"*","should":"^4.1.0","verb":">= 0.2.6","verb-tag-jscomments":">= 0.2.0"},"keywords":["alpha","alphabetical","bash","brace","expand","expansion","glob","match","matches","matching","number","numerical","range","ranges","sh"],"dependencies":{"expand-range":"^0.1.0"},"_id":"braces@0.1.0","_shasum":"2ea567d1f9622ba2395135bbf81fe140da7fefeb","_from":".","_npmVersion":"1.4.9","_npmUser":{"name":"jonschlinkert","email":"github@sellside.com"},"maintainers":[{"name":"jonschlinkert","email":"github@sellside.com"}],"dist":{"shasum":"2ea567d1f9622ba2395135bbf81fe140da7fefeb","tarball":"https://registry.npmjs.org/braces/-/braces-0.1.0.tgz"},"directories":{}},"0.1.1":{"name":"braces","description":"Faster brace expansion for file paths.","version":"0.1.1","homepage":"https://github.com/jonschlinkert/braces","author":{"name":"Jon Schlinkert","url":"https://github.com/jonschlinkert"},"repository":{"type":"git","url":"git://github.com/jonschlinkert/braces.git"},"bugs":{"url":"https://github.com/jonschlinkert/braces/issues"},"licenses":[{"type":"MIT","url":"https://github.com/jonschlinkert/braces/blob/master/LICENSE-MIT"}],"main":"index.js","engines":{"node":">=0.10.0"},"scripts":{"test":"mocha -R spec"},"devDependencies":{"benchmarked":"^0.1.1","brace-expansion":"0.0.0","lodash":"^2.4.1","minimatch":"^1.0.0","mocha":"*","should":"^4.1.0","verb":">= 0.2.6","verb-tag-jscomments":">= 0.2.0"},"keywords":["alpha","alphabetical","bash","brace","expand","expansion","file","filepath","fp","fs","glob","globbing","match","matches","matching","number","numerical","path","range","ranges","sh"],"dependencies":{"expand-range":"^0.1.0"},"_id":"braces@0.1.1","_shasum":"9b3c273b426d1a7b3c9265094a9434ab84643ba3","_from":".","_npmVersion":"1.4.9","_npmUser":{"name":"jonschlinkert","email":"github@sellside.com"},"maintainers":[{"name":"jonschlinkert","email":"github@sellside.com"}],"dist":{"shasum":"9b3c273b426d1a7b3c9265094a9434ab84643ba3","tarball":"https://registry.npmjs.org/braces/-/braces-0.1.1.tgz"},"directories":{}},"0.1.2":{"name":"braces","description":"Faster brace expansion for file paths.","version":"0.1.2","homepage":"https://github.com/jonschlinkert/braces","author":{"name":"Jon Schlinkert","url":"https://github.com/jonschlinkert"},"repository":{"type":"git","url":"git://github.com/jonschlinkert/braces.git"},"bugs":{"url":"https://github.com/jonschlinkert/braces/issues"},"licenses":[{"type":"MIT","url":"https://github.com/jonschlinkert/braces/blob/master/LICENSE-MIT"}],"main":"index.js","engines":{"node":">=0.10.0"},"scripts":{"test":"mocha -R spec"},"devDependencies":{"benchmarked":"^0.1.1","brace-expansion":"0.0.0","lodash":"^2.4.1","minimatch":"^1.0.0","mocha":"*","should":"^4.1.0","verb":">= 0.2.6","verb-tag-jscomments":">= 0.2.0"},"keywords":["alpha","alphabetical","bash","brace","expand","expansion","file","filepath","fp","fs","glob","globbing","match","matches","matching","number","numerical","path","range","ranges","sh"],"dependencies":{"expand-range":"^0.1.0"},"_id":"braces@0.1.2","_shasum":"f794ff9aabe60eaf557e9607cc850c8f531a12be","_from":".","_npmVersion":"1.4.9","_npmUser":{"name":"jonschlinkert","email":"github@sellside.com"},"maintainers":[{"name":"jonschlinkert","email":"github@sellside.com"}],"dist":{"shasum":"f794ff9aabe60eaf557e9607cc850c8f531a12be","tarball":"https://registry.npmjs.org/braces/-/braces-0.1.2.tgz"},"directories":{}},"0.1.4":{"name":"braces","description":"Fastest brace expansion lib. Typically used with file paths, but can be used with any string. Expands comma-separated values (e.g. `foo/{a,b,c}/bar`) and alphabetical or numerical ranges (e.g. `{1..9}`)","version":"0.1.4","homepage":"https://github.com/jonschlinkert/braces","author":{"name":"Jon Schlinkert","url":"https://github.com/jonschlinkert"},"repository":{"type":"git","url":"git://github.com/jonschlinkert/braces.git"},"bugs":{"url":"https://github.com/jonschlinkert/braces/issues"},"licenses":[{"type":"MIT","url":"https://github.com/jonschlinkert/braces/blob/master/LICENSE-MIT"}],"main":"index.js","engines":{"node":">=0.10.0"},"scripts":{"test":"mocha -R spec"},"devDependencies":{"benchmarked":"^0.1.1","brace-expansion":"0.0.0","lodash":"^2.4.1","minimatch":"^1.0.0","mocha":"*","should":"^4.1.0"},"keywords":["alpha","alphabetical","bash","brace","expand","expansion","file","filepath","fp","fs","glob","globbing","match","matches","matching","number","numerical","path","range","ranges","sh"],"dependencies":{"expand-range":"^0.1.0"},"_id":"braces@0.1.4","_shasum":"45ed440222debb0fec60b06bb75059e421c590fd","_from":".","_npmVersion":"1.4.9","_npmUser":{"name":"jonschlinkert","email":"github@sellside.com"},"maintainers":[{"name":"jonschlinkert","email":"github@sellside.com"}],"dist":{"shasum":"45ed440222debb0fec60b06bb75059e421c590fd","tarball":"https://registry.npmjs.org/braces/-/braces-0.1.4.tgz"},"directories":{}},"0.1.5":{"name":"braces","description":"Fastest brace expansion lib. Typically used with file paths, but can be used with any string. Expands comma-separated values (e.g. `foo/{a,b,c}/bar`) and alphabetical or numerical ranges (e.g. `{1..9}`)","version":"0.1.5","homepage":"https://github.com/jonschlinkert/braces","author":{"name":"Jon Schlinkert","url":"https://github.com/jonschlinkert"},"repository":{"type":"git","url":"git://github.com/jonschlinkert/braces.git"},"bugs":{"url":"https://github.com/jonschlinkert/braces/issues"},"licenses":[{"type":"MIT","url":"https://github.com/jonschlinkert/braces/blob/master/LICENSE-MIT"}],"main":"index.js","engines":{"node":">=0.10.0"},"scripts":{"test":"mocha -R spec"},"dependencies":{"expand-range":"^0.1.0"},"devDependencies":{"benchmarked":"^0.1.1","brace-expansion":"0.0.0","lodash":"^2.4.1","minimatch":"^1.0.0","mocha":"*","should":"^4.1.0"},"keywords":["alpha","alphabetical","bash","brace","expand","expansion","file","filepath","fp","fs","glob","globbing","match","matches","matching","number","numerical","path","range","ranges","sh"],"_id":"braces@0.1.5","_shasum":"c085711085291d8b75fdd74eab0f8597280711e6","_from":".","_npmVersion":"1.4.9","_npmUser":{"name":"jonschlinkert","email":"github@sellside.com"},"maintainers":[{"name":"jonschlinkert","email":"github@sellside.com"}],"dist":{"shasum":"c085711085291d8b75fdd74eab0f8597280711e6","tarball":"https://registry.npmjs.org/braces/-/braces-0.1.5.tgz"},"directories":{}},"1.0.0":{"name":"braces","description":"Fastest brace expansion lib, with the most complete implementation of the Bash 4.3 spec.","version":"1.0.0","homepage":"https://github.com/jonschlinkert/braces","author":{"name":"Jon Schlinkert","url":"https://github.com/jonschlinkert"},"repository":{"type":"git","url":"git://github.com/jonschlinkert/braces.git"},"bugs":{"url":"https://github.com/jonschlinkert/braces/issues"},"license":{"type":"MIT","url":"https://github.com/jonschlinkert/braces/blob/master/LICENSE-MIT"},"main":"index.js","engines":{"node":">=0.10.0"},"scripts":{"test":"mocha -R spec"},"dependencies":{"expand-range":"^0.3.1"},"devDependencies":{"benchmarked":"^0.1.3","brace-expansion":"^1.1.0","minimatch":"^2.0.1","mocha":"^2.1.0","should":"^4.4.1","write":"^0.1.1"},"keywords":["alpha","alphabetical","bash","brace","expand","expansion","file","filepath","fp","fs","glob","globbing","match","matches","matching","number","numerical","path","range","ranges","sh"],"gitHead":"1acbc5c311a615b0cb94f5309f40329a6d8b6bcb","_id":"braces@1.0.0","_shasum":"991c57970805294a6f1a8aade96c9037fcea1246","_from":".","_npmVersion":"1.4.23","_npmUser":{"name":"jonschlinkert","email":"github@sellside.com"},"maintainers":[{"name":"jonschlinkert","email":"github@sellside.com"}],"dist":{"shasum":"991c57970805294a6f1a8aade96c9037fcea1246","tarball":"https://registry.npmjs.org/braces/-/braces-1.0.0.tgz"},"directories":{}},"1.1.0":{"name":"braces","description":"Fastest brace expansion for node.js, with more complete support of Bash 4.3 than minimatch.","version":"1.1.0","homepage":"https://github.com/jonschlinkert/braces","author":{"name":"Jon Schlinkert","url":"https://github.com/jonschlinkert"},"repository":{"type":"git","url":"git://github.com/jonschlinkert/braces.git"},"bugs":{"url":"https://github.com/jonschlinkert/braces/issues"},"license":{"type":"MIT","url":"https://github.com/jonschlinkert/braces/blob/master/LICENSE"},"main":"index.js","engines":{"node":">=0.10.0"},"scripts":{"test":"mocha -R spec"},"dependencies":{"arr-filter":"^1.0.0","expand-range":"^1.1.0","preserve":"^0.2.0"},"devDependencies":{"benchmarked":"^0.1.3","brace-expansion":"^1.1.0","chalk":"^0.5.1","minimatch":"^2.0.1","minimist":"^1.1.0","mocha":"*","should":"*","write":"^0.1.1"},"keywords":["alpha","alphabetical","bash","brace","expand","expansion","filepath","fill","fs","glob","globbing","letter","match","matches","matching","number","numerical","path","range","ranges","sh"],"gitHead":"762112a749c669e7fae57eace98e481e145b3bfa","_id":"braces@1.1.0","_shasum":"1fd01ee8420a7196d234f2a29dc1bfe6e259854b","_from":".","_npmVersion":"1.4.23","_npmUser":{"name":"jonschlinkert","email":"github@sellside.com"},"maintainers":[{"name":"jonschlinkert","email":"github@sellside.com"}],"dist":{"shasum":"1fd01ee8420a7196d234f2a29dc1bfe6e259854b","tarball":"https://registry.npmjs.org/braces/-/braces-1.1.0.tgz"},"directories":{}},"1.2.0":{"name":"braces","description":"Fastest brace expansion for node.js, with more complete support of Bash 4.3 than minimatch.","version":"1.2.0","homepage":"https://github.com/jonschlinkert/braces","author":{"name":"Jon Schlinkert","url":"https://github.com/jonschlinkert"},"repository":{"type":"git","url":"git://github.com/jonschlinkert/braces.git"},"bugs":{"url":"https://github.com/jonschlinkert/braces/issues"},"license":{"type":"MIT","url":"https://github.com/jonschlinkert/braces/blob/master/LICENSE"},"main":"index.js","engines":{"node":">=0.10.0"},"scripts":{"test":"mocha -R spec"},"dependencies":{"arr-filter":"^1.0.2","expand-range":"^1.2.0","preserve":"^0.2.0"},"devDependencies":{"benchmarked":"^0.1.3","brace-expansion":"^1.1.0","chalk":"^0.5.1","minimatch":"^2.0.1","minimist":"^1.1.0","mocha":"*","should":"*","write":"^0.1.1"},"keywords":["alpha","alphabetical","bash","brace","expand","expansion","filepath","fill","fs","glob","globbing","letter","match","matches","matching","number","numerical","path","range","ranges","sh"],"gitHead":"0255915a73f3feaf271261e589cc8975c1e15596","_id":"braces@1.2.0","_shasum":"b86f8f3898d11dc1008d29176a45b4863190e7b9","_from":".","_npmVersion":"1.4.23","_npmUser":{"name":"jonschlinkert","email":"github@sellside.com"},"maintainers":[{"name":"jonschlinkert","email":"github@sellside.com"}],"dist":{"shasum":"b86f8f3898d11dc1008d29176a45b4863190e7b9","tarball":"https://registry.npmjs.org/braces/-/braces-1.2.0.tgz"},"directories":{}},"1.3.0":{"name":"braces","description":"Fastest brace expansion for node.js, with more complete support of Bash 4.3 than minimatch.","version":"1.3.0","homepage":"https://github.com/jonschlinkert/braces","author":{"name":"Jon Schlinkert","url":"https://github.com/jonschlinkert"},"repository":{"type":"git","url":"git://github.com/jonschlinkert/braces.git"},"bugs":{"url":"https://github.com/jonschlinkert/braces/issues"},"license":{"type":"MIT","url":"https://github.com/jonschlinkert/braces/blob/master/LICENSE"},"main":"index.js","engines":{"node":">=0.10.0"},"scripts":{"test":"mocha -R spec"},"files":["index.js"],"dependencies":{"arr-filter":"^1.0.2","expand-range":"^1.4.0","preserve":"^0.2.0"},"devDependencies":{"benchmarked":"^0.1.3","brace-expansion":"^1.1.0","chalk":"^0.5.1","minimatch":"^2.0.1","minimist":"^1.1.0","mocha":"*","should":"*","write":"^0.1.1"},"keywords":["alpha","alphabetical","bash","brace","expand","expansion","filepath","fill","fs","glob","globbing","letter","match","matches","matching","number","numerical","path","range","ranges","sh"],"gitHead":"0255915a73f3feaf271261e589cc8975c1e15596","_id":"braces@1.3.0","_shasum":"e0495cf4796c137fb0d80a922ffef431fbde6bef","_from":".","_npmVersion":"1.4.28","_npmUser":{"name":"jonschlinkert","email":"github@sellside.com"},"maintainers":[{"name":"jonschlinkert","email":"github@sellside.com"}],"dist":{"shasum":"e0495cf4796c137fb0d80a922ffef431fbde6bef","tarball":"https://registry.npmjs.org/braces/-/braces-1.3.0.tgz"},"directories":{}},"1.4.0":{"name":"braces","description":"Fastest brace expansion for node.js, with more complete support of Bash 4.3 than minimatch.","version":"1.4.0","homepage":"https://github.com/jonschlinkert/braces","author":{"name":"Jon Schlinkert","url":"https://github.com/jonschlinkert"},"repository":{"type":"git","url":"git://github.com/jonschlinkert/braces.git"},"bugs":{"url":"https://github.com/jonschlinkert/braces/issues"},"license":{"type":"MIT","url":"https://github.com/jonschlinkert/braces/blob/master/LICENSE"},"main":"index.js","engines":{"node":">=0.10.0"},"scripts":{"test":"mocha -R spec"},"files":["index.js"],"dependencies":{"arr-filter":"^1.0.2","expand-range":"^1.5.0","preserve":"^0.2.0"},"devDependencies":{"benchmarked":"^0.1.3","brace-expansion":"^1.1.0","chalk":"^0.5.1","minimatch":"^2.0.1","minimist":"^1.1.0","mocha":"*","should":"*","write":"^0.1.1"},"keywords":["alpha","alphabetical","bash","brace","expand","expansion","filepath","fill","fs","glob","globbing","letter","match","matches","matching","number","numerical","path","range","ranges","sh"],"gitHead":"4026752b8795c282a4ba2546eb88c9d1ee9b6653","_id":"braces@1.4.0","_shasum":"c95b1b8fd045b765703c2c0cd95e0369e5696492","_from":".","_npmVersion":"1.4.28","_npmUser":{"name":"jonschlinkert","email":"github@sellside.com"},"maintainers":[{"name":"jonschlinkert","email":"github@sellside.com"}],"dist":{"shasum":"c95b1b8fd045b765703c2c0cd95e0369e5696492","tarball":"https://registry.npmjs.org/braces/-/braces-1.4.0.tgz"},"directories":{}},"1.5.0":{"name":"braces","description":"Fastest brace expansion for node.js, with more complete support of Bash 4.3 than minimatch.","version":"1.5.0","homepage":"https://github.com/jonschlinkert/braces","author":{"name":"Jon Schlinkert","url":"https://github.com/jonschlinkert"},"repository":{"type":"git","url":"git://github.com/jonschlinkert/braces.git"},"bugs":{"url":"https://github.com/jonschlinkert/braces/issues"},"license":{"type":"MIT","url":"https://github.com/jonschlinkert/braces/blob/master/LICENSE"},"main":"index.js","engines":{"node":">=0.10.0"},"scripts":{"test":"mocha -R spec"},"files":["index.js"],"dependencies":{"arr-filter":"^1.0.2","expand-range":"^1.5.0","preserve":"^0.2.0","repeat-element":"^1.1.0"},"devDependencies":{"benchmarked":"^0.1.3","brace-expansion":"^1.1.0","chalk":"^0.5.1","minimatch":"^2.0.1","minimist":"^1.1.0","mocha":"*","should":"*","write":"^0.1.1"},"keywords":["alpha","alphabetical","bash","brace","expand","expansion","filepath","fill","fs","glob","globbing","letter","match","matches","matching","number","numerical","path","range","ranges","sh"],"gitHead":"46547e1d1553c497a061d13b8ed3c85b2d16b6d7","_id":"braces@1.5.0","_shasum":"3600d82f04390dfc7c6016f091657b2d86189a15","_from":".","_npmVersion":"1.4.28","_npmUser":{"name":"jonschlinkert","email":"github@sellside.com"},"maintainers":[{"name":"jonschlinkert","email":"github@sellside.com"}],"dist":{"shasum":"3600d82f04390dfc7c6016f091657b2d86189a15","tarball":"https://registry.npmjs.org/braces/-/braces-1.5.0.tgz"},"directories":{}},"1.5.1":{"name":"braces","description":"Fastest brace expansion for node.js, with more complete support of Bash 4.3 than minimatch.","version":"1.5.1","homepage":"https://github.com/jonschlinkert/braces","author":{"name":"Jon Schlinkert","url":"https://github.com/jonschlinkert"},"repository":{"type":"git","url":"git://github.com/jonschlinkert/braces.git"},"bugs":{"url":"https://github.com/jonschlinkert/braces/issues"},"license":{"type":"MIT","url":"https://github.com/jonschlinkert/braces/blob/master/LICENSE"},"main":"index.js","engines":{"node":">=0.10.0"},"scripts":{"test":"mocha -R spec"},"files":["index.js","lib/"],"dependencies":{"arr-filter":"^1.0.2","expand-range":"^1.5.0","preserve":"^0.2.0","repeat-element":"^1.1.0"},"devDependencies":{"benchmarked":"^0.1.3","brace-expansion":"^1.1.0","chalk":"^0.5.1","minimatch":"^2.0.1","minimist":"^1.1.0","mocha":"*","should":"*","write":"^0.1.1"},"keywords":["alpha","alphabetical","bash","brace","expand","expansion","filepath","fill","fs","glob","globbing","letter","match","matches","matching","number","numerical","path","range","ranges","sh"],"gitHead":"a4a43ccb73b67bb8c86ded66f57417e5b13bba15","_id":"braces@1.5.1","_shasum":"faefcd7e5251c84c21127e8f079b14775b6c06ce","_from":".","_npmVersion":"1.4.28","_npmUser":{"name":"jonschlinkert","email":"github@sellside.com"},"maintainers":[{"name":"jonschlinkert","email":"github@sellside.com"}],"dist":{"shasum":"faefcd7e5251c84c21127e8f079b14775b6c06ce","tarball":"https://registry.npmjs.org/braces/-/braces-1.5.1.tgz"},"directories":{}},"1.6.0":{"name":"braces","description":"Fastest brace expansion for node.js, with more complete support of Bash 4.3 than minimatch.","version":"1.6.0","homepage":"https://github.com/jonschlinkert/braces","author":{"name":"Jon Schlinkert","url":"https://github.com/jonschlinkert"},"repository":{"type":"git","url":"git://github.com/jonschlinkert/braces.git"},"bugs":{"url":"https://github.com/jonschlinkert/braces/issues"},"license":{"type":"MIT","url":"https://github.com/jonschlinkert/braces/blob/master/LICENSE"},"main":"index.js","engines":{"node":">=0.10.0"},"scripts":{"test":"mocha -R spec"},"files":["index.js","lib/"],"dependencies":{"arr-filter":"^1.0.2","expand-range":"^1.8.0","preserve":"^0.2.0","repeat-element":"^1.1.0"},"devDependencies":{"benchmarked":"^0.1.3","brace-expansion":"^1.1.0","chalk":"^0.5.1","minimatch":"^2.0.1","minimist":"^1.1.0","mocha":"*","should":"*","write":"^0.1.1"},"keywords":["alpha","alphabetical","bash","brace","expand","expansion","filepath","fill","fs","glob","globbing","letter","match","matches","matching","number","numerical","path","range","ranges","sh"],"gitHead":"25551ac2f8dade4ee68b4eeece4a338a9d8263f2","_id":"braces@1.6.0","_shasum":"438c23185022e8fa968af9feeaa056723a3efe55","_from":".","_npmVersion":"1.4.28","_npmUser":{"name":"jonschlinkert","email":"github@sellside.com"},"maintainers":[{"name":"jonschlinkert","email":"github@sellside.com"}],"dist":{"shasum":"438c23185022e8fa968af9feeaa056723a3efe55","tarball":"https://registry.npmjs.org/braces/-/braces-1.6.0.tgz"},"directories":{}},"1.7.0":{"name":"braces","description":"Fastest brace expansion for node.js, with the most complete support for the Bash 4.3 braces specification.","version":"1.7.0","homepage":"https://github.com/jonschlinkert/braces","author":{"name":"Jon Schlinkert","url":"https://github.com/jonschlinkert"},"repository":{"type":"git","url":"git://github.com/jonschlinkert/braces.git"},"bugs":{"url":"https://github.com/jonschlinkert/braces/issues"},"license":{"type":"MIT","url":"https://github.com/jonschlinkert/braces/blob/master/LICENSE"},"main":"index.js","engines":{"node":">=0.10.0"},"scripts":{"test":"mocha -R spec"},"files":["index.js","lib/"],"dependencies":{"arr-filter":"^1.0.2","arr-map":"^1.0.0","expand-range":"^1.8.0","preserve":"^0.2.0","repeat-element":"^1.1.0"},"devDependencies":{"benchmarked":"^0.1.3","brace-expansion":"^1.1.0","chalk":"^0.5.1","minimatch":"^2.0.1","minimist":"^1.1.0","mocha":"*","should":"*"},"keywords":["alpha","alphabetical","bash","brace","expand","expansion","filepath","fill","fs","glob","globbing","letter","match","matches","matching","number","numerical","path","range","ranges","sh"],"gitHead":"3960c6f34a4383b657e9bac59fe1345e5d3177c1","_id":"braces@1.7.0","_shasum":"ed954c25e8a170971202316c1899fa98fdae6d6d","_from":".","_npmVersion":"1.4.28","_npmUser":{"name":"jonschlinkert","email":"github@sellside.com"},"maintainers":[{"name":"jonschlinkert","email":"github@sellside.com"}],"dist":{"shasum":"ed954c25e8a170971202316c1899fa98fdae6d6d","tarball":"https://registry.npmjs.org/braces/-/braces-1.7.0.tgz"},"directories":{}},"1.8.0":{"name":"braces","description":"Fastest brace expansion for node.js, with the most complete support for the Bash 4.3 braces specification.","version":"1.8.0","homepage":"https://github.com/jonschlinkert/braces","author":{"name":"Jon Schlinkert","url":"https://github.com/jonschlinkert"},"repository":{"type":"git","url":"git://github.com/jonschlinkert/braces.git"},"bugs":{"url":"https://github.com/jonschlinkert/braces/issues"},"license":{"type":"MIT","url":"https://github.com/jonschlinkert/braces/blob/master/LICENSE"},"main":"index.js","engines":{"node":">=0.10.0"},"scripts":{"test":"mocha -R spec"},"files":["index.js","lib/"],"dependencies":{"expand-range":"^1.8.1","preserve":"^0.2.0","repeat-element":"^1.1.0"},"devDependencies":{"benchmarked":"^0.1.3","brace-expansion":"^1.1.0","chalk":"^0.5.1","minimatch":"^2.0.1","minimist":"^1.1.0","mocha":"*","should":"*"},"keywords":["alpha","alphabetical","bash","brace","expand","expansion","filepath","fill","fs","glob","globbing","letter","match","matches","matching","number","numerical","path","range","ranges","sh"],"gitHead":"3960c6f34a4383b657e9bac59fe1345e5d3177c1","_id":"braces@1.8.0","_shasum":"3a4a005aae0391817c17b074dca8f08e6fc9e4c4","_from":".","_npmVersion":"2.5.1","_nodeVersion":"0.12.0","_npmUser":{"name":"jonschlinkert","email":"github@sellside.com"},"maintainers":[{"name":"jonschlinkert","email":"github@sellside.com"}],"dist":{"shasum":"3a4a005aae0391817c17b074dca8f08e6fc9e4c4","tarball":"https://registry.npmjs.org/braces/-/braces-1.8.0.tgz"},"directories":{}},"1.8.1":{"name":"braces","description":"Fastest brace expansion for node.js, with the most complete support for the Bash 4.3 braces specification.","version":"1.8.1","homepage":"https://github.com/jonschlinkert/braces","author":{"name":"Jon Schlinkert","url":"https://github.com/jonschlinkert"},"repository":{"type":"git","url":"git+https://github.com/jonschlinkert/braces.git"},"bugs":{"url":"https://github.com/jonschlinkert/braces/issues"},"license":"MIT","main":"index.js","engines":{"node":">=0.10.0"},"scripts":{"test":"mocha"},"files":["index.js"],"dependencies":{"expand-range":"^1.8.1","lazy-cache":"^0.2.3","preserve":"^0.2.0","repeat-element":"^1.1.2"},"devDependencies":{"benchmarked":"^0.1.3","brace-expansion":"^1.1.0","chalk":"^0.5.1","minimatch":"^2.0.1","minimist":"^1.1.0","mocha":"*","should":"*"},"keywords":["alpha","alphabetical","bash","brace","expand","expansion","filepath","fill","fs","glob","globbing","letter","match","matches","matching","number","numerical","path","range","ranges","sh"],"gitHead":"04aa03dccdadaf469bb7cad86ac8a31d21e974d7","_id":"braces@1.8.1","_shasum":"2d195b85a0a997ec21be78a7f1bc970480b12a1a","_from":".","_npmVersion":"2.10.1","_nodeVersion":"0.12.4","_npmUser":{"name":"jonschlinkert","email":"github@sellside.com"},"maintainers":[{"name":"jonschlinkert","email":"github@sellside.com"},{"name":"es128","email":"elan.shanker+npm@gmail.com"},{"name":"doowb","email":"brian.woodward@gmail.com"}],"dist":{"shasum":"2d195b85a0a997ec21be78a7f1bc970480b12a1a","tarball":"https://registry.npmjs.org/braces/-/braces-1.8.1.tgz"},"directories":{}},"1.8.2":{"name":"braces","description":"Fastest brace expansion for node.js, with the most complete support for the Bash 4.3 braces specification.","version":"1.8.2","homepage":"https://github.com/jonschlinkert/braces","author":{"name":"Jon Schlinkert","url":"https://github.com/jonschlinkert"},"repository":{"type":"git","url":"git+https://github.com/jonschlinkert/braces.git"},"bugs":{"url":"https://github.com/jonschlinkert/braces/issues"},"license":"MIT","main":"index.js","engines":{"node":">=0.10.0"},"scripts":{"test":"mocha"},"files":["index.js","utils.js"],"dependencies":{"expand-range":"^1.8.1","lazy-cache":"^0.2.3","preserve":"^0.2.0","repeat-element":"^1.1.2"},"devDependencies":{"benchmarked":"^0.1.3","brace-expansion":"^1.1.0","chalk":"^0.5.1","minimatch":"^2.0.1","minimist":"^1.1.0","mocha":"*","should":"*"},"keywords":["alpha","alphabetical","bash","brace","expand","expansion","filepath","fill","fs","glob","globbing","letter","match","matches","matching","number","numerical","path","range","ranges","sh"],"gitHead":"9ab31c0dbf663ad08a7d9519286858f24e2ea9ac","_id":"braces@1.8.2","_shasum":"036e024051d4bbc7096428b4d6f20ea1f137a794","_from":".","_npmVersion":"2.13.3","_nodeVersion":"0.12.0","_npmUser":{"name":"doowb","email":"brian.woodward@gmail.com"},"dist":{"shasum":"036e024051d4bbc7096428b4d6f20ea1f137a794","tarball":"https://registry.npmjs.org/braces/-/braces-1.8.2.tgz"},"maintainers":[{"name":"jonschlinkert","email":"github@sellside.com"},{"name":"es128","email":"elan.shanker+npm@gmail.com"},{"name":"doowb","email":"brian.woodward@gmail.com"}],"directories":{}},"1.8.3":{"name":"braces","description":"Fastest brace expansion for node.js, with the most complete support for the Bash 4.3 braces specification.","version":"1.8.3","homepage":"https://github.com/jonschlinkert/braces","author":{"name":"Jon Schlinkert","url":"https://github.com/jonschlinkert"},"repository":{"type":"git","url":"git+https://github.com/jonschlinkert/braces.git"},"bugs":{"url":"https://github.com/jonschlinkert/braces/issues"},"license":"MIT","main":"index.js","engines":{"node":">=0.10.0"},"scripts":{"test":"mocha"},"files":["index.js","utils.js"],"dependencies":{"expand-range":"^1.8.1","preserve":"^0.2.0","repeat-element":"^1.1.2"},"devDependencies":{"benchmarked":"^0.1.3","brace-expansion":"^1.1.0","chalk":"^0.5.1","minimatch":"^2.0.1","minimist":"^1.1.0","mocha":"*","should":"*"},"keywords":["alpha","alphabetical","bash","brace","expand","expansion","filepath","fill","fs","glob","globbing","letter","match","matches","matching","number","numerical","path","range","ranges","sh"],"gitHead":"9ab31c0dbf663ad08a7d9519286858f24e2ea9ac","_id":"braces@1.8.3","_shasum":"35d4e7dda632b33e215d38a8a9cf4329c9c75d2c","_from":".","_npmVersion":"3.3.6","_nodeVersion":"5.0.0","_npmUser":{"name":"jonschlinkert","email":"github@sellside.com"},"maintainers":[{"name":"jonschlinkert","email":"github@sellside.com"},{"name":"es128","email":"elan.shanker+npm@gmail.com"},{"name":"doowb","email":"brian.woodward@gmail.com"}],"dist":{"shasum":"35d4e7dda632b33e215d38a8a9cf4329c9c75d2c","tarball":"https://registry.npmjs.org/braces/-/braces-1.8.3.tgz"},"directories":{}},"1.8.4":{"name":"braces","description":"Fastest brace expansion for node.js, with the most complete support for the Bash 4.3 braces specification.","version":"1.8.4","homepage":"https://github.com/jonschlinkert/braces","author":{"name":"Jon Schlinkert","url":"https://github.com/jonschlinkert"},"repository":{"type":"git","url":"git+https://github.com/jonschlinkert/braces.git"},"bugs":{"url":"https://github.com/jonschlinkert/braces/issues"},"license":"MIT","files":["index.js"],"main":"index.js","engines":{"node":">=0.10.0"},"scripts":{"test":"mocha"},"dependencies":{"expand-range":"^1.8.1","preserve":"^0.2.0","repeat-element":"^1.1.2"},"devDependencies":{"benchmarked":"^0.1.5","brace-expansion":"^1.1.3","chalk":"^1.1.3","gulp-format-md":"^0.1.8","minimatch":"^3.0.0","minimist":"^1.2.0","mocha":"^2.4.5","should":"^8.3.1"},"keywords":["alpha","alphabetical","bash","brace","expand","expansion","filepath","fill","fs","glob","globbing","letter","match","matches","matching","number","numerical","path","range","ranges","sh"],"verb":{"plugins":["gulp-format-md"],"reflinks":["verb"],"toc":false,"layout":"default","lint":{"reflinks":true},"tasks":["readme"],"related":{"list":["micromatch","expand-range","fill-range"]}},"gitHead":"de218311bfb9d3c72531beafec67c6572b5e9c18","_id":"braces@1.8.4","_shasum":"75e2d6456d48b06dbb5205ed63442a3bfc5eefce","_from":".","_npmVersion":"3.6.0","_nodeVersion":"5.5.0","_npmUser":{"name":"jonschlinkert","email":"github@sellside.com"},"maintainers":[{"name":"jonschlinkert","email":"github@sellside.com"},{"name":"es128","email":"elan.shanker+npm@gmail.com"},{"name":"doowb","email":"brian.woodward@gmail.com"}],"dist":{"shasum":"75e2d6456d48b06dbb5205ed63442a3bfc5eefce","tarball":"https://registry.npmjs.org/braces/-/braces-1.8.4.tgz"},"_npmOperationalInternal":{"host":"packages-12-west.internal.npmjs.com","tmp":"tmp/braces-1.8.4.tgz_1461140683394_0.9431159163359553"},"directories":{}},"1.8.5":{"name":"braces","description":"Fastest brace expansion for node.js, with the most complete support for the Bash 4.3 braces specification.","version":"1.8.5","homepage":"https://github.com/jonschlinkert/braces","author":{"name":"Jon Schlinkert","url":"https://github.com/jonschlinkert"},"repository":{"type":"git","url":"git+https://github.com/jonschlinkert/braces.git"},"bugs":{"url":"https://github.com/jonschlinkert/braces/issues"},"license":"MIT","files":["index.js"],"main":"index.js","engines":{"node":">=0.10.0"},"scripts":{"test":"mocha"},"dependencies":{"expand-range":"^1.8.1","preserve":"^0.2.0","repeat-element":"^1.1.2"},"devDependencies":{"benchmarked":"^0.1.5","brace-expansion":"^1.1.3","chalk":"^1.1.3","gulp-format-md":"^0.1.8","minimatch":"^3.0.0","minimist":"^1.2.0","mocha":"^2.4.5","should":"^8.3.1"},"keywords":["alpha","alphabetical","bash","brace","expand","expansion","filepath","fill","fs","glob","globbing","letter","match","matches","matching","number","numerical","path","range","ranges","sh"],"verb":{"plugins":["gulp-format-md"],"reflinks":["verb"],"toc":false,"layout":"default","lint":{"reflinks":true},"tasks":["readme"],"related":{"list":["micromatch","expand-range","fill-range"]}},"gitHead":"24874614ebeda1c5405180f1f6c9f374bcf384ce","_id":"braces@1.8.5","_shasum":"ba77962e12dff969d6b76711e914b737857bf6a7","_from":".","_npmVersion":"3.6.0","_nodeVersion":"5.5.0","_npmUser":{"name":"jonschlinkert","email":"github@sellside.com"},"maintainers":[{"name":"jonschlinkert","email":"github@sellside.com"},{"name":"es128","email":"elan.shanker+npm@gmail.com"},{"name":"doowb","email":"brian.woodward@gmail.com"}],"dist":{"shasum":"ba77962e12dff969d6b76711e914b737857bf6a7","tarball":"https://registry.npmjs.org/braces/-/braces-1.8.5.tgz"},"_npmOperationalInternal":{"host":"packages-16-east.internal.npmjs.com","tmp":"tmp/braces-1.8.5.tgz_1463843581552_0.5618140168953687"},"directories":{}},"2.0.0":{"name":"braces","description":"Fast, comprehensive, bash-like brace expansion implemented in JavaScript. Complete support for the Bash 4.3 braces specification, without sacrificing speed.","version":"2.0.0","homepage":"https://github.com/jonschlinkert/braces","author":{"name":"Jon Schlinkert","url":"https://github.com/jonschlinkert"},"contributors":[{"name":"Brian Woodward","email":"brian.woodward@gmail.com","url":"https://github.com/doowb"},{"name":"Eugene Sharygin","url":"https://github.com/eush77"},{"name":"Jon Schlinkert","email":"jon.schlinkert@sellside.com","url":"http://twitter.com/jonschlinkert"}],"repository":{"type":"git","url":"git+https://github.com/jonschlinkert/braces.git"},"bugs":{"url":"https://github.com/jonschlinkert/braces/issues"},"license":"MIT","files":["index.js","lib"],"main":"index.js","engines":{"node":">=0.10.0"},"scripts":{"test":"mocha"},"dependencies":{"arr-flatten":"^1.0.1","array-unique":"^0.3.2","debug":"^2.2.0","define-property":"^0.2.5","extend-shallow":"^2.0.1","fill-range":"^3.0.3","isobject":"^2.1.0","regex-not":"^1.0.0","repeat-element":"^1.1.2","snapdragon":"^0.8.1","to-regex":"^3.0.1"},"devDependencies":{"ansi-cyan":"^0.1.1","benchmarked":"^0.2.5","brace-expansion":"^1.1.6","cross-spawn":"^4.0.2","fs-exists-sync":"^0.1.0","gulp":"^3.9.1","gulp-eslint":"^3.0.1","gulp-format-md":"^0.1.11","gulp-istanbul":"^1.1.1","gulp-mocha":"^3.0.1","gulp-unused":"^0.2.0","is-windows":"^0.2.0","minimatch":"^3.0.3","mocha":"^3.1.2","noncharacters":"^1.1.0","pretty-bytes":"^4.0.2","text-table":"^0.2.0","time-diff":"^0.3.1","yargs-parser":"^4.0.2"},"keywords":["alpha","alphabetical","bash","brace","braces","expand","expansion","filepath","fill","fs","glob","globbing","letter","match","matches","matching","number","numerical","path","range","ranges","sh"],"verb":{"toc":false,"layout":"default","tasks":["readme"],"lint":{"reflinks":true},"plugins":["gulp-format-md"],"related":{"list":["expand-brackets","extglob","fill-range","micromatch","nanomatch"]},"reflinks":["brace-expansion","to-regex-range","verb","verb-generate-readme"]},"gitHead":"e6761d8bf6e430ef73713a3a7d7b0115f6183c90","_id":"braces@2.0.0","_shasum":"3d809da0a3e2024761d48651955fd9452e25ec85","_from":".","_npmVersion":"3.10.3","_nodeVersion":"6.7.0","_npmUser":{"name":"jonschlinkert","email":"github@sellside.com"},"maintainers":[{"name":"jonschlinkert","email":"github@sellside.com"},{"name":"es128","email":"elan.shanker+npm@gmail.com"},{"name":"doowb","email":"brian.woodward@gmail.com"}],"dist":{"shasum":"3d809da0a3e2024761d48651955fd9452e25ec85","tarball":"https://registry.npmjs.org/braces/-/braces-2.0.0.tgz"},"_npmOperationalInternal":{"host":"packages-18-east.internal.npmjs.com","tmp":"tmp/braces-2.0.0.tgz_1476927129221_0.6485608567018062"},"directories":{}},"2.0.1":{"name":"braces","description":"Fast, comprehensive, bash-like brace expansion implemented in JavaScript. Complete support for the Bash 4.3 braces specification, without sacrificing speed.","version":"2.0.1","homepage":"https://github.com/jonschlinkert/braces","author":{"name":"Jon Schlinkert","url":"https://github.com/jonschlinkert"},"contributors":[{"name":"Brian Woodward","email":"brian.woodward@gmail.com","url":"https://github.com/doowb"},{"name":"Elan Shanker","url":"https://github.com/es128"},{"name":"Eugene Sharygin","url":"https://github.com/eush77"},{"name":"hemanth.hm","email":"hemanth.hm@gmail.com","url":"http://h3manth.com"},{"name":"Jon Schlinkert","email":"jon.schlinkert@sellside.com","url":"http://twitter.com/jonschlinkert"}],"repository":{"type":"git","url":"git+https://github.com/jonschlinkert/braces.git"},"bugs":{"url":"https://github.com/jonschlinkert/braces/issues"},"license":"MIT","files":["index.js","lib"],"main":"index.js","engines":{"node":">=0.10.0"},"scripts":{"test":"mocha"},"dependencies":{"arr-flatten":"^1.0.1","array-unique":"^0.3.2","debug":"^2.2.0","define-property":"^0.2.5","extend-shallow":"^2.0.1","fill-range":"^3.0.3","isobject":"^2.1.0","regex-not":"^1.0.0","repeat-element":"^1.1.2","snapdragon":"^0.8.1","to-regex":"^3.0.1"},"devDependencies":{"ansi-cyan":"^0.1.1","benchmarked":"^0.2.5","brace-expansion":"^1.1.6","cross-spawn":"^4.0.2","fs-exists-sync":"^0.1.0","gulp":"^3.9.1","gulp-eslint":"^3.0.1","gulp-format-md":"^0.1.11","gulp-istanbul":"^1.1.1","gulp-mocha":"^3.0.1","gulp-unused":"^0.2.0","is-windows":"^0.2.0","minimatch":"^3.0.3","mocha":"^3.1.2","noncharacters":"^1.1.0","pretty-bytes":"^4.0.2","text-table":"^0.2.0","time-diff":"^0.3.1","yargs-parser":"^4.0.2"},"keywords":["alpha","alphabetical","bash","brace","braces","expand","expansion","filepath","fill","fs","glob","globbing","letter","match","matches","matching","number","numerical","path","range","ranges","sh"],"verb":{"toc":false,"layout":"default","tasks":["readme"],"lint":{"reflinks":true},"plugins":["gulp-format-md"],"related":{"list":["expand-brackets","extglob","fill-range","micromatch","nanomatch"]},"reflinks":["brace-expansion","to-regex-range","verb","verb-generate-readme"]},"gitHead":"2c8155e67b85fe134110d178e4b916f5bd0db034","_id":"braces@2.0.1","_shasum":"aef8fb862f7f429d9840a931cbbbbf8355107905","_from":".","_npmVersion":"3.10.3","_nodeVersion":"6.7.0","_npmUser":{"name":"jonschlinkert","email":"github@sellside.com"},"maintainers":[{"name":"jonschlinkert","email":"github@sellside.com"},{"name":"es128","email":"elan.shanker+npm@gmail.com"},{"name":"doowb","email":"brian.woodward@gmail.com"}],"dist":{"shasum":"aef8fb862f7f429d9840a931cbbbbf8355107905","tarball":"https://registry.npmjs.org/braces/-/braces-2.0.1.tgz"},"_npmOperationalInternal":{"host":"packages-18-east.internal.npmjs.com","tmp":"tmp/braces-2.0.1.tgz_1476997523234_0.9440339561551809"},"directories":{}},"2.0.2":{"name":"braces","description":"Fast, comprehensive, bash-like brace expansion implemented in JavaScript. Complete support for the Bash 4.3 braces specification, without sacrificing speed.","version":"2.0.2","homepage":"https://github.com/jonschlinkert/braces","author":{"name":"Jon Schlinkert","url":"https://github.com/jonschlinkert"},"contributors":[{"name":"Brian Woodward","email":"brian.woodward@gmail.com","url":"https://github.com/doowb"},{"name":"Elan Shanker","url":"https://github.com/es128"},{"name":"Eugene Sharygin","url":"https://github.com/eush77"},{"name":"hemanth.hm","email":"hemanth.hm@gmail.com","url":"http://h3manth.com"},{"name":"Jon Schlinkert","email":"jon.schlinkert@sellside.com","url":"http://twitter.com/jonschlinkert"}],"repository":{"type":"git","url":"git+https://github.com/jonschlinkert/braces.git"},"bugs":{"url":"https://github.com/jonschlinkert/braces/issues"},"license":"MIT","files":["index.js","lib"],"main":"index.js","engines":{"node":">=0.10.0"},"scripts":{"test":"mocha"},"dependencies":{"arr-flatten":"^1.0.1","array-unique":"^0.3.2","debug":"^2.2.0","define-property":"^0.2.5","extend-shallow":"^2.0.1","fill-range":"^3.0.3","isobject":"^2.1.0","regex-not":"^1.0.0","repeat-element":"^1.1.2","snapdragon":"^0.8.1","to-regex":"^3.0.1"},"devDependencies":{"ansi-cyan":"^0.1.1","benchmarked":"^0.2.5","brace-expansion":"^1.1.6","cross-spawn":"^4.0.2","fs-exists-sync":"^0.1.0","gulp":"^3.9.1","gulp-eslint":"^3.0.1","gulp-format-md":"^0.1.11","gulp-istanbul":"^1.1.1","gulp-mocha":"^3.0.1","gulp-unused":"^0.2.0","is-windows":"^0.2.0","minimatch":"^3.0.3","mocha":"^3.1.2","noncharacters":"^1.1.0","pretty-bytes":"^4.0.2","text-table":"^0.2.0","time-diff":"^0.3.1","yargs-parser":"^4.0.2"},"keywords":["alpha","alphabetical","bash","brace","braces","expand","expansion","filepath","fill","fs","glob","globbing","letter","match","matches","matching","number","numerical","path","range","ranges","sh"],"verb":{"toc":false,"layout":"default","tasks":["readme"],"lint":{"reflinks":true},"plugins":["gulp-format-md"],"related":{"list":["expand-brackets","extglob","fill-range","micromatch","nanomatch"]},"reflinks":["brace-expansion","to-regex-range","verb","verb-generate-readme"]},"gitHead":"d2bb3cf243719334f245580c9eed4c4f5b90184c","_id":"braces@2.0.2","_shasum":"d4c9b44820e63a7b79437a4ef094b8ab53a4ae44","_from":".","_npmVersion":"3.10.3","_nodeVersion":"6.7.0","_npmUser":{"name":"jonschlinkert","email":"github@sellside.com"},"maintainers":[{"name":"jonschlinkert","email":"github@sellside.com"},{"name":"es128","email":"elan.shanker+npm@gmail.com"},{"name":"doowb","email":"brian.woodward@gmail.com"}],"dist":{"shasum":"d4c9b44820e63a7b79437a4ef094b8ab53a4ae44","tarball":"https://registry.npmjs.org/braces/-/braces-2.0.2.tgz"},"_npmOperationalInternal":{"host":"packages-12-west.internal.npmjs.com","tmp":"tmp/braces-2.0.2.tgz_1477032399842_0.88175986148417"},"directories":{}},"2.0.3":{"name":"braces","description":"Fast, comprehensive, bash-like brace expansion implemented in JavaScript. Complete support for the Bash 4.3 braces specification, without sacrificing speed.","version":"2.0.3","homepage":"https://github.com/jonschlinkert/braces","author":{"name":"Jon Schlinkert","url":"https://github.com/jonschlinkert"},"contributors":[{"name":"Brian Woodward","email":"brian.woodward@gmail.com","url":"https://github.com/doowb"},{"name":"Elan Shanker","url":"https://github.com/es128"},{"name":"Eugene Sharygin","url":"https://github.com/eush77"},{"name":"hemanth.hm","email":"hemanth.hm@gmail.com","url":"http://h3manth.com"},{"name":"Jon Schlinkert","email":"jon.schlinkert@sellside.com","url":"http://twitter.com/jonschlinkert"}],"repository":{"type":"git","url":"git+https://github.com/jonschlinkert/braces.git"},"bugs":{"url":"https://github.com/jonschlinkert/braces/issues"},"license":"MIT","files":["index.js","lib"],"main":"index.js","engines":{"node":">=0.10.0"},"scripts":{"test":"mocha"},"dependencies":{"arr-flatten":"^1.0.1","array-unique":"^0.3.2","define-property":"^0.2.5","extend-shallow":"^2.0.1","fill-range":"^3.0.3","isobject":"^3.0.0","regex-not":"^1.0.0","repeat-element":"^1.1.2","snapdragon":"^0.8.1","to-regex":"^3.0.1"},"devDependencies":{"ansi-cyan":"^0.1.1","benchmarked":"^0.2.5","brace-expansion":"^1.1.6","cross-spawn":"^5.0.1","fs-exists-sync":"^0.1.0","gulp":"^3.9.1","gulp-eslint":"^3.0.1","gulp-format-md":"^0.1.11","gulp-istanbul":"^1.1.1","gulp-mocha":"^3.0.1","gulp-unused":"^0.2.0","is-windows":"^1.0.0","minimatch":"^3.0.3","mocha":"^3.2.0","noncharacters":"^1.1.0","pretty-bytes":"^4.0.2","text-table":"^0.2.0","time-diff":"^0.3.1","yargs-parser":"^4.2.0"},"keywords":["alpha","alphabetical","bash","brace","braces","expand","expansion","filepath","fill","fs","glob","globbing","letter","match","matches","matching","number","numerical","path","range","ranges","sh"],"verb":{"toc":false,"layout":"default","tasks":["readme"],"lint":{"reflinks":true},"plugins":["gulp-format-md"],"related":{"list":["expand-brackets","extglob","fill-range","micromatch","nanomatch"]},"reflinks":["brace-expansion","to-regex-range","verb","verb-generate-readme"]},"gitHead":"3b9f881ae5d07d1e6d1d66aec61e134731671807","_id":"braces@2.0.3","_shasum":"7ac586e593bdc43a262daf45673661464844198f","_from":".","_npmVersion":"3.10.9","_nodeVersion":"6.9.2","_npmUser":{"name":"jonschlinkert","email":"github@sellside.com"},"maintainers":[{"name":"jonschlinkert","email":"github@sellside.com"},{"name":"es128","email":"elan.shanker+npm@gmail.com"},{"name":"doowb","email":"brian.woodward@gmail.com"}],"dist":{"shasum":"7ac586e593bdc43a262daf45673661464844198f","tarball":"https://registry.npmjs.org/braces/-/braces-2.0.3.tgz"},"_npmOperationalInternal":{"host":"packages-12-west.internal.npmjs.com","tmp":"tmp/braces-2.0.3.tgz_1481418802700_0.12234931578859687"},"directories":{}},"2.0.4":{"name":"braces","description":"Fast, comprehensive, bash-like brace expansion implemented in JavaScript. Complete support for the Bash 4.3 braces specification, without sacrificing speed.","version":"2.0.4","homepage":"https://github.com/jonschlinkert/braces","author":{"name":"Jon Schlinkert","url":"https://github.com/jonschlinkert"},"contributors":[{"name":"Brian Woodward","email":"brian.woodward@gmail.com","url":"https://twitter.com/doowb"},{"name":"Elan Shanker","url":"https://github.com/es128"},{"name":"Eugene Sharygin","url":"https://github.com/eush77"},{"name":"hemanth.hm","email":"hemanth.hm@gmail.com","url":"http://h3manth.com"},{"name":"Jon Schlinkert","email":"jon.schlinkert@sellside.com","url":"http://twitter.com/jonschlinkert"}],"repository":{"type":"git","url":"git+https://github.com/jonschlinkert/braces.git"},"bugs":{"url":"https://github.com/jonschlinkert/braces/issues"},"license":"MIT","files":["index.js","lib"],"main":"index.js","engines":{"node":">=0.10.0"},"scripts":{"test":"mocha"},"dependencies":{"arr-flatten":"^1.0.1","array-unique":"^0.3.2","define-property":"^0.2.5","extend-shallow":"^2.0.1","fill-range":"^3.1.1","isobject":"^3.0.0","regex-not":"^1.0.0","repeat-element":"^1.1.2","snapdragon":"^0.8.1","split-string":"^2.0.0","to-regex":"^3.0.1"},"devDependencies":{"ansi-cyan":"^0.1.1","benchmarked":"^0.2.5","brace-expansion":"^1.1.7","cross-spawn":"^5.1.0","fs-exists-sync":"^0.1.0","gulp":"^3.9.1","gulp-eslint":"^3.0.1","gulp-format-md":"^0.1.12","gulp-istanbul":"^1.1.1","gulp-mocha":"^3.0.0","gulp-unused":"^0.2.1","is-windows":"^1.0.0","minimatch":"^3.0.3","mocha":"^3.2.0","noncharacters":"^1.1.0","pretty-bytes":"^4.0.2","text-table":"^0.2.0","time-diff":"^0.3.1","yargs-parser":"^5.0.0"},"keywords":["alpha","alphabetical","bash","brace","braces","expand","expansion","filepath","fill","fs","glob","globbing","letter","match","matches","matching","number","numerical","path","range","ranges","sh"],"verb":{"toc":false,"layout":"default","tasks":["readme"],"lint":{"reflinks":true},"plugins":["gulp-format-md"],"related":{"list":["expand-brackets","extglob","fill-range","micromatch","nanomatch"]},"reflinks":["multimatch","to-regex-range"]},"gitHead":"1e18cfad8e1fba642b80737d0987dbe988b30b57","_id":"braces@2.0.4","_shasum":"6381bfe9154fbc2b0b1b420aab574b1ac87534ee","_from":".","_npmVersion":"4.1.2","_nodeVersion":"7.7.3","_npmUser":{"name":"jonschlinkert","email":"github@sellside.com"},"maintainers":[{"name":"jonschlinkert","email":"github@sellside.com"},{"name":"es128","email":"elan.shanker+npm@gmail.com"},{"name":"doowb","email":"brian.woodward@gmail.com"}],"dist":{"shasum":"6381bfe9154fbc2b0b1b420aab574b1ac87534ee","tarball":"https://registry.npmjs.org/braces/-/braces-2.0.4.tgz"},"_npmOperationalInternal":{"host":"packages-12-west.internal.npmjs.com","tmp":"tmp/braces-2.0.4.tgz_1491959561858_0.7802031957544386"},"directories":{}},"2.1.0":{"name":"braces","description":"Fast, comprehensive, bash-like brace expansion implemented in JavaScript. Complete support for the Bash 4.3 braces specification, without sacrificing speed.","version":"2.1.0","homepage":"https://github.com/micromatch/braces","author":{"name":"Jon Schlinkert","url":"https://github.com/jonschlinkert"},"contributors":[{"name":"Brian Woodward","email":"brian.woodward@gmail.com","url":"https://twitter.com/doowb"},{"name":"Elan Shanker","url":"https://github.com/es128"},{"name":"Eugene Sharygin","url":"https://github.com/eush77"},{"name":"hemanth.hm","email":"hemanth.hm@gmail.com","url":"http://h3manth.com"},{"name":"Jon Schlinkert","email":"jon.schlinkert@sellside.com","url":"http://twitter.com/jonschlinkert"}],"repository":{"type":"git","url":"git+https://github.com/micromatch/braces.git"},"bugs":{"url":"https://github.com/micromatch/braces/issues"},"license":"MIT","files":["index.js","lib"],"main":"index.js","engines":{"node":">=0.10.0"},"scripts":{"test":"mocha"},"dependencies":{"arr-flatten":"^1.0.3","array-unique":"^0.3.2","define-property":"^1.0.0","extend-shallow":"^2.0.1","fill-range":"^4.0.0","isobject":"^3.0.0","repeat-element":"^1.1.2","snapdragon":"^0.8.1","split-string":"^2.0.0","to-regex":"^3.0.1"},"devDependencies":{"ansi-cyan":"^0.1.1","benchmarked":"^1.0.0","brace-expansion":"^1.1.7","cross-spawn":"^5.1.0","fs-exists-sync":"^0.1.0","gulp":"^3.9.1","gulp-eslint":"^3.0.1","gulp-format-md":"^0.1.12","gulp-istanbul":"^1.1.1","gulp-mocha":"^3.0.0","gulp-unused":"^0.2.1","is-windows":"^1.0.0","minimatch":"^3.0.3","mocha":"^3.2.0","noncharacters":"^1.1.0","pretty-bytes":"^4.0.2","text-table":"^0.2.0","time-diff":"^0.3.1","yargs-parser":"^5.0.0"},"keywords":["alpha","alphabetical","bash","brace","braces","expand","expansion","filepath","fill","fs","glob","globbing","letter","match","matches","matching","number","numerical","path","range","ranges","sh"],"verb":{"toc":false,"layout":"default","tasks":["readme"],"lint":{"reflinks":true},"plugins":["gulp-format-md"],"related":{"list":["expand-brackets","extglob","fill-range","micromatch","nanomatch"]},"reflinks":["multimatch","to-regex-range"]},"gitHead":"3bfb5df3f4cf18cf098f22f0005b365d96a7ca62","_id":"braces@2.1.0","_shasum":"27dc86dfb1add13b2974fc4276e01941a246e14a","_from":".","_npmVersion":"4.2.0","_nodeVersion":"7.7.3","_npmUser":{"name":"jonschlinkert","email":"github@sellside.com"},"maintainers":[{"name":"jonschlinkert","email":"github@sellside.com"},{"name":"es128","email":"elan.shanker+npm@gmail.com"},{"name":"doowb","email":"brian.woodward@gmail.com"}],"dist":{"shasum":"27dc86dfb1add13b2974fc4276e01941a246e14a","tarball":"https://registry.npmjs.org/braces/-/braces-2.1.0.tgz"},"_npmOperationalInternal":{"host":"packages-18-east.internal.npmjs.com","tmp":"tmp/braces-2.1.0.tgz_1493246364083_0.3190110339783132"},"directories":{}},"2.1.1":{"name":"braces","description":"Fast, comprehensive, bash-like brace expansion implemented in JavaScript. Complete support for the Bash 4.3 braces specification, without sacrificing speed.","version":"2.1.1","homepage":"https://github.com/micromatch/braces","author":{"name":"Jon Schlinkert","url":"https://github.com/jonschlinkert"},"contributors":[{"name":"Brian Woodward","email":"brian.woodward@gmail.com","url":"https://twitter.com/doowb"},{"name":"Elan Shanker","url":"https://github.com/es128"},{"name":"Eugene Sharygin","url":"https://github.com/eush77"},{"name":"hemanth.hm","email":"hemanth.hm@gmail.com","url":"http://h3manth.com"},{"name":"Jon Schlinkert","email":"jon.schlinkert@sellside.com","url":"http://twitter.com/jonschlinkert"}],"repository":{"type":"git","url":"git+https://github.com/micromatch/braces.git"},"bugs":{"url":"https://github.com/micromatch/braces/issues"},"license":"MIT","files":["index.js","lib"],"main":"index.js","engines":{"node":">=0.10.0"},"scripts":{"test":"mocha"},"dependencies":{"arr-flatten":"^1.0.3","array-unique":"^0.3.2","define-property":"^1.0.0","extend-shallow":"^2.0.1","fill-range":"^4.0.0","isobject":"^3.0.0","repeat-element":"^1.1.2","snapdragon":"^0.8.1","split-string":"^2.1.0","to-regex":"^3.0.1"},"devDependencies":{"ansi-cyan":"^0.1.1","benchmarked":"^1.0.0","brace-expansion":"^1.1.7","cross-spawn":"^5.1.0","fs-exists-sync":"^0.1.0","gulp":"^3.9.1","gulp-eslint":"^3.0.1","gulp-format-md":"^0.1.12","gulp-istanbul":"^1.1.1","gulp-mocha":"^3.0.0","gulp-unused":"^0.2.1","is-windows":"^1.0.0","minimatch":"^3.0.3","mocha":"^3.2.0","noncharacters":"^1.1.0","pretty-bytes":"^4.0.2","text-table":"^0.2.0","time-diff":"^0.3.1","yargs-parser":"^5.0.0"},"keywords":["alpha","alphabetical","bash","brace","braces","expand","expansion","filepath","fill","fs","glob","globbing","letter","match","matches","matching","number","numerical","path","range","ranges","sh"],"verb":{"toc":false,"layout":"default","tasks":["readme"],"lint":{"reflinks":true},"plugins":["gulp-format-md"],"related":{"list":["expand-brackets","extglob","fill-range","micromatch","nanomatch"]},"reflinks":["multimatch","to-regex-range"]},"gitHead":"9a2ca2624823578aa68b624ffe71e089da66261d","_id":"braces@2.1.1","_shasum":"b33581be8553a651fdc79012760a7e767f82b834","_from":".","_npmVersion":"4.2.0","_nodeVersion":"7.7.3","_npmUser":{"name":"jonschlinkert","email":"github@sellside.com"},"maintainers":[{"name":"jonschlinkert","email":"github@sellside.com"},{"name":"es128","email":"elan.shanker+npm@gmail.com"},{"name":"doowb","email":"brian.woodward@gmail.com"}],"dist":{"shasum":"b33581be8553a651fdc79012760a7e767f82b834","tarball":"https://registry.npmjs.org/braces/-/braces-2.1.1.tgz"},"_npmOperationalInternal":{"host":"packages-18-east.internal.npmjs.com","tmp":"tmp/braces-2.1.1.tgz_1493280609200_0.7220009674783796"},"directories":{}},"2.2.0":{"name":"braces","description":"Bash-like brace expansion, implemented in JavaScript. Safer than other brace expansion libs, with complete support for the Bash 4.3 braces specification, without sacrificing speed.","version":"2.2.0","homepage":"https://github.com/micromatch/braces","author":{"name":"Jon Schlinkert","url":"https://github.com/jonschlinkert"},"contributors":[{"name":"Brian Woodward","url":"https://twitter.com/doowb"},{"name":"Elan Shanker","url":"https://github.com/es128"},{"name":"Eugene Sharygin","url":"https://github.com/eush77"},{"name":"hemanth.hm","url":"http://h3manth.com"},{"name":"Jon Schlinkert","url":"http://twitter.com/jonschlinkert"}],"repository":{"type":"git","url":"git+https://github.com/micromatch/braces.git"},"bugs":{"url":"https://github.com/micromatch/braces/issues"},"license":"MIT","files":["index.js","lib"],"main":"index.js","engines":{"node":">=0.10.0"},"scripts":{"test":"mocha","benchmark":"node benchmark"},"dependencies":{"arr-flatten":"^1.0.3","array-unique":"^0.3.2","define-property":"^1.0.0","extend-shallow":"^2.0.1","fill-range":"^4.0.0","isobject":"^3.0.0","repeat-element":"^1.1.2","snapdragon":"^0.8.1","snapdragon-node":"^2.0.1","split-string":"^2.1.0","to-regex":"^3.0.1"},"devDependencies":{"ansi-cyan":"^0.1.1","benchmarked":"^1.0.0","brace-expansion":"^1.1.7","cross-spawn":"^5.1.0","gulp":"^3.9.1","gulp-eslint":"^3.0.1","gulp-format-md":"^0.1.12","gulp-istanbul":"^1.1.1","gulp-mocha":"^3.0.0","gulp-unused":"^0.2.1","is-windows":"^1.0.0","minimatch":"^3.0.3","mocha":"^3.2.0","noncharacters":"^1.1.0","pretty-bytes":"^4.0.2","text-table":"^0.2.0","time-diff":"^0.3.1","yargs-parser":"^5.0.0"},"keywords":["alpha","alphabetical","bash","brace","braces","expand","expansion","filepath","fill","fs","glob","globbing","letter","match","matches","matching","number","numerical","path","range","ranges","sh"],"verb":{"toc":false,"layout":"default","tasks":["readme"],"lint":{"reflinks":true},"plugins":["gulp-format-md"],"related":{"list":["expand-brackets","extglob","fill-range","micromatch","nanomatch"]}},"gitHead":"6acf24280dbdeff24ea0b2d76fef3314ee2869dd","_id":"braces@2.2.0","_shasum":"9edd1d6ee0acd760f1d1e5c13bc66d428ad0a3c0","_from":".","_npmVersion":"4.6.1","_nodeVersion":"7.7.3","_npmUser":{"name":"jonschlinkert","email":"github@sellside.com"},"maintainers":[{"name":"jonschlinkert","email":"github@sellside.com"},{"name":"es128","email":"elan.shanker+npm@gmail.com"},{"name":"doowb","email":"brian.woodward@gmail.com"}],"dist":{"shasum":"9edd1d6ee0acd760f1d1e5c13bc66d428ad0a3c0","tarball":"https://registry.npmjs.org/braces/-/braces-2.2.0.tgz"},"_npmOperationalInternal":{"host":"s3://npm-registry-packages","tmp":"tmp/braces-2.2.0.tgz_1496014212571_0.4040629423689097"},"directories":{}},"2.2.1":{"name":"braces","description":"Bash-like brace expansion, implemented in JavaScript. Safer than other brace expansion libs, with complete support for the Bash 4.3 braces specification, without sacrificing speed.","version":"2.2.1","homepage":"https://github.com/micromatch/braces","author":{"name":"Jon Schlinkert","url":"https://github.com/jonschlinkert"},"contributors":[{"name":"Brian Woodward","url":"https://twitter.com/doowb"},{"name":"Elan Shanker","url":"https://github.com/es128"},{"name":"Eugene Sharygin","url":"https://github.com/eush77"},{"name":"hemanth.hm","url":"http://h3manth.com"},{"name":"Jon Schlinkert","url":"http://twitter.com/jonschlinkert"}],"repository":{"type":"git","url":"git+https://github.com/micromatch/braces.git"},"bugs":{"url":"https://github.com/micromatch/braces/issues"},"license":"MIT","files":["index.js","lib"],"main":"index.js","engines":{"node":">=0.10.0"},"scripts":{"test":"mocha","benchmark":"node benchmark"},"dependencies":{"arr-flatten":"^1.0.3","array-unique":"^0.3.2","define-property":"^1.0.0","extend-shallow":"^2.0.1","fill-range":"^4.0.0","isobject":"^3.0.0","repeat-element":"^1.1.2","snapdragon":"^0.8.1","snapdragon-node":"^2.0.1","split-string":"^2.1.0","to-regex":"^3.0.1"},"devDependencies":{"ansi-cyan":"^0.1.1","benchmarked":"^1.0.0","brace-expansion":"^1.1.7","cross-spawn":"^5.1.0","gulp":"^3.9.1","gulp-eslint":"^3.0.1","gulp-format-md":"^0.1.12","gulp-istanbul":"^1.1.1","gulp-mocha":"^3.0.0","gulp-unused":"^0.2.1","is-windows":"^1.0.0","minimatch":"^3.0.3","mocha":"^3.2.0","noncharacters":"^1.1.0","pretty-bytes":"^4.0.2","text-table":"^0.2.0","time-diff":"^0.3.1","yargs-parser":"^5.0.0"},"keywords":["alpha","alphabetical","bash","brace","braces","expand","expansion","filepath","fill","fs","glob","globbing","letter","match","matches","matching","number","numerical","path","range","ranges","sh"],"verb":{"toc":false,"layout":"default","tasks":["readme"],"lint":{"reflinks":true},"plugins":["gulp-format-md"],"related":{"list":["expand-brackets","extglob","fill-range","micromatch","nanomatch"]}},"gitHead":"13f2def55bc873764c9638eaf8ded1646f48fc17","_id":"braces@2.2.1","_shasum":"cccce9e092a93faa0bba2c1174cd262d2369794d","_from":".","_npmVersion":"4.6.1","_nodeVersion":"7.7.3","_npmUser":{"name":"jonschlinkert","email":"github@sellside.com"},"maintainers":[{"name":"jonschlinkert","email":"github@sellside.com"},{"name":"es128","email":"elan.shanker+npm@gmail.com"},{"name":"doowb","email":"brian.woodward@gmail.com"}],"dist":{"shasum":"cccce9e092a93faa0bba2c1174cd262d2369794d","tarball":"https://registry.npmjs.org/braces/-/braces-2.2.1.tgz"},"_npmOperationalInternal":{"host":"s3://npm-registry-packages","tmp":"tmp/braces-2.2.1.tgz_1496193670172_0.42343820934183896"},"directories":{}},"2.2.2":{"name":"braces","description":"Bash-like brace expansion, implemented in JavaScript. Safer than other brace expansion libs, with complete support for the Bash 4.3 braces specification, without sacrificing speed.","version":"2.2.2","homepage":"https://github.com/micromatch/braces","author":{"name":"Jon Schlinkert","url":"https://github.com/jonschlinkert"},"contributors":[{"name":"Brian Woodward","url":"https://twitter.com/doowb"},{"name":"Elan Shanker","url":"https://github.com/es128"},{"name":"Eugene Sharygin","url":"https://github.com/eush77"},{"name":"hemanth.hm","url":"http://h3manth.com"},{"name":"Jon Schlinkert","url":"http://twitter.com/jonschlinkert"}],"repository":{"type":"git","url":"git+https://github.com/micromatch/braces.git"},"bugs":{"url":"https://github.com/micromatch/braces/issues"},"license":"MIT","files":["index.js","lib"],"main":"index.js","engines":{"node":">=0.10.0"},"scripts":{"test":"mocha","benchmark":"node benchmark"},"dependencies":{"arr-flatten":"^1.0.3","array-unique":"^0.3.2","define-property":"^1.0.0","extend-shallow":"^2.0.1","fill-range":"^4.0.0","isobject":"^3.0.0","repeat-element":"^1.1.2","snapdragon":"^0.8.1","snapdragon-node":"^2.0.1","split-string":"^2.1.0","to-regex":"^3.0.1"},"devDependencies":{"ansi-cyan":"^0.1.1","benchmarked":"^1.0.0","brace-expansion":"^1.1.7","cross-spawn":"^5.1.0","gulp":"^3.9.1","gulp-eslint":"^3.0.1","gulp-format-md":"^0.1.12","gulp-istanbul":"^1.1.1","gulp-mocha":"^3.0.0","gulp-unused":"^0.2.1","is-windows":"^1.0.0","minimatch":"^3.0.3","mocha":"^3.2.0","noncharacters":"^1.1.0","pretty-bytes":"^4.0.2","text-table":"^0.2.0","time-diff":"^0.3.1","yargs-parser":"^5.0.0"},"keywords":["alpha","alphabetical","bash","brace","braces","expand","expansion","filepath","fill","fs","glob","globbing","letter","match","matches","matching","number","numerical","path","range","ranges","sh"],"verb":{"toc":false,"layout":"default","tasks":["readme"],"lint":{"reflinks":true},"plugins":["gulp-format-md"],"related":{"list":["expand-brackets","extglob","fill-range","micromatch","nanomatch"]}},"gitHead":"f888915cb261fc633a2a221b33b45b80ed5e0bb8","_id":"braces@2.2.2","_shasum":"241f868c2b2690d9febeee5a7c83fbbf25d00b1b","_from":".","_npmVersion":"4.6.1","_nodeVersion":"7.7.3","_npmUser":{"name":"jonschlinkert","email":"github@sellside.com"},"maintainers":[{"name":"jonschlinkert","email":"github@sellside.com"},{"name":"es128","email":"elan.shanker+npm@gmail.com"},{"name":"doowb","email":"brian.woodward@gmail.com"}],"dist":{"shasum":"241f868c2b2690d9febeee5a7c83fbbf25d00b1b","tarball":"https://registry.npmjs.org/braces/-/braces-2.2.2.tgz"},"_npmOperationalInternal":{"host":"s3://npm-registry-packages","tmp":"tmp/braces-2.2.2.tgz_1496224590043_0.89456413150765"},"directories":{}},"2.3.0":{"name":"braces","description":"Bash-like brace expansion, implemented in JavaScript. Safer than other brace expansion libs, with complete support for the Bash 4.3 braces specification, without sacrificing speed.","version":"2.3.0","homepage":"https://github.com/micromatch/braces","author":{"name":"Jon Schlinkert","url":"https://github.com/jonschlinkert"},"contributors":[{"name":"Brian Woodward","url":"https://twitter.com/doowb"},{"name":"Elan Shanker","url":"https://github.com/es128"},{"name":"Eugene Sharygin","url":"https://github.com/eush77"},{"name":"hemanth.hm","url":"http://h3manth.com"},{"name":"Jon Schlinkert","url":"http://twitter.com/jonschlinkert"}],"repository":{"type":"git","url":"git+https://github.com/micromatch/braces.git"},"bugs":{"url":"https://github.com/micromatch/braces/issues"},"license":"MIT","files":["index.js","lib"],"main":"index.js","engines":{"node":">=0.10.0"},"scripts":{"test":"mocha","benchmark":"node benchmark"},"dependencies":{"arr-flatten":"^1.1.0","array-unique":"^0.3.2","define-property":"^1.0.0","extend-shallow":"^2.0.1","fill-range":"^4.0.0","isobject":"^3.0.1","repeat-element":"^1.1.2","snapdragon":"^0.8.1","snapdragon-node":"^2.0.1","split-string":"^3.0.2","to-regex":"^3.0.1"},"devDependencies":{"ansi-cyan":"^0.1.1","benchmarked":"^2.0.0","brace-expansion":"^1.1.8","cross-spawn":"^5.1.0","gulp":"^3.9.1","gulp-eslint":"^4.0.0","gulp-format-md":"^1.0.0","gulp-istanbul":"^1.1.2","gulp-mocha":"^3.0.1","gulp-unused":"^0.2.1","is-windows":"^1.0.1","minimatch":"^3.0.4","mocha":"^3.2.0","noncharacters":"^1.1.0","pretty-bytes":"^4.0.2","text-table":"^0.2.0","time-diff":"^0.3.1","yargs-parser":"^8.0.0"},"keywords":["alpha","alphabetical","bash","brace","braces","expand","expansion","filepath","fill","fs","glob","globbing","letter","match","matches","matching","number","numerical","path","range","ranges","sh"],"verb":{"toc":false,"layout":"default","tasks":["readme"],"lint":{"reflinks":true},"plugins":["gulp-format-md"],"related":{"list":["expand-brackets","extglob","fill-range","micromatch","nanomatch"]}},"gitHead":"d442bde36a17c2ed7a982866d85073338fda8c85","_id":"braces@2.3.0","_npmVersion":"5.5.1","_nodeVersion":"8.7.0","_npmUser":{"name":"jonschlinkert","email":"github@sellside.com"},"dist":{"integrity":"sha512-P4O8UQRdGiMLWSizsApmXVQDBS6KCt7dSexgLKBmH5Hr1CZq7vsnscFh8oR1sP1ab1Zj0uCHCEzZeV6SfUf3rA==","shasum":"a46941cb5fb492156b3d6a656e06c35364e3e66e","tarball":"https://registry.npmjs.org/braces/-/braces-2.3.0.tgz"},"maintainers":[{"name":"jonschlinkert","email":"github@sellside.com"},{"name":"es128","email":"elan.shanker+npm@gmail.com"},{"name":"doowb","email":"brian.woodward@gmail.com"}],"_npmOperationalInternal":{"host":"s3://npm-registry-packages","tmp":"tmp/braces-2.3.0.tgz_1508420228531_0.9479703973047435"},"directories":{}},"2.3.1":{"name":"braces","description":"Bash-like brace expansion, implemented in JavaScript. Safer than other brace expansion libs, with complete support for the Bash 4.3 braces specification, without sacrificing speed.","version":"2.3.1","homepage":"https://github.com/micromatch/braces","author":{"name":"Jon Schlinkert","url":"https://github.com/jonschlinkert"},"contributors":[{"name":"Brian Woodward","url":"https://twitter.com/doowb"},{"name":"Elan Shanker","url":"https://github.com/es128"},{"name":"Eugene Sharygin","url":"https://github.com/eush77"},{"name":"hemanth.hm","url":"http://h3manth.com"},{"name":"Jon Schlinkert","url":"http://twitter.com/jonschlinkert"}],"repository":{"type":"git","url":"git+https://github.com/micromatch/braces.git"},"bugs":{"url":"https://github.com/micromatch/braces/issues"},"license":"MIT","files":["index.js","lib"],"main":"index.js","engines":{"node":">=0.10.0"},"scripts":{"test":"mocha","benchmark":"node benchmark"},"dependencies":{"arr-flatten":"^1.1.0","array-unique":"^0.3.2","define-property":"^1.0.0","extend-shallow":"^2.0.1","fill-range":"^4.0.0","isobject":"^3.0.1","kind-of":"^6.0.2","repeat-element":"^1.1.2","snapdragon":"^0.8.1","snapdragon-node":"^2.0.1","split-string":"^3.0.2","to-regex":"^3.0.1"},"devDependencies":{"ansi-cyan":"^0.1.1","benchmarked":"^2.0.0","brace-expansion":"^1.1.8","cross-spawn":"^5.1.0","gulp":"^3.9.1","gulp-eslint":"^4.0.0","gulp-format-md":"^1.0.0","gulp-istanbul":"^1.1.2","gulp-mocha":"^3.0.1","gulp-unused":"^0.2.1","is-windows":"^1.0.1","minimatch":"^3.0.4","mocha":"^3.2.0","noncharacters":"^1.1.0","text-table":"^0.2.0","time-diff":"^0.3.1","yargs-parser":"^8.0.0"},"keywords":["alpha","alphabetical","bash","brace","braces","expand","expansion","filepath","fill","fs","glob","globbing","letter","match","matches","matching","number","numerical","path","range","ranges","sh"],"verb":{"toc":false,"layout":"default","tasks":["readme"],"lint":{"reflinks":true},"plugins":["gulp-format-md"],"related":{"list":["expand-brackets","extglob","fill-range","micromatch","nanomatch"]}},"gitHead":"b37f6972503348af5ecec46ff65a3a9d12d21274","_id":"braces@2.3.1","_npmVersion":"5.6.0","_nodeVersion":"9.5.0","_npmUser":{"name":"jonschlinkert","email":"github@sellside.com"},"dist":{"integrity":"sha512-SO5lYHA3vO6gz66erVvedSCkp7AKWdv6VcQ2N4ysXfPxdAlxAMMAdwegGGcv1Bqwm7naF1hNdk5d6AAIEHV2nQ==","shasum":"7086c913b4e5a08dbe37ac0ee6a2500c4ba691bb","tarball":"https://registry.npmjs.org/braces/-/braces-2.3.1.tgz","fileCount":12,"unpackedSize":94768},"maintainers":[{"name":"doowb","email":"brian.woodward@gmail.com"},{"name":"es128","email":"elan.shanker+npm@gmail.com"},{"name":"jonschlinkert","email":"github@sellside.com"}],"directories":{},"_npmOperationalInternal":{"host":"s3://npm-registry-packages","tmp":"tmp/braces_2.3.1_1518927409826_0.33240580605170256"}},"2.3.2":{"name":"braces","description":"Bash-like brace expansion, implemented in JavaScript. Safer than other brace expansion libs, with complete support for the Bash 4.3 braces specification, without sacrificing speed.","version":"2.3.2","homepage":"https://github.com/micromatch/braces","author":{"name":"Jon Schlinkert","url":"https://github.com/jonschlinkert"},"contributors":[{"name":"Brian Woodward","url":"https://twitter.com/doowb"},{"name":"Elan Shanker","url":"https://github.com/es128"},{"name":"Eugene Sharygin","url":"https://github.com/eush77"},{"name":"hemanth.hm","url":"http://h3manth.com"},{"name":"Jon Schlinkert","url":"http://twitter.com/jonschlinkert"}],"repository":{"type":"git","url":"git+https://github.com/micromatch/braces.git"},"bugs":{"url":"https://github.com/micromatch/braces/issues"},"license":"MIT","files":["index.js","lib"],"main":"index.js","engines":{"node":">=0.10.0"},"scripts":{"test":"mocha","benchmark":"node benchmark"},"dependencies":{"arr-flatten":"^1.1.0","array-unique":"^0.3.2","extend-shallow":"^2.0.1","fill-range":"^4.0.0","isobject":"^3.0.1","repeat-element":"^1.1.2","snapdragon":"^0.8.1","snapdragon-node":"^2.0.1","split-string":"^3.0.2","to-regex":"^3.0.1"},"devDependencies":{"ansi-cyan":"^0.1.1","benchmarked":"^2.0.0","brace-expansion":"^1.1.8","cross-spawn":"^5.1.0","gulp":"^3.9.1","gulp-eslint":"^4.0.0","gulp-format-md":"^1.0.0","gulp-istanbul":"^1.1.2","gulp-mocha":"^3.0.1","gulp-unused":"^0.2.1","is-windows":"^1.0.1","minimatch":"^3.0.4","mocha":"^3.2.0","noncharacters":"^1.1.0","text-table":"^0.2.0","time-diff":"^0.3.1","yargs-parser":"^8.0.0"},"keywords":["alpha","alphabetical","bash","brace","braces","expand","expansion","filepath","fill","fs","glob","globbing","letter","match","matches","matching","number","numerical","path","range","ranges","sh"],"verb":{"toc":false,"layout":"default","tasks":["readme"],"lint":{"reflinks":true},"plugins":["gulp-format-md"],"related":{"list":["expand-brackets","extglob","fill-range","micromatch","nanomatch"]}},"gitHead":"8a3edbb31955881ae87ba540b9f86eb390e5c4bd","_id":"braces@2.3.2","_npmVersion":"5.8.0","_nodeVersion":"9.9.0","_npmUser":{"name":"jonschlinkert","email":"github@sellside.com"},"dist":{"integrity":"sha512-aNdbnj9P8PjdXU4ybaWLK2IF3jc/EoDYbC7AazW6to3TRsfXxscC9UXOB5iDiEQrkyIbWp2SLQda4+QAa7nc3w==","shasum":"5979fd3f14cd531565e5fa2df1abfff1dfaee729","tarball":"https://registry.npmjs.org/braces/-/braces-2.3.2.tgz","fileCount":8,"unpackedSize":59699},"maintainers":[{"name":"doowb","email":"brian.woodward@gmail.com"},{"name":"es128","email":"elan.shanker+npm@gmail.com"},{"name":"jonschlinkert","email":"github@sellside.com"}],"directories":{},"_npmOperationalInternal":{"host":"s3://npm-registry-packages","tmp":"tmp/braces_2.3.2_1523197311772_0.8796414074016354"}}},"readme":"# braces [![NPM version](https://img.shields.io/npm/v/braces.svg?style=flat)](https://www.npmjs.com/package/braces) [![NPM monthly downloads](https://img.shields.io/npm/dm/braces.svg?style=flat)](https://npmjs.org/package/braces) [![NPM total downloads](https://img.shields.io/npm/dt/braces.svg?style=flat)](https://npmjs.org/package/braces) [![Linux Build Status](https://img.shields.io/travis/micromatch/braces.svg?style=flat&label=Travis)](https://travis-ci.org/micromatch/braces) [![Windows Build Status](https://img.shields.io/appveyor/ci/micromatch/braces.svg?style=flat&label=AppVeyor)](https://ci.appveyor.com/project/micromatch/braces)\n\n> Bash-like brace expansion, implemented in JavaScript. Safer than other brace expansion libs, with complete support for the Bash 4.3 braces specification, without sacrificing speed.\n\nPlease consider following this project's author, [Jon Schlinkert](https://github.com/jonschlinkert), and consider starring the project to show your :heart: and support.\n\n## Install\n\nInstall with [npm](https://www.npmjs.com/):\n\n```sh\n$ npm install --save braces\n```\n\n## Why use braces?\n\nBrace patterns are great for matching ranges. Users (and implementors) shouldn't have to think about whether or not they will break their application (or yours) from accidentally defining an aggressive brace pattern. _Braces is the only library that offers a [solution to this problem](#performance)_.\n\n* **Safe(r)**: Braces isn't vulnerable to DoS attacks like [brace-expansion](https://github.com/juliangruber/brace-expansion), [minimatch](https://github.com/isaacs/minimatch) and [multimatch](https://github.com/sindresorhus/multimatch) (a different bug than the [other regex DoS bug](https://medium.com/node-security/minimatch-redos-vulnerability-590da24e6d3c#.jew0b6mpc)).\n* **Accurate**: complete support for the [Bash 4.3 Brace Expansion](www.gnu.org/software/bash/) specification (passes all of the Bash braces tests)\n* **[fast and performant](#benchmarks)**: Starts fast, runs fast and [scales well](#performance) as patterns increase in complexity.\n* **Organized code base**: with parser and compiler that are eas(y|ier) to maintain and update when edge cases crop up.\n* **Well-tested**: thousands of test assertions. Passes 100% of the [minimatch](https://github.com/isaacs/minimatch) and [brace-expansion](https://github.com/juliangruber/brace-expansion) unit tests as well (as of the writing of this).\n\n## Usage\n\nThe main export is a function that takes one or more brace `patterns` and `options`.\n\n```js\nvar braces = require('braces');\nbraces(pattern[, options]);\n```\n\nBy default, braces returns an optimized regex-source string. To get an array of brace patterns, use `brace.expand()`.\n\nThe following section explains the difference in more detail. _(If you're curious about \"why\" braces does this by default, see [brace matching pitfalls](#brace-matching-pitfalls)_.\n\n### Optimized vs. expanded braces\n\n**Optimized**\n\nBy default, patterns are optimized for regex and matching:\n\n```js\nconsole.log(braces('a/{x,y,z}/b'));\n//=> ['a/(x|y|z)/b']\n```\n\n**Expanded**\n\nTo expand patterns the same way as Bash or [minimatch](https://github.com/isaacs/minimatch), use the [.expand](#expand) method:\n\n```js\nconsole.log(braces.expand('a/{x,y,z}/b'));\n//=> ['a/x/b', 'a/y/b', 'a/z/b']\n```\n\nOr use [options.expand](#optionsexpand):\n\n```js\nconsole.log(braces('a/{x,y,z}/b', {expand: true}));\n//=> ['a/x/b', 'a/y/b', 'a/z/b']\n```\n\n## Features\n\n* [lists](#lists): Supports \"lists\": `a/{b,c}/d` => `['a/b/d', 'a/c/d']`\n* [sequences](#sequences): Supports alphabetical or numerical \"sequences\" (ranges): `{1..3}` => `['1', '2', '3']`\n* [steps](#steps): Supports \"steps\" or increments: `{2..10..2}` => `['2', '4', '6', '8', '10']`\n* [escaping](#escaping)\n* [options](#options)\n\n### Lists\n\nUses [fill-range](https://github.com/jonschlinkert/fill-range) for expanding alphabetical or numeric lists:\n\n```js\nconsole.log(braces('a/{foo,bar,baz}/*.js'));\n//=> ['a/(foo|bar|baz)/*.js']\n\nconsole.log(braces.expand('a/{foo,bar,baz}/*.js'));\n//=> ['a/foo/*.js', 'a/bar/*.js', 'a/baz/*.js']\n```\n\n### Sequences\n\nUses [fill-range](https://github.com/jonschlinkert/fill-range) for expanding alphabetical or numeric ranges (bash \"sequences\"):\n\n```js\nconsole.log(braces.expand('{1..3}'));     // ['1', '2', '3']\nconsole.log(braces.expand('a{01..03}b')); // ['a01b', 'a02b', 'a03b']\nconsole.log(braces.expand('a{1..3}b'));   // ['a1b', 'a2b', 'a3b']\nconsole.log(braces.expand('{a..c}'));     // ['a', 'b', 'c']\nconsole.log(braces.expand('foo/{a..c}')); // ['foo/a', 'foo/b', 'foo/c']\n\n// supports padded ranges\nconsole.log(braces('a{01..03}b'));   //=> [ 'a(0[1-3])b' ]\nconsole.log(braces('a{001..300}b')); //=> [ 'a(0{2}[1-9]|0[1-9][0-9]|[12][0-9]{2}|300)b' ]\n```\n\n### Steps\n\nSteps, or increments, may be used with ranges:\n\n```js\nconsole.log(braces.expand('{2..10..2}'));\n//=> ['2', '4', '6', '8', '10']\n\nconsole.log(braces('{2..10..2}'));\n//=> ['(2|4|6|8|10)']\n```\n\nWhen the [.optimize](#optimize) method is used, or [options.optimize](#optionsoptimize) is set to true, sequences are passed to [to-regex-range](https://github.com/jonschlinkert/to-regex-range) for expansion.\n\n### Nesting\n\nBrace patterns may be nested. The results of each expanded string are not sorted, and left to right order is preserved.\n\n**\"Expanded\" braces**\n\n```js\nconsole.log(braces.expand('a{b,c,/{x,y}}/e'));\n//=> ['ab/e', 'ac/e', 'a/x/e', 'a/y/e']\n\nconsole.log(braces.expand('a/{x,{1..5},y}/c'));\n//=> ['a/x/c', 'a/1/c', 'a/2/c', 'a/3/c', 'a/4/c', 'a/5/c', 'a/y/c']\n```\n\n**\"Optimized\" braces**\n\n```js\nconsole.log(braces('a{b,c,/{x,y}}/e'));\n//=> ['a(b|c|/(x|y))/e']\n\nconsole.log(braces('a/{x,{1..5},y}/c'));\n//=> ['a/(x|([1-5])|y)/c']\n```\n\n### Escaping\n\n**Escaping braces**\n\nA brace pattern will not be expanded or evaluted if _either the opening or closing brace is escaped_:\n\n```js\nconsole.log(braces.expand('a\\\\{d,c,b}e'));\n//=> ['a{d,c,b}e']\n\nconsole.log(braces.expand('a{d,c,b\\\\}e'));\n//=> ['a{d,c,b}e']\n```\n\n**Escaping commas**\n\nCommas inside braces may also be escaped:\n\n```js\nconsole.log(braces.expand('a{b\\\\,c}d'));\n//=> ['a{b,c}d']\n\nconsole.log(braces.expand('a{d\\\\,c,b}e'));\n//=> ['ad,ce', 'abe']\n```\n\n**Single items**\n\nFollowing bash conventions, a brace pattern is also not expanded when it contains a single character:\n\n```js\nconsole.log(braces.expand('a{b}c'));\n//=> ['a{b}c']\n```\n\n## Options\n\n### options.maxLength\n\n**Type**: `Number`\n\n**Default**: `65,536`\n\n**Description**: Limit the length of the input string. Useful when the input string is generated or your application allows users to pass a string, et cetera.\n\n```js\nconsole.log(braces('a/{b,c}/d', { maxLength: 3 }));  //=> throws an error\n```\n\n### options.expand\n\n**Type**: `Boolean`\n\n**Default**: `undefined`\n\n**Description**: Generate an \"expanded\" brace pattern (this option is unncessary with the `.expand` method, which does the same thing).\n\n```js\nconsole.log(braces('a/{b,c}/d', {expand: true}));\n//=> [ 'a/b/d', 'a/c/d' ]\n```\n\n### options.optimize\n\n**Type**: `Boolean`\n\n**Default**: `true`\n\n**Description**: Enabled by default.\n\n```js\nconsole.log(braces('a/{b,c}/d'));\n//=> [ 'a/(b|c)/d' ]\n```\n\n### options.nodupes\n\n**Type**: `Boolean`\n\n**Default**: `true`\n\n**Description**: Duplicates are removed by default. To keep duplicates, pass `{nodupes: false}` on the options\n\n### options.rangeLimit\n\n**Type**: `Number`\n\n**Default**: `250`\n\n**Description**: When `braces.expand()` is used, or `options.expand` is true, brace patterns will automatically be [optimized](#optionsoptimize) when the difference between the range minimum and range maximum exceeds the `rangeLimit`. This is to prevent huge ranges from freezing your application.\n\nYou can set this to any number, or change `options.rangeLimit` to `Inifinity` to disable this altogether.\n\n**Examples**\n\n```js\n// pattern exceeds the \"rangeLimit\", so it's optimized automatically\nconsole.log(braces.expand('{1..1000}'));\n//=> ['([1-9]|[1-9][0-9]{1,2}|1000)']\n\n// pattern does not exceed \"rangeLimit\", so it's NOT optimized\nconsole.log(braces.expand('{1..100}'));\n//=> ['1', '2', '3', '4', '5', '6', '7', '8', '9', '10', '11', '12', '13', '14', '15', '16', '17', '18', '19', '20', '21', '22', '23', '24', '25', '26', '27', '28', '29', '30', '31', '32', '33', '34', '35', '36', '37', '38', '39', '40', '41', '42', '43', '44', '45', '46', '47', '48', '49', '50', '51', '52', '53', '54', '55', '56', '57', '58', '59', '60', '61', '62', '63', '64', '65', '66', '67', '68', '69', '70', '71', '72', '73', '74', '75', '76', '77', '78', '79', '80', '81', '82', '83', '84', '85', '86', '87', '88', '89', '90', '91', '92', '93', '94', '95', '96', '97', '98', '99', '100']\n```\n\n### options.transform\n\n**Type**: `Function`\n\n**Default**: `undefined`\n\n**Description**: Customize range expansion.\n\n```js\nvar range = braces.expand('x{a..e}y', {\n  transform: function(str) {\n    return 'foo' + str;\n  }\n});\n\nconsole.log(range);\n//=> [ 'xfooay', 'xfooby', 'xfoocy', 'xfoody', 'xfooey' ]\n```\n\n### options.quantifiers\n\n**Type**: `Boolean`\n\n**Default**: `undefined`\n\n**Description**: In regular expressions, quanitifiers can be used to specify how many times a token can be repeated. For example, `a{1,3}` will match the letter `a` one to three times.\n\nUnfortunately, regex quantifiers happen to share the same syntax as [Bash lists](#lists)\n\nThe `quantifiers` option tells braces to detect when [regex quantifiers](https://developer.mozilla.org/en-US/docs/Web/JavaScript/Reference/Global_Objects/RegExp#quantifiers) are defined in the given pattern, and not to try to expand them as lists.\n\n**Examples**\n\n```js\nvar braces = require('braces');\nconsole.log(braces('a/b{1,3}/{x,y,z}'));\n//=> [ 'a/b(1|3)/(x|y|z)' ]\nconsole.log(braces('a/b{1,3}/{x,y,z}', {quantifiers: true}));\n//=> [ 'a/b{1,3}/(x|y|z)' ]\nconsole.log(braces('a/b{1,3}/{x,y,z}', {quantifiers: true, expand: true}));\n//=> [ 'a/b{1,3}/x', 'a/b{1,3}/y', 'a/b{1,3}/z' ]\n```\n\n### options.unescape\n\n**Type**: `Boolean`\n\n**Default**: `undefined`\n\n**Description**: Strip backslashes that were used for escaping from the result.\n\n## What is \"brace expansion\"?\n\nBrace expansion is a type of parameter expansion that was made popular by unix shells for generating lists of strings, as well as regex-like matching when used alongside wildcards (globs).\n\nIn addition to \"expansion\", braces are also used for matching. In other words:\n\n* [brace expansion](#brace-expansion) is for generating new lists\n* [brace matching](#brace-matching) is for filtering existing lists\n\n<details>\n<summary><strong>More about brace expansion</strong> (click to expand)</summary>\n\nThere are two main types of brace expansion:\n\n1. **lists**: which are defined using comma-separated values inside curly braces: `{a,b,c}`\n2. **sequences**: which are defined using a starting value and an ending value, separated by two dots: `a{1..3}b`. Optionally, a third argument may be passed to define a \"step\" or increment to use: `a{1..100..10}b`. These are also sometimes referred to as \"ranges\".\n\nHere are some example brace patterns to illustrate how they work:\n\n**Sets**\n\n```\n{a,b,c}       => a b c\n{a,b,c}{1,2}  => a1 a2 b1 b2 c1 c2\n```\n\n**Sequences**\n\n```\n{1..9}        => 1 2 3 4 5 6 7 8 9\n{4..-4}       => 4 3 2 1 0 -1 -2 -3 -4\n{1..20..3}    => 1 4 7 10 13 16 19\n{a..j}        => a b c d e f g h i j\n{j..a}        => j i h g f e d c b a\n{a..z..3}     => a d g j m p s v y\n```\n\n**Combination**\n\nSets and sequences can be mixed together or used along with any other strings.\n\n```\n{a,b,c}{1..3}   => a1 a2 a3 b1 b2 b3 c1 c2 c3\nfoo/{a,b,c}/bar => foo/a/bar foo/b/bar foo/c/bar\n```\n\nThe fact that braces can be \"expanded\" from relatively simple patterns makes them ideal for quickly generating test fixtures, file paths, and similar use cases.\n\n## Brace matching\n\nIn addition to _expansion_, brace patterns are also useful for performing regular-expression-like matching.\n\nFor example, the pattern `foo/{1..3}/bar` would match any of following strings:\n\n```\nfoo/1/bar\nfoo/2/bar\nfoo/3/bar\n```\n\nBut not:\n\n```\nbaz/1/qux\nbaz/2/qux\nbaz/3/qux\n```\n\nBraces can also be combined with [glob patterns](https://github.com/jonschlinkert/micromatch) to perform more advanced wildcard matching. For example, the pattern `*/{1..3}/*` would match any of following strings:\n\n```\nfoo/1/bar\nfoo/2/bar\nfoo/3/bar\nbaz/1/qux\nbaz/2/qux\nbaz/3/qux\n```\n\n## Brace matching pitfalls\n\nAlthough brace patterns offer a user-friendly way of matching ranges or sets of strings, there are also some major disadvantages and potential risks you should be aware of.\n\n### tldr\n\n**\"brace bombs\"**\n\n* brace expansion can eat up a huge amount of processing resources\n* as brace patterns increase _linearly in size_, the system resources required to expand the pattern increase exponentially\n* users can accidentally (or intentially) exhaust your system's resources resulting in the equivalent of a DoS attack (bonus: no programming knowledge is required!)\n\nFor a more detailed explanation with examples, see the [geometric complexity](#geometric-complexity) section.\n\n### The solution\n\nJump to the [performance section](#performance) to see how Braces solves this problem in comparison to other libraries.\n\n### Geometric complexity\n\nAt minimum, brace patterns with sets limited to two elements have quadradic or `O(n^2)` complexity. But the complexity of the algorithm increases exponentially as the number of sets, _and elements per set_, increases, which is `O(n^c)`.\n\nFor example, the following sets demonstrate quadratic (`O(n^2)`) complexity:\n\n```\n{1,2}{3,4}      => (2X2)    => 13 14 23 24\n{1,2}{3,4}{5,6} => (2X2X2)  => 135 136 145 146 235 236 245 246\n```\n\nBut add an element to a set, and we get a n-fold Cartesian product with `O(n^c)` complexity:\n\n```\n{1,2,3}{4,5,6}{7,8,9} => (3X3X3) => 147 148 149 157 158 159 167 168 169 247 248 \n                                    249 257 258 259 267 268 269 347 348 349 357 \n                                    358 359 367 368 369\n```\n\nNow, imagine how this complexity grows given that each element is a n-tuple:\n\n```\n{1..100}{1..100}         => (100X100)     => 10,000 elements (38.4 kB)\n{1..100}{1..100}{1..100} => (100X100X100) => 1,000,000 elements (5.76 MB)\n```\n\nAlthough these examples are clearly contrived, they demonstrate how brace patterns can quickly grow out of control.\n\n**More information**\n\nInterested in learning more about brace expansion?\n\n* [linuxjournal/bash-brace-expansion](http://www.linuxjournal.com/content/bash-brace-expansion)\n* [rosettacode/Brace_expansion](https://rosettacode.org/wiki/Brace_expansion)\n* [cartesian product](https://en.wikipedia.org/wiki/Cartesian_product)\n\n</details>\n\n## Performance\n\nBraces is not only screaming fast, it's also more accurate the other brace expansion libraries.\n\n### Better algorithms\n\nFortunately there is a solution to the [\"brace bomb\" problem](#brace-matching-pitfalls): _don't expand brace patterns into an array when they're used for matching_.\n\nInstead, convert the pattern into an optimized regular expression. This is easier said than done, and braces is the only library that does this currently.\n\n**The proof is in the numbers**\n\nMinimatch gets exponentially slower as patterns increase in complexity, braces does not. The following results were generated using `braces()` and `minimatch.braceExpand()`, respectively.\n\n| **Pattern** | **braces** | **[minimatch](https://github.com/isaacs/minimatch)** | \n| --- | --- | --- |\n| `{1..9007199254740991}`<sup class=\"footnote-ref\"><a href=\"#fn1\" id=\"fnref1\">[1]</a></sup> | `298 B` (5ms 459μs) | N/A (freezes) |\n| `{1..1000000000000000}` | `41 B` (1ms 15μs) | N/A (freezes) |\n| `{1..100000000000000}` | `40 B` (890μs) | N/A (freezes) |\n| `{1..10000000000000}` | `39 B` (2ms 49μs) | N/A (freezes) |\n| `{1..1000000000000}` | `38 B` (608μs) | N/A (freezes) |\n| `{1..100000000000}` | `37 B` (397μs) | N/A (freezes) |\n| `{1..10000000000}` | `35 B` (983μs) | N/A (freezes) |\n| `{1..1000000000}` | `34 B` (798μs) | N/A (freezes) |\n| `{1..100000000}` | `33 B` (733μs) | N/A (freezes) |\n| `{1..10000000}` | `32 B` (5ms 632μs) | `78.89 MB` (16s 388ms 569μs) |\n| `{1..1000000}` | `31 B` (1ms 381μs) | `6.89 MB` (1s 496ms 887μs) |\n| `{1..100000}` | `30 B` (950μs) | `588.89 kB` (146ms 921μs) |\n| `{1..10000}` | `29 B` (1ms 114μs) | `48.89 kB` (14ms 187μs) |\n| `{1..1000}` | `28 B` (760μs) | `3.89 kB` (1ms 453μs) |\n| `{1..100}` | `22 B` (345μs) | `291 B` (196μs) |\n| `{1..10}` | `10 B` (533μs) | `20 B` (37μs) |\n| `{1..3}` | `7 B` (190μs) | `5 B` (27μs) |\n\n### Faster algorithms\n\nWhen you need expansion, braces is still much faster.\n\n_(the following results were generated using `braces.expand()` and `minimatch.braceExpand()`, respectively)_\n\n| **Pattern** | **braces** | **[minimatch](https://github.com/isaacs/minimatch)** | \n| --- | --- | --- |\n| `{1..10000000}` | `78.89 MB` (2s 698ms 642μs) | `78.89 MB` (18s 601ms 974μs) |\n| `{1..1000000}` | `6.89 MB` (458ms 576μs) | `6.89 MB` (1s 491ms 621μs) |\n| `{1..100000}` | `588.89 kB` (20ms 728μs) | `588.89 kB` (156ms 919μs) |\n| `{1..10000}` | `48.89 kB` (2ms 202μs) | `48.89 kB` (13ms 641μs) |\n| `{1..1000}` | `3.89 kB` (1ms 796μs) | `3.89 kB` (1ms 958μs) |\n| `{1..100}` | `291 B` (424μs) | `291 B` (211μs) |\n| `{1..10}` | `20 B` (487μs) | `20 B` (72μs) |\n| `{1..3}` | `5 B` (166μs) | `5 B` (27μs) |\n\nIf you'd like to run these comparisons yourself, see [test/support/generate.js](test/support/generate.js).\n\n## Benchmarks\n\n### Running benchmarks\n\nInstall dev dependencies:\n\n```bash\nnpm i -d && npm benchmark\n```\n\n### Latest results\n\n```bash\nBenchmarking: (8 of 8)\n · combination-nested\n · combination\n · escaped\n · list-basic\n · list-multiple\n · no-braces\n · sequence-basic\n · sequence-multiple\n\n# benchmark/fixtures/combination-nested.js (52 bytes)\n  brace-expansion x 4,756 ops/sec ±1.09% (86 runs sampled)\n  braces x 11,202,303 ops/sec ±1.06% (88 runs sampled)\n  minimatch x 4,816 ops/sec ±0.99% (87 runs sampled)\n\n  fastest is braces\n\n# benchmark/fixtures/combination.js (51 bytes)\n  brace-expansion x 625 ops/sec ±0.87% (87 runs sampled)\n  braces x 11,031,884 ops/sec ±0.72% (90 runs sampled)\n  minimatch x 637 ops/sec ±0.84% (88 runs sampled)\n\n  fastest is braces\n\n# benchmark/fixtures/escaped.js (44 bytes)\n  brace-expansion x 163,325 ops/sec ±1.05% (87 runs sampled)\n  braces x 10,655,071 ops/sec ±1.22% (88 runs sampled)\n  minimatch x 147,495 ops/sec ±0.96% (88 runs sampled)\n\n  fastest is braces\n\n# benchmark/fixtures/list-basic.js (40 bytes)\n  brace-expansion x 99,726 ops/sec ±1.07% (83 runs sampled)\n  braces x 10,596,584 ops/sec ±0.98% (88 runs sampled)\n  minimatch x 100,069 ops/sec ±1.17% (86 runs sampled)\n\n  fastest is braces\n\n# benchmark/fixtures/list-multiple.js (52 bytes)\n  brace-expansion x 34,348 ops/sec ±1.08% (88 runs sampled)\n  braces x 9,264,131 ops/sec ±1.12% (88 runs sampled)\n  minimatch x 34,893 ops/sec ±0.87% (87 runs sampled)\n\n  fastest is braces\n\n# benchmark/fixtures/no-braces.js (48 bytes)\n  brace-expansion x 275,368 ops/sec ±1.18% (89 runs sampled)\n  braces x 9,134,677 ops/sec ±0.95% (88 runs sampled)\n  minimatch x 3,755,954 ops/sec ±1.13% (89 runs sampled)\n\n  fastest is braces\n\n# benchmark/fixtures/sequence-basic.js (41 bytes)\n  brace-expansion x 5,492 ops/sec ±1.35% (87 runs sampled)\n  braces x 8,485,034 ops/sec ±1.28% (89 runs sampled)\n  minimatch x 5,341 ops/sec ±1.17% (87 runs sampled)\n\n  fastest is braces\n\n# benchmark/fixtures/sequence-multiple.js (51 bytes)\n  brace-expansion x 116 ops/sec ±0.77% (77 runs sampled)\n  braces x 9,445,118 ops/sec ±1.32% (84 runs sampled)\n  minimatch x 109 ops/sec ±1.16% (76 runs sampled)\n\n  fastest is braces\n```\n\n## About\n\n<details>\n<summary><strong>Contributing</strong></summary>\n\nPull requests and stars are always welcome. For bugs and feature requests, [please create an issue](../../issues/new).\n\n</details>\n\n<details>\n<summary><strong>Running Tests</strong></summary>\n\nRunning and reviewing unit tests is a great way to get familiarized with a library and its API. You can install dependencies and run tests with the following command:\n\n```sh\n$ npm install && npm test\n```\n\n</details>\n\n<details>\n<summary><strong>Building docs</strong></summary>\n\n_(This project's readme.md is generated by [verb](https://github.com/verbose/verb-generate-readme), please don't edit the readme directly. Any changes to the readme must be made in the [.verb.md](.verb.md) readme template.)_\n\nTo generate the readme, run the following command:\n\n```sh\n$ npm install -g verbose/verb#dev verb-generate-readme && verb\n```\n\n</details>\n\n### Related projects\n\nYou might also be interested in these projects:\n\n* [expand-brackets](https://www.npmjs.com/package/expand-brackets): Expand POSIX bracket expressions (character classes) in glob patterns. | [homepage](https://github.com/jonschlinkert/expand-brackets \"Expand POSIX bracket expressions (character classes) in glob patterns.\")\n* [extglob](https://www.npmjs.com/package/extglob): Extended glob support for JavaScript. Adds (almost) the expressive power of regular expressions to glob… [more](https://github.com/micromatch/extglob) | [homepage](https://github.com/micromatch/extglob \"Extended glob support for JavaScript. Adds (almost) the expressive power of regular expressions to glob patterns.\")\n* [fill-range](https://www.npmjs.com/package/fill-range): Fill in a range of numbers or letters, optionally passing an increment or `step` to… [more](https://github.com/jonschlinkert/fill-range) | [homepage](https://github.com/jonschlinkert/fill-range \"Fill in a range of numbers or letters, optionally passing an increment or `step` to use, or create a regex-compatible range with `options.toRegex`\")\n* [micromatch](https://www.npmjs.com/package/micromatch): Glob matching for javascript/node.js. A drop-in replacement and faster alternative to minimatch and multimatch. | [homepage](https://github.com/micromatch/micromatch \"Glob matching for javascript/node.js. A drop-in replacement and faster alternative to minimatch and multimatch.\")\n* [nanomatch](https://www.npmjs.com/package/nanomatch): Fast, minimal glob matcher for node.js. Similar to micromatch, minimatch and multimatch, but complete Bash… [more](https://github.com/micromatch/nanomatch) | [homepage](https://github.com/micromatch/nanomatch \"Fast, minimal glob matcher for node.js. Similar to micromatch, minimatch and multimatch, but complete Bash 4.3 wildcard support only (no support for exglobs, posix brackets or braces)\")\n\n### Contributors\n\n| **Commits** | **Contributor** | \n| --- | --- |\n| 188 | [jonschlinkert](https://github.com/jonschlinkert) |\n| 4 | [doowb](https://github.com/doowb) |\n| 1 | [es128](https://github.com/es128) |\n| 1 | [eush77](https://github.com/eush77) |\n| 1 | [hemanth](https://github.com/hemanth) |\n\n### Author\n\n**Jon Schlinkert**\n\n* [linkedin/in/jonschlinkert](https://linkedin.com/in/jonschlinkert)\n* [github/jonschlinkert](https://github.com/jonschlinkert)\n* [twitter/jonschlinkert](https://twitter.com/jonschlinkert)\n\n### License\n\nCopyright © 2018, [Jon Schlinkert](https://github.com/jonschlinkert).\nReleased under the [MIT License](LICENSE).\n\n***\n\n_This file was generated by [verb-generate-readme](https://github.com/verbose/verb-generate-readme), v0.6.0, on February 17, 2018._\n\n<hr class=\"footnotes-sep\">\n<section class=\"footnotes\">\n<ol class=\"footnotes-list\">\n<li id=\"fn1\"  class=\"footnote-item\">this is the largest safe integer allowed in JavaScript. <a href=\"#fnref1\" class=\"footnote-backref\">↩</a>\n\n</li>\n</ol>\n</section>","maintainers":[{"name":"doowb","email":"brian.woodward@gmail.com"},{"name":"es128","email":"elan.shanker+npm@gmail.com"},{"name":"jonschlinkert","email":"github@sellside.com"}],"time":{"modified":"2018-04-08T14:21:54.008Z","created":"2014-10-20T16:26:32.656Z","0.1.0":"2014-10-20T16:26:32.656Z","0.1.1":"2014-10-22T18:19:54.228Z","0.1.2":"2014-10-22T18:51:58.044Z","0.1.3":"2014-11-15T03:23:28.705Z","0.1.4":"2014-11-15T03:24:22.095Z","0.1.5":"2014-11-24T02:08:00.293Z","1.0.0":"2014-12-23T11:35:57.637Z","1.1.0":"2015-01-12T00:45:29.358Z","1.2.0":"2015-01-16T11:55:08.268Z","1.3.0":"2015-01-24T11:32:14.592Z","1.4.0":"2015-01-25T00:33:05.711Z","1.5.0":"2015-01-28T18:08:49.158Z","1.5.1":"2015-01-30T13:27:20.249Z","1.6.0":"2015-01-30T13:35:38.758Z","1.7.0":"2015-01-31T00:24:25.055Z","1.8.0":"2015-03-18T11:37:22.409Z","1.8.1":"2015-08-21T10:17:04.643Z","1.8.2":"2015-10-19T17:46:05.744Z","1.8.3":"2015-12-19T23:03:30.884Z","1.8.4":"2016-04-20T08:24:45.636Z","1.8.5":"2016-05-21T15:13:02.602Z","2.0.0":"2016-10-20T01:32:09.939Z","2.0.1":"2016-10-20T21:05:23.946Z","2.0.2":"2016-10-21T06:46:42.002Z","2.0.3":"2016-12-11T01:13:25.003Z","2.0.4":"2017-04-12T01:12:43.808Z","2.1.0":"2017-04-26T22:39:25.950Z","2.1.1":"2017-04-27T08:10:11.271Z","2.2.0":"2017-05-28T23:30:13.765Z","2.2.1":"2017-05-31T01:21:11.257Z","2.2.2":"2017-05-31T09:56:31.159Z","2.3.0":"2017-10-19T13:37:09.763Z","2.3.1":"2018-02-18T04:16:49.881Z","2.3.2":"2018-04-08T14:21:51.992Z"},"homepage":"https://github.com/micromatch/braces","keywords":["alpha","alphabetical","bash","brace","braces","expand","expansion","filepath","fill","fs","glob","globbing","letter","match","matches","matching","number","numerical","path","range","ranges","sh"],"repository":{"type":"git","url":"git+https://github.com/micromatch/braces.git"},"author":{"name":"Jon Schlinkert","url":"https://github.com/jonschlinkert"},"bugs":{"url":"https://github.com/micromatch/braces/issues"},"readmeFilename":"README.md","license":"MIT","users":{"simone.sanfra":true,"oboochin":true,"jonschlinkert":true},"contributors":[{"name":"Brian Woodward","url":"https://twitter.com/doowb"},{"name":"Elan Shanker","url":"https://github.com/es128"},{"name":"Eugene Sharygin","url":"https://github.com/eush77"},{"name":"hemanth.hm","url":"http://h3manth.com"},{"name":"Jon Schlinkert","url":"http://twitter.com/jonschlinkert"}],"_attachments":{},"_etag":"W/\"0d9f5bf6a7ef3cad040901cea3a85f1e\"","_lastModified":"Sat, 26 May 2018 18:55:46 GMT"}