{"_id":"expand-range","_rev":"37-fa19b98797baec9312c0280dc521a36c","name":"expand-range","description":"Fast, bash-like range expansion. Expand a range of numbers or letters, uppercase or lowercase. Used by [micromatch].","dist-tags":{"latest":"2.0.1"},"versions":{"0.1.0":{"name":"expand-range","description":"Expand a range of numbers or letters, uppercase or lowercase. Super fast, see the benchmarks.","version":"0.1.0","homepage":"https://github.com/jonschlinkert/expand-range","author":{"name":"Jon Schlinkert","url":"https://github.com/jonschlinkert"},"repository":{"type":"git","url":"git://github.com/jonschlinkert/expand-range.git"},"bugs":{"url":"https://github.com/jonschlinkert/expand-range/issues"},"licenses":[{"type":"MIT","url":"https://github.com/jonschlinkert/expand-range/blob/master/LICENSE-MIT"}],"main":"index.js","engines":{"node":">=0.10.0"},"scripts":{"test":"mocha -R spec"},"devDependencies":{"benchmarked":"^0.1.1","brace-expansion":"0.0.0","mocha":"*","should":"^4.1.0","verb":">= 0.2.6","verb-tag-jscomments":">= 0.2.0"},"keywords":["alpha","alphabetical","bash","brace","expand","expansion","glob","match","matches","matching","number","numerical","range","ranges","sh"],"dependencies":{"is-number":"^0.1.1","repeat-string":"^0.2.2"},"_id":"expand-range@0.1.0","_shasum":"17aee53a14932c8f858c0e463802abaab228beb3","_from":".","_npmVersion":"1.4.9","_npmUser":{"name":"jonschlinkert","email":"github@sellside.com"},"maintainers":[{"name":"jonschlinkert","email":"github@sellside.com"}],"dist":{"shasum":"17aee53a14932c8f858c0e463802abaab228beb3","tarball":"https://registry.npmjs.org/expand-range/-/expand-range-0.1.0.tgz"},"directories":{}},"0.1.1":{"name":"expand-range","description":"Faster, bash-like range expansion. Expand a range of numbers or letters, uppercase or lowercase. See the benchmarks.","version":"0.1.1","homepage":"https://github.com/jonschlinkert/expand-range","author":{"name":"Jon Schlinkert","url":"https://github.com/jonschlinkert"},"repository":{"type":"git","url":"git://github.com/jonschlinkert/expand-range.git"},"bugs":{"url":"https://github.com/jonschlinkert/expand-range/issues"},"licenses":[{"type":"MIT","url":"https://github.com/jonschlinkert/expand-range/blob/master/LICENSE-MIT"}],"main":"index.js","engines":{"node":">=0.10.0"},"scripts":{"test":"mocha -R spec"},"devDependencies":{"benchmarked":"^0.1.1","brace-expansion":"0.0.0","glob":"^4.0.6","mocha":"*","should":"^4.1.0","verb":">= 0.2.6","verb-tag-jscomments":">= 0.2.0"},"keywords":["alpha","alphabetical","bash","brace","expand","expansion","glob","match","matches","matching","number","numerical","range","ranges","sh"],"dependencies":{"is-number":"^0.1.1","repeat-string":"^0.2.2"},"_id":"expand-range@0.1.1","_shasum":"4cb8eda0993ca56fa4f41fc42f3cbb4ccadff044","_from":".","_npmVersion":"1.4.9","_npmUser":{"name":"jonschlinkert","email":"github@sellside.com"},"maintainers":[{"name":"jonschlinkert","email":"github@sellside.com"}],"dist":{"shasum":"4cb8eda0993ca56fa4f41fc42f3cbb4ccadff044","tarball":"https://registry.npmjs.org/expand-range/-/expand-range-0.1.1.tgz"},"directories":{}},"0.2.0":{"name":"expand-range","description":"Faster, bash-like range expansion. Expand a range of numbers or letters, uppercase or lowercase. See the benchmarks.","version":"0.2.0","homepage":"https://github.com/jonschlinkert/expand-range","author":{"name":"Jon Schlinkert","url":"https://github.com/jonschlinkert"},"repository":{"type":"git","url":"git://github.com/jonschlinkert/expand-range.git"},"bugs":{"url":"https://github.com/jonschlinkert/expand-range/issues"},"licenses":[{"type":"MIT","url":"https://github.com/jonschlinkert/expand-range/blob/master/LICENSE-MIT"}],"main":"index.js","engines":{"node":">=0.10.0"},"scripts":{"test":"mocha -R spec"},"dependencies":{"fill-range":"^0.1.1"},"devDependencies":{"benchmarked":"^0.1.1","brace-expansion":"0.0.0","glob":"^4.0.6","mocha":"*","should":"^4.1.0"},"keywords":["alpha","alphabetical","bash","brace","expand","expansion","glob","match","matches","matching","number","numerical","range","ranges","sh"],"_id":"expand-range@0.2.0","_shasum":"abb82b0fd226b8c5b40e860f1773527770264165","_from":".","_npmVersion":"1.4.9","_npmUser":{"name":"jonschlinkert","email":"github@sellside.com"},"maintainers":[{"name":"jonschlinkert","email":"github@sellside.com"}],"dist":{"shasum":"abb82b0fd226b8c5b40e860f1773527770264165","tarball":"https://registry.npmjs.org/expand-range/-/expand-range-0.2.0.tgz"},"directories":{}},"0.2.1":{"name":"expand-range","description":"Faster, bash-like range expansion. Expand a range of numbers or letters, uppercase or lowercase. See the benchmarks.","version":"0.2.1","homepage":"https://github.com/jonschlinkert/expand-range","author":{"name":"Jon Schlinkert","url":"https://github.com/jonschlinkert"},"repository":{"type":"git","url":"git://github.com/jonschlinkert/expand-range.git"},"bugs":{"url":"https://github.com/jonschlinkert/expand-range/issues"},"licenses":[{"type":"MIT","url":"https://github.com/jonschlinkert/expand-range/blob/master/LICENSE-MIT"}],"main":"index.js","engines":{"node":">=0.10.0"},"scripts":{"test":"mocha -R spec"},"dependencies":{"fill-range":"^0.2.0"},"devDependencies":{"benchmarked":"^0.1.1","brace-expansion":"0.0.0","glob":"^4.0.6","mocha":"*","should":"^4.1.0"},"keywords":["alpha","alphabetical","bash","brace","expand","expansion","glob","match","matches","matching","number","numerical","range","ranges","sh"],"_id":"expand-range@0.2.1","_shasum":"624ffe9f78df928dcef135c4e9439097bda9ba86","_from":".","_npmVersion":"1.4.9","_npmUser":{"name":"jonschlinkert","email":"github@sellside.com"},"maintainers":[{"name":"jonschlinkert","email":"github@sellside.com"}],"dist":{"shasum":"624ffe9f78df928dcef135c4e9439097bda9ba86","tarball":"https://registry.npmjs.org/expand-range/-/expand-range-0.2.1.tgz"},"directories":{}},"0.3.0":{"name":"expand-range","description":"Faster, bash-like range expansion. Expand a range of numbers or letters, uppercase or lowercase. See the benchmarks.","version":"0.3.0","homepage":"https://github.com/jonschlinkert/expand-range","author":{"name":"Jon Schlinkert","url":"https://github.com/jonschlinkert"},"repository":{"type":"git","url":"git://github.com/jonschlinkert/expand-range.git"},"bugs":{"url":"https://github.com/jonschlinkert/expand-range/issues"},"licenses":[{"type":"MIT","url":"https://github.com/jonschlinkert/expand-range/blob/master/LICENSE-MIT"}],"main":"index.js","engines":{"node":">=0.10.0"},"scripts":{"test":"mocha -R spec"},"dependencies":{"fill-range":"^0.2.0"},"devDependencies":{"benchmarked":"^0.1.1","brace-expansion":"0.0.0","glob":"^4.0.6","mocha":"*","should":"^4.1.0"},"keywords":["alpha","alphabetical","bash","brace","expand","expansion","glob","match","matches","matching","number","numerical","range","ranges","sh"],"_id":"expand-range@0.3.0","_shasum":"431439e43c698dc7ac8577a395aa85469aedf10d","_from":".","_npmVersion":"1.4.9","_npmUser":{"name":"jonschlinkert","email":"github@sellside.com"},"maintainers":[{"name":"jonschlinkert","email":"github@sellside.com"}],"dist":{"shasum":"431439e43c698dc7ac8577a395aa85469aedf10d","tarball":"https://registry.npmjs.org/expand-range/-/expand-range-0.3.0.tgz"},"directories":{}},"0.3.1":{"name":"expand-range","description":"Faster, bash-like range expansion. Expand a range of numbers or letters, uppercase or lowercase. See the benchmarks.","version":"0.3.1","homepage":"https://github.com/jonschlinkert/expand-range","author":{"name":"Jon Schlinkert","url":"https://github.com/jonschlinkert"},"repository":{"type":"git","url":"git://github.com/jonschlinkert/expand-range.git"},"bugs":{"url":"https://github.com/jonschlinkert/expand-range/issues"},"licenses":[{"type":"MIT","url":"https://github.com/jonschlinkert/expand-range/blob/master/LICENSE-MIT"}],"main":"index.js","engines":{"node":">=0.10.0"},"scripts":{"test":"mocha -R spec"},"dependencies":{"fill-range":"^0.2.0"},"devDependencies":{"benchmarked":"^0.1.1","brace-expansion":"0.0.0","glob":"^4.0.6","mocha":"*","should":"^4.1.0"},"keywords":["alpha","alphabetical","bash","brace","expand","expansion","glob","match","matches","matching","number","numerical","range","ranges","sh"],"_id":"expand-range@0.3.1","_shasum":"3758815a23a1eb2a6f63291a43c6536bd8be2c88","_from":".","_npmVersion":"1.4.9","_npmUser":{"name":"jonschlinkert","email":"github@sellside.com"},"maintainers":[{"name":"jonschlinkert","email":"github@sellside.com"}],"dist":{"shasum":"3758815a23a1eb2a6f63291a43c6536bd8be2c88","tarball":"https://registry.npmjs.org/expand-range/-/expand-range-0.3.1.tgz"},"directories":{}},"1.0.0":{"name":"expand-range","description":"Faster, bash-like range expansion. Expand a range of numbers or letters, uppercase or lowercase. See the benchmarks.","version":"1.0.0","homepage":"https://github.com/jonschlinkert/expand-range","author":{"name":"Jon Schlinkert","url":"https://github.com/jonschlinkert"},"repository":{"type":"git","url":"git://github.com/jonschlinkert/expand-range.git"},"bugs":{"url":"https://github.com/jonschlinkert/expand-range/issues"},"license":{"type":"MIT","url":"https://github.com/jonschlinkert/expand-range/blob/master/LICENSE-MIT"},"main":"index.js","engines":{"node":">=0.10.0"},"scripts":{"test":"mocha -R spec","docs":"update && license && npmignore && deps && verb","all":"npm run test && npm run docs"},"dependencies":{"fill-range":"^1.0.0"},"devDependencies":{"benchmarked":"^0.1.1","brace-expansion":"^1.1.0","glob":"^4.3.2","mocha":"*","should":"^4.1.0"},"keywords":["alpha","alphabetical","bash","brace","expand","expansion","glob","match","matches","matching","number","numerical","range","ranges","sh"],"gitHead":"94165fb774276f312ade3f038b7d83ccbb8880fc","_id":"expand-range@1.0.0","_shasum":"e61c3d2b2111a0eadd8986bfb8beabac69db83ac","_from":".","_npmVersion":"1.4.23","_npmUser":{"name":"jonschlinkert","email":"github@sellside.com"},"maintainers":[{"name":"jonschlinkert","email":"github@sellside.com"}],"dist":{"shasum":"e61c3d2b2111a0eadd8986bfb8beabac69db83ac","tarball":"https://registry.npmjs.org/expand-range/-/expand-range-1.0.0.tgz"},"directories":{}},"1.1.0":{"name":"expand-range","description":"Fast, bash-like range expansion. Expand a range of numbers or letters, uppercase or lowercase. See the benchmarks. Used by micromatch.","version":"1.1.0","homepage":"https://github.com/jonschlinkert/expand-range","author":{"name":"Jon Schlinkert","url":"https://github.com/jonschlinkert"},"repository":{"type":"git","url":"git://github.com/jonschlinkert/expand-range.git"},"bugs":{"url":"https://github.com/jonschlinkert/expand-range/issues"},"license":{"type":"MIT","url":"https://github.com/jonschlinkert/expand-range/blob/master/LICENSE-MIT"},"main":"index.js","engines":{"node":">=0.10.0"},"scripts":{"test":"mocha -R spec"},"dependencies":{"fill-range":"^1.3.0"},"devDependencies":{"benchmarked":"^0.1.1","brace-expansion":"^1.1.0","glob":"^4.3.2","minimatch":"^2.0.1","mocha":"*","should":"^4.1.0"},"keywords":["alpha","alphabetical","bash","brace","expand","expansion","glob","match","matches","matching","number","numerical","range","ranges","sh"],"gitHead":"c78548a0ce619be27a593a036f172dee1acd5380","_id":"expand-range@1.1.0","_shasum":"5891e5e1a322a5ea58f8d4505609679cd85def5e","_from":".","_npmVersion":"1.4.23","_npmUser":{"name":"jonschlinkert","email":"github@sellside.com"},"maintainers":[{"name":"jonschlinkert","email":"github@sellside.com"}],"dist":{"shasum":"5891e5e1a322a5ea58f8d4505609679cd85def5e","tarball":"https://registry.npmjs.org/expand-range/-/expand-range-1.1.0.tgz"},"directories":{}},"1.2.0":{"name":"expand-range","description":"Fast, bash-like range expansion. Expand a range of numbers or letters, uppercase or lowercase. See the benchmarks. Used by micromatch.","version":"1.2.0","homepage":"https://github.com/jonschlinkert/expand-range","author":{"name":"Jon Schlinkert","url":"https://github.com/jonschlinkert"},"repository":{"type":"git","url":"git://github.com/jonschlinkert/expand-range.git"},"bugs":{"url":"https://github.com/jonschlinkert/expand-range/issues"},"license":{"type":"MIT","url":"https://github.com/jonschlinkert/expand-range/blob/master/LICENSE-MIT"},"main":"index.js","engines":{"node":">=0.10.0"},"scripts":{"test":"mocha -R spec"},"dependencies":{"fill-range":"^1.4.0"},"devDependencies":{"benchmarked":"^0.1.1","brace-expansion":"^1.1.0","glob":"^4.3.2","minimatch":"^2.0.1","mocha":"*","should":"^4.1.0"},"keywords":["alpha","alphabetical","bash","brace","expand","expansion","glob","match","matches","matching","number","numerical","range","ranges","sh"],"gitHead":"c78548a0ce619be27a593a036f172dee1acd5380","_id":"expand-range@1.2.0","_shasum":"c4276715db1a853ad4bb5f74cb9e0f10e4795b03","_from":".","_npmVersion":"1.4.23","_npmUser":{"name":"jonschlinkert","email":"github@sellside.com"},"maintainers":[{"name":"jonschlinkert","email":"github@sellside.com"}],"dist":{"shasum":"c4276715db1a853ad4bb5f74cb9e0f10e4795b03","tarball":"https://registry.npmjs.org/expand-range/-/expand-range-1.2.0.tgz"},"directories":{}},"1.4.0":{"name":"expand-range","description":"Fast, bash-like range expansion. Expand a range of numbers or letters, uppercase or lowercase. See the benchmarks. Used by micromatch.","version":"1.4.0","homepage":"https://github.com/jonschlinkert/expand-range","author":{"name":"Jon Schlinkert","url":"https://github.com/jonschlinkert"},"repository":{"type":"git","url":"git://github.com/jonschlinkert/expand-range.git"},"bugs":{"url":"https://github.com/jonschlinkert/expand-range/issues"},"license":{"type":"MIT","url":"https://github.com/jonschlinkert/expand-range/blob/master/LICENSE-MIT"},"main":"index.js","engines":{"node":">=0.10.0"},"scripts":{"test":"mocha -R spec"},"files":["index.js"],"dependencies":{"fill-range":"^1.6.0"},"devDependencies":{"benchmarked":"^0.1.1","brace-expansion":"^1.1.0","glob":"^4.3.2","minimatch":"^2.0.1","mocha":"*","should":"^4.1.0"},"keywords":["alpha","alphabetical","bash","brace","expand","expansion","glob","match","matches","matching","number","numerical","range","ranges","sh"],"gitHead":"79247df00087e83b6dcb9d2e9f39e7f5466f62ca","_id":"expand-range@1.4.0","_shasum":"a720d844011b4087c678bf87752c945d3e17cc12","_from":".","_npmVersion":"1.4.28","_npmUser":{"name":"jonschlinkert","email":"github@sellside.com"},"maintainers":[{"name":"jonschlinkert","email":"github@sellside.com"}],"dist":{"shasum":"a720d844011b4087c678bf87752c945d3e17cc12","tarball":"https://registry.npmjs.org/expand-range/-/expand-range-1.4.0.tgz"},"directories":{}},"1.5.0":{"name":"expand-range","description":"Fast, bash-like range expansion. Expand a range of numbers or letters, uppercase or lowercase. See the benchmarks. Used by micromatch.","version":"1.5.0","homepage":"https://github.com/jonschlinkert/expand-range","author":{"name":"Jon Schlinkert","url":"https://github.com/jonschlinkert"},"repository":{"type":"git","url":"git://github.com/jonschlinkert/expand-range.git"},"bugs":{"url":"https://github.com/jonschlinkert/expand-range/issues"},"license":{"type":"MIT","url":"https://github.com/jonschlinkert/expand-range/blob/master/LICENSE-MIT"},"main":"index.js","engines":{"node":">=0.10.0"},"scripts":{"test":"mocha -R spec"},"files":["index.js"],"dependencies":{"fill-range":"^1.7.1"},"devDependencies":{"benchmarked":"^0.1.1","brace-expansion":"^1.1.0","glob":"^4.3.2","minimatch":"^2.0.1","mocha":"*","should":"^4.1.0"},"keywords":["alpha","alphabetical","bash","brace","expand","expansion","glob","match","matches","matching","number","numerical","range","ranges","sh"],"gitHead":"81a5e95312353505cb5181fcb45fb46139227832","_id":"expand-range@1.5.0","_shasum":"2eb7b3e317b085b640965337cffa8d457459a634","_from":".","_npmVersion":"1.4.28","_npmUser":{"name":"jonschlinkert","email":"github@sellside.com"},"maintainers":[{"name":"jonschlinkert","email":"github@sellside.com"}],"dist":{"shasum":"2eb7b3e317b085b640965337cffa8d457459a634","tarball":"https://registry.npmjs.org/expand-range/-/expand-range-1.5.0.tgz"},"directories":{}},"1.6.0":{"name":"expand-range","description":"Fast, bash-like range expansion. Expand a range of numbers or letters, uppercase or lowercase. See the benchmarks. Used by micromatch.","version":"1.6.0","homepage":"https://github.com/jonschlinkert/expand-range","author":{"name":"Jon Schlinkert","url":"https://github.com/jonschlinkert"},"repository":{"type":"git","url":"git://github.com/jonschlinkert/expand-range.git"},"bugs":{"url":"https://github.com/jonschlinkert/expand-range/issues"},"license":{"type":"MIT","url":"https://github.com/jonschlinkert/expand-range/blob/master/LICENSE-MIT"},"main":"index.js","engines":{"node":">=0.10.0"},"scripts":{"test":"mocha -R spec"},"files":["index.js"],"dependencies":{"fill-range":"^1.9.0"},"devDependencies":{"benchmarked":"^0.1.1","brace-expansion":"^1.1.0","glob":"^4.3.2","minimatch":"^2.0.1","mocha":"*","should":"^4.1.0"},"keywords":["alpha","alphabetical","bash","brace","expand","expansion","glob","match","matches","matching","number","numerical","range","ranges","sh"],"gitHead":"450d333846a5ecb049693fddf6da7c21802e56b2","_id":"expand-range@1.6.0","_shasum":"6502af8ad02e5afb0d885b85044f4cdc5f2e5578","_from":".","_npmVersion":"1.4.28","_npmUser":{"name":"jonschlinkert","email":"github@sellside.com"},"maintainers":[{"name":"jonschlinkert","email":"github@sellside.com"}],"dist":{"shasum":"6502af8ad02e5afb0d885b85044f4cdc5f2e5578","tarball":"https://registry.npmjs.org/expand-range/-/expand-range-1.6.0.tgz"},"directories":{}},"1.7.0":{"name":"expand-range","description":"Fast, bash-like range expansion. Expand a range of numbers or letters, uppercase or lowercase. See the benchmarks. Used by micromatch.","version":"1.7.0","homepage":"https://github.com/jonschlinkert/expand-range","author":{"name":"Jon Schlinkert","url":"https://github.com/jonschlinkert"},"repository":{"type":"git","url":"git://github.com/jonschlinkert/expand-range.git"},"bugs":{"url":"https://github.com/jonschlinkert/expand-range/issues"},"license":{"type":"MIT","url":"https://github.com/jonschlinkert/expand-range/blob/master/LICENSE-MIT"},"main":"index.js","engines":{"node":">=0.10.0"},"scripts":{"test":"mocha -R spec"},"files":["index.js"],"dependencies":{"fill-range":"^1.9.0"},"devDependencies":{"benchmarked":"^0.1.1","brace-expansion":"^1.1.0","glob":"^4.3.2","minimatch":"^2.0.1","mocha":"*","should":"^4.1.0"},"keywords":["alpha","alphabetical","bash","brace","expand","expansion","glob","match","matches","matching","number","numerical","range","ranges","sh"],"gitHead":"450d333846a5ecb049693fddf6da7c21802e56b2","_id":"expand-range@1.7.0","_shasum":"e19f61e0efa20eae16a851e55b13e0101a978be2","_from":".","_npmVersion":"1.4.28","_npmUser":{"name":"jonschlinkert","email":"github@sellside.com"},"maintainers":[{"name":"jonschlinkert","email":"github@sellside.com"}],"dist":{"shasum":"e19f61e0efa20eae16a851e55b13e0101a978be2","tarball":"https://registry.npmjs.org/expand-range/-/expand-range-1.7.0.tgz"},"directories":{}},"1.8.0":{"name":"expand-range","description":"Fast, bash-like range expansion. Expand a range of numbers or letters, uppercase or lowercase. See the benchmarks. Used by micromatch.","version":"1.8.0","homepage":"https://github.com/jonschlinkert/expand-range","author":{"name":"Jon Schlinkert","url":"https://github.com/jonschlinkert"},"repository":{"type":"git","url":"git://github.com/jonschlinkert/expand-range.git"},"bugs":{"url":"https://github.com/jonschlinkert/expand-range/issues"},"license":{"type":"MIT","url":"https://github.com/jonschlinkert/expand-range/blob/master/LICENSE-MIT"},"main":"index.js","engines":{"node":">=0.10.0"},"scripts":{"test":"mocha -R spec"},"files":["index.js"],"dependencies":{"fill-range":"^2.1.0"},"devDependencies":{"benchmarked":"^0.1.1","brace-expansion":"^1.1.0","glob":"^4.3.2","minimatch":"^2.0.1","mocha":"*","should":"^4.1.0"},"keywords":["alpha","alphabetical","bash","brace","expand","expansion","glob","match","matches","matching","number","numerical","range","ranges","sh"],"gitHead":"156fece2dfd1c526b515d54b96236a7e25c904b3","_id":"expand-range@1.8.0","_shasum":"fc2adc7c56bc564b7eea54d497dc1026416804a0","_from":".","_npmVersion":"1.4.28","_npmUser":{"name":"jonschlinkert","email":"github@sellside.com"},"maintainers":[{"name":"jonschlinkert","email":"github@sellside.com"}],"dist":{"shasum":"fc2adc7c56bc564b7eea54d497dc1026416804a0","tarball":"https://registry.npmjs.org/expand-range/-/expand-range-1.8.0.tgz"},"directories":{}},"1.8.1":{"name":"expand-range","description":"Fast, bash-like range expansion. Expand a range of numbers or letters, uppercase or lowercase. See the benchmarks. Used by micromatch.","version":"1.8.1","homepage":"https://github.com/jonschlinkert/expand-range","author":{"name":"Jon Schlinkert","url":"https://github.com/jonschlinkert"},"repository":{"type":"git","url":"git://github.com/jonschlinkert/expand-range.git"},"bugs":{"url":"https://github.com/jonschlinkert/expand-range/issues"},"license":{"type":"MIT","url":"https://github.com/jonschlinkert/expand-range/blob/master/LICENSE-MIT"},"main":"index.js","engines":{"node":">=0.10.0"},"scripts":{"test":"mocha -R spec"},"files":["index.js"],"dependencies":{"fill-range":"^2.1.0"},"devDependencies":{"benchmarked":"^0.1.1","brace-expansion":"^1.1.0","glob":"^4.3.2","minimatch":"^2.0.1","mocha":"*","should":"^4.1.0"},"keywords":["alpha","alphabetical","bash","brace","expand","expansion","glob","match","matches","matching","number","numerical","range","ranges","sh"],"gitHead":"de01a2ae06e6fe9c69812595c439870cca71839f","_id":"expand-range@1.8.1","_shasum":"acbd63e56efd9139722b755f099b9db5ac1f33f6","_from":".","_npmVersion":"2.5.1","_nodeVersion":"0.12.0","_npmUser":{"name":"jonschlinkert","email":"github@sellside.com"},"maintainers":[{"name":"jonschlinkert","email":"github@sellside.com"}],"dist":{"shasum":"acbd63e56efd9139722b755f099b9db5ac1f33f6","tarball":"https://registry.npmjs.org/expand-range/-/expand-range-1.8.1.tgz"},"directories":{}},"1.8.2":{"name":"expand-range","description":"Fast, bash-like range expansion. Expand a range of numbers or letters, uppercase or lowercase. See the benchmarks. Used by micromatch.","version":"1.8.2","homepage":"https://github.com/jonschlinkert/expand-range","author":{"name":"Jon Schlinkert","url":"https://github.com/jonschlinkert"},"repository":{"type":"git","url":"git+https://github.com/jonschlinkert/expand-range.git"},"bugs":{"url":"https://github.com/jonschlinkert/expand-range/issues"},"license":"MIT","files":["index.js"],"main":"index.js","engines":{"node":">=0.10.0"},"scripts":{"test":"mocha"},"dependencies":{"fill-range":"^2.1.0"},"devDependencies":{"benchmarked":"^0.2.4","brace-expansion":"^1.1.4","glob":"^7.0.3","gulp-format-md":"^0.1.9","minimatch":"^3.0.0","mocha":"^2.4.5"},"keywords":["alpha","alphabetical","bash","brace","expand","expansion","glob","match","matches","matching","number","numerical","range","ranges","sh"],"verb":{"plugins":["gulp-format-md"],"reflinks":["verb"],"toc":false,"layout":"default","lint":{"reflinks":true},"tasks":["readme"],"related":{"list":["micromatch","fill-range","braces"]}},"gitHead":"4c873af0870df8382bafc66a93d5c89e3aad3d4d","_id":"expand-range@1.8.2","_shasum":"a299effd335fe2721ebae8e257ec79644fc85337","_from":".","_npmVersion":"3.6.0","_nodeVersion":"5.5.0","_npmUser":{"name":"jonschlinkert","email":"github@sellside.com"},"maintainers":[{"name":"jonschlinkert","email":"github@sellside.com"},{"name":"doowb","email":"brian.woodward@gmail.com"}],"dist":{"shasum":"a299effd335fe2721ebae8e257ec79644fc85337","tarball":"https://registry.npmjs.org/expand-range/-/expand-range-1.8.2.tgz"},"_npmOperationalInternal":{"host":"packages-16-east.internal.npmjs.com","tmp":"tmp/expand-range-1.8.2.tgz_1462440434873_0.7174076174851507"},"directories":{}},"2.0.0":{"name":"expand-range","description":"Fast, bash-like range expansion. Expand a range of numbers or letters, uppercase or lowercase. Used by [micromatch].","version":"2.0.0","homepage":"https://github.com/jonschlinkert/expand-range","author":{"name":"Jon Schlinkert","url":"https://github.com/jonschlinkert"},"contributors":[{"name":"Daniel Cohen","url":"http://dcb.co.il"},{"name":"Jon Schlinkert","url":"http://twitter.com/jonschlinkert"}],"repository":{"type":"git","url":"git+https://github.com/jonschlinkert/expand-range.git"},"bugs":{"url":"https://github.com/jonschlinkert/expand-range/issues"},"license":"MIT","files":["index.js"],"main":"index.js","engines":{"node":">=0.10.0"},"scripts":{"test":"mocha"},"dependencies":{"fill-range":"^4.0.0"},"devDependencies":{"benchmarked":"^1.1.1","brace-expansion":"^1.1.7","glob":"^7.1.1","gulp-format-md":"^0.1.12","minimatch":"^3.0.4","mocha":"^3.3.0"},"keywords":["alpha","alphabetical","bash","brace","expand","expansion","glob","match","matches","matching","number","numerical","range","ranges","sh"],"verb":{"plugins":["gulp-format-md"],"reflinks":["verb","fill-range","micromatch"],"toc":false,"layout":"default","lint":{"reflinks":true},"tasks":["readme"],"related":{"list":["braces","fill-range","micromatch"]}},"gitHead":"00005a2bb74bfb2646b3a67dc1d25d5536f0ecdc","_id":"expand-range@2.0.0","_shasum":"3b8a6ad69575ee886f20bfc49df63bb0a16cd947","_from":".","_npmVersion":"4.2.0","_nodeVersion":"7.7.3","_npmUser":{"name":"jonschlinkert","email":"github@sellside.com"},"maintainers":[{"name":"jonschlinkert","email":"github@sellside.com"},{"name":"doowb","email":"brian.woodward@gmail.com"}],"dist":{"shasum":"3b8a6ad69575ee886f20bfc49df63bb0a16cd947","tarball":"https://registry.npmjs.org/expand-range/-/expand-range-2.0.0.tgz"},"_npmOperationalInternal":{"host":"packages-12-west.internal.npmjs.com","tmp":"tmp/expand-range-2.0.0.tgz_1494288990698_0.19976271968334913"},"directories":{}},"2.0.1":{"name":"expand-range","description":"Fast, bash-like range expansion. Expand a range of numbers or letters, uppercase or lowercase. Used by [micromatch].","version":"2.0.1","homepage":"https://github.com/jonschlinkert/expand-range","author":{"name":"Jon Schlinkert","url":"https://github.com/jonschlinkert"},"contributors":[{"name":"Daniel Cohen","url":"http://dcb.co.il"},{"name":"Jon Schlinkert","url":"http://twitter.com/jonschlinkert"}],"repository":{"type":"git","url":"git+https://github.com/jonschlinkert/expand-range.git"},"bugs":{"url":"https://github.com/jonschlinkert/expand-range/issues"},"license":"MIT","files":["index.js"],"main":"index.js","engines":{"node":">=0.10.0"},"scripts":{"test":"mocha"},"dependencies":{"extend-shallow":"^2.0.1","fill-range":"^4.0.0"},"devDependencies":{"benchmarked":"^1.1.1","brace-expansion":"^1.1.7","glob":"^7.1.1","gulp-format-md":"^0.1.12","minimatch":"^3.0.4","mocha":"^3.3.0"},"keywords":["alpha","alphabetical","bash","brace","expand","expansion","glob","match","matches","matching","number","numerical","range","ranges","sh"],"verb":{"plugins":["gulp-format-md"],"reflinks":["verb","fill-range","micromatch"],"toc":false,"layout":"default","lint":{"reflinks":true},"tasks":["readme"],"related":{"list":["braces","fill-range","micromatch"]}},"gitHead":"661d071c82eed9d41c9d691e2daefef829f9a25c","_id":"expand-range@2.0.1","_shasum":"002d38c7a92747ae2cc845f32407dc2aa4440e90","_from":".","_npmVersion":"4.5.0","_nodeVersion":"7.7.3","_npmUser":{"name":"jonschlinkert","email":"github@sellside.com"},"maintainers":[{"name":"jonschlinkert","email":"github@sellside.com"},{"name":"doowb","email":"brian.woodward@gmail.com"}],"dist":{"shasum":"002d38c7a92747ae2cc845f32407dc2aa4440e90","tarball":"https://registry.npmjs.org/expand-range/-/expand-range-2.0.1.tgz"},"_npmOperationalInternal":{"host":"packages-12-west.internal.npmjs.com","tmp":"tmp/expand-range-2.0.1.tgz_1494345333664_0.6869874424301088"},"directories":{}}},"readme":"# expand-range [![NPM version](https://img.shields.io/npm/v/expand-range.svg?style=flat)](https://www.npmjs.com/package/expand-range) [![NPM monthly downloads](https://img.shields.io/npm/dm/expand-range.svg?style=flat)](https://npmjs.org/package/expand-range) [![NPM total downloads](https://img.shields.io/npm/dt/expand-range.svg?style=flat)](https://npmjs.org/package/expand-range) [![Linux Build Status](https://img.shields.io/travis/jonschlinkert/expand-range.svg?style=flat&label=Travis)](https://travis-ci.org/jonschlinkert/expand-range)\n\n> Fast, bash-like range expansion. Expand a range of numbers or letters, uppercase or lowercase. Used by [micromatch](https://github.com/jonschlinkert/micromatch).\n\n## Install\n\nInstall with [npm](https://www.npmjs.com/):\n\n```sh\n$ npm install --save expand-range\n```\n\n## Example usage\n\n```js\nvar expand = require('expand-range');\nexpand('start..end..step', options);\n\n// examples\nconsole.log(expand('1..3')) //=> ['1', '2', '3']\nconsole.log(expand('1..10..3')) //=> [ '1', '4', '7', '10' ]\n```\n\n**Params**\n\n* `start`: the number or letter to start with\n* `end`: the number or letter to end with\n* `step`: (optional) the step/increment to use. works with letters and numbers.\n* `options`: Options object to pass to [fill-range](https://github.com/jonschlinkert/fill-range), or a transform function (see [fill-range](https://github.com/jonschlinkert/fill-range) readme for details and documentation)\n\nThis library wraps [fill-range](https://github.com/jonschlinkert/fill-range) to support range expansion using `..` separated strings. See [fill-range](https://github.com/jonschlinkert/fill-range) for the full list of options and features.\n\n**Examples**\n\n```js\nexpand('a..e')\n//=> ['a', 'b', 'c', 'd', 'e']\n\nexpand('a..e..2')\n//=> ['a', 'c', 'e']\n\nexpand('A..E..2')\n//=> ['A', 'C', 'E']\n\nexpand('1..3')\n//=> ['1', '2', '3']\n\nexpand('0..-5')\n//=> [ '0', '-1', '-2', '-3', '-4', '-5' ]\n\nexpand('-9..9..3')\n//=> [ '-9', '-6', '-3', '0', '3', '6', '9' ])\n\nexpand('-1..-10..-2')\n//=> [ '-1', '-3', '-5', '-7', '-9' ]\n\nexpand('1..10..2')\n//=> [ '1', '3', '5', '7', '9' ]\n```\n\n### Custom function\n\nOptionally pass a custom function as the second argument:\n\n```js\nexpand('a..e', function (val, isNumber, pad, i) {\n  if (!isNumber) {\n    return String.fromCharCode(val) + i;\n  }\n  return val;\n});\n//=> ['a0', 'b1', 'c2', 'd3', 'e4']\n```\n\n## Benchmarks\n\n```sh\nBenchmarking: (4 of 4)\n · alpha-lower\n · alpha-upper\n · padded\n · range\n\n# benchmark/fixtures/alpha-lower.js (29 bytes)\n  brace-expansion x 105,234 ops/sec ±0.65% (87 runs sampled)\n  expand-range x 364,206 ops/sec ±1.08% (90 runs sampled)\n  minimatch x 93,343 ops/sec ±1.61% (86 runs sampled)\n\n  fastest is expand-range\n\n# benchmark/fixtures/alpha-upper.js (29 bytes)\n  brace-expansion x 94,729 ops/sec ±0.49% (89 runs sampled)\n  expand-range x 347,926 ops/sec ±1.11% (83 runs sampled)\n  minimatch x 89,997 ops/sec ±1.10% (87 runs sampled)\n\n  fastest is expand-range\n\n# benchmark/fixtures/padded.js (33 bytes)\n  brace-expansion x 9,948 ops/sec ±0.99% (85 runs sampled)\n  expand-range x 209,741 ops/sec ±8.85% (83 runs sampled)\n  minimatch x 9,125 ops/sec ±0.95% (85 runs sampled)\n\n  fastest is expand-range\n\n# benchmark/fixtures/range.js (29 bytes)\n  brace-expansion x 75,911 ops/sec ±1.63% (85 runs sampled)\n  expand-range x 525,728 ops/sec ±1.63% (85 runs sampled)\n  minimatch x 69,066 ops/sec ±0.55% (86 runs sampled)\n\n  fastest is expand-range\n\n```\n\n## History\n\n### v2.0.0\n\n**Changes**\n\n* Special `step` characters are no longer supported, as the same thing can be accomplished with a custom transform function.\n* The signature in the [transform function](https://github.com/jonschlinkert/fill-range#optionstransform) has changed. See [fill-range](https://github.com/jonschlinkert/fill-range) for more details.\n\n## About\n\n### Related projects\n\n* [braces](https://www.npmjs.com/package/braces): Fast, comprehensive, bash-like brace expansion implemented in JavaScript. Complete support for the Bash 4.3 braces… [more](https://github.com/micromatch/braces) | [homepage](https://github.com/micromatch/braces \"Fast, comprehensive, bash-like brace expansion implemented in JavaScript. Complete support for the Bash 4.3 braces specification, without sacrificing speed.\")\n* [fill-range](https://www.npmjs.com/package/fill-range): Fill in a range of numbers or letters, optionally passing an increment or `step` to… [more](https://github.com/jonschlinkert/fill-range) | [homepage](https://github.com/jonschlinkert/fill-range \"Fill in a range of numbers or letters, optionally passing an increment or `step` to use, or create a regex-compatible range with `options.toRegex`\")\n* [micromatch](https://www.npmjs.com/package/micromatch): Glob matching for javascript/node.js. A drop-in replacement and faster alternative to minimatch and multimatch. | [homepage](https://github.com/jonschlinkert/micromatch \"Glob matching for javascript/node.js. A drop-in replacement and faster alternative to minimatch and multimatch.\")\n\n### Contributing\n\nPull requests and stars are always welcome. For bugs and feature requests, [please create an issue](../../issues/new).\n\n### Contributors\n\n| **Commits** | **Contributor** | \n| --- | --- |\n| 58 | [jonschlinkert](https://github.com/jonschlinkert) |\n| 1 | [dcohenb](https://github.com/dcohenb) |\n\n### Building docs\n\n_(This project's readme.md is generated by [verb](https://github.com/verbose/verb-generate-readme), please don't edit the readme directly. Any changes to the readme must be made in the [.verb.md](.verb.md) readme template.)_\n\nTo generate the readme, run the following command:\n\n```sh\n$ npm install -g verbose/verb#dev verb-generate-readme && verb\n```\n\n### Running tests\n\nRunning and reviewing unit tests is a great way to get familiarized with a library and its API. You can install dependencies and run tests with the following command:\n\n```sh\n$ npm install && npm test\n```\n\n### Author\n\n**Jon Schlinkert**\n\n* [github/jonschlinkert](https://github.com/jonschlinkert)\n* [twitter/jonschlinkert](https://twitter.com/jonschlinkert)\n\n### License\n\nCopyright © 2017, [Jon Schlinkert](https://github.com/jonschlinkert).\nReleased under the [MIT License](LICENSE).\n\n***\n\n_This file was generated by [verb-generate-readme](https://github.com/verbose/verb-generate-readme), v0.6.0, on May 08, 2017._","maintainers":[{"email":"brian.woodward@gmail.com","name":"doowb"},{"email":"github@sellside.com","name":"jonschlinkert"}],"time":{"modified":"2017-10-02T17:34:04.394Z","created":"2014-10-20T15:33:08.078Z","0.1.0":"2014-10-20T15:33:08.078Z","0.1.1":"2014-10-26T03:24:38.879Z","0.2.0":"2014-11-25T07:29:23.366Z","0.2.1":"2014-11-25T18:41:13.032Z","0.3.0":"2014-12-14T05:27:53.055Z","0.3.1":"2014-12-14T05:33:56.767Z","1.0.0":"2015-01-04T18:13:17.152Z","1.1.0":"2015-01-12T00:39:36.788Z","1.2.0":"2015-01-14T22:07:11.527Z","1.4.0":"2015-01-24T11:09:16.021Z","1.5.0":"2015-01-24T23:47:21.326Z","1.6.0":"2015-01-25T06:09:30.145Z","1.7.0":"2015-01-30T13:30:36.431Z","1.8.0":"2015-01-30T13:34:08.140Z","1.8.1":"2015-02-15T21:17:30.806Z","1.8.2":"2016-05-05T09:27:16.202Z","2.0.0":"2017-05-09T00:16:32.873Z","2.0.1":"2017-05-09T15:55:35.714Z"},"homepage":"https://github.com/jonschlinkert/expand-range","keywords":["alpha","alphabetical","bash","brace","expand","expansion","glob","match","matches","matching","number","numerical","range","ranges","sh"],"repository":{"type":"git","url":"git+https://github.com/jonschlinkert/expand-range.git"},"author":{"name":"Jon Schlinkert","url":"https://github.com/jonschlinkert"},"bugs":{"url":"https://github.com/jonschlinkert/expand-range/issues"},"readmeFilename":"README.md","license":"MIT","users":{"jonschlinkert":true,"tedrandolph":true},"contributors":[{"name":"Daniel Cohen","url":"http://dcb.co.il"},{"name":"Jon Schlinkert","url":"http://twitter.com/jonschlinkert"}],"_attachments":{},"_etag":"W/\"85d5e59debdf9cc6f893cf2cad75d189\"","_lastModified":"Sat, 26 May 2018 07:58:08 GMT"}