{"_id":"babel-helper-get-function-arity","_rev":"82-3a15c48f8e0b0f86773665d634ff6b51","name":"babel-helper-get-function-arity","description":"Helper function to get function arity","dist-tags":{"latest":"6.24.1","next":"7.0.0-beta.3"},"versions":{"6.0.0":{"name":"babel-helper-get-function-arity","version":"6.0.0","description":"## Usage","repository":{"type":"git","url":"git+https://github.com/babel/babel.git"},"license":"MIT","main":"lib/index.js","dependencies":{"babel-runtime":"^6.0.0","babel-types":"^6.0.0"},"bugs":{"url":"https://github.com/babel/babel/issues"},"homepage":"https://github.com/babel/babel#readme","_id":"babel-helper-get-function-arity@6.0.0","scripts":{},"_shasum":"c764c4bd0a93259555e2127051deac1adb11a52f","_from":".","_npmVersion":"2.14.3","_nodeVersion":"4.1.0","_npmUser":{"name":"sebmck","email":"sebmck@gmail.com"},"dist":{"shasum":"c764c4bd0a93259555e2127051deac1adb11a52f","tarball":"https://registry.npmjs.org/babel-helper-get-function-arity/-/babel-helper-get-function-arity-6.0.0.tgz"},"maintainers":[{"name":"sebmck","email":"sebmck@gmail.com"}],"directories":{}},"6.0.2":{"name":"babel-helper-get-function-arity","version":"6.0.2","description":"## Usage","repository":{"type":"git","url":"git+https://github.com/babel/babel.git"},"license":"MIT","main":"lib/index.js","dependencies":{"babel-runtime":"^6.0.2","babel-types":"^6.0.2"},"bugs":{"url":"https://github.com/babel/babel/issues"},"homepage":"https://github.com/babel/babel#readme","_id":"babel-helper-get-function-arity@6.0.2","scripts":{},"_shasum":"f2a2db9ff513d7f180edb3b63cf5bbacd41ad3ef","_from":".","_npmVersion":"2.14.3","_nodeVersion":"4.1.0","_npmUser":{"name":"sebmck","email":"sebmck@gmail.com"},"dist":{"shasum":"f2a2db9ff513d7f180edb3b63cf5bbacd41ad3ef","tarball":"https://registry.npmjs.org/babel-helper-get-function-arity/-/babel-helper-get-function-arity-6.0.2.tgz"},"maintainers":[{"name":"sebmck","email":"sebmck@gmail.com"}],"directories":{}},"6.0.14":{"name":"babel-helper-get-function-arity","version":"6.0.14","description":"## Usage","repository":{"type":"git","url":"https://github.com/babel/babel/tree/master/packages/babel-helper-get-function-arity"},"license":"MIT","main":"lib/index.js","dependencies":{"babel-runtime":"^5.0.0","babel-types":"^6.0.14"},"_id":"babel-helper-get-function-arity@6.0.14","scripts":{},"_shasum":"6ee898465976e49375ab359a3f62438be03edf4f","_from":".","_npmVersion":"2.14.9","_nodeVersion":"4.1.0","_npmUser":{"name":"sebmck","email":"sebmck@gmail.com"},"dist":{"shasum":"6ee898465976e49375ab359a3f62438be03edf4f","tarball":"https://registry.npmjs.org/babel-helper-get-function-arity/-/babel-helper-get-function-arity-6.0.14.tgz"},"maintainers":[{"name":"sebmck","email":"sebmck@gmail.com"}],"directories":{}},"6.0.15":{"name":"babel-helper-get-function-arity","version":"6.0.15","description":"## Usage","repository":{"type":"git","url":"https://github.com/babel/babel/tree/master/packages/babel-helper-get-function-arity"},"license":"MIT","main":"lib/index.js","dependencies":{"babel-runtime":"^5.0.0","babel-types":"^6.0.15"},"_id":"babel-helper-get-function-arity@6.0.15","scripts":{},"_shasum":"80aedef7c5ac366bf21871df62edc0de45113c9b","_from":".","_npmVersion":"2.14.9","_nodeVersion":"4.1.0","_npmUser":{"name":"sebmck","email":"sebmck@gmail.com"},"dist":{"shasum":"80aedef7c5ac366bf21871df62edc0de45113c9b","tarball":"https://registry.npmjs.org/babel-helper-get-function-arity/-/babel-helper-get-function-arity-6.0.15.tgz"},"maintainers":[{"name":"sebmck","email":"sebmck@gmail.com"}],"directories":{}},"6.1.5":{"name":"babel-helper-get-function-arity","version":"6.1.5","description":"## Usage","repository":{"type":"git","url":"https://github.com/babel/babel/tree/master/packages/babel-helper-get-function-arity"},"license":"MIT","main":"lib/index.js","dependencies":{"babel-runtime":"^5.0.0","babel-types":"^6.1.5"},"_id":"babel-helper-get-function-arity@6.1.5","scripts":{},"_shasum":"d8ab9c3452cb9ea1a9ff7784f006b99cf79dc34e","_from":".","_npmVersion":"3.3.10","_nodeVersion":"4.1.0","_npmUser":{"name":"sebmck","email":"sebmck@gmail.com"},"dist":{"shasum":"d8ab9c3452cb9ea1a9ff7784f006b99cf79dc34e","tarball":"https://registry.npmjs.org/babel-helper-get-function-arity/-/babel-helper-get-function-arity-6.1.5.tgz"},"maintainers":[{"name":"sebmck","email":"sebmck@gmail.com"}],"directories":{}},"6.1.6":{"name":"babel-helper-get-function-arity","version":"6.1.6","description":"## Usage","repository":{"type":"git","url":"https://github.com/babel/babel/tree/master/packages/babel-helper-get-function-arity"},"license":"MIT","main":"lib/index.js","dependencies":{"babel-runtime":"^5.0.0","babel-types":"^6.1.6"},"_id":"babel-helper-get-function-arity@6.1.6","scripts":{},"_shasum":"6e1f0b9e4310336003d93077a6c0150bc8f306e1","_from":".","_npmVersion":"3.3.10","_nodeVersion":"4.1.0","_npmUser":{"name":"sebmck","email":"sebmck@gmail.com"},"dist":{"shasum":"6e1f0b9e4310336003d93077a6c0150bc8f306e1","tarball":"https://registry.npmjs.org/babel-helper-get-function-arity/-/babel-helper-get-function-arity-6.1.6.tgz"},"maintainers":[{"name":"amasad","email":"amjad.masad@gmail.com"},{"name":"sebmck","email":"sebmck@gmail.com"},{"name":"thejameskyle","email":"me@thejameskyle.com"}],"directories":{}},"6.1.7":{"name":"babel-helper-get-function-arity","version":"6.1.7","description":"## Usage","repository":{"type":"git","url":"https://github.com/babel/babel/tree/master/packages/babel-helper-get-function-arity"},"license":"MIT","main":"lib/index.js","dependencies":{"babel-runtime":"^5.0.0","babel-types":"^6.1.7"},"_id":"babel-helper-get-function-arity@6.1.7","scripts":{},"_shasum":"d553bd27cca2deccdbc345efa508dd9ffba2489d","_from":".","_npmVersion":"3.3.10","_nodeVersion":"4.1.0","_npmUser":{"name":"sebmck","email":"sebmck@gmail.com"},"dist":{"shasum":"d553bd27cca2deccdbc345efa508dd9ffba2489d","tarball":"https://registry.npmjs.org/babel-helper-get-function-arity/-/babel-helper-get-function-arity-6.1.7.tgz"},"maintainers":[{"name":"amasad","email":"amjad.masad@gmail.com"},{"name":"sebmck","email":"sebmck@gmail.com"},{"name":"thejameskyle","email":"me@thejameskyle.com"}],"directories":{}},"6.1.8":{"name":"babel-helper-get-function-arity","version":"6.1.8","description":"## Usage","repository":{"type":"git","url":"https://github.com/babel/babel/tree/master/packages/babel-helper-get-function-arity"},"license":"MIT","main":"lib/index.js","dependencies":{"babel-runtime":"^5.0.0","babel-types":"^6.1.8"},"_id":"babel-helper-get-function-arity@6.1.8","scripts":{},"_shasum":"029b58c9922627c858b94cd979d07bd15e41a2d4","_from":".","_npmVersion":"3.3.10","_nodeVersion":"4.1.0","_npmUser":{"name":"sebmck","email":"sebmck@gmail.com"},"dist":{"shasum":"029b58c9922627c858b94cd979d07bd15e41a2d4","tarball":"https://registry.npmjs.org/babel-helper-get-function-arity/-/babel-helper-get-function-arity-6.1.8.tgz"},"maintainers":[{"name":"amasad","email":"amjad.masad@gmail.com"},{"name":"sebmck","email":"sebmck@gmail.com"},{"name":"thejameskyle","email":"me@thejameskyle.com"}],"directories":{}},"6.1.9":{"name":"babel-helper-get-function-arity","version":"6.1.9","description":"## Usage","repository":{"type":"git","url":"https://github.com/babel/babel/tree/master/packages/babel-helper-get-function-arity"},"license":"MIT","main":"lib/index.js","dependencies":{"babel-runtime":"^5.0.0","babel-types":"^6.1.9"},"_id":"babel-helper-get-function-arity@6.1.9","scripts":{},"_shasum":"ca1e607a156eb347c1b90ec4493df9a95451878a","_from":".","_npmVersion":"3.3.10","_nodeVersion":"4.1.0","_npmUser":{"name":"sebmck","email":"sebmck@gmail.com"},"dist":{"shasum":"ca1e607a156eb347c1b90ec4493df9a95451878a","tarball":"https://registry.npmjs.org/babel-helper-get-function-arity/-/babel-helper-get-function-arity-6.1.9.tgz"},"maintainers":[{"name":"amasad","email":"amjad.masad@gmail.com"},{"name":"sebmck","email":"sebmck@gmail.com"},{"name":"thejameskyle","email":"me@thejameskyle.com"}],"directories":{}},"6.1.10":{"name":"babel-helper-get-function-arity","version":"6.1.10","description":"## Usage","repository":{"type":"git","url":"https://github.com/babel/babel/tree/master/packages/babel-helper-get-function-arity"},"license":"MIT","main":"lib/index.js","dependencies":{"babel-runtime":"^5.0.0","babel-types":"^6.1.10"},"_id":"babel-helper-get-function-arity@6.1.10","scripts":{},"_shasum":"e3ec582f316275982b62c2683a6648997a353f1f","_from":".","_npmVersion":"3.3.10","_nodeVersion":"4.1.0","_npmUser":{"name":"sebmck","email":"sebmck@gmail.com"},"dist":{"shasum":"e3ec582f316275982b62c2683a6648997a353f1f","tarball":"https://registry.npmjs.org/babel-helper-get-function-arity/-/babel-helper-get-function-arity-6.1.10.tgz"},"maintainers":[{"name":"amasad","email":"amjad.masad@gmail.com"},{"name":"sebmck","email":"sebmck@gmail.com"},{"name":"thejameskyle","email":"me@thejameskyle.com"}],"directories":{}},"6.1.12":{"name":"babel-helper-get-function-arity","version":"6.1.12","description":"## Usage","repository":{"type":"git","url":"https://github.com/babel/babel/tree/master/packages/babel-helper-get-function-arity"},"license":"MIT","main":"lib/index.js","dependencies":{"babel-runtime":"^5.0.0","babel-types":"^6.1.12"},"_id":"babel-helper-get-function-arity@6.1.12","scripts":{},"_shasum":"79e7bd611c11b66a2e9a1fb300f07e14d0f864a4","_from":".","_npmVersion":"3.3.10","_nodeVersion":"4.1.0","_npmUser":{"name":"sebmck","email":"sebmck@gmail.com"},"dist":{"shasum":"79e7bd611c11b66a2e9a1fb300f07e14d0f864a4","tarball":"https://registry.npmjs.org/babel-helper-get-function-arity/-/babel-helper-get-function-arity-6.1.12.tgz"},"maintainers":[{"name":"amasad","email":"amjad.masad@gmail.com"},{"name":"sebmck","email":"sebmck@gmail.com"},{"name":"thejameskyle","email":"me@thejameskyle.com"}],"directories":{}},"6.1.13":{"name":"babel-helper-get-function-arity","version":"6.1.13","description":"## Usage","repository":{"type":"git","url":"https://github.com/babel/babel/tree/master/packages/babel-helper-get-function-arity"},"license":"MIT","main":"lib/index.js","dependencies":{"babel-runtime":"^5.0.0","babel-types":"^6.1.13"},"_id":"babel-helper-get-function-arity@6.1.13","scripts":{},"_shasum":"95f5c3cea992fd2a3b692e6a8f1c68a4398b9190","_from":".","_npmVersion":"3.3.10","_nodeVersion":"4.1.0","_npmUser":{"name":"sebmck","email":"sebmck@gmail.com"},"dist":{"shasum":"95f5c3cea992fd2a3b692e6a8f1c68a4398b9190","tarball":"https://registry.npmjs.org/babel-helper-get-function-arity/-/babel-helper-get-function-arity-6.1.13.tgz"},"maintainers":[{"name":"amasad","email":"amjad.masad@gmail.com"},{"name":"sebmck","email":"sebmck@gmail.com"},{"name":"thejameskyle","email":"me@thejameskyle.com"}],"directories":{}},"6.1.16":{"name":"babel-helper-get-function-arity","version":"6.1.16","description":"## Usage","repository":{"type":"git","url":"https://github.com/babel/babel/tree/master/packages/babel-helper-get-function-arity"},"license":"MIT","main":"lib/index.js","dependencies":{"babel-runtime":"^5.0.0","babel-types":"^6.1.16"},"_id":"babel-helper-get-function-arity@6.1.16","scripts":{},"_shasum":"fe964185eaa4da6922629bf45b1f3a7638bb64b3","_from":".","_npmVersion":"3.3.10","_nodeVersion":"4.1.0","_npmUser":{"name":"sebmck","email":"sebmck@gmail.com"},"dist":{"shasum":"fe964185eaa4da6922629bf45b1f3a7638bb64b3","tarball":"https://registry.npmjs.org/babel-helper-get-function-arity/-/babel-helper-get-function-arity-6.1.16.tgz"},"maintainers":[{"name":"amasad","email":"amjad.masad@gmail.com"},{"name":"sebmck","email":"sebmck@gmail.com"},{"name":"thejameskyle","email":"me@thejameskyle.com"}],"directories":{}},"6.1.17":{"name":"babel-helper-get-function-arity","version":"6.1.17","description":"## Usage","repository":{"type":"git","url":"https://github.com/babel/babel/tree/master/packages/babel-helper-get-function-arity"},"license":"MIT","main":"lib/index.js","dependencies":{"babel-runtime":"^5.0.0","babel-types":"^6.1.17"},"_id":"babel-helper-get-function-arity@6.1.17","scripts":{},"_shasum":"16767f75a082744eda89c3dff42d3fa045a48979","_from":".","_npmVersion":"3.3.10","_nodeVersion":"4.1.0","_npmUser":{"name":"sebmck","email":"sebmck@gmail.com"},"dist":{"shasum":"16767f75a082744eda89c3dff42d3fa045a48979","tarball":"https://registry.npmjs.org/babel-helper-get-function-arity/-/babel-helper-get-function-arity-6.1.17.tgz"},"maintainers":[{"name":"amasad","email":"amjad.masad@gmail.com"},{"name":"sebmck","email":"sebmck@gmail.com"},{"name":"thejameskyle","email":"me@thejameskyle.com"}],"directories":{}},"6.1.18":{"name":"babel-helper-get-function-arity","version":"6.1.18","description":"## Usage","repository":{"type":"git","url":"https://github.com/babel/babel/tree/master/packages/babel-helper-get-function-arity"},"license":"MIT","main":"lib/index.js","dependencies":{"babel-runtime":"^5.0.0","babel-types":"^6.1.18"},"_id":"babel-helper-get-function-arity@6.1.18","scripts":{},"_shasum":"952c0a29c8b7ca419c49d9e3871312ecfadd7fa2","_from":".","_npmVersion":"3.3.10","_nodeVersion":"4.1.0","_npmUser":{"name":"sebmck","email":"sebmck@gmail.com"},"dist":{"shasum":"952c0a29c8b7ca419c49d9e3871312ecfadd7fa2","tarball":"https://registry.npmjs.org/babel-helper-get-function-arity/-/babel-helper-get-function-arity-6.1.18.tgz"},"maintainers":[{"name":"amasad","email":"amjad.masad@gmail.com"},{"name":"sebmck","email":"sebmck@gmail.com"},{"name":"thejameskyle","email":"me@thejameskyle.com"}],"directories":{}},"6.2.0":{"name":"babel-helper-get-function-arity","version":"6.2.0","description":"## Usage","repository":{"type":"git","url":"https://github.com/babel/babel/tree/master/packages/babel-helper-get-function-arity"},"license":"MIT","main":"lib/index.js","dependencies":{"babel-runtime":"^5.0.0","babel-types":"^6.2.0"},"_id":"babel-helper-get-function-arity@6.2.0","scripts":{},"_shasum":"a741e6447265d94185dfb584c534b732e171ff10","_from":".","_npmVersion":"3.3.10","_nodeVersion":"4.1.0","_npmUser":{"name":"sebmck","email":"sebmck@gmail.com"},"dist":{"shasum":"a741e6447265d94185dfb584c534b732e171ff10","tarball":"https://registry.npmjs.org/babel-helper-get-function-arity/-/babel-helper-get-function-arity-6.2.0.tgz"},"maintainers":[{"name":"amasad","email":"amjad.masad@gmail.com"},{"name":"sebmck","email":"sebmck@gmail.com"},{"name":"thejameskyle","email":"me@thejameskyle.com"}],"directories":{}},"6.2.4":{"name":"babel-helper-get-function-arity","version":"6.2.4","description":"## Usage","repository":{"type":"git","url":"https://github.com/babel/babel/tree/master/packages/babel-helper-get-function-arity"},"license":"MIT","main":"lib/index.js","dependencies":{"babel-runtime":"^5.0.0","babel-types":"^6.2.4"},"_id":"babel-helper-get-function-arity@6.2.4","scripts":{},"_shasum":"d7d2664d42d30eb65940cad0e6e9b9ad7ec3ddee","_from":".","_npmVersion":"3.3.10","_nodeVersion":"4.1.0","_npmUser":{"name":"sebmck","email":"sebmck@gmail.com"},"dist":{"shasum":"d7d2664d42d30eb65940cad0e6e9b9ad7ec3ddee","tarball":"https://registry.npmjs.org/babel-helper-get-function-arity/-/babel-helper-get-function-arity-6.2.4.tgz"},"maintainers":[{"name":"amasad","email":"amjad.masad@gmail.com"},{"name":"sebmck","email":"sebmck@gmail.com"},{"name":"thejameskyle","email":"me@thejameskyle.com"}],"directories":{}},"6.3.13":{"name":"babel-helper-get-function-arity","version":"6.3.13","description":"## Usage","repository":{"type":"git","url":"https://github.com/babel/babel/tree/master/packages/babel-helper-get-function-arity"},"license":"MIT","main":"lib/index.js","dependencies":{"babel-runtime":"^5.0.0","babel-types":"^6.3.13"},"_id":"babel-helper-get-function-arity@6.3.13","scripts":{},"_shasum":"b2473694523e435b9e18176d1a4603e6c094c062","_from":".","_npmVersion":"3.3.10","_nodeVersion":"4.1.0","_npmUser":{"name":"sebmck","email":"sebmck@gmail.com"},"dist":{"shasum":"b2473694523e435b9e18176d1a4603e6c094c062","tarball":"https://registry.npmjs.org/babel-helper-get-function-arity/-/babel-helper-get-function-arity-6.3.13.tgz"},"maintainers":[{"name":"amasad","email":"amjad.masad@gmail.com"},{"name":"hzoo","email":"hi@henryzoo.com"},{"name":"jmm","email":"npm-public@jessemccarthy.net"},{"name":"loganfsmyth","email":"loganfsmyth@gmail.com"},{"name":"sebmck","email":"sebmck@gmail.com"},{"name":"thejameskyle","email":"me@thejameskyle.com"}],"directories":{}},"6.5.0":{"name":"babel-helper-get-function-arity","version":"6.5.0","description":"## Usage","repository":{"type":"git","url":"https://github.com/babel/babel/tree/master/packages/babel-helper-get-function-arity"},"license":"MIT","main":"lib/index.js","dependencies":{"babel-runtime":"^5.0.0","babel-types":"^6.3.13"},"_id":"babel-helper-get-function-arity@6.5.0","scripts":{},"_shasum":"3050c690551523bcce12b8f7728c15cdde0e8976","_from":".","_npmVersion":"3.6.0","_nodeVersion":"5.1.0","_npmUser":{"name":"hzoo","email":"hi@henryzoo.com"},"dist":{"shasum":"3050c690551523bcce12b8f7728c15cdde0e8976","tarball":"https://registry.npmjs.org/babel-helper-get-function-arity/-/babel-helper-get-function-arity-6.5.0.tgz"},"maintainers":[{"name":"amasad","email":"amjad.masad@gmail.com"},{"name":"hzoo","email":"hi@henryzoo.com"},{"name":"jmm","email":"npm-public@jessemccarthy.net"},{"name":"loganfsmyth","email":"loganfsmyth@gmail.com"},{"name":"sebmck","email":"sebmck@gmail.com"},{"name":"thejameskyle","email":"me@thejameskyle.com"}],"_npmOperationalInternal":{"host":"packages-6-west.internal.npmjs.com","tmp":"tmp/babel-helper-get-function-arity-6.5.0.tgz_1454803617182_0.6218713438138366"},"directories":{}},"6.5.0-1":{"name":"babel-helper-get-function-arity","version":"6.5.0-1","description":"## Usage","repository":{"type":"git","url":"https://github.com/babel/babel/tree/master/packages/babel-helper-get-function-arity"},"license":"MIT","main":"lib/index.js","dependencies":{"babel-runtime":"^5.0.0","babel-types":"^6.5.0-1"},"_id":"babel-helper-get-function-arity@6.5.0-1","scripts":{},"_shasum":"f048e73f8d6110158c175115684aa14a279ed7ee","_from":".","_npmVersion":"3.6.0","_nodeVersion":"5.1.0","_npmUser":{"name":"hzoo","email":"hi@henryzoo.com"},"dist":{"shasum":"f048e73f8d6110158c175115684aa14a279ed7ee","tarball":"https://registry.npmjs.org/babel-helper-get-function-arity/-/babel-helper-get-function-arity-6.5.0-1.tgz"},"maintainers":[{"name":"amasad","email":"amjad.masad@gmail.com"},{"name":"hzoo","email":"hi@henryzoo.com"},{"name":"jmm","email":"npm-public@jessemccarthy.net"},{"name":"loganfsmyth","email":"loganfsmyth@gmail.com"},{"name":"sebmck","email":"sebmck@gmail.com"},{"name":"thejameskyle","email":"me@thejameskyle.com"}],"_npmOperationalInternal":{"host":"packages-9-west.internal.npmjs.com","tmp":"tmp/babel-helper-get-function-arity-6.5.0-1.tgz_1454812784510_0.5501866999547929"},"directories":{}},"6.6.4":{"name":"babel-helper-get-function-arity","version":"6.6.4","description":"## Usage","repository":{"type":"git","url":"https://github.com/babel/babel/tree/master/packages/babel-helper-get-function-arity"},"license":"MIT","main":"lib/index.js","dependencies":{"babel-runtime":"^5.0.0","babel-types":"^6.6.4"},"_id":"babel-helper-get-function-arity@6.6.4","scripts":{},"_shasum":"cb7bebf1d2e6a7bc36faea5621a1552354519b2f","_from":".","_npmVersion":"3.6.0","_nodeVersion":"5.1.0","_npmUser":{"name":"hzoo","email":"hi@henryzoo.com"},"dist":{"shasum":"cb7bebf1d2e6a7bc36faea5621a1552354519b2f","tarball":"https://registry.npmjs.org/babel-helper-get-function-arity/-/babel-helper-get-function-arity-6.6.4.tgz"},"maintainers":[{"name":"amasad","email":"amjad.masad@gmail.com"},{"name":"hzoo","email":"hi@henryzoo.com"},{"name":"jmm","email":"npm-public@jessemccarthy.net"},{"name":"loganfsmyth","email":"loganfsmyth@gmail.com"},{"name":"sebmck","email":"sebmck@gmail.com"},{"name":"thejameskyle","email":"me@thejameskyle.com"}],"_npmOperationalInternal":{"host":"packages-12-west.internal.npmjs.com","tmp":"tmp/babel-helper-get-function-arity-6.6.4.tgz_1456954170435_0.31859579496085644"},"directories":{}},"6.6.5":{"name":"babel-helper-get-function-arity","version":"6.6.5","description":"## Usage","repository":{"type":"git","url":"https://github.com/babel/babel/tree/master/packages/babel-helper-get-function-arity"},"license":"MIT","main":"lib/index.js","dependencies":{"babel-runtime":"^5.0.0","babel-types":"^6.6.5"},"_id":"babel-helper-get-function-arity@6.6.5","scripts":{},"_shasum":"702d54b2e06201c643c044611056da5258f78ab5","_from":".","_npmVersion":"3.6.0","_nodeVersion":"5.1.0","_npmUser":{"name":"hzoo","email":"hi@henryzoo.com"},"dist":{"shasum":"702d54b2e06201c643c044611056da5258f78ab5","tarball":"https://registry.npmjs.org/babel-helper-get-function-arity/-/babel-helper-get-function-arity-6.6.5.tgz"},"maintainers":[{"name":"amasad","email":"amjad.masad@gmail.com"},{"name":"hzoo","email":"hi@henryzoo.com"},{"name":"jmm","email":"npm-public@jessemccarthy.net"},{"name":"loganfsmyth","email":"loganfsmyth@gmail.com"},{"name":"sebmck","email":"sebmck@gmail.com"},{"name":"thejameskyle","email":"me@thejameskyle.com"}],"_npmOperationalInternal":{"host":"packages-12-west.internal.npmjs.com","tmp":"tmp/babel-helper-get-function-arity-6.6.5.tgz_1457133394869_0.8935768641531467"},"directories":{}},"6.8.0":{"name":"babel-helper-get-function-arity","version":"6.8.0","description":"## Usage","repository":{"type":"git","url":"https://github.com/babel/babel/tree/master/packages/babel-helper-get-function-arity"},"license":"MIT","main":"lib/index.js","dependencies":{"babel-runtime":"^6.0.0","babel-types":"^6.8.0"},"_id":"babel-helper-get-function-arity@6.8.0","scripts":{},"_shasum":"88276c24bd251cdf6f61b6f89f745f486ced92af","_from":".","_npmVersion":"3.8.6","_nodeVersion":"5.1.0","_npmUser":{"name":"hzoo","email":"hi@henryzoo.com"},"maintainers":[{"name":"amasad","email":"amjad.masad@gmail.com"},{"name":"hzoo","email":"hi@henryzoo.com"},{"name":"jmm","email":"npm-public@jessemccarthy.net"},{"name":"loganfsmyth","email":"loganfsmyth@gmail.com"},{"name":"sebmck","email":"sebmck@gmail.com"},{"name":"thejameskyle","email":"me@thejameskyle.com"}],"dist":{"shasum":"88276c24bd251cdf6f61b6f89f745f486ced92af","tarball":"https://registry.npmjs.org/babel-helper-get-function-arity/-/babel-helper-get-function-arity-6.8.0.tgz"},"_npmOperationalInternal":{"host":"packages-12-west.internal.npmjs.com","tmp":"tmp/babel-helper-get-function-arity-6.8.0.tgz_1462232642944_0.14981680759228766"},"directories":{}},"6.18.0":{"name":"babel-helper-get-function-arity","version":"6.18.0","description":"Helper function to get function arity","repository":{"type":"git","url":"https://github.com/babel/babel/tree/master/packages/babel-helper-get-function-arity"},"license":"MIT","main":"lib/index.js","dependencies":{"babel-runtime":"^6.0.0","babel-types":"^6.18.0"},"_id":"babel-helper-get-function-arity@6.18.0","scripts":{},"_shasum":"a5b19695fd3f9cdfc328398b47dafcd7094f9f24","_from":".","_npmVersion":"3.10.8","_nodeVersion":"6.9.0","_npmUser":{"name":"hzoo","email":"hi@henryzoo.com"},"dist":{"shasum":"a5b19695fd3f9cdfc328398b47dafcd7094f9f24","tarball":"https://registry.npmjs.org/babel-helper-get-function-arity/-/babel-helper-get-function-arity-6.18.0.tgz"},"maintainers":[{"name":"amasad","email":"amjad.masad@gmail.com"},{"name":"hzoo","email":"hi@henryzoo.com"},{"name":"jmm","email":"npm-public@jessemccarthy.net"},{"name":"loganfsmyth","email":"loganfsmyth@gmail.com"},{"name":"sebmck","email":"sebmck@gmail.com"},{"name":"thejameskyle","email":"me@thejameskyle.com"}],"_npmOperationalInternal":{"host":"packages-18-east.internal.npmjs.com","tmp":"tmp/babel-helper-get-function-arity-6.18.0.tgz_1477343927387_0.5835238571744412"},"directories":{}},"6.22.0":{"name":"babel-helper-get-function-arity","version":"6.22.0","description":"Helper function to get function arity","repository":{"type":"git","url":"https://github.com/babel/babel/tree/master/packages/babel-helper-get-function-arity"},"license":"MIT","main":"lib/index.js","dependencies":{"babel-runtime":"^6.22.0","babel-types":"^6.22.0"},"_id":"babel-helper-get-function-arity@6.22.0","scripts":{},"_shasum":"0beb464ad69dc7347410ac6ade9f03a50634f5ce","_from":".","_npmVersion":"3.10.10","_nodeVersion":"6.9.0","_npmUser":{"name":"hzoo","email":"hi@henryzoo.com"},"dist":{"shasum":"0beb464ad69dc7347410ac6ade9f03a50634f5ce","tarball":"https://registry.npmjs.org/babel-helper-get-function-arity/-/babel-helper-get-function-arity-6.22.0.tgz"},"maintainers":[{"name":"amasad","email":"amjad.masad@gmail.com"},{"name":"hzoo","email":"hi@henryzoo.com"},{"name":"jmm","email":"npm-public@jessemccarthy.net"},{"name":"loganfsmyth","email":"loganfsmyth@gmail.com"},{"name":"sebmck","email":"sebmck@gmail.com"},{"name":"thejameskyle","email":"me@thejameskyle.com"}],"_npmOperationalInternal":{"host":"packages-18-east.internal.npmjs.com","tmp":"tmp/babel-helper-get-function-arity-6.22.0.tgz_1484872413165_0.5122983721084893"},"directories":{}},"7.0.0-alpha.1":{"name":"babel-helper-get-function-arity","version":"7.0.0-alpha.1","description":"Helper function to get function arity","repository":{"type":"git","url":"https://github.com/babel/babel/tree/master/packages/babel-helper-get-function-arity"},"license":"MIT","main":"lib/index.js","dependencies":{"babel-types":"7.0.0-alpha.1"},"_id":"babel-helper-get-function-arity@7.0.0-alpha.1","scripts":{},"_shasum":"6433f016b49a539348ecbcf23bb6ed9fd1b363c5","_from":".","_npmVersion":"3.10.10","_nodeVersion":"6.9.0","_npmUser":{"name":"hzoo","email":"hi@henryzoo.com"},"dist":{"shasum":"6433f016b49a539348ecbcf23bb6ed9fd1b363c5","tarball":"https://registry.npmjs.org/babel-helper-get-function-arity/-/babel-helper-get-function-arity-7.0.0-alpha.1.tgz"},"maintainers":[{"name":"amasad","email":"amjad.masad@gmail.com"},{"name":"hzoo","email":"hi@henryzoo.com"},{"name":"jmm","email":"npm-public@jessemccarthy.net"},{"name":"loganfsmyth","email":"loganfsmyth@gmail.com"},{"name":"sebmck","email":"sebmck@gmail.com"},{"name":"thejameskyle","email":"me@thejameskyle.com"}],"_npmOperationalInternal":{"host":"packages-18-east.internal.npmjs.com","tmp":"tmp/babel-helper-get-function-arity-7.0.0-alpha.1.tgz_1488488720051_0.8637956532184035"},"directories":{}},"7.0.0-alpha.3":{"name":"babel-helper-get-function-arity","version":"7.0.0-alpha.3","description":"Helper function to get function arity","repository":{"type":"git","url":"https://github.com/babel/babel/tree/master/packages/babel-helper-get-function-arity"},"license":"MIT","main":"lib/index.js","dependencies":{"babel-types":"7.0.0-alpha.3"},"_id":"babel-helper-get-function-arity@7.0.0-alpha.3","scripts":{},"_shasum":"e2c2db48d65300da135cabd91d8e9629b07ca5e8","_from":".","_npmVersion":"3.10.10","_nodeVersion":"6.9.0","_npmUser":{"name":"hzoo","email":"hi@henryzoo.com"},"dist":{"shasum":"e2c2db48d65300da135cabd91d8e9629b07ca5e8","tarball":"https://registry.npmjs.org/babel-helper-get-function-arity/-/babel-helper-get-function-arity-7.0.0-alpha.3.tgz"},"maintainers":[{"name":"amasad","email":"amjad.masad@gmail.com"},{"name":"hzoo","email":"hi@henryzoo.com"},{"name":"jmm","email":"npm-public@jessemccarthy.net"},{"name":"loganfsmyth","email":"loganfsmyth@gmail.com"},{"name":"sebmck","email":"sebmck@gmail.com"},{"name":"thejameskyle","email":"me@thejameskyle.com"}],"_npmOperationalInternal":{"host":"packages-12-west.internal.npmjs.com","tmp":"tmp/babel-helper-get-function-arity-7.0.0-alpha.3.tgz_1490298565566_0.6305948763620108"},"directories":{}},"7.0.0-alpha.7":{"name":"babel-helper-get-function-arity","version":"7.0.0-alpha.7","description":"Helper function to get function arity","repository":{"type":"git","url":"https://github.com/babel/babel/tree/master/packages/babel-helper-get-function-arity"},"license":"MIT","main":"lib/index.js","dependencies":{"babel-types":"7.0.0-alpha.7"},"_id":"babel-helper-get-function-arity@7.0.0-alpha.7","scripts":{},"_shasum":"16e6526ecefc5537826012365e577de2ccba02f5","_from":".","_npmVersion":"3.10.10","_nodeVersion":"6.9.0","_npmUser":{"name":"hzoo","email":"hi@henryzoo.com"},"dist":{"shasum":"16e6526ecefc5537826012365e577de2ccba02f5","tarball":"https://registry.npmjs.org/babel-helper-get-function-arity/-/babel-helper-get-function-arity-7.0.0-alpha.7.tgz"},"maintainers":[{"name":"amasad","email":"amjad.masad@gmail.com"},{"name":"hzoo","email":"hi@henryzoo.com"},{"name":"jmm","email":"npm-public@jessemccarthy.net"},{"name":"loganfsmyth","email":"loganfsmyth@gmail.com"},{"name":"sebmck","email":"sebmck@gmail.com"},{"name":"thejameskyle","email":"me@thejameskyle.com"}],"_npmOperationalInternal":{"host":"packages-12-west.internal.npmjs.com","tmp":"tmp/babel-helper-get-function-arity-7.0.0-alpha.7.tgz_1491426838643_0.8301845099776983"},"directories":{}},"6.24.1":{"name":"babel-helper-get-function-arity","version":"6.24.1","description":"Helper function to get function arity","repository":{"type":"git","url":"https://github.com/babel/babel/tree/master/packages/babel-helper-get-function-arity"},"license":"MIT","main":"lib/index.js","dependencies":{"babel-runtime":"^6.22.0","babel-types":"^6.24.1"},"_id":"babel-helper-get-function-arity@6.24.1","scripts":{},"_shasum":"8f7782aa93407c41d3aa50908f89b031b1b6853d","_from":".","_npmVersion":"3.10.10","_nodeVersion":"6.9.0","_npmUser":{"name":"hzoo","email":"hi@henryzoo.com"},"dist":{"shasum":"8f7782aa93407c41d3aa50908f89b031b1b6853d","tarball":"https://registry.npmjs.org/babel-helper-get-function-arity/-/babel-helper-get-function-arity-6.24.1.tgz"},"maintainers":[{"name":"amasad","email":"amjad.masad@gmail.com"},{"name":"hzoo","email":"hi@henryzoo.com"},{"name":"jmm","email":"npm-public@jessemccarthy.net"},{"name":"loganfsmyth","email":"loganfsmyth@gmail.com"},{"name":"sebmck","email":"sebmck@gmail.com"},{"name":"thejameskyle","email":"me@thejameskyle.com"}],"_npmOperationalInternal":{"host":"packages-12-west.internal.npmjs.com","tmp":"tmp/babel-helper-get-function-arity-6.24.1.tgz_1491578346809_0.3132424324285239"},"directories":{}},"7.0.0-alpha.9":{"name":"babel-helper-get-function-arity","version":"7.0.0-alpha.9","description":"Helper function to get function arity","repository":{"type":"git","url":"https://github.com/babel/babel/tree/master/packages/babel-helper-get-function-arity"},"license":"MIT","main":"lib/index.js","dependencies":{"babel-types":"7.0.0-alpha.9"},"_id":"babel-helper-get-function-arity@7.0.0-alpha.9","scripts":{},"_shasum":"6c55e28e30d111074ab5a5f5881a7569d6f1dcbc","_from":".","_npmVersion":"3.10.10","_nodeVersion":"6.9.0","_npmUser":{"name":"hzoo","email":"hi@henryzoo.com"},"dist":{"shasum":"6c55e28e30d111074ab5a5f5881a7569d6f1dcbc","tarball":"https://registry.npmjs.org/babel-helper-get-function-arity/-/babel-helper-get-function-arity-7.0.0-alpha.9.tgz"},"maintainers":[{"name":"amasad","email":"amjad.masad@gmail.com"},{"name":"hzoo","email":"hi@henryzoo.com"},{"name":"jmm","email":"npm-public@jessemccarthy.net"},{"name":"loganfsmyth","email":"loganfsmyth@gmail.com"},{"name":"sebmck","email":"sebmck@gmail.com"},{"name":"thejameskyle","email":"me@thejameskyle.com"}],"_npmOperationalInternal":{"host":"packages-12-west.internal.npmjs.com","tmp":"tmp/babel-helper-get-function-arity-7.0.0-alpha.9.tgz_1492526519176_0.8841484354343265"},"directories":{}},"7.0.0-alpha.10":{"name":"babel-helper-get-function-arity","version":"7.0.0-alpha.10","description":"Helper function to get function arity","repository":{"type":"git","url":"https://github.com/babel/babel/tree/master/packages/babel-helper-get-function-arity"},"license":"MIT","main":"lib/index.js","dependencies":{"babel-types":"7.0.0-alpha.10"},"_id":"babel-helper-get-function-arity@7.0.0-alpha.10","scripts":{},"_shasum":"ea46aeda8ab387cda68240bb61003c1c8b5b3c8b","_from":".","_npmVersion":"3.10.10","_nodeVersion":"6.9.0","_npmUser":{"name":"hzoo","email":"hi@henryzoo.com"},"dist":{"shasum":"ea46aeda8ab387cda68240bb61003c1c8b5b3c8b","tarball":"https://registry.npmjs.org/babel-helper-get-function-arity/-/babel-helper-get-function-arity-7.0.0-alpha.10.tgz"},"maintainers":[{"email":"daniel@tschinder.de","name":"danez"},{"email":"hi@henryzoo.com","name":"hzoo"},{"email":"loganfsmyth@gmail.com","name":"loganfsmyth"}],"_npmOperationalInternal":{"host":"s3://npm-registry-packages","tmp":"tmp/babel-helper-get-function-arity-7.0.0-alpha.10.tgz_1495739850393_0.6819378905929625"},"directories":{}},"7.0.0-alpha.11":{"name":"babel-helper-get-function-arity","version":"7.0.0-alpha.11","description":"Helper function to get function arity","repository":{"type":"git","url":"https://github.com/babel/babel/tree/master/packages/babel-helper-get-function-arity"},"license":"MIT","main":"lib/index.js","dependencies":{"babel-types":"7.0.0-alpha.11"},"_id":"babel-helper-get-function-arity@7.0.0-alpha.11","_npmVersion":"5.0.0","_nodeVersion":"6.9.0","_npmUser":{"name":"hzoo","email":"hi@henryzoo.com"},"dist":{"integrity":"sha512-ZWrU3ydH+ns9wA+6h/OaR/gcXQMKDU6ziRYbWxw0e6urb0vZ5lkv9pQqRGtPPHWBJty4cZRYW0DDSFNAnZAaJw==","shasum":"3900228c273cc33d58c455b7162afb5eefefbf97","tarball":"https://registry.npmjs.org/babel-helper-get-function-arity/-/babel-helper-get-function-arity-7.0.0-alpha.11.tgz"},"maintainers":[{"email":"sebmck@gmail.com","name":"sebmck"},{"email":"daniel@tschinder.de","name":"danez"},{"email":"hi@henryzoo.com","name":"hzoo"},{"email":"loganfsmyth@gmail.com","name":"loganfsmyth"}],"_npmOperationalInternal":{"host":"s3://npm-registry-packages","tmp":"tmp/babel-helper-get-function-arity-7.0.0-alpha.11.tgz_1496263425009_0.6243476471863687"},"directories":{}},"7.0.0-alpha.12":{"name":"babel-helper-get-function-arity","version":"7.0.0-alpha.12","description":"Helper function to get function arity","repository":{"type":"git","url":"https://github.com/babel/babel/tree/master/packages/babel-helper-get-function-arity"},"license":"MIT","main":"lib/index.js","dependencies":{"babel-types":"7.0.0-alpha.12"},"_id":"babel-helper-get-function-arity@7.0.0-alpha.12","_npmVersion":"5.0.0","_nodeVersion":"6.9.0","_npmUser":{"name":"hzoo","email":"hi@henryzoo.com"},"dist":{"integrity":"sha512-jRn6PxZakA3gsEj57F/JA5jWMpFd3WcosqyGM9lSIqqso506CxfdFg9e8N3OTEe9o1fmSr+UMryQ6iLuQ+Oeow==","shasum":"91f44a26eda18b0ab336cf0aa4e3127813798d3d","tarball":"https://registry.npmjs.org/babel-helper-get-function-arity/-/babel-helper-get-function-arity-7.0.0-alpha.12.tgz"},"maintainers":[{"email":"sebmck@gmail.com","name":"sebmck"},{"email":"daniel@tschinder.de","name":"danez"},{"email":"hi@henryzoo.com","name":"hzoo"},{"email":"loganfsmyth@gmail.com","name":"loganfsmyth"}],"_npmOperationalInternal":{"host":"s3://npm-registry-packages","tmp":"tmp/babel-helper-get-function-arity-7.0.0-alpha.12.tgz_1496265117014_0.17075734166428447"},"directories":{}},"7.0.0-alpha.14":{"name":"babel-helper-get-function-arity","version":"7.0.0-alpha.14","description":"Helper function to get function arity","repository":{"type":"git","url":"https://github.com/babel/babel/tree/master/packages/babel-helper-get-function-arity"},"license":"MIT","main":"lib/index.js","dependencies":{"babel-types":"7.0.0-alpha.14"},"_id":"babel-helper-get-function-arity@7.0.0-alpha.14","scripts":{},"_shasum":"5db2c11eff6a61a6a84ce9a93a3afb5800e3dbe8","_from":".","_npmVersion":"4.6.1","_nodeVersion":"6.9.0","_npmUser":{"name":"hzoo","email":"hi@henryzoo.com"},"dist":{"shasum":"5db2c11eff6a61a6a84ce9a93a3afb5800e3dbe8","tarball":"https://registry.npmjs.org/babel-helper-get-function-arity/-/babel-helper-get-function-arity-7.0.0-alpha.14.tgz"},"maintainers":[{"email":"sebmck@gmail.com","name":"sebmck"},{"email":"daniel@tschinder.de","name":"danez"},{"email":"hi@henryzoo.com","name":"hzoo"},{"email":"loganfsmyth@gmail.com","name":"loganfsmyth"}],"_npmOperationalInternal":{"host":"s3://npm-registry-packages","tmp":"tmp/babel-helper-get-function-arity-7.0.0-alpha.14.tgz_1499828020983_0.8416313300840557"},"directories":{}},"7.0.0-alpha.15":{"name":"babel-helper-get-function-arity","version":"7.0.0-alpha.15","description":"Helper function to get function arity","repository":{"type":"git","url":"https://github.com/babel/babel/tree/master/packages/babel-helper-get-function-arity"},"license":"MIT","main":"lib/index.js","dependencies":{"babel-types":"7.0.0-alpha.15"},"_id":"babel-helper-get-function-arity@7.0.0-alpha.15","scripts":{},"_shasum":"17e93206d0b625c3122f4c674478cbed53281f24","_from":".","_npmVersion":"4.6.1","_nodeVersion":"6.9.0","_npmUser":{"name":"hzoo","email":"hi@henryzoo.com"},"dist":{"shasum":"17e93206d0b625c3122f4c674478cbed53281f24","tarball":"https://registry.npmjs.org/babel-helper-get-function-arity/-/babel-helper-get-function-arity-7.0.0-alpha.15.tgz"},"maintainers":[{"email":"sebmck@gmail.com","name":"sebmck"},{"email":"daniel@tschinder.de","name":"danez"},{"email":"hi@henryzoo.com","name":"hzoo"},{"email":"loganfsmyth@gmail.com","name":"loganfsmyth"}],"_npmOperationalInternal":{"host":"s3://npm-registry-packages","tmp":"tmp/babel-helper-get-function-arity-7.0.0-alpha.15.tgz_1499830555966_0.6418737282510847"},"directories":{}},"7.0.0-alpha.16":{"name":"babel-helper-get-function-arity","version":"7.0.0-alpha.16","description":"Helper function to get function arity","repository":{"type":"git","url":"https://github.com/babel/babel/tree/master/packages/babel-helper-get-function-arity"},"license":"MIT","main":"lib/index.js","dependencies":{"babel-types":"7.0.0-alpha.16"},"_id":"babel-helper-get-function-arity@7.0.0-alpha.16","scripts":{},"_shasum":"7325736844ff120d4f27a2554eb02e87e387f67c","_from":".","_npmVersion":"4.6.1","_nodeVersion":"6.9.0","_npmUser":{"name":"hzoo","email":"hi@henryzoo.com"},"dist":{"shasum":"7325736844ff120d4f27a2554eb02e87e387f67c","tarball":"https://registry.npmjs.org/babel-helper-get-function-arity/-/babel-helper-get-function-arity-7.0.0-alpha.16.tgz"},"maintainers":[{"email":"sebmck@gmail.com","name":"sebmck"},{"email":"daniel@tschinder.de","name":"danez"},{"email":"hi@henryzoo.com","name":"hzoo"},{"email":"loganfsmyth@gmail.com","name":"loganfsmyth"}],"_npmOperationalInternal":{"host":"s3://npm-registry-packages","tmp":"tmp/babel-helper-get-function-arity-7.0.0-alpha.16.tgz_1501017469550_0.8936394890770316"},"directories":{}},"7.0.0-alpha.17":{"name":"babel-helper-get-function-arity","version":"7.0.0-alpha.17","description":"Helper function to get function arity","repository":{"type":"git","url":"https://github.com/babel/babel/tree/master/packages/babel-helper-get-function-arity"},"license":"MIT","main":"lib/index.js","dependencies":{"babel-types":"7.0.0-alpha.17"},"_id":"babel-helper-get-function-arity@7.0.0-alpha.17","scripts":{},"_shasum":"f9ee3be4b6e892235ee790a8849ada1f88eedcf1","_from":".","_npmVersion":"4.6.1","_nodeVersion":"6.9.0","_npmUser":{"name":"hzoo","email":"hi@henryzoo.com"},"dist":{"shasum":"f9ee3be4b6e892235ee790a8849ada1f88eedcf1","tarball":"https://registry.npmjs.org/babel-helper-get-function-arity/-/babel-helper-get-function-arity-7.0.0-alpha.17.tgz"},"maintainers":[{"email":"sebmck@gmail.com","name":"sebmck"},{"email":"daniel@tschinder.de","name":"danez"},{"email":"hi@henryzoo.com","name":"hzoo"},{"email":"loganfsmyth@gmail.com","name":"loganfsmyth"}],"_npmOperationalInternal":{"host":"s3://npm-registry-packages","tmp":"tmp/babel-helper-get-function-arity-7.0.0-alpha.17.tgz_1501072758564_0.7196141148451716"},"directories":{}},"7.0.0-alpha.18":{"name":"babel-helper-get-function-arity","version":"7.0.0-alpha.18","description":"Helper function to get function arity","repository":{"type":"git","url":"https://github.com/babel/babel/tree/master/packages/babel-helper-get-function-arity"},"license":"MIT","main":"lib/index.js","dependencies":{"babel-types":"7.0.0-alpha.18"},"_id":"babel-helper-get-function-arity@7.0.0-alpha.18","_npmVersion":"5.3.0","_nodeVersion":"8.1.4","_npmUser":{"name":"hzoo","email":"hi@henryzoo.com"},"dist":{"integrity":"sha512-CW+Dcy4NsK+hPntJnQtMEXhrdEVoo6MNbg2n8tA5igxMTfFZUl/1psonecWOJzsv9yVF8G/SByg5sFqBhLxBCQ==","shasum":"13af448b7893deb5ba4a4af62dae075337f6f5f7","tarball":"https://registry.npmjs.org/babel-helper-get-function-arity/-/babel-helper-get-function-arity-7.0.0-alpha.18.tgz"},"maintainers":[{"email":"me@thejameskyle.com","name":"thejameskyle"},{"email":"sebmck@gmail.com","name":"sebmck"},{"email":"daniel@tschinder.de","name":"danez"},{"email":"hi@henryzoo.com","name":"hzoo"},{"email":"loganfsmyth@gmail.com","name":"loganfsmyth"}],"_npmOperationalInternal":{"host":"s3://npm-registry-packages","tmp":"tmp/babel-helper-get-function-arity-7.0.0-alpha.18.tgz_1501798862638_0.8705217475071549"},"directories":{}},"7.0.0-alpha.19":{"name":"babel-helper-get-function-arity","version":"7.0.0-alpha.19","description":"Helper function to get function arity","repository":{"type":"git","url":"https://github.com/babel/babel/tree/master/packages/babel-helper-get-function-arity"},"license":"MIT","main":"lib/index.js","dependencies":{"babel-types":"7.0.0-alpha.19"},"_id":"babel-helper-get-function-arity@7.0.0-alpha.19","_npmVersion":"5.3.0","_nodeVersion":"8.1.4","_npmUser":{"name":"hzoo","email":"hi@henryzoo.com"},"dist":{"integrity":"sha512-j46M8BCNsllimyHR0uejSM70h0/P0DVOgm02ul+OQ3gurXhdQ1SFmD/VDabBPu6GTLR/UwdCB8olkzc64r3i5g==","shasum":"29088a3137935e393f09a329d9d7900360514e4e","tarball":"https://registry.npmjs.org/babel-helper-get-function-arity/-/babel-helper-get-function-arity-7.0.0-alpha.19.tgz"},"maintainers":[{"email":"me@thejameskyle.com","name":"thejameskyle"},{"email":"sebmck@gmail.com","name":"sebmck"},{"email":"daniel@tschinder.de","name":"danez"},{"email":"hi@henryzoo.com","name":"hzoo"},{"email":"loganfsmyth@gmail.com","name":"loganfsmyth"}],"_npmOperationalInternal":{"host":"s3://npm-registry-packages","tmp":"tmp/babel-helper-get-function-arity-7.0.0-alpha.19.tgz_1502144502101_0.9542543445713818"},"directories":{}},"7.0.0-alpha.20":{"name":"babel-helper-get-function-arity","version":"7.0.0-alpha.20","description":"Helper function to get function arity","repository":{"type":"git","url":"https://github.com/babel/babel/tree/master/packages/babel-helper-get-function-arity"},"license":"MIT","main":"lib/index.js","dependencies":{"babel-types":"7.0.0-alpha.20"},"_id":"babel-helper-get-function-arity@7.0.0-alpha.20","_npmVersion":"5.3.0","_nodeVersion":"8.1.4","_npmUser":{"name":"hzoo","email":"hi@henryzoo.com"},"dist":{"integrity":"sha512-tRgyMovksMGjlmtjrBNu2yOAokoPHujf8s9ERkqGLZV/qBCdv3JCQL7zmdWae4mzXx/UHnxSrPbsEat06FTvpA==","shasum":"4e8f598b2ab20e84634038c976ef5ee71c7d79cd","tarball":"https://registry.npmjs.org/babel-helper-get-function-arity/-/babel-helper-get-function-arity-7.0.0-alpha.20.tgz"},"maintainers":[{"email":"me@thejameskyle.com","name":"thejameskyle"},{"email":"sebmck@gmail.com","name":"sebmck"},{"email":"daniel@tschinder.de","name":"danez"},{"email":"hi@henryzoo.com","name":"hzoo"},{"email":"loganfsmyth@gmail.com","name":"loganfsmyth"}],"_npmOperationalInternal":{"host":"s3://npm-registry-packages","tmp":"tmp/babel-helper-get-function-arity-7.0.0-alpha.20.tgz_1504119816140_0.24305018223822117"},"directories":{}},"7.0.0-beta.0":{"name":"babel-helper-get-function-arity","version":"7.0.0-beta.0","description":"Helper function to get function arity","repository":{"type":"git","url":"https://github.com/babel/babel/tree/master/packages/babel-helper-get-function-arity"},"license":"MIT","main":"lib/index.js","dependencies":{"babel-types":"7.0.0-beta.0"},"_id":"babel-helper-get-function-arity@7.0.0-beta.0","_npmVersion":"5.3.0","_nodeVersion":"8.1.4","_npmUser":{"name":"hzoo","email":"hi@henryzoo.com"},"dist":{"integrity":"sha512-csqAic15/2Vm1951nJxkkL9K8E6ojyNF/eAOjk7pqJlO8kvgrccGNFCV9eDwcGHDPe5AjvJGwVSAcQ5fit9wuA==","shasum":"9d1ab7213bb5efe1ef1638a8ea1489969b5a8b6e","tarball":"https://registry.npmjs.org/babel-helper-get-function-arity/-/babel-helper-get-function-arity-7.0.0-beta.0.tgz"},"maintainers":[{"email":"me@thejameskyle.com","name":"thejameskyle"},{"email":"sebmck@gmail.com","name":"sebmck"},{"email":"daniel@tschinder.de","name":"danez"},{"email":"hi@henryzoo.com","name":"hzoo"},{"email":"loganfsmyth@gmail.com","name":"loganfsmyth"}],"_npmOperationalInternal":{"host":"s3://npm-registry-packages","tmp":"tmp/babel-helper-get-function-arity-7.0.0-beta.0.tgz_1505185340637_0.8025726277846843"},"directories":{}},"7.0.0-beta.1":{"name":"babel-helper-get-function-arity","version":"7.0.0-beta.1","description":"Helper function to get function arity","repository":{"type":"git","url":"https://github.com/babel/babel/tree/master/packages/babel-helper-get-function-arity"},"license":"MIT","main":"lib/index.js","dependencies":{"babel-types":"7.0.0-beta.1"},"_id":"babel-helper-get-function-arity@7.0.0-beta.1","_npmVersion":"5.4.1","_nodeVersion":"8.1.4","_npmUser":{"name":"hzoo","email":"hi@henryzoo.com"},"dist":{"integrity":"sha512-czMTyUd7SagIKaP9waGtPjO51DqENgeWkAFr068gpGTfwS6Frst4siPbhki7YND+os3zBHeNWHy79jtqE/yW8A==","shasum":"15558bd1c894317787c16d3c0ab648944f5b1333","tarball":"https://registry.npmjs.org/babel-helper-get-function-arity/-/babel-helper-get-function-arity-7.0.0-beta.1.tgz"},"maintainers":[{"email":"me@thejameskyle.com","name":"thejameskyle"},{"email":"sebmck@gmail.com","name":"sebmck"},{"email":"daniel@tschinder.de","name":"danez"},{"email":"hi@henryzoo.com","name":"hzoo"},{"email":"loganfsmyth@gmail.com","name":"loganfsmyth"}],"_npmOperationalInternal":{"host":"s3://npm-registry-packages","tmp":"tmp/babel-helper-get-function-arity-7.0.0-beta.1.tgz_1505851795128_0.8058876462746412"},"directories":{}},"7.0.0-beta.2":{"name":"babel-helper-get-function-arity","version":"7.0.0-beta.2","description":"Helper function to get function arity","repository":{"type":"git","url":"https://github.com/babel/babel/tree/master/packages/babel-helper-get-function-arity"},"license":"MIT","main":"lib/index.js","dependencies":{"babel-types":"7.0.0-beta.2"},"_id":"babel-helper-get-function-arity@7.0.0-beta.2","_npmVersion":"5.4.1","_nodeVersion":"8.1.4","_npmUser":{"name":"hzoo","email":"hi@henryzoo.com"},"dist":{"integrity":"sha512-E1+paLh2u+uh2AsV7cq/9HXSIY4cOKu6LgDBvvVkymeVXtROz0xGmroDA+64O/F1yWNoAF5An4oZMMfYvCK6SQ==","shasum":"65df223685018f8f7e199f6b8f2ccc3cb9079d84","tarball":"https://registry.npmjs.org/babel-helper-get-function-arity/-/babel-helper-get-function-arity-7.0.0-beta.2.tgz"},"maintainers":[{"email":"bng412@gmail.com","name":"existentialism"},{"email":"me@thejameskyle.com","name":"thejameskyle"},{"email":"sebmck@gmail.com","name":"sebmck"},{"email":"daniel@tschinder.de","name":"danez"},{"email":"hi@henryzoo.com","name":"hzoo"},{"email":"loganfsmyth@gmail.com","name":"loganfsmyth"}],"_npmOperationalInternal":{"host":"s3://npm-registry-packages","tmp":"tmp/babel-helper-get-function-arity-7.0.0-beta.2.tgz_1506438919275_0.36481909081339836"},"directories":{}},"7.0.0-beta.3":{"name":"babel-helper-get-function-arity","version":"7.0.0-beta.3","description":"Helper function to get function arity","repository":{"type":"git","url":"https://github.com/babel/babel/tree/master/packages/babel-helper-get-function-arity"},"license":"MIT","main":"lib/index.js","dependencies":{"babel-types":"7.0.0-beta.3"},"_id":"babel-helper-get-function-arity@7.0.0-beta.3","_npmVersion":"5.5.1","_nodeVersion":"8.1.4","_npmUser":{"name":"hzoo","email":"hi@henryzoo.com"},"dist":{"integrity":"sha512-ZkYFRMWKx1c9fUW72YNM3eieBG701CMbLjmLLWmJTTPc0F0kddS9Fwok26EAmndUAgD6kFdh7ms3PH94MdGuGQ==","shasum":"61a47709318a31bc2db872f4be9b4c8447198be8","tarball":"https://registry.npmjs.org/babel-helper-get-function-arity/-/babel-helper-get-function-arity-7.0.0-beta.3.tgz"},"maintainers":[{"email":"bng412@gmail.com","name":"existentialism"},{"email":"me@thejameskyle.com","name":"thejameskyle"},{"email":"sebmck@gmail.com","name":"sebmck"},{"email":"daniel@tschinder.de","name":"danez"},{"email":"hi@henryzoo.com","name":"hzoo"},{"email":"loganfsmyth@gmail.com","name":"loganfsmyth"}],"_npmOperationalInternal":{"host":"s3://npm-registry-packages","tmp":"tmp/babel-helper-get-function-arity-7.0.0-beta.3.tgz_1508073104364_0.6067792545072734"},"directories":{}}},"readme":"# babel-helper-get-function-arity\n\n## Usage\n\nTODO\n","maintainers":[{"email":"bng412@gmail.com","name":"existentialism"},{"email":"me@thejameskyle.com","name":"thejameskyle"},{"email":"sebmck@gmail.com","name":"sebmck"},{"email":"daniel@tschinder.de","name":"danez"},{"email":"hi@henryzoo.com","name":"hzoo"},{"email":"loganfsmyth@gmail.com","name":"loganfsmyth"}],"time":{"modified":"2017-10-15T13:11:49.404Z","created":"2015-10-29T17:55:02.439Z","6.0.0":"2015-10-29T17:55:02.439Z","6.0.2":"2015-10-29T18:09:14.748Z","6.0.14":"2015-10-30T23:33:09.912Z","6.0.15":"2015-11-01T22:08:57.806Z","6.1.5":"2015-11-12T06:50:35.714Z","6.1.6":"2015-11-12T07:33:49.889Z","6.1.7":"2015-11-12T07:38:15.501Z","6.1.8":"2015-11-12T07:41:20.241Z","6.1.9":"2015-11-12T07:47:05.245Z","6.1.10":"2015-11-12T07:53:42.593Z","6.1.12":"2015-11-12T08:48:53.209Z","6.1.13":"2015-11-12T19:58:32.393Z","6.1.16":"2015-11-12T21:34:08.037Z","6.1.17":"2015-11-12T21:41:08.273Z","6.1.18":"2015-11-12T21:47:22.073Z","6.2.0":"2015-11-19T04:34:12.046Z","6.2.4":"2015-11-25T03:13:05.810Z","6.3.13":"2015-12-04T11:58:34.169Z","6.5.0":"2016-02-07T00:06:59.894Z","6.5.0-1":"2016-02-07T02:39:47.118Z","6.6.4":"2016-03-02T21:29:33.138Z","6.6.5":"2016-03-04T23:16:38.104Z","6.8.0":"2016-05-02T23:44:05.508Z","6.18.0":"2016-10-24T21:18:49.226Z","6.22.0":"2017-01-20T00:33:34.016Z","7.0.0-alpha.1":"2017-03-02T21:05:20.771Z","7.0.0-alpha.3":"2017-03-23T19:49:25.800Z","7.0.0-alpha.7":"2017-04-05T21:14:00.508Z","6.24.1":"2017-04-07T15:19:07.085Z","7.0.0-alpha.9":"2017-04-18T14:41:59.441Z","7.0.0-alpha.10":"2017-05-25T19:17:31.317Z","7.0.0-alpha.11":"2017-05-31T20:43:45.517Z","7.0.0-alpha.12":"2017-05-31T21:11:57.169Z","7.0.0-alpha.14":"2017-07-12T02:53:41.929Z","7.0.0-alpha.15":"2017-07-12T03:35:56.971Z","7.0.0-alpha.16":"2017-07-25T21:17:50.466Z","7.0.0-alpha.17":"2017-07-26T12:39:20.546Z","7.0.0-alpha.18":"2017-08-03T22:21:02.749Z","7.0.0-alpha.19":"2017-08-07T22:21:42.184Z","7.0.0-alpha.20":"2017-08-30T19:03:36.252Z","7.0.0-beta.0":"2017-09-12T03:02:21.639Z","7.0.0-beta.1":"2017-09-19T20:09:55.324Z","7.0.0-beta.2":"2017-09-26T15:15:20.165Z","7.0.0-beta.3":"2017-10-15T13:11:49.404Z"},"repository":{"type":"git","url":"https://github.com/babel/babel/tree/master/packages/babel-helper-get-function-arity"},"license":"MIT","readmeFilename":"README.md","users":{"marcellodesales":true,"jp-intuit":true},"_attachments":{},"_etag":"W/\"850e65c523e591e86fa5023f7d052313\"","_lastModified":"Sat, 26 May 2018 17:55:15 GMT"}