{"_id":"babel-plugin-syntax-async-functions","_rev":"63-a2ea78e507907665eddce114839abce3","name":"babel-plugin-syntax-async-functions","description":"Allow parsing of async functions","dist-tags":{"latest":"6.13.0","next":"7.0.0-beta.0"},"versions":{"6.0.2":{"name":"babel-plugin-syntax-async-functions","version":"6.0.2","description":"Allow parsing of async functions","repository":{"type":"git","url":"git+https://github.com/babel/babel.git"},"license":"MIT","main":"lib/index.js","keywords":["babel-plugin"],"dependencies":{"babel-runtime":"^6.0.2"},"bugs":{"url":"https://github.com/babel/babel/issues"},"homepage":"https://github.com/babel/babel#readme","_id":"babel-plugin-syntax-async-functions@6.0.2","scripts":{},"_shasum":"4f3b508805f3c59a51b0f08cdf43ddbfebc11f08","_from":".","_npmVersion":"2.14.3","_nodeVersion":"4.1.0","_npmUser":{"name":"sebmck","email":"sebmck@gmail.com"},"dist":{"shasum":"4f3b508805f3c59a51b0f08cdf43ddbfebc11f08","tarball":"https://registry.npmjs.org/babel-plugin-syntax-async-functions/-/babel-plugin-syntax-async-functions-6.0.2.tgz"},"maintainers":[{"name":"sebmck","email":"sebmck@gmail.com"}],"directories":{}},"6.0.14":{"name":"babel-plugin-syntax-async-functions","version":"6.0.14","description":"Allow parsing of async functions","repository":{"type":"git","url":"https://github.com/babel/babel/tree/master/packages/babel-plugin-syntax-async-functions"},"license":"MIT","main":"lib/index.js","keywords":["babel-plugin"],"dependencies":{"babel-runtime":"^5.0.0"},"_id":"babel-plugin-syntax-async-functions@6.0.14","scripts":{},"_shasum":"47c9856e0d9e56636d54de460a7ae7fce8c64ee3","_from":".","_npmVersion":"2.14.9","_nodeVersion":"4.1.0","_npmUser":{"name":"sebmck","email":"sebmck@gmail.com"},"dist":{"shasum":"47c9856e0d9e56636d54de460a7ae7fce8c64ee3","tarball":"https://registry.npmjs.org/babel-plugin-syntax-async-functions/-/babel-plugin-syntax-async-functions-6.0.14.tgz"},"maintainers":[{"name":"sebmck","email":"sebmck@gmail.com"}],"directories":{}},"6.1.4":{"name":"babel-plugin-syntax-async-functions","version":"6.1.4","description":"Allow parsing of async functions","repository":{"type":"git","url":"https://github.com/babel/babel/tree/master/packages/babel-plugin-syntax-async-functions"},"license":"MIT","main":"lib/index.js","keywords":["babel-plugin"],"dependencies":{"babel-runtime":"^5.0.0"},"devDependencies":{"babel-helper-plugin-test-runner":"^6.1.4"},"_id":"babel-plugin-syntax-async-functions@6.1.4","scripts":{},"_shasum":"14964cab231f9557949e399550a67762d2386b00","_from":".","_npmVersion":"3.3.10","_nodeVersion":"4.1.0","_npmUser":{"name":"sebmck","email":"sebmck@gmail.com"},"dist":{"shasum":"14964cab231f9557949e399550a67762d2386b00","tarball":"https://registry.npmjs.org/babel-plugin-syntax-async-functions/-/babel-plugin-syntax-async-functions-6.1.4.tgz"},"maintainers":[{"name":"sebmck","email":"sebmck@gmail.com"}],"directories":{}},"6.1.5":{"name":"babel-plugin-syntax-async-functions","version":"6.1.5","description":"Allow parsing of async functions","repository":{"type":"git","url":"https://github.com/babel/babel/tree/master/packages/babel-plugin-syntax-async-functions"},"license":"MIT","main":"lib/index.js","keywords":["babel-plugin"],"dependencies":{"babel-runtime":"^5.0.0"},"devDependencies":{"babel-helper-plugin-test-runner":"^6.1.5"},"_id":"babel-plugin-syntax-async-functions@6.1.5","scripts":{},"_shasum":"442164b1b0731d85add1c70f5b07bcfad277caaa","_from":".","_npmVersion":"3.3.10","_nodeVersion":"4.1.0","_npmUser":{"name":"sebmck","email":"sebmck@gmail.com"},"dist":{"shasum":"442164b1b0731d85add1c70f5b07bcfad277caaa","tarball":"https://registry.npmjs.org/babel-plugin-syntax-async-functions/-/babel-plugin-syntax-async-functions-6.1.5.tgz"},"maintainers":[{"name":"sebmck","email":"sebmck@gmail.com"}],"directories":{}},"6.1.6":{"name":"babel-plugin-syntax-async-functions","version":"6.1.6","description":"Allow parsing of async functions","repository":{"type":"git","url":"https://github.com/babel/babel/tree/master/packages/babel-plugin-syntax-async-functions"},"license":"MIT","main":"lib/index.js","keywords":["babel-plugin"],"dependencies":{"babel-runtime":"^5.0.0"},"devDependencies":{"babel-helper-plugin-test-runner":"^6.1.6"},"_id":"babel-plugin-syntax-async-functions@6.1.6","scripts":{},"_shasum":"e07553d0cf88d342aa4fffeae459f675b1857fc3","_from":".","_npmVersion":"3.3.10","_nodeVersion":"4.1.0","_npmUser":{"name":"sebmck","email":"sebmck@gmail.com"},"dist":{"shasum":"e07553d0cf88d342aa4fffeae459f675b1857fc3","tarball":"https://registry.npmjs.org/babel-plugin-syntax-async-functions/-/babel-plugin-syntax-async-functions-6.1.6.tgz"},"maintainers":[{"name":"amasad","email":"amjad.masad@gmail.com"},{"name":"sebmck","email":"sebmck@gmail.com"},{"name":"thejameskyle","email":"me@thejameskyle.com"}],"directories":{}},"6.1.7":{"name":"babel-plugin-syntax-async-functions","version":"6.1.7","description":"Allow parsing of async functions","repository":{"type":"git","url":"https://github.com/babel/babel/tree/master/packages/babel-plugin-syntax-async-functions"},"license":"MIT","main":"lib/index.js","keywords":["babel-plugin"],"dependencies":{"babel-runtime":"^5.0.0"},"devDependencies":{"babel-helper-plugin-test-runner":"^6.1.7"},"_id":"babel-plugin-syntax-async-functions@6.1.7","scripts":{},"_shasum":"7e91102426b223f9b0ddf5fbf65e7d224cdef9e0","_from":".","_npmVersion":"3.3.10","_nodeVersion":"4.1.0","_npmUser":{"name":"sebmck","email":"sebmck@gmail.com"},"dist":{"shasum":"7e91102426b223f9b0ddf5fbf65e7d224cdef9e0","tarball":"https://registry.npmjs.org/babel-plugin-syntax-async-functions/-/babel-plugin-syntax-async-functions-6.1.7.tgz"},"maintainers":[{"name":"amasad","email":"amjad.masad@gmail.com"},{"name":"sebmck","email":"sebmck@gmail.com"},{"name":"thejameskyle","email":"me@thejameskyle.com"}],"directories":{}},"6.1.8":{"name":"babel-plugin-syntax-async-functions","version":"6.1.8","description":"Allow parsing of async functions","repository":{"type":"git","url":"https://github.com/babel/babel/tree/master/packages/babel-plugin-syntax-async-functions"},"license":"MIT","main":"lib/index.js","keywords":["babel-plugin"],"dependencies":{"babel-runtime":"^5.0.0"},"devDependencies":{"babel-helper-plugin-test-runner":"^6.1.8"},"_id":"babel-plugin-syntax-async-functions@6.1.8","scripts":{},"_shasum":"b151e96e4cdc9b389dcc368f78d9e85662699935","_from":".","_npmVersion":"3.3.10","_nodeVersion":"4.1.0","_npmUser":{"name":"sebmck","email":"sebmck@gmail.com"},"dist":{"shasum":"b151e96e4cdc9b389dcc368f78d9e85662699935","tarball":"https://registry.npmjs.org/babel-plugin-syntax-async-functions/-/babel-plugin-syntax-async-functions-6.1.8.tgz"},"maintainers":[{"name":"amasad","email":"amjad.masad@gmail.com"},{"name":"sebmck","email":"sebmck@gmail.com"},{"name":"thejameskyle","email":"me@thejameskyle.com"}],"directories":{}},"6.1.9":{"name":"babel-plugin-syntax-async-functions","version":"6.1.9","description":"Allow parsing of async functions","repository":{"type":"git","url":"https://github.com/babel/babel/tree/master/packages/babel-plugin-syntax-async-functions"},"license":"MIT","main":"lib/index.js","keywords":["babel-plugin"],"dependencies":{"babel-runtime":"^5.0.0"},"devDependencies":{"babel-helper-plugin-test-runner":"^6.1.9"},"_id":"babel-plugin-syntax-async-functions@6.1.9","scripts":{},"_shasum":"d1206013ebd453b458a9eb575fcf2e80c9974e15","_from":".","_npmVersion":"3.3.10","_nodeVersion":"4.1.0","_npmUser":{"name":"sebmck","email":"sebmck@gmail.com"},"dist":{"shasum":"d1206013ebd453b458a9eb575fcf2e80c9974e15","tarball":"https://registry.npmjs.org/babel-plugin-syntax-async-functions/-/babel-plugin-syntax-async-functions-6.1.9.tgz"},"maintainers":[{"name":"amasad","email":"amjad.masad@gmail.com"},{"name":"sebmck","email":"sebmck@gmail.com"},{"name":"thejameskyle","email":"me@thejameskyle.com"}],"directories":{}},"6.1.10":{"name":"babel-plugin-syntax-async-functions","version":"6.1.10","description":"Allow parsing of async functions","repository":{"type":"git","url":"https://github.com/babel/babel/tree/master/packages/babel-plugin-syntax-async-functions"},"license":"MIT","main":"lib/index.js","keywords":["babel-plugin"],"dependencies":{"babel-runtime":"^5.0.0"},"devDependencies":{"babel-helper-plugin-test-runner":"^6.1.10"},"_id":"babel-plugin-syntax-async-functions@6.1.10","scripts":{},"_shasum":"22d88dfeda8e728291933dbec254001760c99c46","_from":".","_npmVersion":"3.3.10","_nodeVersion":"4.1.0","_npmUser":{"name":"sebmck","email":"sebmck@gmail.com"},"dist":{"shasum":"22d88dfeda8e728291933dbec254001760c99c46","tarball":"https://registry.npmjs.org/babel-plugin-syntax-async-functions/-/babel-plugin-syntax-async-functions-6.1.10.tgz"},"maintainers":[{"name":"amasad","email":"amjad.masad@gmail.com"},{"name":"sebmck","email":"sebmck@gmail.com"},{"name":"thejameskyle","email":"me@thejameskyle.com"}],"directories":{}},"6.1.12":{"name":"babel-plugin-syntax-async-functions","version":"6.1.12","description":"Allow parsing of async functions","repository":{"type":"git","url":"https://github.com/babel/babel/tree/master/packages/babel-plugin-syntax-async-functions"},"license":"MIT","main":"lib/index.js","keywords":["babel-plugin"],"dependencies":{"babel-runtime":"^5.0.0"},"devDependencies":{"babel-helper-plugin-test-runner":"^6.1.12"},"_id":"babel-plugin-syntax-async-functions@6.1.12","scripts":{},"_shasum":"7eabd8ca41c96ba563bc31d7f7fd3e7d60ee9cb7","_from":".","_npmVersion":"3.3.10","_nodeVersion":"4.1.0","_npmUser":{"name":"sebmck","email":"sebmck@gmail.com"},"dist":{"shasum":"7eabd8ca41c96ba563bc31d7f7fd3e7d60ee9cb7","tarball":"https://registry.npmjs.org/babel-plugin-syntax-async-functions/-/babel-plugin-syntax-async-functions-6.1.12.tgz"},"maintainers":[{"name":"amasad","email":"amjad.masad@gmail.com"},{"name":"sebmck","email":"sebmck@gmail.com"},{"name":"thejameskyle","email":"me@thejameskyle.com"}],"directories":{}},"6.1.13":{"name":"babel-plugin-syntax-async-functions","version":"6.1.13","description":"Allow parsing of async functions","repository":{"type":"git","url":"https://github.com/babel/babel/tree/master/packages/babel-plugin-syntax-async-functions"},"license":"MIT","main":"lib/index.js","keywords":["babel-plugin"],"dependencies":{"babel-runtime":"^5.0.0"},"devDependencies":{"babel-helper-plugin-test-runner":"^6.1.13"},"_id":"babel-plugin-syntax-async-functions@6.1.13","scripts":{},"_shasum":"e3f7dbd40313ed6d52debe42ce9975624bbe6c2c","_from":".","_npmVersion":"3.3.10","_nodeVersion":"4.1.0","_npmUser":{"name":"sebmck","email":"sebmck@gmail.com"},"dist":{"shasum":"e3f7dbd40313ed6d52debe42ce9975624bbe6c2c","tarball":"https://registry.npmjs.org/babel-plugin-syntax-async-functions/-/babel-plugin-syntax-async-functions-6.1.13.tgz"},"maintainers":[{"name":"amasad","email":"amjad.masad@gmail.com"},{"name":"sebmck","email":"sebmck@gmail.com"},{"name":"thejameskyle","email":"me@thejameskyle.com"}],"directories":{}},"6.1.16":{"name":"babel-plugin-syntax-async-functions","version":"6.1.16","description":"Allow parsing of async functions","repository":{"type":"git","url":"https://github.com/babel/babel/tree/master/packages/babel-plugin-syntax-async-functions"},"license":"MIT","main":"lib/index.js","keywords":["babel-plugin"],"dependencies":{"babel-runtime":"^5.0.0"},"devDependencies":{"babel-helper-plugin-test-runner":"^6.1.16"},"_id":"babel-plugin-syntax-async-functions@6.1.16","scripts":{},"_shasum":"67106fc2b3c3037f6d658a0ba5b60ad029575199","_from":".","_npmVersion":"3.3.10","_nodeVersion":"4.1.0","_npmUser":{"name":"sebmck","email":"sebmck@gmail.com"},"dist":{"shasum":"67106fc2b3c3037f6d658a0ba5b60ad029575199","tarball":"https://registry.npmjs.org/babel-plugin-syntax-async-functions/-/babel-plugin-syntax-async-functions-6.1.16.tgz"},"maintainers":[{"name":"amasad","email":"amjad.masad@gmail.com"},{"name":"sebmck","email":"sebmck@gmail.com"},{"name":"thejameskyle","email":"me@thejameskyle.com"}],"directories":{}},"6.1.17":{"name":"babel-plugin-syntax-async-functions","version":"6.1.17","description":"Allow parsing of async functions","repository":{"type":"git","url":"https://github.com/babel/babel/tree/master/packages/babel-plugin-syntax-async-functions"},"license":"MIT","main":"lib/index.js","keywords":["babel-plugin"],"dependencies":{"babel-runtime":"^5.0.0"},"devDependencies":{"babel-helper-plugin-test-runner":"^6.1.17"},"_id":"babel-plugin-syntax-async-functions@6.1.17","scripts":{},"_shasum":"c782939032a9557fa5b255d82439a33acf863a69","_from":".","_npmVersion":"3.3.10","_nodeVersion":"4.1.0","_npmUser":{"name":"sebmck","email":"sebmck@gmail.com"},"dist":{"shasum":"c782939032a9557fa5b255d82439a33acf863a69","tarball":"https://registry.npmjs.org/babel-plugin-syntax-async-functions/-/babel-plugin-syntax-async-functions-6.1.17.tgz"},"maintainers":[{"name":"amasad","email":"amjad.masad@gmail.com"},{"name":"sebmck","email":"sebmck@gmail.com"},{"name":"thejameskyle","email":"me@thejameskyle.com"}],"directories":{}},"6.1.18":{"name":"babel-plugin-syntax-async-functions","version":"6.1.18","description":"Allow parsing of async functions","repository":{"type":"git","url":"https://github.com/babel/babel/tree/master/packages/babel-plugin-syntax-async-functions"},"license":"MIT","main":"lib/index.js","keywords":["babel-plugin"],"dependencies":{"babel-runtime":"^5.0.0"},"devDependencies":{"babel-helper-plugin-test-runner":"^6.1.18"},"_id":"babel-plugin-syntax-async-functions@6.1.18","scripts":{},"_shasum":"c7b693360686b10b42ffc13825169f7483181aec","_from":".","_npmVersion":"3.3.10","_nodeVersion":"4.1.0","_npmUser":{"name":"sebmck","email":"sebmck@gmail.com"},"dist":{"shasum":"c7b693360686b10b42ffc13825169f7483181aec","tarball":"https://registry.npmjs.org/babel-plugin-syntax-async-functions/-/babel-plugin-syntax-async-functions-6.1.18.tgz"},"maintainers":[{"name":"amasad","email":"amjad.masad@gmail.com"},{"name":"sebmck","email":"sebmck@gmail.com"},{"name":"thejameskyle","email":"me@thejameskyle.com"}],"directories":{}},"6.2.4":{"name":"babel-plugin-syntax-async-functions","version":"6.2.4","description":"Allow parsing of async functions","repository":{"type":"git","url":"https://github.com/babel/babel/tree/master/packages/babel-plugin-syntax-async-functions"},"license":"MIT","main":"lib/index.js","keywords":["babel-plugin"],"dependencies":{"babel-runtime":"^5.0.0"},"devDependencies":{"babel-helper-plugin-test-runner":"^6.2.4"},"_id":"babel-plugin-syntax-async-functions@6.2.4","scripts":{},"_shasum":"f31dec4361d7b45a28ee7a51d39168f280f7e389","_from":".","_npmVersion":"3.3.10","_nodeVersion":"4.1.0","_npmUser":{"name":"sebmck","email":"sebmck@gmail.com"},"dist":{"shasum":"f31dec4361d7b45a28ee7a51d39168f280f7e389","tarball":"https://registry.npmjs.org/babel-plugin-syntax-async-functions/-/babel-plugin-syntax-async-functions-6.2.4.tgz"},"maintainers":[{"name":"amasad","email":"amjad.masad@gmail.com"},{"name":"sebmck","email":"sebmck@gmail.com"},{"name":"thejameskyle","email":"me@thejameskyle.com"}],"directories":{}},"6.3.13":{"name":"babel-plugin-syntax-async-functions","version":"6.3.13","description":"Allow parsing of async functions","repository":{"type":"git","url":"https://github.com/babel/babel/tree/master/packages/babel-plugin-syntax-async-functions"},"license":"MIT","main":"lib/index.js","keywords":["babel-plugin"],"dependencies":{"babel-runtime":"^5.0.0"},"devDependencies":{"babel-helper-plugin-test-runner":"^6.3.13"},"_id":"babel-plugin-syntax-async-functions@6.3.13","scripts":{},"_shasum":"4f37fc51e33873769a7cee468761ea31244c708e","_from":".","_npmVersion":"3.3.10","_nodeVersion":"4.1.0","_npmUser":{"name":"sebmck","email":"sebmck@gmail.com"},"dist":{"shasum":"4f37fc51e33873769a7cee468761ea31244c708e","tarball":"https://registry.npmjs.org/babel-plugin-syntax-async-functions/-/babel-plugin-syntax-async-functions-6.3.13.tgz"},"maintainers":[{"name":"amasad","email":"amjad.masad@gmail.com"},{"name":"hzoo","email":"hi@henryzoo.com"},{"name":"jmm","email":"npm-public@jessemccarthy.net"},{"name":"loganfsmyth","email":"loganfsmyth@gmail.com"},{"name":"sebmck","email":"sebmck@gmail.com"},{"name":"thejameskyle","email":"me@thejameskyle.com"}],"directories":{}},"6.5.0":{"name":"babel-plugin-syntax-async-functions","version":"6.5.0","description":"Allow parsing of async functions","repository":{"type":"git","url":"https://github.com/babel/babel/tree/master/packages/babel-plugin-syntax-async-functions"},"license":"MIT","main":"lib/index.js","keywords":["babel-plugin"],"dependencies":{"babel-runtime":"^5.0.0"},"devDependencies":{"babel-helper-plugin-test-runner":"^6.3.13"},"_id":"babel-plugin-syntax-async-functions@6.5.0","scripts":{},"_shasum":"90a5ce81d450f3cba176db5f7412a5c5d80727c0","_from":".","_npmVersion":"3.6.0","_nodeVersion":"5.1.0","_npmUser":{"name":"hzoo","email":"hi@henryzoo.com"},"dist":{"shasum":"90a5ce81d450f3cba176db5f7412a5c5d80727c0","tarball":"https://registry.npmjs.org/babel-plugin-syntax-async-functions/-/babel-plugin-syntax-async-functions-6.5.0.tgz"},"maintainers":[{"name":"amasad","email":"amjad.masad@gmail.com"},{"name":"hzoo","email":"hi@henryzoo.com"},{"name":"jmm","email":"npm-public@jessemccarthy.net"},{"name":"loganfsmyth","email":"loganfsmyth@gmail.com"},{"name":"sebmck","email":"sebmck@gmail.com"},{"name":"thejameskyle","email":"me@thejameskyle.com"}],"_npmOperationalInternal":{"host":"packages-5-east.internal.npmjs.com","tmp":"tmp/babel-plugin-syntax-async-functions-6.5.0.tgz_1454803629430_0.007293506525456905"},"directories":{}},"6.5.0-1":{"name":"babel-plugin-syntax-async-functions","version":"6.5.0-1","description":"Allow parsing of async functions","repository":{"type":"git","url":"https://github.com/babel/babel/tree/master/packages/babel-plugin-syntax-async-functions"},"license":"MIT","main":"lib/index.js","keywords":["babel-plugin"],"dependencies":{"babel-runtime":"^5.0.0"},"devDependencies":{"babel-helper-plugin-test-runner":"^6.5.0-1"},"_id":"babel-plugin-syntax-async-functions@6.5.0-1","scripts":{},"_shasum":"9b24532d546225f3e4a46ca8aa914f8ce4530a8b","_from":".","_npmVersion":"3.6.0","_nodeVersion":"5.1.0","_npmUser":{"name":"hzoo","email":"hi@henryzoo.com"},"dist":{"shasum":"9b24532d546225f3e4a46ca8aa914f8ce4530a8b","tarball":"https://registry.npmjs.org/babel-plugin-syntax-async-functions/-/babel-plugin-syntax-async-functions-6.5.0-1.tgz"},"maintainers":[{"name":"amasad","email":"amjad.masad@gmail.com"},{"name":"hzoo","email":"hi@henryzoo.com"},{"name":"jmm","email":"npm-public@jessemccarthy.net"},{"name":"loganfsmyth","email":"loganfsmyth@gmail.com"},{"name":"sebmck","email":"sebmck@gmail.com"},{"name":"thejameskyle","email":"me@thejameskyle.com"}],"_npmOperationalInternal":{"host":"packages-9-west.internal.npmjs.com","tmp":"tmp/babel-plugin-syntax-async-functions-6.5.0-1.tgz_1454812796069_0.5671262468677014"},"directories":{}},"6.8.0":{"name":"babel-plugin-syntax-async-functions","version":"6.8.0","description":"Allow parsing of async functions","repository":{"type":"git","url":"https://github.com/babel/babel/tree/master/packages/babel-plugin-syntax-async-functions"},"license":"MIT","main":"lib/index.js","keywords":["babel-plugin"],"dependencies":{"babel-runtime":"^6.0.0"},"devDependencies":{"babel-helper-plugin-test-runner":"^6.8.0"},"_id":"babel-plugin-syntax-async-functions@6.8.0","scripts":{},"_shasum":"d872ca350863355b7842ab47c8094aff12dbebc8","_from":".","_npmVersion":"3.8.6","_nodeVersion":"5.1.0","_npmUser":{"name":"hzoo","email":"hi@henryzoo.com"},"maintainers":[{"name":"amasad","email":"amjad.masad@gmail.com"},{"name":"hzoo","email":"hi@henryzoo.com"},{"name":"jmm","email":"npm-public@jessemccarthy.net"},{"name":"loganfsmyth","email":"loganfsmyth@gmail.com"},{"name":"sebmck","email":"sebmck@gmail.com"},{"name":"thejameskyle","email":"me@thejameskyle.com"}],"dist":{"shasum":"d872ca350863355b7842ab47c8094aff12dbebc8","tarball":"https://registry.npmjs.org/babel-plugin-syntax-async-functions/-/babel-plugin-syntax-async-functions-6.8.0.tgz"},"_npmOperationalInternal":{"host":"packages-12-west.internal.npmjs.com","tmp":"tmp/babel-plugin-syntax-async-functions-6.8.0.tgz_1462232653642_0.6098540455568582"},"directories":{}},"6.13.0":{"name":"babel-plugin-syntax-async-functions","version":"6.13.0","description":"Allow parsing of async functions","repository":{"type":"git","url":"https://github.com/babel/babel/tree/master/packages/babel-plugin-syntax-async-functions"},"license":"MIT","main":"lib/index.js","keywords":["babel-plugin"],"dependencies":{},"devDependencies":{},"_id":"babel-plugin-syntax-async-functions@6.13.0","scripts":{},"_shasum":"cad9cad1191b5ad634bf30ae0872391e0647be95","_from":".","_npmVersion":"3.10.3","_nodeVersion":"5.11.1","_npmUser":{"name":"hzoo","email":"hi@henryzoo.com"},"dist":{"shasum":"cad9cad1191b5ad634bf30ae0872391e0647be95","tarball":"https://registry.npmjs.org/babel-plugin-syntax-async-functions/-/babel-plugin-syntax-async-functions-6.13.0.tgz"},"maintainers":[{"name":"amasad","email":"amjad.masad@gmail.com"},{"name":"hzoo","email":"hi@henryzoo.com"},{"name":"jmm","email":"npm-public@jessemccarthy.net"},{"name":"loganfsmyth","email":"loganfsmyth@gmail.com"},{"name":"sebmck","email":"sebmck@gmail.com"},{"name":"thejameskyle","email":"me@thejameskyle.com"}],"_npmOperationalInternal":{"host":"packages-12-west.internal.npmjs.com","tmp":"tmp/babel-plugin-syntax-async-functions-6.13.0.tgz_1470353692618_0.4568883990868926"},"directories":{}},"7.0.0-alpha.1":{"name":"babel-plugin-syntax-async-functions","version":"7.0.0-alpha.1","description":"Allow parsing of async functions","repository":{"type":"git","url":"https://github.com/babel/babel/tree/master/packages/babel-plugin-syntax-async-functions"},"license":"MIT","main":"lib/index.js","keywords":["babel-plugin"],"dependencies":{},"devDependencies":{},"_id":"babel-plugin-syntax-async-functions@7.0.0-alpha.1","scripts":{},"_shasum":"059c6b352ecb6e0dbb8d9de5a1ee6dec64504ab2","_from":".","_npmVersion":"3.10.10","_nodeVersion":"6.9.0","_npmUser":{"name":"hzoo","email":"hi@henryzoo.com"},"dist":{"shasum":"059c6b352ecb6e0dbb8d9de5a1ee6dec64504ab2","tarball":"https://registry.npmjs.org/babel-plugin-syntax-async-functions/-/babel-plugin-syntax-async-functions-7.0.0-alpha.1.tgz"},"maintainers":[{"name":"amasad","email":"amjad.masad@gmail.com"},{"name":"hzoo","email":"hi@henryzoo.com"},{"name":"jmm","email":"npm-public@jessemccarthy.net"},{"name":"loganfsmyth","email":"loganfsmyth@gmail.com"},{"name":"sebmck","email":"sebmck@gmail.com"},{"name":"thejameskyle","email":"me@thejameskyle.com"}],"_npmOperationalInternal":{"host":"packages-12-west.internal.npmjs.com","tmp":"tmp/babel-plugin-syntax-async-functions-7.0.0-alpha.1.tgz_1488488692545_0.5493148576933891"},"directories":{}},"7.0.0-alpha.3":{"name":"babel-plugin-syntax-async-functions","version":"7.0.0-alpha.3","description":"Allow parsing of async functions","repository":{"type":"git","url":"https://github.com/babel/babel/tree/master/packages/babel-plugin-syntax-async-functions"},"license":"MIT","main":"lib/index.js","keywords":["babel-plugin"],"dependencies":{},"devDependencies":{},"_id":"babel-plugin-syntax-async-functions@7.0.0-alpha.3","scripts":{},"_shasum":"f07c8bb1b4c6d7fad16f2f4265feecf9a68ad6db","_from":".","_npmVersion":"3.10.10","_nodeVersion":"6.9.0","_npmUser":{"name":"hzoo","email":"hi@henryzoo.com"},"dist":{"shasum":"f07c8bb1b4c6d7fad16f2f4265feecf9a68ad6db","tarball":"https://registry.npmjs.org/babel-plugin-syntax-async-functions/-/babel-plugin-syntax-async-functions-7.0.0-alpha.3.tgz"},"maintainers":[{"name":"amasad","email":"amjad.masad@gmail.com"},{"name":"hzoo","email":"hi@henryzoo.com"},{"name":"jmm","email":"npm-public@jessemccarthy.net"},{"name":"loganfsmyth","email":"loganfsmyth@gmail.com"},{"name":"sebmck","email":"sebmck@gmail.com"},{"name":"thejameskyle","email":"me@thejameskyle.com"}],"_npmOperationalInternal":{"host":"packages-18-east.internal.npmjs.com","tmp":"tmp/babel-plugin-syntax-async-functions-7.0.0-alpha.3.tgz_1490298544035_0.05296025471761823"},"directories":{}},"7.0.0-alpha.9":{"name":"babel-plugin-syntax-async-functions","version":"7.0.0-alpha.9","description":"Allow parsing of async functions","repository":{"type":"git","url":"https://github.com/babel/babel/tree/master/packages/babel-plugin-syntax-async-functions"},"license":"MIT","main":"lib/index.js","keywords":["babel-plugin"],"dependencies":{},"devDependencies":{},"_id":"babel-plugin-syntax-async-functions@7.0.0-alpha.9","scripts":{},"_shasum":"5b6c2ad0a60e9550d2bb22c65e4836960803ce9b","_from":".","_npmVersion":"3.10.10","_nodeVersion":"6.9.0","_npmUser":{"name":"hzoo","email":"hi@henryzoo.com"},"dist":{"shasum":"5b6c2ad0a60e9550d2bb22c65e4836960803ce9b","tarball":"https://registry.npmjs.org/babel-plugin-syntax-async-functions/-/babel-plugin-syntax-async-functions-7.0.0-alpha.9.tgz"},"maintainers":[{"name":"amasad","email":"amjad.masad@gmail.com"},{"name":"hzoo","email":"hi@henryzoo.com"},{"name":"jmm","email":"npm-public@jessemccarthy.net"},{"name":"loganfsmyth","email":"loganfsmyth@gmail.com"},{"name":"sebmck","email":"sebmck@gmail.com"},{"name":"thejameskyle","email":"me@thejameskyle.com"}],"_npmOperationalInternal":{"host":"packages-12-west.internal.npmjs.com","tmp":"tmp/babel-plugin-syntax-async-functions-7.0.0-alpha.9.tgz_1492526495987_0.6340974278282374"},"directories":{}},"7.0.0-alpha.12":{"name":"babel-plugin-syntax-async-functions","version":"7.0.0-alpha.12","description":"Allow parsing of async functions","repository":{"type":"git","url":"https://github.com/babel/babel/tree/master/packages/babel-plugin-syntax-async-functions"},"license":"MIT","main":"lib/index.js","keywords":["babel-plugin"],"dependencies":{},"devDependencies":{},"_id":"babel-plugin-syntax-async-functions@7.0.0-alpha.12","_npmVersion":"5.0.0","_nodeVersion":"6.9.0","_npmUser":{"name":"hzoo","email":"hi@henryzoo.com"},"dist":{"integrity":"sha512-lJ/78UXot8u1/Xz3LS2bsXJprGf1Dp+vlW9301v/ma3GWTDW77OEKZiY4f9+DieiuYr7uBbfJF5Qg4kSegqf4A==","shasum":"d1a9bfdf5333919e0aae1333d9f9ca2cbd550a1e","tarball":"https://registry.npmjs.org/babel-plugin-syntax-async-functions/-/babel-plugin-syntax-async-functions-7.0.0-alpha.12.tgz"},"maintainers":[{"email":"sebmck@gmail.com","name":"sebmck"},{"email":"daniel@tschinder.de","name":"danez"},{"email":"hi@henryzoo.com","name":"hzoo"},{"email":"loganfsmyth@gmail.com","name":"loganfsmyth"}],"_npmOperationalInternal":{"host":"s3://npm-registry-packages","tmp":"tmp/babel-plugin-syntax-async-functions-7.0.0-alpha.12.tgz_1496265101986_0.7189301375765353"},"directories":{}},"7.0.0-alpha.13":{"name":"babel-plugin-syntax-async-functions","version":"7.0.0-alpha.13","description":"Allow parsing of async functions","repository":{"type":"git","url":"https://github.com/babel/babel/tree/master/packages/babel-plugin-syntax-async-functions"},"license":"MIT","main":"lib/index.js","keywords":["babel-plugin"],"dependencies":{},"devDependencies":{},"_id":"babel-plugin-syntax-async-functions@7.0.0-alpha.13","scripts":{},"_shasum":"cf9a15b0177710f69cc3bb47b68b1a485531f904","_from":".","_npmVersion":"4.6.1","_nodeVersion":"6.9.0","_npmUser":{"name":"hzoo","email":"hi@henryzoo.com"},"dist":{"shasum":"cf9a15b0177710f69cc3bb47b68b1a485531f904","tarball":"https://registry.npmjs.org/babel-plugin-syntax-async-functions/-/babel-plugin-syntax-async-functions-7.0.0-alpha.13.tgz"},"maintainers":[{"email":"sebmck@gmail.com","name":"sebmck"},{"email":"daniel@tschinder.de","name":"danez"},{"email":"hi@henryzoo.com","name":"hzoo"},{"email":"loganfsmyth@gmail.com","name":"loganfsmyth"}],"_npmOperationalInternal":{"host":"s3://npm-registry-packages","tmp":"tmp/babel-plugin-syntax-async-functions-7.0.0-alpha.13.tgz_1499826481246_0.5082443451974541"},"directories":{}},"7.0.0-alpha.14":{"name":"babel-plugin-syntax-async-functions","version":"7.0.0-alpha.14","description":"Allow parsing of async functions","repository":{"type":"git","url":"https://github.com/babel/babel/tree/master/packages/babel-plugin-syntax-async-functions"},"license":"MIT","main":"lib/index.js","keywords":["babel-plugin"],"dependencies":{},"devDependencies":{},"_id":"babel-plugin-syntax-async-functions@7.0.0-alpha.14","scripts":{},"_shasum":"acbcf14c3bdd44e2337bed5f85d76bc1e4388a7b","_from":".","_npmVersion":"4.6.1","_nodeVersion":"6.9.0","_npmUser":{"name":"hzoo","email":"hi@henryzoo.com"},"dist":{"shasum":"acbcf14c3bdd44e2337bed5f85d76bc1e4388a7b","tarball":"https://registry.npmjs.org/babel-plugin-syntax-async-functions/-/babel-plugin-syntax-async-functions-7.0.0-alpha.14.tgz"},"maintainers":[{"email":"sebmck@gmail.com","name":"sebmck"},{"email":"daniel@tschinder.de","name":"danez"},{"email":"hi@henryzoo.com","name":"hzoo"},{"email":"loganfsmyth@gmail.com","name":"loganfsmyth"}],"_npmOperationalInternal":{"host":"s3://npm-registry-packages","tmp":"tmp/babel-plugin-syntax-async-functions-7.0.0-alpha.14.tgz_1499827993627_0.6860938975587487"},"directories":{}},"7.0.0-alpha.15":{"name":"babel-plugin-syntax-async-functions","version":"7.0.0-alpha.15","description":"Allow parsing of async functions","repository":{"type":"git","url":"https://github.com/babel/babel/tree/master/packages/babel-plugin-syntax-async-functions"},"license":"MIT","main":"lib/index.js","keywords":["babel-plugin"],"dependencies":{},"devDependencies":{},"_id":"babel-plugin-syntax-async-functions@7.0.0-alpha.15","scripts":{},"_shasum":"7d4ecec698400d212cbf9e5279a351261f5e9f73","_from":".","_npmVersion":"4.6.1","_nodeVersion":"6.9.0","_npmUser":{"name":"hzoo","email":"hi@henryzoo.com"},"dist":{"shasum":"7d4ecec698400d212cbf9e5279a351261f5e9f73","tarball":"https://registry.npmjs.org/babel-plugin-syntax-async-functions/-/babel-plugin-syntax-async-functions-7.0.0-alpha.15.tgz"},"maintainers":[{"email":"sebmck@gmail.com","name":"sebmck"},{"email":"daniel@tschinder.de","name":"danez"},{"email":"hi@henryzoo.com","name":"hzoo"},{"email":"loganfsmyth@gmail.com","name":"loganfsmyth"}],"_npmOperationalInternal":{"host":"s3://npm-registry-packages","tmp":"tmp/babel-plugin-syntax-async-functions-7.0.0-alpha.15.tgz_1499830527847_0.7317042865324765"},"directories":{}},"7.0.0-alpha.16":{"name":"babel-plugin-syntax-async-functions","version":"7.0.0-alpha.16","description":"Allow parsing of async functions","repository":{"type":"git","url":"https://github.com/babel/babel/tree/master/packages/babel-plugin-syntax-async-functions"},"license":"MIT","main":"lib/index.js","keywords":["babel-plugin"],"dependencies":{},"devDependencies":{},"_id":"babel-plugin-syntax-async-functions@7.0.0-alpha.16","scripts":{},"_shasum":"570f2c3adf4d8aecc91d11180ac37250321c5d7c","_from":".","_npmVersion":"4.6.1","_nodeVersion":"6.9.0","_npmUser":{"name":"hzoo","email":"hi@henryzoo.com"},"dist":{"shasum":"570f2c3adf4d8aecc91d11180ac37250321c5d7c","tarball":"https://registry.npmjs.org/babel-plugin-syntax-async-functions/-/babel-plugin-syntax-async-functions-7.0.0-alpha.16.tgz"},"maintainers":[{"email":"sebmck@gmail.com","name":"sebmck"},{"email":"daniel@tschinder.de","name":"danez"},{"email":"hi@henryzoo.com","name":"hzoo"},{"email":"loganfsmyth@gmail.com","name":"loganfsmyth"}],"_npmOperationalInternal":{"host":"s3://npm-registry-packages","tmp":"tmp/babel-plugin-syntax-async-functions-7.0.0-alpha.16.tgz_1501017440412_0.18894821009598672"},"directories":{}},"7.0.0-alpha.17":{"name":"babel-plugin-syntax-async-functions","version":"7.0.0-alpha.17","description":"Allow parsing of async functions","repository":{"type":"git","url":"https://github.com/babel/babel/tree/master/packages/babel-plugin-syntax-async-functions"},"license":"MIT","main":"lib/index.js","keywords":["babel-plugin"],"dependencies":{},"devDependencies":{},"_id":"babel-plugin-syntax-async-functions@7.0.0-alpha.17","scripts":{},"_shasum":"a9bcd7bcab80dd603c8f957a5a8374ca2496da0e","_from":".","_npmVersion":"4.6.1","_nodeVersion":"6.9.0","_npmUser":{"name":"hzoo","email":"hi@henryzoo.com"},"dist":{"shasum":"a9bcd7bcab80dd603c8f957a5a8374ca2496da0e","tarball":"https://registry.npmjs.org/babel-plugin-syntax-async-functions/-/babel-plugin-syntax-async-functions-7.0.0-alpha.17.tgz"},"maintainers":[{"email":"sebmck@gmail.com","name":"sebmck"},{"email":"daniel@tschinder.de","name":"danez"},{"email":"hi@henryzoo.com","name":"hzoo"},{"email":"loganfsmyth@gmail.com","name":"loganfsmyth"}],"_npmOperationalInternal":{"host":"s3://npm-registry-packages","tmp":"tmp/babel-plugin-syntax-async-functions-7.0.0-alpha.17.tgz_1501072729354_0.26633672532625496"},"directories":{}},"7.0.0-alpha.18":{"name":"babel-plugin-syntax-async-functions","version":"7.0.0-alpha.18","description":"Allow parsing of async functions","repository":{"type":"git","url":"https://github.com/babel/babel/tree/master/packages/babel-plugin-syntax-async-functions"},"license":"MIT","main":"lib/index.js","keywords":["babel-plugin"],"dependencies":{},"devDependencies":{},"_id":"babel-plugin-syntax-async-functions@7.0.0-alpha.18","_npmVersion":"5.3.0","_nodeVersion":"8.1.4","_npmUser":{"name":"hzoo","email":"hi@henryzoo.com"},"dist":{"integrity":"sha512-KJ/IGWmApTbvHKZgNPuekdAXvdgoB3gZsyRT+WpdTPGVOZO+h5FaSuje+vwIeRephgFDN8ybzbLOUiNKmNn8eA==","shasum":"7bc553c476d66ce4b2d27920610f258ea1c49e98","tarball":"https://registry.npmjs.org/babel-plugin-syntax-async-functions/-/babel-plugin-syntax-async-functions-7.0.0-alpha.18.tgz"},"maintainers":[{"email":"me@thejameskyle.com","name":"thejameskyle"},{"email":"sebmck@gmail.com","name":"sebmck"},{"email":"daniel@tschinder.de","name":"danez"},{"email":"hi@henryzoo.com","name":"hzoo"},{"email":"loganfsmyth@gmail.com","name":"loganfsmyth"}],"_npmOperationalInternal":{"host":"s3://npm-registry-packages","tmp":"tmp/babel-plugin-syntax-async-functions-7.0.0-alpha.18.tgz_1501798840438_0.7753191580995917"},"directories":{}},"7.0.0-alpha.19":{"name":"babel-plugin-syntax-async-functions","version":"7.0.0-alpha.19","description":"Allow parsing of async functions","repository":{"type":"git","url":"https://github.com/babel/babel/tree/master/packages/babel-plugin-syntax-async-functions"},"license":"MIT","main":"lib/index.js","keywords":["babel-plugin"],"_id":"babel-plugin-syntax-async-functions@7.0.0-alpha.19","_npmVersion":"5.3.0","_nodeVersion":"8.1.4","_npmUser":{"name":"hzoo","email":"hi@henryzoo.com"},"dist":{"integrity":"sha512-8TrgRevIg/m3wCZNbUpr4FZgRzK5L91MLP6zchVWWR4mx/iRGR+Pg0Ubqg8YHk/kcpqVt5+aF2vteUEeIyONYQ==","shasum":"f2853e10ab14057bd31991048d2da5769f546a99","tarball":"https://registry.npmjs.org/babel-plugin-syntax-async-functions/-/babel-plugin-syntax-async-functions-7.0.0-alpha.19.tgz"},"maintainers":[{"email":"me@thejameskyle.com","name":"thejameskyle"},{"email":"sebmck@gmail.com","name":"sebmck"},{"email":"daniel@tschinder.de","name":"danez"},{"email":"hi@henryzoo.com","name":"hzoo"},{"email":"loganfsmyth@gmail.com","name":"loganfsmyth"}],"_npmOperationalInternal":{"host":"s3://npm-registry-packages","tmp":"tmp/babel-plugin-syntax-async-functions-7.0.0-alpha.19.tgz_1502144474288_0.6377333716955036"},"directories":{}},"7.0.0-alpha.20":{"name":"babel-plugin-syntax-async-functions","version":"7.0.0-alpha.20","description":"Allow parsing of async functions","repository":{"type":"git","url":"https://github.com/babel/babel/tree/master/packages/babel-plugin-syntax-async-functions"},"license":"MIT","main":"lib/index.js","keywords":["babel-plugin"],"_id":"babel-plugin-syntax-async-functions@7.0.0-alpha.20","_npmVersion":"5.3.0","_nodeVersion":"8.1.4","_npmUser":{"name":"hzoo","email":"hi@henryzoo.com"},"dist":{"integrity":"sha512-yPGxz2x/bgqDb4f+bZfpjuG9wnqdW5tXoEuVaurKwINp5KepA5iAdnHFnSXSwK6kMKXTRmIecTg7+YgKEx9Z0g==","shasum":"aa23c4137d4d0a03afe009df72c40e5a594a6efb","tarball":"https://registry.npmjs.org/babel-plugin-syntax-async-functions/-/babel-plugin-syntax-async-functions-7.0.0-alpha.20.tgz"},"maintainers":[{"email":"me@thejameskyle.com","name":"thejameskyle"},{"email":"sebmck@gmail.com","name":"sebmck"},{"email":"daniel@tschinder.de","name":"danez"},{"email":"hi@henryzoo.com","name":"hzoo"},{"email":"loganfsmyth@gmail.com","name":"loganfsmyth"}],"_npmOperationalInternal":{"host":"s3://npm-registry-packages","tmp":"tmp/babel-plugin-syntax-async-functions-7.0.0-alpha.20.tgz_1504119099719_0.2063120729289949"},"directories":{}},"7.0.0-beta.0":{"name":"babel-plugin-syntax-async-functions","version":"7.0.0-beta.0","description":"Allow parsing of async functions","repository":{"type":"git","url":"https://github.com/babel/babel/tree/master/packages/babel-plugin-syntax-async-functions"},"license":"MIT","main":"lib/index.js","keywords":["babel-plugin"],"_id":"babel-plugin-syntax-async-functions@7.0.0-beta.0","_npmVersion":"5.3.0","_nodeVersion":"8.1.4","_npmUser":{"name":"hzoo","email":"hi@henryzoo.com"},"dist":{"integrity":"sha512-IKh5AA3LKrqluJVc3xVE0i4zD7OIW1Iyua4uZQ3PCwey5lv/pM668eYhIEQT3fj8SmdP3cXVquvKQ0IdMVgQxg==","shasum":"2d4074c6167cc78e0bdc49de65902f90e09b59de","tarball":"https://registry.npmjs.org/babel-plugin-syntax-async-functions/-/babel-plugin-syntax-async-functions-7.0.0-beta.0.tgz"},"maintainers":[{"email":"me@thejameskyle.com","name":"thejameskyle"},{"email":"sebmck@gmail.com","name":"sebmck"},{"email":"daniel@tschinder.de","name":"danez"},{"email":"hi@henryzoo.com","name":"hzoo"},{"email":"loganfsmyth@gmail.com","name":"loganfsmyth"}],"_npmOperationalInternal":{"host":"s3://npm-registry-packages","tmp":"tmp/babel-plugin-syntax-async-functions-7.0.0-beta.0.tgz_1505185307109_0.1298868313897401"},"directories":{}}},"readme":"# babel-plugin-syntax-async-functions\n\nAllow parsing of async functions.\n\n## Installation\n\n```sh\n$ npm install babel-plugin-syntax-async-functions\n```\n\n## Usage\n\n### Via `.babelrc` (Recommended)\n\n**.babelrc**\n\n```json\n{\n  \"plugins\": [\"syntax-async-functions\"]\n}\n```\n\n### Via CLI\n\n```sh\n$ babel --plugins syntax-async-functions script.js\n```\n\n### Via Node API\n\n```javascript\nrequire(\"babel-core\").transform(\"code\", {\n  plugins: [\"syntax-async-functions\"]\n});\n```\n","maintainers":[{"email":"bng412@gmail.com","name":"existentialism"},{"email":"me@thejameskyle.com","name":"thejameskyle"},{"email":"sebmck@gmail.com","name":"sebmck"},{"email":"daniel@tschinder.de","name":"danez"},{"email":"hi@henryzoo.com","name":"hzoo"},{"email":"loganfsmyth@gmail.com","name":"loganfsmyth"}],"time":{"modified":"2017-09-19T22:52:04.481Z","created":"2015-10-29T18:10:17.262Z","6.0.2":"2015-10-29T18:10:17.262Z","6.0.14":"2015-10-30T23:34:13.123Z","6.1.4":"2015-11-11T10:06:12.505Z","6.1.5":"2015-11-12T06:53:44.473Z","6.1.6":"2015-11-12T07:34:12.234Z","6.1.7":"2015-11-12T07:38:34.229Z","6.1.8":"2015-11-12T07:41:38.997Z","6.1.9":"2015-11-12T07:47:35.601Z","6.1.10":"2015-11-12T07:54:02.561Z","6.1.12":"2015-11-12T08:49:17.641Z","6.1.13":"2015-11-12T19:58:52.792Z","6.1.16":"2015-11-12T21:34:37.594Z","6.1.17":"2015-11-12T21:41:26.977Z","6.1.18":"2015-11-12T21:49:05.314Z","6.2.4":"2015-11-25T03:13:32.113Z","6.3.13":"2015-12-04T11:57:57.298Z","6.5.0":"2016-02-07T00:07:10.595Z","6.5.0-1":"2016-02-07T02:39:58.746Z","6.8.0":"2016-05-02T23:44:16.118Z","6.13.0":"2016-08-04T23:34:54.467Z","7.0.0-alpha.1":"2017-03-02T21:04:54.475Z","7.0.0-alpha.3":"2017-03-23T19:49:05.954Z","7.0.0-alpha.9":"2017-04-18T14:41:36.251Z","7.0.0-alpha.12":"2017-05-31T21:11:42.067Z","7.0.0-alpha.13":"2017-07-12T02:28:02.201Z","7.0.0-alpha.14":"2017-07-12T02:53:14.530Z","7.0.0-alpha.15":"2017-07-12T03:35:28.888Z","7.0.0-alpha.16":"2017-07-25T21:17:21.326Z","7.0.0-alpha.17":"2017-07-26T12:38:50.366Z","7.0.0-alpha.18":"2017-08-03T22:20:42.131Z","7.0.0-alpha.19":"2017-08-07T22:21:14.357Z","7.0.0-alpha.20":"2017-08-30T18:51:39.797Z","7.0.0-beta.0":"2017-09-12T03:01:48.051Z"},"keywords":["babel-plugin"],"repository":{"type":"git","url":"https://github.com/babel/babel/tree/master/packages/babel-plugin-syntax-async-functions"},"license":"MIT","readmeFilename":"README.md","users":{"keyanzhang":true,"mswanson1524":true,"dpjayasekara":true,"zhongyuan":true},"_attachments":{},"_etag":"W/\"6d521a136a3546e6c3f5635f82c9eab3\"","_lastModified":"Sat, 26 May 2018 17:57:59 GMT"}