{"_id":"set-immediate-shim","_rev":"6-a1c8a635a00f2da547451217241f466d","name":"set-immediate-shim","description":"Simple setImmediate shim","dist-tags":{"latest":"2.0.0"},"versions":{"1.0.0":{"name":"set-immediate-shim","version":"1.0.0","description":"Simple setImmediate shim","license":"MIT","repository":{"type":"git","url":"https://github.com/sindresorhus/set-immediate-shim"},"author":{"name":"Sindre Sorhus","email":"sindresorhus@gmail.com","url":"sindresorhus.com"},"engines":{"node":">=0.10.0"},"scripts":{"test":"node test.js"},"files":["index.js"],"keywords":["setImmediate","immediate","setTimeout","timeout","shim","polyfill","ponyfill"],"devDependencies":{"ava":"0.0.4","require-uncached":"^1.0.2"},"gitHead":"29ac611e181046f2cf8b61ed5d038c64733a1cbc","bugs":{"url":"https://github.com/sindresorhus/set-immediate-shim/issues"},"homepage":"https://github.com/sindresorhus/set-immediate-shim","_id":"set-immediate-shim@1.0.0","_shasum":"e23b45a33244f6f2dcd90359bc38bdbf048de152","_from":".","_npmVersion":"2.1.16","_nodeVersion":"0.10.32","_npmUser":{"name":"sindresorhus","email":"sindresorhus@gmail.com"},"maintainers":[{"name":"sindresorhus","email":"sindresorhus@gmail.com"}],"dist":{"shasum":"e23b45a33244f6f2dcd90359bc38bdbf048de152","tarball":"https://registry.npmjs.org/set-immediate-shim/-/set-immediate-shim-1.0.0.tgz"},"directories":{}},"1.0.1":{"name":"set-immediate-shim","version":"1.0.1","description":"Simple setImmediate shim","license":"MIT","repository":{"type":"git","url":"https://github.com/sindresorhus/set-immediate-shim"},"author":{"name":"Sindre Sorhus","email":"sindresorhus@gmail.com","url":"sindresorhus.com"},"engines":{"node":">=0.10.0"},"scripts":{"test":"node test.js"},"files":["index.js"],"keywords":["setImmediate","immediate","setTimeout","timeout","shim","polyfill","ponyfill"],"devDependencies":{"ava":"0.0.4","require-uncached":"^1.0.2"},"gitHead":"4c50df7ade5a368e106fee82351ee0a378c990f7","bugs":{"url":"https://github.com/sindresorhus/set-immediate-shim/issues"},"homepage":"https://github.com/sindresorhus/set-immediate-shim","_id":"set-immediate-shim@1.0.1","_shasum":"4b2b1b27eb808a9f8dcc481a58e5e56f599f3f61","_from":".","_npmVersion":"1.4.28","_npmUser":{"name":"sindresorhus","email":"sindresorhus@gmail.com"},"maintainers":[{"name":"sindresorhus","email":"sindresorhus@gmail.com"}],"dist":{"shasum":"4b2b1b27eb808a9f8dcc481a58e5e56f599f3f61","tarball":"https://registry.npmjs.org/set-immediate-shim/-/set-immediate-shim-1.0.1.tgz"},"directories":{}},"2.0.0":{"name":"set-immediate-shim","version":"2.0.0","description":"Simple setImmediate shim","license":"MIT","repository":{"type":"git","url":"git+https://github.com/sindresorhus/set-immediate-shim.git"},"author":{"name":"Sindre Sorhus","email":"sindresorhus@gmail.com","url":"sindresorhus.com"},"engines":{"node":">=6"},"scripts":{"test":"xo && ava"},"files":["index.js"],"keywords":["setimmediate","immediate","settimeout","timeout","shim","polyfill","ponyfill"],"devDependencies":{"ava":"*","import-fresh":"^2.0.0","xo":"*"},"gitHead":"4e67c0d38a2a3239c523a30776bc55186d51d365","bugs":{"url":"https://github.com/sindresorhus/set-immediate-shim/issues"},"homepage":"https://github.com/sindresorhus/set-immediate-shim#readme","_id":"set-immediate-shim@2.0.0","_npmVersion":"5.6.0","_nodeVersion":"8.10.0","_npmUser":{"name":"sindresorhus","email":"sindresorhus@gmail.com"},"dist":{"integrity":"sha512-a2GXgsl1Wu9qulGQeY3c3KRVgcmxeaOI15xenfNJ1eBX6BBavWCNXdX9gcvQJAogSROaU3o5DTQUVcRdzbIOfA==","shasum":"5bf3ecf5d0d6eda9a335dbb5bfd0733f3e149d8d","tarball":"https://registry.npmjs.org/set-immediate-shim/-/set-immediate-shim-2.0.0.tgz","fileCount":4,"unpackedSize":2561},"maintainers":[{"name":"sindresorhus","email":"sindresorhus@gmail.com"}],"directories":{},"_npmOperationalInternal":{"host":"s3://npm-registry-packages","tmp":"tmp/set-immediate-shim_2.0.0_1521992930693_0.12283900291391592"}}},"readme":"# set-immediate-shim [![Build Status](https://travis-ci.org/sindresorhus/set-immediate-shim.svg?branch=master)](https://travis-ci.org/sindresorhus/set-immediate-shim)\n\n> Simple [`setImmediate`](https://developer.mozilla.org/en-US/docs/Web/API/Window/setImmediate) [ponyfill](https://ponyfill.com)\n\n\n## Install\n\n```\n$ npm install set-immediate-shim\n```\n\n\n## Usage\n\n```js\nconst setImmediateShim = require('set-immediate-shim');\n\nsetImmediateShim(() => {\n\tconsole.log('2');\n});\n\nconsole.log('1');\n\n//=> 1\n//=> 2\n```\n\n\n## Related\n\n- [p-immediate](https://github.com/sindresorhus/p-immediate) - Returns a promise resolved in the next event loop - think `setImmediate()`\n\n\n## License\n\nMIT © [Sindre Sorhus](https://sindresorhus.com)\n","maintainers":[{"name":"sindresorhus","email":"sindresorhus@gmail.com"}],"time":{"modified":"2018-03-25T15:48:51.713Z","created":"2014-12-29T09:41:39.091Z","1.0.0":"2014-12-29T09:41:39.091Z","1.0.1":"2015-03-12T07:46:00.857Z","2.0.0":"2018-03-25T15:48:50.775Z"},"homepage":"https://github.com/sindresorhus/set-immediate-shim#readme","keywords":["setimmediate","immediate","settimeout","timeout","shim","polyfill","ponyfill"],"repository":{"type":"git","url":"git+https://github.com/sindresorhus/set-immediate-shim.git"},"author":{"name":"Sindre Sorhus","email":"sindresorhus@gmail.com","url":"sindresorhus.com"},"bugs":{"url":"https://github.com/sindresorhus/set-immediate-shim/issues"},"license":"MIT","readmeFilename":"readme.md","users":{"koulmomo":true},"_attachments":{},"_etag":"W/\"02fec79f4d7cae02e18a717bf6bc6c28\"","_lastModified":"Sun, 27 May 2018 17:05:10 GMT"}