{"_id":"babel-plugin-transform-es2015-destructuring","_rev":"96-2bac7d4165ffd4f50bc1eeed32a706d9","name":"babel-plugin-transform-es2015-destructuring","description":"Compile ES2015 destructuring to ES5","dist-tags":{"latest":"6.23.0","next":"7.0.0-beta.3"},"versions":{"6.0.2":{"name":"babel-plugin-transform-es2015-destructuring","version":"6.0.2","description":"Compile ES2015 destructuring to ES5","repository":{"type":"git","url":"git+https://github.com/babel/babel.git"},"license":"MIT","main":"lib/index.js","keywords":["babel-plugin"],"dependencies":{"babel-runtime":"^6.0.2"},"bugs":{"url":"https://github.com/babel/babel/issues"},"homepage":"https://github.com/babel/babel#readme","_id":"babel-plugin-transform-es2015-destructuring@6.0.2","scripts":{},"_shasum":"2ad9936002d30fa4741ecbe045a8b023eb7bf9d7","_from":".","_npmVersion":"2.14.3","_nodeVersion":"4.1.0","_npmUser":{"name":"sebmck","email":"sebmck@gmail.com"},"dist":{"shasum":"2ad9936002d30fa4741ecbe045a8b023eb7bf9d7","tarball":"https://registry.npmjs.org/babel-plugin-transform-es2015-destructuring/-/babel-plugin-transform-es2015-destructuring-6.0.2.tgz"},"maintainers":[{"name":"sebmck","email":"sebmck@gmail.com"}],"directories":{}},"6.0.14":{"name":"babel-plugin-transform-es2015-destructuring","version":"6.0.14","description":"Compile ES2015 destructuring to ES5","repository":{"type":"git","url":"https://github.com/babel/babel/tree/master/packages/babel-plugin-transform-es2015-destructuring"},"license":"MIT","main":"lib/index.js","keywords":["babel-plugin"],"dependencies":{"babel-runtime":"^5.0.0"},"_id":"babel-plugin-transform-es2015-destructuring@6.0.14","scripts":{},"_shasum":"9cb1e9ad125463e01ce0d8ced9c8be14561f61b7","_from":".","_npmVersion":"2.14.9","_nodeVersion":"4.1.0","_npmUser":{"name":"sebmck","email":"sebmck@gmail.com"},"dist":{"shasum":"9cb1e9ad125463e01ce0d8ced9c8be14561f61b7","tarball":"https://registry.npmjs.org/babel-plugin-transform-es2015-destructuring/-/babel-plugin-transform-es2015-destructuring-6.0.14.tgz"},"maintainers":[{"name":"sebmck","email":"sebmck@gmail.com"}],"directories":{}},"6.0.18":{"name":"babel-plugin-transform-es2015-destructuring","version":"6.0.18","description":"Compile ES2015 destructuring to ES5","repository":{"type":"git","url":"https://github.com/babel/babel/tree/master/packages/babel-plugin-transform-es2015-destructuring"},"license":"MIT","main":"lib/index.js","keywords":["babel-plugin"],"dependencies":{"babel-runtime":"^5.0.0"},"_id":"babel-plugin-transform-es2015-destructuring@6.0.18","scripts":{},"_shasum":"ef436741dc41b35d37661010f2929c12b03b9c1f","_from":".","_npmVersion":"2.14.9","_nodeVersion":"4.1.0","_npmUser":{"name":"sebmck","email":"sebmck@gmail.com"},"dist":{"shasum":"ef436741dc41b35d37661010f2929c12b03b9c1f","tarball":"https://registry.npmjs.org/babel-plugin-transform-es2015-destructuring/-/babel-plugin-transform-es2015-destructuring-6.0.18.tgz"},"maintainers":[{"name":"sebmck","email":"sebmck@gmail.com"}],"directories":{}},"6.1.4":{"name":"babel-plugin-transform-es2015-destructuring","version":"6.1.4","description":"Compile ES2015 destructuring to ES5","repository":{"type":"git","url":"https://github.com/babel/babel/tree/master/packages/babel-plugin-transform-es2015-destructuring"},"license":"MIT","main":"lib/index.js","keywords":["babel-plugin"],"dependencies":{"babel-runtime":"^5.0.0"},"devDependencies":{"babel-helper-plugin-test-runner":"^6.1.4"},"_id":"babel-plugin-transform-es2015-destructuring@6.1.4","scripts":{},"_shasum":"66bea88e2ff49d406339b2930ec6514334251dbb","_from":".","_npmVersion":"3.3.10","_nodeVersion":"4.1.0","_npmUser":{"name":"sebmck","email":"sebmck@gmail.com"},"dist":{"shasum":"66bea88e2ff49d406339b2930ec6514334251dbb","tarball":"https://registry.npmjs.org/babel-plugin-transform-es2015-destructuring/-/babel-plugin-transform-es2015-destructuring-6.1.4.tgz"},"maintainers":[{"name":"sebmck","email":"sebmck@gmail.com"}],"directories":{}},"6.1.5":{"name":"babel-plugin-transform-es2015-destructuring","version":"6.1.5","description":"Compile ES2015 destructuring to ES5","repository":{"type":"git","url":"https://github.com/babel/babel/tree/master/packages/babel-plugin-transform-es2015-destructuring"},"license":"MIT","main":"lib/index.js","keywords":["babel-plugin"],"dependencies":{"babel-runtime":"^5.0.0"},"devDependencies":{"babel-helper-plugin-test-runner":"^6.1.5"},"_id":"babel-plugin-transform-es2015-destructuring@6.1.5","scripts":{},"_shasum":"f023b3496a6ea141ff7189e010e4c204a2aef34a","_from":".","_npmVersion":"3.3.10","_nodeVersion":"4.1.0","_npmUser":{"name":"sebmck","email":"sebmck@gmail.com"},"dist":{"shasum":"f023b3496a6ea141ff7189e010e4c204a2aef34a","tarball":"https://registry.npmjs.org/babel-plugin-transform-es2015-destructuring/-/babel-plugin-transform-es2015-destructuring-6.1.5.tgz"},"maintainers":[{"name":"sebmck","email":"sebmck@gmail.com"}],"directories":{}},"6.1.10":{"name":"babel-plugin-transform-es2015-destructuring","version":"6.1.10","description":"Compile ES2015 destructuring to ES5","repository":{"type":"git","url":"https://github.com/babel/babel/tree/master/packages/babel-plugin-transform-es2015-destructuring"},"license":"MIT","main":"lib/index.js","keywords":["babel-plugin"],"dependencies":{"babel-runtime":"^5.0.0"},"devDependencies":{"babel-helper-plugin-test-runner":"^6.1.10"},"_id":"babel-plugin-transform-es2015-destructuring@6.1.10","scripts":{},"_shasum":"7d85cb3347afd5713a8ae56aeda15e5c4238db3e","_from":".","_npmVersion":"3.3.10","_nodeVersion":"4.1.0","_npmUser":{"name":"sebmck","email":"sebmck@gmail.com"},"dist":{"shasum":"7d85cb3347afd5713a8ae56aeda15e5c4238db3e","tarball":"https://registry.npmjs.org/babel-plugin-transform-es2015-destructuring/-/babel-plugin-transform-es2015-destructuring-6.1.10.tgz"},"maintainers":[{"name":"amasad","email":"amjad.masad@gmail.com"},{"name":"sebmck","email":"sebmck@gmail.com"},{"name":"thejameskyle","email":"me@thejameskyle.com"}],"directories":{}},"6.1.17":{"name":"babel-plugin-transform-es2015-destructuring","version":"6.1.17","description":"Compile ES2015 destructuring to ES5","repository":{"type":"git","url":"https://github.com/babel/babel/tree/master/packages/babel-plugin-transform-es2015-destructuring"},"license":"MIT","main":"lib/index.js","keywords":["babel-plugin"],"dependencies":{"babel-runtime":"^5.0.0"},"devDependencies":{"babel-helper-plugin-test-runner":"^6.1.17"},"_id":"babel-plugin-transform-es2015-destructuring@6.1.17","scripts":{},"_shasum":"99e377528265455b1ae2ab07ca793c82bbc51fb6","_from":".","_npmVersion":"3.3.10","_nodeVersion":"4.1.0","_npmUser":{"name":"sebmck","email":"sebmck@gmail.com"},"dist":{"shasum":"99e377528265455b1ae2ab07ca793c82bbc51fb6","tarball":"https://registry.npmjs.org/babel-plugin-transform-es2015-destructuring/-/babel-plugin-transform-es2015-destructuring-6.1.17.tgz"},"maintainers":[{"name":"amasad","email":"amjad.masad@gmail.com"},{"name":"sebmck","email":"sebmck@gmail.com"},{"name":"thejameskyle","email":"me@thejameskyle.com"}],"directories":{}},"6.1.18":{"name":"babel-plugin-transform-es2015-destructuring","version":"6.1.18","description":"Compile ES2015 destructuring to ES5","repository":{"type":"git","url":"https://github.com/babel/babel/tree/master/packages/babel-plugin-transform-es2015-destructuring"},"license":"MIT","main":"lib/index.js","keywords":["babel-plugin"],"dependencies":{"babel-runtime":"^5.0.0"},"devDependencies":{"babel-helper-plugin-test-runner":"^6.1.18"},"_id":"babel-plugin-transform-es2015-destructuring@6.1.18","scripts":{},"_shasum":"3ab6ade9771a470e43d26bb110d62cd9195a0556","_from":".","_npmVersion":"3.3.10","_nodeVersion":"4.1.0","_npmUser":{"name":"sebmck","email":"sebmck@gmail.com"},"dist":{"shasum":"3ab6ade9771a470e43d26bb110d62cd9195a0556","tarball":"https://registry.npmjs.org/babel-plugin-transform-es2015-destructuring/-/babel-plugin-transform-es2015-destructuring-6.1.18.tgz"},"maintainers":[{"name":"amasad","email":"amjad.masad@gmail.com"},{"name":"sebmck","email":"sebmck@gmail.com"},{"name":"thejameskyle","email":"me@thejameskyle.com"}],"directories":{}},"6.2.4":{"name":"babel-plugin-transform-es2015-destructuring","version":"6.2.4","description":"Compile ES2015 destructuring to ES5","repository":{"type":"git","url":"https://github.com/babel/babel/tree/master/packages/babel-plugin-transform-es2015-destructuring"},"license":"MIT","main":"lib/index.js","keywords":["babel-plugin"],"dependencies":{"babel-runtime":"^5.0.0"},"devDependencies":{"babel-helper-plugin-test-runner":"^6.2.4"},"_id":"babel-plugin-transform-es2015-destructuring@6.2.4","scripts":{},"_shasum":"48a8c4e8a133ce95411f2ed716c7d247f48514dd","_from":".","_npmVersion":"3.3.10","_nodeVersion":"4.1.0","_npmUser":{"name":"sebmck","email":"sebmck@gmail.com"},"dist":{"shasum":"48a8c4e8a133ce95411f2ed716c7d247f48514dd","tarball":"https://registry.npmjs.org/babel-plugin-transform-es2015-destructuring/-/babel-plugin-transform-es2015-destructuring-6.2.4.tgz"},"maintainers":[{"name":"amasad","email":"amjad.masad@gmail.com"},{"name":"sebmck","email":"sebmck@gmail.com"},{"name":"thejameskyle","email":"me@thejameskyle.com"}],"directories":{}},"6.3.13":{"name":"babel-plugin-transform-es2015-destructuring","version":"6.3.13","description":"Compile ES2015 destructuring to ES5","repository":{"type":"git","url":"https://github.com/babel/babel/tree/master/packages/babel-plugin-transform-es2015-destructuring"},"license":"MIT","main":"lib/index.js","keywords":["babel-plugin"],"dependencies":{"babel-runtime":"^5.0.0"},"devDependencies":{"babel-helper-plugin-test-runner":"^6.3.13"},"_id":"babel-plugin-transform-es2015-destructuring@6.3.13","scripts":{},"_shasum":"50b6c462a75959cae6a1da199854ec39295de42c","_from":".","_npmVersion":"3.3.10","_nodeVersion":"4.1.0","_npmUser":{"name":"sebmck","email":"sebmck@gmail.com"},"dist":{"shasum":"50b6c462a75959cae6a1da199854ec39295de42c","tarball":"https://registry.npmjs.org/babel-plugin-transform-es2015-destructuring/-/babel-plugin-transform-es2015-destructuring-6.3.13.tgz"},"maintainers":[{"name":"amasad","email":"amjad.masad@gmail.com"},{"name":"hzoo","email":"hi@henryzoo.com"},{"name":"jmm","email":"npm-public@jessemccarthy.net"},{"name":"loganfsmyth","email":"loganfsmyth@gmail.com"},{"name":"sebmck","email":"sebmck@gmail.com"},{"name":"thejameskyle","email":"me@thejameskyle.com"}],"directories":{}},"6.3.15":{"name":"babel-plugin-transform-es2015-destructuring","version":"6.3.15","description":"Compile ES2015 destructuring to ES5","repository":{"type":"git","url":"https://github.com/babel/babel/tree/master/packages/babel-plugin-transform-es2015-destructuring"},"license":"MIT","main":"lib/index.js","keywords":["babel-plugin"],"dependencies":{"babel-runtime":"^5.0.0"},"devDependencies":{"babel-helper-plugin-test-runner":"^6.3.13"},"_id":"babel-plugin-transform-es2015-destructuring@6.3.15","scripts":{},"_shasum":"a40f2b0936cddd3dae0bbe025dc36247a5cff7f6","_from":".","_npmVersion":"3.3.12","_nodeVersion":"5.1.0","_npmUser":{"name":"hzoo","email":"hi@henryzoo.com"},"dist":{"shasum":"a40f2b0936cddd3dae0bbe025dc36247a5cff7f6","tarball":"https://registry.npmjs.org/babel-plugin-transform-es2015-destructuring/-/babel-plugin-transform-es2015-destructuring-6.3.15.tgz"},"maintainers":[{"name":"amasad","email":"amjad.masad@gmail.com"},{"name":"hzoo","email":"hi@henryzoo.com"},{"name":"jmm","email":"npm-public@jessemccarthy.net"},{"name":"loganfsmyth","email":"loganfsmyth@gmail.com"},{"name":"sebmck","email":"sebmck@gmail.com"},{"name":"thejameskyle","email":"me@thejameskyle.com"}],"directories":{}},"6.4.0":{"name":"babel-plugin-transform-es2015-destructuring","version":"6.4.0","description":"Compile ES2015 destructuring to ES5","repository":{"type":"git","url":"https://github.com/babel/babel/tree/master/packages/babel-plugin-transform-es2015-destructuring"},"license":"MIT","main":"lib/index.js","keywords":["babel-plugin"],"dependencies":{"babel-runtime":"^5.0.0"},"devDependencies":{"babel-helper-plugin-test-runner":"^6.3.13"},"_id":"babel-plugin-transform-es2015-destructuring@6.4.0","scripts":{},"_shasum":"8409071afe6c71b99ad7a9aa0102f2cd854244c0","_from":".","_npmVersion":"3.5.2","_nodeVersion":"5.1.0","_npmUser":{"name":"hzoo","email":"hi@henryzoo.com"},"dist":{"shasum":"8409071afe6c71b99ad7a9aa0102f2cd854244c0","tarball":"https://registry.npmjs.org/babel-plugin-transform-es2015-destructuring/-/babel-plugin-transform-es2015-destructuring-6.4.0.tgz"},"maintainers":[{"name":"amasad","email":"amjad.masad@gmail.com"},{"name":"hzoo","email":"hi@henryzoo.com"},{"name":"jmm","email":"npm-public@jessemccarthy.net"},{"name":"loganfsmyth","email":"loganfsmyth@gmail.com"},{"name":"sebmck","email":"sebmck@gmail.com"},{"name":"thejameskyle","email":"me@thejameskyle.com"}],"directories":{}},"6.5.0":{"name":"babel-plugin-transform-es2015-destructuring","version":"6.5.0","description":"Compile ES2015 destructuring to ES5","repository":{"type":"git","url":"https://github.com/babel/babel/tree/master/packages/babel-plugin-transform-es2015-destructuring"},"license":"MIT","main":"lib/index.js","keywords":["babel-plugin"],"dependencies":{"babel-runtime":"^5.0.0"},"devDependencies":{"babel-helper-plugin-test-runner":"^6.3.13"},"_id":"babel-plugin-transform-es2015-destructuring@6.5.0","scripts":{},"_shasum":"6c1c8a6df9e38923b47db8db4504284c9a509141","_from":".","_npmVersion":"3.6.0","_nodeVersion":"5.1.0","_npmUser":{"name":"hzoo","email":"hi@henryzoo.com"},"dist":{"shasum":"6c1c8a6df9e38923b47db8db4504284c9a509141","tarball":"https://registry.npmjs.org/babel-plugin-transform-es2015-destructuring/-/babel-plugin-transform-es2015-destructuring-6.5.0.tgz"},"maintainers":[{"name":"amasad","email":"amjad.masad@gmail.com"},{"name":"hzoo","email":"hi@henryzoo.com"},{"name":"jmm","email":"npm-public@jessemccarthy.net"},{"name":"loganfsmyth","email":"loganfsmyth@gmail.com"},{"name":"sebmck","email":"sebmck@gmail.com"},{"name":"thejameskyle","email":"me@thejameskyle.com"}],"_npmOperationalInternal":{"host":"packages-5-east.internal.npmjs.com","tmp":"tmp/babel-plugin-transform-es2015-destructuring-6.5.0.tgz_1454803652870_0.003400889690965414"},"directories":{}},"6.5.0-1":{"name":"babel-plugin-transform-es2015-destructuring","version":"6.5.0-1","description":"Compile ES2015 destructuring to ES5","repository":{"type":"git","url":"https://github.com/babel/babel/tree/master/packages/babel-plugin-transform-es2015-destructuring"},"license":"MIT","main":"lib/index.js","keywords":["babel-plugin"],"dependencies":{"babel-runtime":"^5.0.0"},"devDependencies":{"babel-helper-plugin-test-runner":"^6.5.0-1"},"_id":"babel-plugin-transform-es2015-destructuring@6.5.0-1","scripts":{},"_shasum":"27ad68347e8c2a79120b86884ec77a9fb3942832","_from":".","_npmVersion":"3.6.0","_nodeVersion":"5.1.0","_npmUser":{"name":"hzoo","email":"hi@henryzoo.com"},"dist":{"shasum":"27ad68347e8c2a79120b86884ec77a9fb3942832","tarball":"https://registry.npmjs.org/babel-plugin-transform-es2015-destructuring/-/babel-plugin-transform-es2015-destructuring-6.5.0-1.tgz"},"maintainers":[{"name":"amasad","email":"amjad.masad@gmail.com"},{"name":"hzoo","email":"hi@henryzoo.com"},{"name":"jmm","email":"npm-public@jessemccarthy.net"},{"name":"loganfsmyth","email":"loganfsmyth@gmail.com"},{"name":"sebmck","email":"sebmck@gmail.com"},{"name":"thejameskyle","email":"me@thejameskyle.com"}],"_npmOperationalInternal":{"host":"packages-6-west.internal.npmjs.com","tmp":"tmp/babel-plugin-transform-es2015-destructuring-6.5.0-1.tgz_1454812836030_0.7388303068000823"},"directories":{}},"6.6.0":{"name":"babel-plugin-transform-es2015-destructuring","version":"6.6.0","description":"Compile ES2015 destructuring to ES5","repository":{"type":"git","url":"https://github.com/babel/babel/tree/master/packages/babel-plugin-transform-es2015-destructuring"},"license":"MIT","main":"lib/index.js","keywords":["babel-plugin"],"dependencies":{"babel-runtime":"^5.0.0"},"devDependencies":{"babel-helper-plugin-test-runner":"^6.3.13"},"_id":"babel-plugin-transform-es2015-destructuring@6.6.0","scripts":{},"_shasum":"0483a50e215854ccabf32cb5629ada6d0b946e5a","_from":".","_npmVersion":"3.6.0","_nodeVersion":"5.1.0","_npmUser":{"name":"hzoo","email":"hi@henryzoo.com"},"dist":{"shasum":"0483a50e215854ccabf32cb5629ada6d0b946e5a","tarball":"https://registry.npmjs.org/babel-plugin-transform-es2015-destructuring/-/babel-plugin-transform-es2015-destructuring-6.6.0.tgz"},"maintainers":[{"name":"amasad","email":"amjad.masad@gmail.com"},{"name":"hzoo","email":"hi@henryzoo.com"},{"name":"jmm","email":"npm-public@jessemccarthy.net"},{"name":"loganfsmyth","email":"loganfsmyth@gmail.com"},{"name":"sebmck","email":"sebmck@gmail.com"},{"name":"thejameskyle","email":"me@thejameskyle.com"}],"_npmOperationalInternal":{"host":"packages-5-east.internal.npmjs.com","tmp":"tmp/babel-plugin-transform-es2015-destructuring-6.6.0.tgz_1456780361660_0.6442960309796035"},"directories":{}},"6.6.4":{"name":"babel-plugin-transform-es2015-destructuring","version":"6.6.4","description":"Compile ES2015 destructuring to ES5","repository":{"type":"git","url":"https://github.com/babel/babel/tree/master/packages/babel-plugin-transform-es2015-destructuring"},"license":"MIT","main":"lib/index.js","keywords":["babel-plugin"],"dependencies":{"babel-runtime":"^5.0.0"},"devDependencies":{"babel-helper-plugin-test-runner":"^6.3.13"},"_id":"babel-plugin-transform-es2015-destructuring@6.6.4","scripts":{},"_shasum":"d2f4120b4bab19d18a4a288a69b1b140e9663eae","_from":".","_npmVersion":"3.6.0","_nodeVersion":"5.1.0","_npmUser":{"name":"hzoo","email":"hi@henryzoo.com"},"dist":{"shasum":"d2f4120b4bab19d18a4a288a69b1b140e9663eae","tarball":"https://registry.npmjs.org/babel-plugin-transform-es2015-destructuring/-/babel-plugin-transform-es2015-destructuring-6.6.4.tgz"},"maintainers":[{"name":"amasad","email":"amjad.masad@gmail.com"},{"name":"hzoo","email":"hi@henryzoo.com"},{"name":"jmm","email":"npm-public@jessemccarthy.net"},{"name":"loganfsmyth","email":"loganfsmyth@gmail.com"},{"name":"sebmck","email":"sebmck@gmail.com"},{"name":"thejameskyle","email":"me@thejameskyle.com"}],"_npmOperationalInternal":{"host":"packages-12-west.internal.npmjs.com","tmp":"tmp/babel-plugin-transform-es2015-destructuring-6.6.4.tgz_1456954182936_0.06681891018524766"},"directories":{}},"6.6.5":{"name":"babel-plugin-transform-es2015-destructuring","version":"6.6.5","description":"Compile ES2015 destructuring to ES5","repository":{"type":"git","url":"https://github.com/babel/babel/tree/master/packages/babel-plugin-transform-es2015-destructuring"},"license":"MIT","main":"lib/index.js","keywords":["babel-plugin"],"dependencies":{"babel-runtime":"^5.0.0"},"devDependencies":{"babel-helper-plugin-test-runner":"^6.3.13"},"_id":"babel-plugin-transform-es2015-destructuring@6.6.5","scripts":{},"_shasum":"6ccb14e245f80a015ee219b0143cf1df59ecd223","_from":".","_npmVersion":"3.6.0","_nodeVersion":"5.1.0","_npmUser":{"name":"hzoo","email":"hi@henryzoo.com"},"dist":{"shasum":"6ccb14e245f80a015ee219b0143cf1df59ecd223","tarball":"https://registry.npmjs.org/babel-plugin-transform-es2015-destructuring/-/babel-plugin-transform-es2015-destructuring-6.6.5.tgz"},"maintainers":[{"name":"amasad","email":"amjad.masad@gmail.com"},{"name":"hzoo","email":"hi@henryzoo.com"},{"name":"jmm","email":"npm-public@jessemccarthy.net"},{"name":"loganfsmyth","email":"loganfsmyth@gmail.com"},{"name":"sebmck","email":"sebmck@gmail.com"},{"name":"thejameskyle","email":"me@thejameskyle.com"}],"_npmOperationalInternal":{"host":"packages-13-west.internal.npmjs.com","tmp":"tmp/babel-plugin-transform-es2015-destructuring-6.6.5.tgz_1457133410610_0.053517414489760995"},"directories":{}},"6.8.0":{"name":"babel-plugin-transform-es2015-destructuring","version":"6.8.0","description":"Compile ES2015 destructuring to ES5","repository":{"type":"git","url":"https://github.com/babel/babel/tree/master/packages/babel-plugin-transform-es2015-destructuring"},"license":"MIT","main":"lib/index.js","keywords":["babel-plugin"],"dependencies":{"babel-runtime":"^6.0.0"},"devDependencies":{"babel-helper-plugin-test-runner":"^6.8.0"},"_id":"babel-plugin-transform-es2015-destructuring@6.8.0","scripts":{},"_shasum":"7bc2ebfcf841b2b895ebe05f4fbb0105f2dad3a7","_from":".","_npmVersion":"3.8.6","_nodeVersion":"5.1.0","_npmUser":{"name":"hzoo","email":"hi@henryzoo.com"},"maintainers":[{"name":"amasad","email":"amjad.masad@gmail.com"},{"name":"hzoo","email":"hi@henryzoo.com"},{"name":"jmm","email":"npm-public@jessemccarthy.net"},{"name":"loganfsmyth","email":"loganfsmyth@gmail.com"},{"name":"sebmck","email":"sebmck@gmail.com"},{"name":"thejameskyle","email":"me@thejameskyle.com"}],"dist":{"shasum":"7bc2ebfcf841b2b895ebe05f4fbb0105f2dad3a7","tarball":"https://registry.npmjs.org/babel-plugin-transform-es2015-destructuring/-/babel-plugin-transform-es2015-destructuring-6.8.0.tgz"},"_npmOperationalInternal":{"host":"packages-16-east.internal.npmjs.com","tmp":"tmp/babel-plugin-transform-es2015-destructuring-6.8.0.tgz_1462232676647_0.5693545769900084"},"directories":{}},"6.9.0":{"name":"babel-plugin-transform-es2015-destructuring","version":"6.9.0","description":"Compile ES2015 destructuring to ES5","repository":{"type":"git","url":"https://github.com/babel/babel/tree/master/packages/babel-plugin-transform-es2015-destructuring"},"license":"MIT","main":"lib/index.js","keywords":["babel-plugin"],"dependencies":{"babel-runtime":"^6.9.0"},"devDependencies":{"babel-helper-plugin-test-runner":"^6.8.0"},"_id":"babel-plugin-transform-es2015-destructuring@6.9.0","scripts":{},"_shasum":"f55747f62534866a51b4c4fdb255e6d85e8604d6","_from":".","_npmVersion":"3.8.6","_nodeVersion":"5.1.0","_npmUser":{"name":"hzoo","email":"hi@henryzoo.com"},"maintainers":[{"name":"amasad","email":"amjad.masad@gmail.com"},{"name":"hzoo","email":"hi@henryzoo.com"},{"name":"jmm","email":"npm-public@jessemccarthy.net"},{"name":"loganfsmyth","email":"loganfsmyth@gmail.com"},{"name":"sebmck","email":"sebmck@gmail.com"},{"name":"thejameskyle","email":"me@thejameskyle.com"}],"dist":{"shasum":"f55747f62534866a51b4c4fdb255e6d85e8604d6","tarball":"https://registry.npmjs.org/babel-plugin-transform-es2015-destructuring/-/babel-plugin-transform-es2015-destructuring-6.9.0.tgz"},"_npmOperationalInternal":{"host":"packages-16-east.internal.npmjs.com","tmp":"tmp/babel-plugin-transform-es2015-destructuring-6.9.0.tgz_1463510971270_0.33737102639861405"},"directories":{}},"6.16.0":{"name":"babel-plugin-transform-es2015-destructuring","version":"6.16.0","description":"Compile ES2015 destructuring to ES5","repository":{"type":"git","url":"https://github.com/babel/babel/tree/master/packages/babel-plugin-transform-es2015-destructuring"},"license":"MIT","main":"lib/index.js","keywords":["babel-plugin"],"dependencies":{"babel-runtime":"^6.9.0"},"devDependencies":{"babel-helper-plugin-test-runner":"^6.8.0"},"_id":"babel-plugin-transform-es2015-destructuring@6.16.0","scripts":{},"_shasum":"050fe0866f5d53b36062ee10cdf5bfe64f929627","_from":".","_npmVersion":"3.10.8","_nodeVersion":"5.11.1","_npmUser":{"name":"hzoo","email":"hi@henryzoo.com"},"dist":{"shasum":"050fe0866f5d53b36062ee10cdf5bfe64f929627","tarball":"https://registry.npmjs.org/babel-plugin-transform-es2015-destructuring/-/babel-plugin-transform-es2015-destructuring-6.16.0.tgz"},"maintainers":[{"name":"amasad","email":"amjad.masad@gmail.com"},{"name":"hzoo","email":"hi@henryzoo.com"},{"name":"jmm","email":"npm-public@jessemccarthy.net"},{"name":"loganfsmyth","email":"loganfsmyth@gmail.com"},{"name":"sebmck","email":"sebmck@gmail.com"},{"name":"thejameskyle","email":"me@thejameskyle.com"}],"_npmOperationalInternal":{"host":"packages-12-west.internal.npmjs.com","tmp":"tmp/babel-plugin-transform-es2015-destructuring-6.16.0.tgz_1475091533927_0.021086890250444412"},"directories":{}},"6.18.0":{"name":"babel-plugin-transform-es2015-destructuring","version":"6.18.0","description":"Compile ES2015 destructuring to ES5","repository":{"type":"git","url":"https://github.com/babel/babel/tree/master/packages/babel-plugin-transform-es2015-destructuring"},"license":"MIT","main":"lib/index.js","keywords":["babel-plugin"],"dependencies":{"babel-runtime":"^6.9.0"},"devDependencies":{"babel-helper-plugin-test-runner":"^6.18.0"},"_id":"babel-plugin-transform-es2015-destructuring@6.18.0","scripts":{},"_shasum":"a08fb89415ab82058649558bedb7bf8dafa76ba5","_from":".","_npmVersion":"3.10.8","_nodeVersion":"6.9.0","_npmUser":{"name":"hzoo","email":"hi@henryzoo.com"},"dist":{"shasum":"a08fb89415ab82058649558bedb7bf8dafa76ba5","tarball":"https://registry.npmjs.org/babel-plugin-transform-es2015-destructuring/-/babel-plugin-transform-es2015-destructuring-6.18.0.tgz"},"maintainers":[{"name":"amasad","email":"amjad.masad@gmail.com"},{"name":"hzoo","email":"hi@henryzoo.com"},{"name":"jmm","email":"npm-public@jessemccarthy.net"},{"name":"loganfsmyth","email":"loganfsmyth@gmail.com"},{"name":"sebmck","email":"sebmck@gmail.com"},{"name":"thejameskyle","email":"me@thejameskyle.com"}],"_npmOperationalInternal":{"host":"packages-12-west.internal.npmjs.com","tmp":"tmp/babel-plugin-transform-es2015-destructuring-6.18.0.tgz_1477343940303_0.958737633889541"},"directories":{}},"6.19.0":{"name":"babel-plugin-transform-es2015-destructuring","version":"6.19.0","description":"Compile ES2015 destructuring to ES5","repository":{"type":"git","url":"https://github.com/babel/babel/tree/master/packages/babel-plugin-transform-es2015-destructuring"},"license":"MIT","main":"lib/index.js","keywords":["babel-plugin"],"dependencies":{"babel-runtime":"^6.9.0"},"devDependencies":{"babel-helper-plugin-test-runner":"^6.18.0"},"_id":"babel-plugin-transform-es2015-destructuring@6.19.0","scripts":{},"_shasum":"ff1d911c4b3f4cab621bd66702a869acd1900533","_from":".","_npmVersion":"3.10.8","_nodeVersion":"6.9.0","_npmUser":{"name":"hzoo","email":"hi@henryzoo.com"},"dist":{"shasum":"ff1d911c4b3f4cab621bd66702a869acd1900533","tarball":"https://registry.npmjs.org/babel-plugin-transform-es2015-destructuring/-/babel-plugin-transform-es2015-destructuring-6.19.0.tgz"},"maintainers":[{"name":"amasad","email":"amjad.masad@gmail.com"},{"name":"hzoo","email":"hi@henryzoo.com"},{"name":"jmm","email":"npm-public@jessemccarthy.net"},{"name":"loganfsmyth","email":"loganfsmyth@gmail.com"},{"name":"sebmck","email":"sebmck@gmail.com"},{"name":"thejameskyle","email":"me@thejameskyle.com"}],"_npmOperationalInternal":{"host":"packages-12-west.internal.npmjs.com","tmp":"tmp/babel-plugin-transform-es2015-destructuring-6.19.0.tgz_1479312925888_0.35334904096089303"},"directories":{}},"6.22.0":{"name":"babel-plugin-transform-es2015-destructuring","version":"6.22.0","description":"Compile ES2015 destructuring to ES5","repository":{"type":"git","url":"https://github.com/babel/babel/tree/master/packages/babel-plugin-transform-es2015-destructuring"},"license":"MIT","main":"lib/index.js","keywords":["babel-plugin"],"dependencies":{"babel-runtime":"^6.22.0"},"devDependencies":{"babel-helper-plugin-test-runner":"^6.22.0"},"_id":"babel-plugin-transform-es2015-destructuring@6.22.0","scripts":{},"_shasum":"8e0af2f885a0b2cf999d47c4c1dd23ce88cfa4c6","_from":".","_npmVersion":"3.10.10","_nodeVersion":"6.9.0","_npmUser":{"name":"hzoo","email":"hi@henryzoo.com"},"dist":{"shasum":"8e0af2f885a0b2cf999d47c4c1dd23ce88cfa4c6","tarball":"https://registry.npmjs.org/babel-plugin-transform-es2015-destructuring/-/babel-plugin-transform-es2015-destructuring-6.22.0.tgz"},"maintainers":[{"name":"amasad","email":"amjad.masad@gmail.com"},{"name":"hzoo","email":"hi@henryzoo.com"},{"name":"jmm","email":"npm-public@jessemccarthy.net"},{"name":"loganfsmyth","email":"loganfsmyth@gmail.com"},{"name":"sebmck","email":"sebmck@gmail.com"},{"name":"thejameskyle","email":"me@thejameskyle.com"}],"_npmOperationalInternal":{"host":"packages-18-east.internal.npmjs.com","tmp":"tmp/babel-plugin-transform-es2015-destructuring-6.22.0.tgz_1484872430693_0.68320457264781"},"directories":{}},"6.23.0":{"name":"babel-plugin-transform-es2015-destructuring","version":"6.23.0","description":"Compile ES2015 destructuring to ES5","repository":{"type":"git","url":"https://github.com/babel/babel/tree/master/packages/babel-plugin-transform-es2015-destructuring"},"license":"MIT","main":"lib/index.js","keywords":["babel-plugin"],"dependencies":{"babel-runtime":"^6.22.0"},"devDependencies":{"babel-helper-plugin-test-runner":"^6.22.0"},"_id":"babel-plugin-transform-es2015-destructuring@6.23.0","scripts":{},"_shasum":"997bb1f1ab967f682d2b0876fe358d60e765c56d","_from":".","_npmVersion":"3.10.8","_nodeVersion":"6.9.1","_npmUser":{"name":"loganfsmyth","email":"loganfsmyth@gmail.com"},"dist":{"shasum":"997bb1f1ab967f682d2b0876fe358d60e765c56d","tarball":"https://registry.npmjs.org/babel-plugin-transform-es2015-destructuring/-/babel-plugin-transform-es2015-destructuring-6.23.0.tgz"},"maintainers":[{"name":"amasad","email":"amjad.masad@gmail.com"},{"name":"hzoo","email":"hi@henryzoo.com"},{"name":"jmm","email":"npm-public@jessemccarthy.net"},{"name":"loganfsmyth","email":"loganfsmyth@gmail.com"},{"name":"sebmck","email":"sebmck@gmail.com"},{"name":"thejameskyle","email":"me@thejameskyle.com"}],"_npmOperationalInternal":{"host":"packages-18-east.internal.npmjs.com","tmp":"tmp/babel-plugin-transform-es2015-destructuring-6.23.0.tgz_1487027061235_0.5828666132874787"},"directories":{}},"7.0.0-alpha.1":{"name":"babel-plugin-transform-es2015-destructuring","version":"7.0.0-alpha.1","description":"Compile ES2015 destructuring to ES5","repository":{"type":"git","url":"https://github.com/babel/babel/tree/master/packages/babel-plugin-transform-es2015-destructuring"},"license":"MIT","main":"lib/index.js","keywords":["babel-plugin"],"devDependencies":{"babel-helper-plugin-test-runner":"7.0.0-alpha.1"},"_id":"babel-plugin-transform-es2015-destructuring@7.0.0-alpha.1","scripts":{},"_shasum":"b49a80cb0e039863b5040913228afef1cceafe22","_from":".","_npmVersion":"3.10.10","_nodeVersion":"6.9.0","_npmUser":{"name":"hzoo","email":"hi@henryzoo.com"},"dist":{"shasum":"b49a80cb0e039863b5040913228afef1cceafe22","tarball":"https://registry.npmjs.org/babel-plugin-transform-es2015-destructuring/-/babel-plugin-transform-es2015-destructuring-7.0.0-alpha.1.tgz"},"maintainers":[{"name":"amasad","email":"amjad.masad@gmail.com"},{"name":"hzoo","email":"hi@henryzoo.com"},{"name":"jmm","email":"npm-public@jessemccarthy.net"},{"name":"loganfsmyth","email":"loganfsmyth@gmail.com"},{"name":"sebmck","email":"sebmck@gmail.com"},{"name":"thejameskyle","email":"me@thejameskyle.com"}],"_npmOperationalInternal":{"host":"packages-12-west.internal.npmjs.com","tmp":"tmp/babel-plugin-transform-es2015-destructuring-7.0.0-alpha.1.tgz_1488488702267_0.4449623809196055"},"directories":{}},"7.0.0-alpha.3":{"name":"babel-plugin-transform-es2015-destructuring","version":"7.0.0-alpha.3","description":"Compile ES2015 destructuring to ES5","repository":{"type":"git","url":"https://github.com/babel/babel/tree/master/packages/babel-plugin-transform-es2015-destructuring"},"license":"MIT","main":"lib/index.js","keywords":["babel-plugin"],"devDependencies":{"babel-helper-plugin-test-runner":"7.0.0-alpha.3"},"_id":"babel-plugin-transform-es2015-destructuring@7.0.0-alpha.3","scripts":{},"_shasum":"509333f153ba1b58fa1a4b48286cbdce11b028a0","_from":".","_npmVersion":"3.10.10","_nodeVersion":"6.9.0","_npmUser":{"name":"hzoo","email":"hi@henryzoo.com"},"dist":{"shasum":"509333f153ba1b58fa1a4b48286cbdce11b028a0","tarball":"https://registry.npmjs.org/babel-plugin-transform-es2015-destructuring/-/babel-plugin-transform-es2015-destructuring-7.0.0-alpha.3.tgz"},"maintainers":[{"name":"amasad","email":"amjad.masad@gmail.com"},{"name":"hzoo","email":"hi@henryzoo.com"},{"name":"jmm","email":"npm-public@jessemccarthy.net"},{"name":"loganfsmyth","email":"loganfsmyth@gmail.com"},{"name":"sebmck","email":"sebmck@gmail.com"},{"name":"thejameskyle","email":"me@thejameskyle.com"}],"_npmOperationalInternal":{"host":"packages-18-east.internal.npmjs.com","tmp":"tmp/babel-plugin-transform-es2015-destructuring-7.0.0-alpha.3.tgz_1490298552434_0.6877212855033576"},"directories":{}},"7.0.0-alpha.7":{"name":"babel-plugin-transform-es2015-destructuring","version":"7.0.0-alpha.7","description":"Compile ES2015 destructuring to ES5","repository":{"type":"git","url":"https://github.com/babel/babel/tree/master/packages/babel-plugin-transform-es2015-destructuring"},"license":"MIT","main":"lib/index.js","keywords":["babel-plugin"],"devDependencies":{"babel-helper-plugin-test-runner":"7.0.0-alpha.7"},"_id":"babel-plugin-transform-es2015-destructuring@7.0.0-alpha.7","scripts":{},"_shasum":"7a5a907cf67f824f6cc5e7832a3f16ba51abdc05","_from":".","_npmVersion":"3.10.10","_nodeVersion":"6.9.0","_npmUser":{"name":"hzoo","email":"hi@henryzoo.com"},"dist":{"shasum":"7a5a907cf67f824f6cc5e7832a3f16ba51abdc05","tarball":"https://registry.npmjs.org/babel-plugin-transform-es2015-destructuring/-/babel-plugin-transform-es2015-destructuring-7.0.0-alpha.7.tgz"},"maintainers":[{"name":"amasad","email":"amjad.masad@gmail.com"},{"name":"hzoo","email":"hi@henryzoo.com"},{"name":"jmm","email":"npm-public@jessemccarthy.net"},{"name":"loganfsmyth","email":"loganfsmyth@gmail.com"},{"name":"sebmck","email":"sebmck@gmail.com"},{"name":"thejameskyle","email":"me@thejameskyle.com"}],"_npmOperationalInternal":{"host":"packages-18-east.internal.npmjs.com","tmp":"tmp/babel-plugin-transform-es2015-destructuring-7.0.0-alpha.7.tgz_1491426816996_0.8597502624616027"},"directories":{}},"7.0.0-alpha.8":{"name":"babel-plugin-transform-es2015-destructuring","version":"7.0.0-alpha.8","description":"Compile ES2015 destructuring to ES5","repository":{"type":"git","url":"https://github.com/babel/babel/tree/master/packages/babel-plugin-transform-es2015-destructuring"},"license":"MIT","main":"lib/index.js","keywords":["babel-plugin"],"devDependencies":{"babel-helper-plugin-test-runner":"7.0.0-alpha.8"},"_id":"babel-plugin-transform-es2015-destructuring@7.0.0-alpha.8","scripts":{},"_shasum":"6c7fbed6f8c4ec53adc80f271e04f3cf94b6b8b5","_from":".","_npmVersion":"3.10.10","_nodeVersion":"6.9.0","_npmUser":{"name":"hzoo","email":"hi@henryzoo.com"},"dist":{"shasum":"6c7fbed6f8c4ec53adc80f271e04f3cf94b6b8b5","tarball":"https://registry.npmjs.org/babel-plugin-transform-es2015-destructuring/-/babel-plugin-transform-es2015-destructuring-7.0.0-alpha.8.tgz"},"maintainers":[{"name":"amasad","email":"amjad.masad@gmail.com"},{"name":"hzoo","email":"hi@henryzoo.com"},{"name":"jmm","email":"npm-public@jessemccarthy.net"},{"name":"loganfsmyth","email":"loganfsmyth@gmail.com"},{"name":"sebmck","email":"sebmck@gmail.com"},{"name":"thejameskyle","email":"me@thejameskyle.com"}],"_npmOperationalInternal":{"host":"packages-12-west.internal.npmjs.com","tmp":"tmp/babel-plugin-transform-es2015-destructuring-7.0.0-alpha.8.tgz_1492456356786_0.007263490464538336"},"directories":{}},"7.0.0-alpha.9":{"name":"babel-plugin-transform-es2015-destructuring","version":"7.0.0-alpha.9","description":"Compile ES2015 destructuring to ES5","repository":{"type":"git","url":"https://github.com/babel/babel/tree/master/packages/babel-plugin-transform-es2015-destructuring"},"license":"MIT","main":"lib/index.js","keywords":["babel-plugin"],"devDependencies":{"babel-helper-plugin-test-runner":"7.0.0-alpha.9"},"_id":"babel-plugin-transform-es2015-destructuring@7.0.0-alpha.9","scripts":{},"_shasum":"ef66f4e6eed8ea3f5d26f8a2464d3815f6250236","_from":".","_npmVersion":"3.10.10","_nodeVersion":"6.9.0","_npmUser":{"name":"hzoo","email":"hi@henryzoo.com"},"dist":{"shasum":"ef66f4e6eed8ea3f5d26f8a2464d3815f6250236","tarball":"https://registry.npmjs.org/babel-plugin-transform-es2015-destructuring/-/babel-plugin-transform-es2015-destructuring-7.0.0-alpha.9.tgz"},"maintainers":[{"name":"amasad","email":"amjad.masad@gmail.com"},{"name":"hzoo","email":"hi@henryzoo.com"},{"name":"jmm","email":"npm-public@jessemccarthy.net"},{"name":"loganfsmyth","email":"loganfsmyth@gmail.com"},{"name":"sebmck","email":"sebmck@gmail.com"},{"name":"thejameskyle","email":"me@thejameskyle.com"}],"_npmOperationalInternal":{"host":"packages-12-west.internal.npmjs.com","tmp":"tmp/babel-plugin-transform-es2015-destructuring-7.0.0-alpha.9.tgz_1492526503912_0.1611515071708709"},"directories":{}},"7.0.0-alpha.10":{"name":"babel-plugin-transform-es2015-destructuring","version":"7.0.0-alpha.10","description":"Compile ES2015 destructuring to ES5","repository":{"type":"git","url":"https://github.com/babel/babel/tree/master/packages/babel-plugin-transform-es2015-destructuring"},"license":"MIT","main":"lib/index.js","keywords":["babel-plugin"],"devDependencies":{"babel-helper-plugin-test-runner":"7.0.0-alpha.10"},"_id":"babel-plugin-transform-es2015-destructuring@7.0.0-alpha.10","scripts":{},"_shasum":"b479ffdf6ea808f4f641656c4a204ae2ca424b2c","_from":".","_npmVersion":"3.10.10","_nodeVersion":"6.9.0","_npmUser":{"name":"hzoo","email":"hi@henryzoo.com"},"dist":{"shasum":"b479ffdf6ea808f4f641656c4a204ae2ca424b2c","tarball":"https://registry.npmjs.org/babel-plugin-transform-es2015-destructuring/-/babel-plugin-transform-es2015-destructuring-7.0.0-alpha.10.tgz"},"maintainers":[{"email":"daniel@tschinder.de","name":"danez"},{"email":"hi@henryzoo.com","name":"hzoo"},{"email":"loganfsmyth@gmail.com","name":"loganfsmyth"}],"_npmOperationalInternal":{"host":"s3://npm-registry-packages","tmp":"tmp/babel-plugin-transform-es2015-destructuring-7.0.0-alpha.10.tgz_1495739833184_0.957177547737956"},"directories":{}},"7.0.0-alpha.11":{"name":"babel-plugin-transform-es2015-destructuring","version":"7.0.0-alpha.11","description":"Compile ES2015 destructuring to ES5","repository":{"type":"git","url":"https://github.com/babel/babel/tree/master/packages/babel-plugin-transform-es2015-destructuring"},"license":"MIT","main":"lib/index.js","keywords":["babel-plugin"],"devDependencies":{"babel-helper-plugin-test-runner":"7.0.0-alpha.11"},"_id":"babel-plugin-transform-es2015-destructuring@7.0.0-alpha.11","_npmVersion":"5.0.0","_nodeVersion":"6.9.0","_npmUser":{"name":"hzoo","email":"hi@henryzoo.com"},"dist":{"integrity":"sha512-6Y+DeKh4+AhcOSYR36cWBoMje4fq06qBCgMMYBJYFab0qicxHBIJWwa1c+P1JGyY1MZad8kE2Hc6GEwiZuvHaA==","shasum":"d7329cd888bb8a3424c1d476da68880d4cebeffd","tarball":"https://registry.npmjs.org/babel-plugin-transform-es2015-destructuring/-/babel-plugin-transform-es2015-destructuring-7.0.0-alpha.11.tgz"},"maintainers":[{"email":"sebmck@gmail.com","name":"sebmck"},{"email":"daniel@tschinder.de","name":"danez"},{"email":"hi@henryzoo.com","name":"hzoo"},{"email":"loganfsmyth@gmail.com","name":"loganfsmyth"}],"_npmOperationalInternal":{"host":"s3://npm-registry-packages","tmp":"tmp/babel-plugin-transform-es2015-destructuring-7.0.0-alpha.11.tgz_1496263414147_0.34080122085288167"},"directories":{}},"7.0.0-alpha.12":{"name":"babel-plugin-transform-es2015-destructuring","version":"7.0.0-alpha.12","description":"Compile ES2015 destructuring to ES5","repository":{"type":"git","url":"https://github.com/babel/babel/tree/master/packages/babel-plugin-transform-es2015-destructuring"},"license":"MIT","main":"lib/index.js","keywords":["babel-plugin"],"devDependencies":{"babel-helper-plugin-test-runner":"7.0.0-alpha.12"},"_id":"babel-plugin-transform-es2015-destructuring@7.0.0-alpha.12","_npmVersion":"5.0.0","_nodeVersion":"6.9.0","_npmUser":{"name":"hzoo","email":"hi@henryzoo.com"},"dist":{"integrity":"sha512-QnyiheXnOWE/NkIgQ9SE7VDAuZ4qJpBq5ZNn3unLHycqpWZK2nVFGH0YCLaUAC63xpfhb8jZK8a6A9JdrVcT9Q==","shasum":"a0d8756c9e29d05487c9154cc16e19e038765e56","tarball":"https://registry.npmjs.org/babel-plugin-transform-es2015-destructuring/-/babel-plugin-transform-es2015-destructuring-7.0.0-alpha.12.tgz"},"maintainers":[{"email":"sebmck@gmail.com","name":"sebmck"},{"email":"daniel@tschinder.de","name":"danez"},{"email":"hi@henryzoo.com","name":"hzoo"},{"email":"loganfsmyth@gmail.com","name":"loganfsmyth"}],"_npmOperationalInternal":{"host":"s3://npm-registry-packages","tmp":"tmp/babel-plugin-transform-es2015-destructuring-7.0.0-alpha.12.tgz_1496265108241_0.5131849853787571"},"directories":{}},"7.0.0-alpha.13":{"name":"babel-plugin-transform-es2015-destructuring","version":"7.0.0-alpha.13","description":"Compile ES2015 destructuring to ES5","repository":{"type":"git","url":"https://github.com/babel/babel/tree/master/packages/babel-plugin-transform-es2015-destructuring"},"license":"MIT","main":"lib/index.js","keywords":["babel-plugin"],"devDependencies":{"babel-helper-plugin-test-runner":"7.0.0-alpha.13"},"_id":"babel-plugin-transform-es2015-destructuring@7.0.0-alpha.13","scripts":{},"_shasum":"9211ff4237a6854df33b577d2a9552a5c050527a","_from":".","_npmVersion":"4.6.1","_nodeVersion":"6.9.0","_npmUser":{"name":"hzoo","email":"hi@henryzoo.com"},"dist":{"shasum":"9211ff4237a6854df33b577d2a9552a5c050527a","tarball":"https://registry.npmjs.org/babel-plugin-transform-es2015-destructuring/-/babel-plugin-transform-es2015-destructuring-7.0.0-alpha.13.tgz"},"maintainers":[{"email":"sebmck@gmail.com","name":"sebmck"},{"email":"daniel@tschinder.de","name":"danez"},{"email":"hi@henryzoo.com","name":"hzoo"},{"email":"loganfsmyth@gmail.com","name":"loganfsmyth"}],"_npmOperationalInternal":{"host":"s3://npm-registry-packages","tmp":"tmp/babel-plugin-transform-es2015-destructuring-7.0.0-alpha.13.tgz_1499826494161_0.758685513632372"},"directories":{}},"7.0.0-alpha.14":{"name":"babel-plugin-transform-es2015-destructuring","version":"7.0.0-alpha.14","description":"Compile ES2015 destructuring to ES5","repository":{"type":"git","url":"https://github.com/babel/babel/tree/master/packages/babel-plugin-transform-es2015-destructuring"},"license":"MIT","main":"lib/index.js","keywords":["babel-plugin"],"devDependencies":{"babel-helper-plugin-test-runner":"7.0.0-alpha.14"},"_id":"babel-plugin-transform-es2015-destructuring@7.0.0-alpha.14","scripts":{},"_shasum":"13617af076cba64fa6ce6539c8f2e091f5731264","_from":".","_npmVersion":"4.6.1","_nodeVersion":"6.9.0","_npmUser":{"name":"hzoo","email":"hi@henryzoo.com"},"dist":{"shasum":"13617af076cba64fa6ce6539c8f2e091f5731264","tarball":"https://registry.npmjs.org/babel-plugin-transform-es2015-destructuring/-/babel-plugin-transform-es2015-destructuring-7.0.0-alpha.14.tgz"},"maintainers":[{"email":"sebmck@gmail.com","name":"sebmck"},{"email":"daniel@tschinder.de","name":"danez"},{"email":"hi@henryzoo.com","name":"hzoo"},{"email":"loganfsmyth@gmail.com","name":"loganfsmyth"}],"_npmOperationalInternal":{"host":"s3://npm-registry-packages","tmp":"tmp/babel-plugin-transform-es2015-destructuring-7.0.0-alpha.14.tgz_1499828004057_0.0827844135928899"},"directories":{}},"7.0.0-alpha.15":{"name":"babel-plugin-transform-es2015-destructuring","version":"7.0.0-alpha.15","description":"Compile ES2015 destructuring to ES5","repository":{"type":"git","url":"https://github.com/babel/babel/tree/master/packages/babel-plugin-transform-es2015-destructuring"},"license":"MIT","main":"lib/index.js","keywords":["babel-plugin"],"devDependencies":{"babel-helper-plugin-test-runner":"7.0.0-alpha.15"},"_id":"babel-plugin-transform-es2015-destructuring@7.0.0-alpha.15","scripts":{},"_shasum":"18232b6c4d8f6bec81fab296e1b3f03060e8234a","_from":".","_npmVersion":"4.6.1","_nodeVersion":"6.9.0","_npmUser":{"name":"hzoo","email":"hi@henryzoo.com"},"dist":{"shasum":"18232b6c4d8f6bec81fab296e1b3f03060e8234a","tarball":"https://registry.npmjs.org/babel-plugin-transform-es2015-destructuring/-/babel-plugin-transform-es2015-destructuring-7.0.0-alpha.15.tgz"},"maintainers":[{"email":"sebmck@gmail.com","name":"sebmck"},{"email":"daniel@tschinder.de","name":"danez"},{"email":"hi@henryzoo.com","name":"hzoo"},{"email":"loganfsmyth@gmail.com","name":"loganfsmyth"}],"_npmOperationalInternal":{"host":"s3://npm-registry-packages","tmp":"tmp/babel-plugin-transform-es2015-destructuring-7.0.0-alpha.15.tgz_1499830537985_0.5599004223477095"},"directories":{}},"7.0.0-alpha.16":{"name":"babel-plugin-transform-es2015-destructuring","version":"7.0.0-alpha.16","description":"Compile ES2015 destructuring to ES5","repository":{"type":"git","url":"https://github.com/babel/babel/tree/master/packages/babel-plugin-transform-es2015-destructuring"},"license":"MIT","main":"lib/index.js","keywords":["babel-plugin"],"devDependencies":{"babel-helper-plugin-test-runner":"7.0.0-alpha.16"},"_id":"babel-plugin-transform-es2015-destructuring@7.0.0-alpha.16","scripts":{},"_shasum":"38c05c87dbc0072f8eb7cc58ed9d64184123d7f0","_from":".","_npmVersion":"4.6.1","_nodeVersion":"6.9.0","_npmUser":{"name":"hzoo","email":"hi@henryzoo.com"},"dist":{"shasum":"38c05c87dbc0072f8eb7cc58ed9d64184123d7f0","tarball":"https://registry.npmjs.org/babel-plugin-transform-es2015-destructuring/-/babel-plugin-transform-es2015-destructuring-7.0.0-alpha.16.tgz"},"maintainers":[{"email":"sebmck@gmail.com","name":"sebmck"},{"email":"daniel@tschinder.de","name":"danez"},{"email":"hi@henryzoo.com","name":"hzoo"},{"email":"loganfsmyth@gmail.com","name":"loganfsmyth"}],"_npmOperationalInternal":{"host":"s3://npm-registry-packages","tmp":"tmp/babel-plugin-transform-es2015-destructuring-7.0.0-alpha.16.tgz_1501017452072_0.9243495520204306"},"directories":{}},"7.0.0-alpha.17":{"name":"babel-plugin-transform-es2015-destructuring","version":"7.0.0-alpha.17","description":"Compile ES2015 destructuring to ES5","repository":{"type":"git","url":"https://github.com/babel/babel/tree/master/packages/babel-plugin-transform-es2015-destructuring"},"license":"MIT","main":"lib/index.js","keywords":["babel-plugin"],"devDependencies":{"babel-helper-plugin-test-runner":"7.0.0-alpha.17"},"_id":"babel-plugin-transform-es2015-destructuring@7.0.0-alpha.17","scripts":{},"_shasum":"22037c0c6d3d19ec5a7d4ee5f60a16bfd92fdca6","_from":".","_npmVersion":"4.6.1","_nodeVersion":"6.9.0","_npmUser":{"name":"hzoo","email":"hi@henryzoo.com"},"dist":{"shasum":"22037c0c6d3d19ec5a7d4ee5f60a16bfd92fdca6","tarball":"https://registry.npmjs.org/babel-plugin-transform-es2015-destructuring/-/babel-plugin-transform-es2015-destructuring-7.0.0-alpha.17.tgz"},"maintainers":[{"email":"sebmck@gmail.com","name":"sebmck"},{"email":"daniel@tschinder.de","name":"danez"},{"email":"hi@henryzoo.com","name":"hzoo"},{"email":"loganfsmyth@gmail.com","name":"loganfsmyth"}],"_npmOperationalInternal":{"host":"s3://npm-registry-packages","tmp":"tmp/babel-plugin-transform-es2015-destructuring-7.0.0-alpha.17.tgz_1501072741035_0.1183178226929158"},"directories":{}},"7.0.0-alpha.18":{"name":"babel-plugin-transform-es2015-destructuring","version":"7.0.0-alpha.18","description":"Compile ES2015 destructuring to ES5","repository":{"type":"git","url":"https://github.com/babel/babel/tree/master/packages/babel-plugin-transform-es2015-destructuring"},"license":"MIT","main":"lib/index.js","keywords":["babel-plugin"],"devDependencies":{"babel-helper-plugin-test-runner":"7.0.0-alpha.18"},"_id":"babel-plugin-transform-es2015-destructuring@7.0.0-alpha.18","_npmVersion":"5.3.0","_nodeVersion":"8.1.4","_npmUser":{"name":"hzoo","email":"hi@henryzoo.com"},"dist":{"integrity":"sha512-sc6AOLO0r06/DXanbF2VQQEDHUsmpTkIYyv3dq8RNtxpTxgKXLCoE5mGfi6ODxh38nnSM/YbJiDEGCv5DC4BKQ==","shasum":"d69b9fddee3f7da1d7058008aafa4a26d27fa4ce","tarball":"https://registry.npmjs.org/babel-plugin-transform-es2015-destructuring/-/babel-plugin-transform-es2015-destructuring-7.0.0-alpha.18.tgz"},"maintainers":[{"email":"me@thejameskyle.com","name":"thejameskyle"},{"email":"sebmck@gmail.com","name":"sebmck"},{"email":"daniel@tschinder.de","name":"danez"},{"email":"hi@henryzoo.com","name":"hzoo"},{"email":"loganfsmyth@gmail.com","name":"loganfsmyth"}],"_npmOperationalInternal":{"host":"s3://npm-registry-packages","tmp":"tmp/babel-plugin-transform-es2015-destructuring-7.0.0-alpha.18.tgz_1501798848500_0.193567510927096"},"directories":{}},"7.0.0-alpha.19":{"name":"babel-plugin-transform-es2015-destructuring","version":"7.0.0-alpha.19","description":"Compile ES2015 destructuring to ES5","repository":{"type":"git","url":"https://github.com/babel/babel/tree/master/packages/babel-plugin-transform-es2015-destructuring"},"license":"MIT","main":"lib/index.js","keywords":["babel-plugin"],"devDependencies":{"babel-helper-plugin-test-runner":"7.0.0-alpha.19"},"_id":"babel-plugin-transform-es2015-destructuring@7.0.0-alpha.19","_npmVersion":"5.3.0","_nodeVersion":"8.1.4","_npmUser":{"name":"hzoo","email":"hi@henryzoo.com"},"dist":{"integrity":"sha512-9kcQAwAOkEBH9EQxrC14LUX+S6yPoexgbiC8EjMVx0MlPqcEkRU49PZOmYqPJg6yoV7wiR7OHyb1tw7kzSNZzQ==","shasum":"cd1bac3aad6b54613305a8e1c152d0a28fa34470","tarball":"https://registry.npmjs.org/babel-plugin-transform-es2015-destructuring/-/babel-plugin-transform-es2015-destructuring-7.0.0-alpha.19.tgz"},"maintainers":[{"email":"me@thejameskyle.com","name":"thejameskyle"},{"email":"sebmck@gmail.com","name":"sebmck"},{"email":"daniel@tschinder.de","name":"danez"},{"email":"hi@henryzoo.com","name":"hzoo"},{"email":"loganfsmyth@gmail.com","name":"loganfsmyth"}],"_npmOperationalInternal":{"host":"s3://npm-registry-packages","tmp":"tmp/babel-plugin-transform-es2015-destructuring-7.0.0-alpha.19.tgz_1502144485125_0.5186296277679503"},"directories":{}},"7.0.0-alpha.20":{"name":"babel-plugin-transform-es2015-destructuring","version":"7.0.0-alpha.20","description":"Compile ES2015 destructuring to ES5","repository":{"type":"git","url":"https://github.com/babel/babel/tree/master/packages/babel-plugin-transform-es2015-destructuring"},"license":"MIT","main":"lib/index.js","keywords":["babel-plugin"],"devDependencies":{"babel-helper-plugin-test-runner":"7.0.0-alpha.20"},"_id":"babel-plugin-transform-es2015-destructuring@7.0.0-alpha.20","_npmVersion":"5.3.0","_nodeVersion":"8.1.4","_npmUser":{"name":"hzoo","email":"hi@henryzoo.com"},"dist":{"integrity":"sha512-iGeI/IGyBgo+9lADJ5g9oJ60hdOsa1yoDeCO/az3WpvCQIgAUSh1vH0N4KpXd/Iad4yDeB9rzBim8AJOWNKvTg==","shasum":"5fbaee66c325fd204e085c2dd891ab77a593e7f7","tarball":"https://registry.npmjs.org/babel-plugin-transform-es2015-destructuring/-/babel-plugin-transform-es2015-destructuring-7.0.0-alpha.20.tgz"},"maintainers":[{"email":"me@thejameskyle.com","name":"thejameskyle"},{"email":"sebmck@gmail.com","name":"sebmck"},{"email":"daniel@tschinder.de","name":"danez"},{"email":"hi@henryzoo.com","name":"hzoo"},{"email":"loganfsmyth@gmail.com","name":"loganfsmyth"}],"_npmOperationalInternal":{"host":"s3://npm-registry-packages","tmp":"tmp/babel-plugin-transform-es2015-destructuring-7.0.0-alpha.20.tgz_1504119114789_0.49132733908481896"},"directories":{}},"7.0.0-beta.0":{"name":"babel-plugin-transform-es2015-destructuring","version":"7.0.0-beta.0","description":"Compile ES2015 destructuring to ES5","repository":{"type":"git","url":"https://github.com/babel/babel/tree/master/packages/babel-plugin-transform-es2015-destructuring"},"license":"MIT","main":"lib/index.js","keywords":["babel-plugin"],"devDependencies":{"babel-helper-plugin-test-runner":"7.0.0-beta.0"},"_id":"babel-plugin-transform-es2015-destructuring@7.0.0-beta.0","_npmVersion":"5.3.0","_nodeVersion":"8.1.4","_npmUser":{"name":"hzoo","email":"hi@henryzoo.com"},"dist":{"integrity":"sha512-9Gb4nkiyDiF9vNxLhXu2xra68i0UzCPxePP9i3u3XqCb+O3TsVGYwX5kqys2FlhIZoOoJXCmjdfGit3qiJFXoA==","shasum":"7ba85619f426278ab75844e2679abddf68db5845","tarball":"https://registry.npmjs.org/babel-plugin-transform-es2015-destructuring/-/babel-plugin-transform-es2015-destructuring-7.0.0-beta.0.tgz"},"maintainers":[{"email":"me@thejameskyle.com","name":"thejameskyle"},{"email":"sebmck@gmail.com","name":"sebmck"},{"email":"daniel@tschinder.de","name":"danez"},{"email":"hi@henryzoo.com","name":"hzoo"},{"email":"loganfsmyth@gmail.com","name":"loganfsmyth"}],"_npmOperationalInternal":{"host":"s3://npm-registry-packages","tmp":"tmp/babel-plugin-transform-es2015-destructuring-7.0.0-beta.0.tgz_1505185319401_0.6392051849979907"},"directories":{}},"7.0.0-beta.1":{"name":"babel-plugin-transform-es2015-destructuring","version":"7.0.0-beta.1","description":"Compile ES2015 destructuring to ES5","repository":{"type":"git","url":"https://github.com/babel/babel/tree/master/packages/babel-plugin-transform-es2015-destructuring"},"license":"MIT","main":"lib/index.js","keywords":["babel-plugin"],"devDependencies":{"babel-helper-plugin-test-runner":"7.0.0-beta.1"},"_id":"babel-plugin-transform-es2015-destructuring@7.0.0-beta.1","_npmVersion":"5.4.1","_nodeVersion":"8.1.4","_npmUser":{"name":"hzoo","email":"hi@henryzoo.com"},"dist":{"integrity":"sha512-IXy+KKH3yXwEGJqjjsQgTvIld5yPxaAh01TwcN4MYYct1e5W98W0lKXwC1pW6lZ5gJSEYCa6n7kvwEPIw3kCng==","shasum":"26aeba53595270e67deb5776d065d06551f5a792","tarball":"https://registry.npmjs.org/babel-plugin-transform-es2015-destructuring/-/babel-plugin-transform-es2015-destructuring-7.0.0-beta.1.tgz"},"maintainers":[{"email":"me@thejameskyle.com","name":"thejameskyle"},{"email":"sebmck@gmail.com","name":"sebmck"},{"email":"daniel@tschinder.de","name":"danez"},{"email":"hi@henryzoo.com","name":"hzoo"},{"email":"loganfsmyth@gmail.com","name":"loganfsmyth"}],"_npmOperationalInternal":{"host":"s3://npm-registry-packages","tmp":"tmp/babel-plugin-transform-es2015-destructuring-7.0.0-beta.1.tgz_1505851751198_0.604439570568502"},"directories":{}},"7.0.0-beta.2":{"name":"babel-plugin-transform-es2015-destructuring","version":"7.0.0-beta.2","description":"Compile ES2015 destructuring to ES5","repository":{"type":"git","url":"https://github.com/babel/babel/tree/master/packages/babel-plugin-transform-es2015-destructuring"},"license":"MIT","main":"lib/index.js","keywords":["babel-plugin"],"devDependencies":{"babel-helper-plugin-test-runner":"7.0.0-beta.2"},"_id":"babel-plugin-transform-es2015-destructuring@7.0.0-beta.2","_npmVersion":"5.4.1","_nodeVersion":"8.1.4","_npmUser":{"name":"hzoo","email":"hi@henryzoo.com"},"dist":{"integrity":"sha512-ojM4w/Eq4kUihcQTbU+H+Kk3kyiCfYWaVpIud+cFxjoSP70P/My/+/t0TLLqv1Hz1/V9hMXYFKGWU+cjjhVnXg==","shasum":"a4666be4ce96086c337ed8ff4a21c6870915f48b","tarball":"https://registry.npmjs.org/babel-plugin-transform-es2015-destructuring/-/babel-plugin-transform-es2015-destructuring-7.0.0-beta.2.tgz"},"maintainers":[{"email":"bng412@gmail.com","name":"existentialism"},{"email":"me@thejameskyle.com","name":"thejameskyle"},{"email":"sebmck@gmail.com","name":"sebmck"},{"email":"daniel@tschinder.de","name":"danez"},{"email":"hi@henryzoo.com","name":"hzoo"},{"email":"loganfsmyth@gmail.com","name":"loganfsmyth"}],"_npmOperationalInternal":{"host":"s3://npm-registry-packages","tmp":"tmp/babel-plugin-transform-es2015-destructuring-7.0.0-beta.2.tgz_1506438899449_0.3661304002162069"},"directories":{}},"7.0.0-beta.3":{"name":"babel-plugin-transform-es2015-destructuring","version":"7.0.0-beta.3","description":"Compile ES2015 destructuring to ES5","repository":{"type":"git","url":"https://github.com/babel/babel/tree/master/packages/babel-plugin-transform-es2015-destructuring"},"license":"MIT","main":"lib/index.js","keywords":["babel-plugin"],"devDependencies":{"babel-helper-plugin-test-runner":"7.0.0-beta.3"},"_id":"babel-plugin-transform-es2015-destructuring@7.0.0-beta.3","_npmVersion":"5.5.1","_nodeVersion":"8.1.4","_npmUser":{"name":"hzoo","email":"hi@henryzoo.com"},"dist":{"integrity":"sha512-BDjEuIS7SCI7mGEO8lfvo4f3UAVLwZYjHwt1WqRNklc1Y0mcY0/UZzM3NHoa+eBxkNPl5XApwyha/rxW3XyLUQ==","shasum":"2f81be249c7e90c88e4b51d884e710bc626f145d","tarball":"https://registry.npmjs.org/babel-plugin-transform-es2015-destructuring/-/babel-plugin-transform-es2015-destructuring-7.0.0-beta.3.tgz"},"maintainers":[{"email":"bng412@gmail.com","name":"existentialism"},{"email":"me@thejameskyle.com","name":"thejameskyle"},{"email":"sebmck@gmail.com","name":"sebmck"},{"email":"daniel@tschinder.de","name":"danez"},{"email":"hi@henryzoo.com","name":"hzoo"},{"email":"loganfsmyth@gmail.com","name":"loganfsmyth"}],"_npmOperationalInternal":{"host":"s3://npm-registry-packages","tmp":"tmp/babel-plugin-transform-es2015-destructuring-7.0.0-beta.3.tgz_1508073084989_0.9007971601095051"},"directories":{}}},"readme":"# babel-plugin-transform-es2015-destructuring\n\nCompile ES2015 destructuring to ES5\n\n## Installation\n\n```sh\n$ npm install babel-plugin-transform-es2015-destructuring\n```\n\n## Usage\n\n### Via `.babelrc` (Recommended)\n\n**.babelrc**\n\n```json\n{\n  \"plugins\": [\"transform-es2015-destructuring\"]\n}\n```\n\n### Via CLI\n\n```sh\n$ babel --plugins transform-es2015-destructuring script.js\n```\n\n### Via Node API\n\n```javascript\nrequire(\"babel-core\").transform(\"code\", {\n  plugins: [\"transform-es2015-destructuring\"]\n});\n```\n","maintainers":[{"email":"bng412@gmail.com","name":"existentialism"},{"email":"me@thejameskyle.com","name":"thejameskyle"},{"email":"sebmck@gmail.com","name":"sebmck"},{"email":"daniel@tschinder.de","name":"danez"},{"email":"hi@henryzoo.com","name":"hzoo"},{"email":"loganfsmyth@gmail.com","name":"loganfsmyth"}],"time":{"modified":"2017-10-15T13:11:25.911Z","created":"2015-10-29T18:13:59.247Z","6.0.2":"2015-10-29T18:13:59.247Z","6.0.14":"2015-10-30T23:37:20.622Z","6.0.18":"2015-11-03T01:24:31.547Z","6.1.4":"2015-11-11T10:21:19.189Z","6.1.5":"2015-11-12T06:57:45.157Z","6.1.10":"2015-11-12T07:55:01.306Z","6.1.17":"2015-11-12T21:42:05.149Z","6.1.18":"2015-11-12T21:49:50.353Z","6.2.4":"2015-11-25T03:14:18.029Z","6.3.13":"2015-12-04T11:59:03.466Z","6.3.15":"2015-12-06T16:31:58.822Z","6.4.0":"2016-01-06T20:34:42.233Z","6.5.0":"2016-02-07T00:07:34.087Z","6.5.0-1":"2016-02-07T02:40:38.613Z","6.6.0":"2016-02-29T21:12:43.459Z","6.6.4":"2016-03-02T21:29:45.975Z","6.6.5":"2016-03-04T23:16:53.740Z","6.8.0":"2016-05-02T23:44:37.783Z","6.9.0":"2016-05-17T18:49:35.253Z","6.16.0":"2016-09-28T19:38:55.892Z","6.18.0":"2016-10-24T21:19:02.441Z","6.19.0":"2016-11-16T16:15:28.030Z","6.22.0":"2017-01-20T00:33:51.343Z","6.23.0":"2017-02-13T23:04:21.811Z","7.0.0-alpha.1":"2017-03-02T21:05:04.258Z","7.0.0-alpha.3":"2017-03-23T19:49:14.202Z","7.0.0-alpha.7":"2017-04-05T21:13:37.763Z","7.0.0-alpha.8":"2017-04-17T19:12:37.035Z","7.0.0-alpha.9":"2017-04-18T14:41:44.147Z","7.0.0-alpha.10":"2017-05-25T19:17:14.028Z","7.0.0-alpha.11":"2017-05-31T20:43:35.093Z","7.0.0-alpha.12":"2017-05-31T21:11:48.306Z","7.0.0-alpha.13":"2017-07-12T02:28:15.151Z","7.0.0-alpha.14":"2017-07-12T02:53:25.075Z","7.0.0-alpha.15":"2017-07-12T03:35:38.937Z","7.0.0-alpha.16":"2017-07-25T21:17:33.016Z","7.0.0-alpha.17":"2017-07-26T12:39:02.062Z","7.0.0-alpha.18":"2017-08-03T22:20:48.698Z","7.0.0-alpha.19":"2017-08-07T22:21:25.272Z","7.0.0-alpha.20":"2017-08-30T18:51:54.884Z","7.0.0-beta.0":"2017-09-12T03:02:00.331Z","7.0.0-beta.1":"2017-09-19T20:09:11.314Z","7.0.0-beta.2":"2017-09-26T15:15:00.414Z","7.0.0-beta.3":"2017-10-15T13:11:25.911Z"},"keywords":["babel-plugin"],"repository":{"type":"git","url":"https://github.com/babel/babel/tree/master/packages/babel-plugin-transform-es2015-destructuring"},"license":"MIT","readmeFilename":"README.md","users":{"klimnikita":true,"staydan":true},"_attachments":{},"_etag":"W/\"a23894f3425cb1b90c532056a8ee575b\"","_lastModified":"Sat, 26 May 2018 17:58:29 GMT"}