{"_id":"babel-plugin-transform-es2015-typeof-symbol","_rev":"77-b5587a2e92a4aff68170b03e9552fbc0","name":"babel-plugin-transform-es2015-typeof-symbol","description":"This transformer wraps all typeof expressions with a method that replicates native behaviour. (ie. returning “symbol” for symbols)","dist-tags":{"latest":"6.23.0","next":"7.0.0-beta.3"},"versions":{"6.0.2":{"name":"babel-plugin-transform-es2015-typeof-symbol","version":"6.0.2","description":"## Installation","repository":{"type":"git","url":"git+https://github.com/babel/babel.git"},"license":"MIT","main":"lib/index.js","keywords":["babel-plugin"],"dependencies":{"babel-runtime":"^6.0.2"},"bugs":{"url":"https://github.com/babel/babel/issues"},"homepage":"https://github.com/babel/babel#readme","_id":"babel-plugin-transform-es2015-typeof-symbol@6.0.2","scripts":{},"_shasum":"fb8f1318cc085dd2bfdc6ca0d23cb35654c1deaf","_from":".","_npmVersion":"2.14.3","_nodeVersion":"4.1.0","_npmUser":{"name":"sebmck","email":"sebmck@gmail.com"},"dist":{"shasum":"fb8f1318cc085dd2bfdc6ca0d23cb35654c1deaf","tarball":"https://registry.npmjs.org/babel-plugin-transform-es2015-typeof-symbol/-/babel-plugin-transform-es2015-typeof-symbol-6.0.2.tgz"},"maintainers":[{"name":"sebmck","email":"sebmck@gmail.com"}],"directories":{}},"6.0.14":{"name":"babel-plugin-transform-es2015-typeof-symbol","version":"6.0.14","description":"## Installation","repository":{"type":"git","url":"https://github.com/babel/babel/tree/master/packages/babel-plugin-transform-es2015-typeof-symbol"},"license":"MIT","main":"lib/index.js","keywords":["babel-plugin"],"dependencies":{"babel-runtime":"^5.0.0"},"_id":"babel-plugin-transform-es2015-typeof-symbol@6.0.14","scripts":{},"_shasum":"df120213538d6b80eba5579b94d063b5cefe8f62","_from":".","_npmVersion":"2.14.9","_nodeVersion":"4.1.0","_npmUser":{"name":"sebmck","email":"sebmck@gmail.com"},"dist":{"shasum":"df120213538d6b80eba5579b94d063b5cefe8f62","tarball":"https://registry.npmjs.org/babel-plugin-transform-es2015-typeof-symbol/-/babel-plugin-transform-es2015-typeof-symbol-6.0.14.tgz"},"maintainers":[{"name":"sebmck","email":"sebmck@gmail.com"}],"directories":{}},"6.0.15":{"name":"babel-plugin-transform-es2015-typeof-symbol","version":"6.0.15","description":"## Installation","repository":{"type":"git","url":"https://github.com/babel/babel/tree/master/packages/babel-plugin-transform-es2015-typeof-symbol"},"license":"MIT","main":"lib/index.js","keywords":["babel-plugin"],"dependencies":{"babel-runtime":"^5.0.0"},"_id":"babel-plugin-transform-es2015-typeof-symbol@6.0.15","scripts":{},"_shasum":"a9bef21faaea63af2e96144f9a7f62e33ff0f913","_from":".","_npmVersion":"2.14.9","_nodeVersion":"4.1.0","_npmUser":{"name":"sebmck","email":"sebmck@gmail.com"},"dist":{"shasum":"a9bef21faaea63af2e96144f9a7f62e33ff0f913","tarball":"https://registry.npmjs.org/babel-plugin-transform-es2015-typeof-symbol/-/babel-plugin-transform-es2015-typeof-symbol-6.0.15.tgz"},"maintainers":[{"name":"sebmck","email":"sebmck@gmail.com"}],"directories":{}},"6.1.2":{"name":"babel-plugin-transform-es2015-typeof-symbol","version":"6.1.2","description":"## Installation","repository":{"type":"git","url":"https://github.com/babel/babel/tree/master/packages/babel-plugin-transform-es2015-typeof-symbol"},"license":"MIT","main":"lib/index.js","keywords":["babel-plugin"],"dependencies":{"babel-runtime":"^5.0.0"},"_id":"babel-plugin-transform-es2015-typeof-symbol@6.1.2","scripts":{},"_shasum":"752d8d496e08135104caad9f396802a6e7086de4","_from":".","_npmVersion":"2.14.9","_nodeVersion":"4.1.0","_npmUser":{"name":"sebmck","email":"sebmck@gmail.com"},"dist":{"shasum":"752d8d496e08135104caad9f396802a6e7086de4","tarball":"https://registry.npmjs.org/babel-plugin-transform-es2015-typeof-symbol/-/babel-plugin-transform-es2015-typeof-symbol-6.1.2.tgz"},"maintainers":[{"name":"sebmck","email":"sebmck@gmail.com"}],"directories":{}},"6.1.4":{"name":"babel-plugin-transform-es2015-typeof-symbol","version":"6.1.4","description":"## Installation","repository":{"type":"git","url":"https://github.com/babel/babel/tree/master/packages/babel-plugin-transform-es2015-typeof-symbol"},"license":"MIT","main":"lib/index.js","keywords":["babel-plugin"],"dependencies":{"babel-runtime":"^5.0.0"},"devDependencies":{"babel-helper-plugin-test-runner":"^6.1.4"},"_id":"babel-plugin-transform-es2015-typeof-symbol@6.1.4","scripts":{},"_shasum":"02a758b66aa6fe9452f242abe5d0f039d367cd14","_from":".","_npmVersion":"3.3.10","_nodeVersion":"4.1.0","_npmUser":{"name":"sebmck","email":"sebmck@gmail.com"},"dist":{"shasum":"02a758b66aa6fe9452f242abe5d0f039d367cd14","tarball":"https://registry.npmjs.org/babel-plugin-transform-es2015-typeof-symbol/-/babel-plugin-transform-es2015-typeof-symbol-6.1.4.tgz"},"maintainers":[{"name":"sebmck","email":"sebmck@gmail.com"}],"directories":{}},"6.1.17":{"name":"babel-plugin-transform-es2015-typeof-symbol","version":"6.1.17","description":"## Installation","repository":{"type":"git","url":"https://github.com/babel/babel/tree/master/packages/babel-plugin-transform-es2015-typeof-symbol"},"license":"MIT","main":"lib/index.js","keywords":["babel-plugin"],"dependencies":{"babel-runtime":"^5.0.0"},"devDependencies":{"babel-helper-plugin-test-runner":"^6.1.17"},"_id":"babel-plugin-transform-es2015-typeof-symbol@6.1.17","scripts":{},"_shasum":"da6b5e0ac58e55cb4553a7963ecb642a2e860b97","_from":".","_npmVersion":"3.3.10","_nodeVersion":"4.1.0","_npmUser":{"name":"sebmck","email":"sebmck@gmail.com"},"dist":{"shasum":"da6b5e0ac58e55cb4553a7963ecb642a2e860b97","tarball":"https://registry.npmjs.org/babel-plugin-transform-es2015-typeof-symbol/-/babel-plugin-transform-es2015-typeof-symbol-6.1.17.tgz"},"maintainers":[{"name":"amasad","email":"amjad.masad@gmail.com"},{"name":"sebmck","email":"sebmck@gmail.com"},{"name":"thejameskyle","email":"me@thejameskyle.com"}],"directories":{}},"6.1.18":{"name":"babel-plugin-transform-es2015-typeof-symbol","version":"6.1.18","description":"## Installation","repository":{"type":"git","url":"https://github.com/babel/babel/tree/master/packages/babel-plugin-transform-es2015-typeof-symbol"},"license":"MIT","main":"lib/index.js","keywords":["babel-plugin"],"dependencies":{"babel-runtime":"^5.0.0"},"devDependencies":{"babel-helper-plugin-test-runner":"^6.1.18"},"_id":"babel-plugin-transform-es2015-typeof-symbol@6.1.18","scripts":{},"_shasum":"e0c0d3b6874279ece17521a920a54cf99f35ec2c","_from":".","_npmVersion":"3.3.10","_nodeVersion":"4.1.0","_npmUser":{"name":"sebmck","email":"sebmck@gmail.com"},"dist":{"shasum":"e0c0d3b6874279ece17521a920a54cf99f35ec2c","tarball":"https://registry.npmjs.org/babel-plugin-transform-es2015-typeof-symbol/-/babel-plugin-transform-es2015-typeof-symbol-6.1.18.tgz"},"maintainers":[{"name":"amasad","email":"amjad.masad@gmail.com"},{"name":"sebmck","email":"sebmck@gmail.com"},{"name":"thejameskyle","email":"me@thejameskyle.com"}],"directories":{}},"6.2.4":{"name":"babel-plugin-transform-es2015-typeof-symbol","version":"6.2.4","description":"## Installation","repository":{"type":"git","url":"https://github.com/babel/babel/tree/master/packages/babel-plugin-transform-es2015-typeof-symbol"},"license":"MIT","main":"lib/index.js","keywords":["babel-plugin"],"dependencies":{"babel-runtime":"^5.0.0"},"devDependencies":{"babel-helper-plugin-test-runner":"^6.2.4"},"_id":"babel-plugin-transform-es2015-typeof-symbol@6.2.4","scripts":{},"_shasum":"e5ecbc25ac5a30757885b4e7a7d0fd1c5d6f475e","_from":".","_npmVersion":"3.3.10","_nodeVersion":"4.1.0","_npmUser":{"name":"sebmck","email":"sebmck@gmail.com"},"dist":{"shasum":"e5ecbc25ac5a30757885b4e7a7d0fd1c5d6f475e","tarball":"https://registry.npmjs.org/babel-plugin-transform-es2015-typeof-symbol/-/babel-plugin-transform-es2015-typeof-symbol-6.2.4.tgz"},"maintainers":[{"name":"amasad","email":"amjad.masad@gmail.com"},{"name":"sebmck","email":"sebmck@gmail.com"},{"name":"thejameskyle","email":"me@thejameskyle.com"}],"directories":{}},"6.3.13":{"name":"babel-plugin-transform-es2015-typeof-symbol","version":"6.3.13","description":"## Installation","repository":{"type":"git","url":"https://github.com/babel/babel/tree/master/packages/babel-plugin-transform-es2015-typeof-symbol"},"license":"MIT","main":"lib/index.js","keywords":["babel-plugin"],"dependencies":{"babel-runtime":"^5.0.0"},"devDependencies":{"babel-helper-plugin-test-runner":"^6.3.13"},"_id":"babel-plugin-transform-es2015-typeof-symbol@6.3.13","scripts":{},"_shasum":"dc9e899f23e6220f2f4447b487b87348457ef694","_from":".","_npmVersion":"3.3.10","_nodeVersion":"4.1.0","_npmUser":{"name":"sebmck","email":"sebmck@gmail.com"},"dist":{"shasum":"dc9e899f23e6220f2f4447b487b87348457ef694","tarball":"https://registry.npmjs.org/babel-plugin-transform-es2015-typeof-symbol/-/babel-plugin-transform-es2015-typeof-symbol-6.3.13.tgz"},"maintainers":[{"name":"amasad","email":"amjad.masad@gmail.com"},{"name":"hzoo","email":"hi@henryzoo.com"},{"name":"jmm","email":"npm-public@jessemccarthy.net"},{"name":"loganfsmyth","email":"loganfsmyth@gmail.com"},{"name":"sebmck","email":"sebmck@gmail.com"},{"name":"thejameskyle","email":"me@thejameskyle.com"}],"directories":{}},"6.4.0":{"name":"babel-plugin-transform-es2015-typeof-symbol","version":"6.4.0","description":"## Installation","repository":{"type":"git","url":"https://github.com/babel/babel/tree/master/packages/babel-plugin-transform-es2015-typeof-symbol"},"license":"MIT","main":"lib/index.js","keywords":["babel-plugin"],"dependencies":{"babel-runtime":"^5.0.0"},"devDependencies":{"babel-helper-plugin-test-runner":"^6.3.13"},"_id":"babel-plugin-transform-es2015-typeof-symbol@6.4.0","scripts":{},"_shasum":"e8be449c6d42f542a0cf202a1fd6628bbed8cca0","_from":".","_npmVersion":"3.5.2","_nodeVersion":"5.1.0","_npmUser":{"name":"hzoo","email":"hi@henryzoo.com"},"dist":{"shasum":"e8be449c6d42f542a0cf202a1fd6628bbed8cca0","tarball":"https://registry.npmjs.org/babel-plugin-transform-es2015-typeof-symbol/-/babel-plugin-transform-es2015-typeof-symbol-6.4.0.tgz"},"maintainers":[{"name":"amasad","email":"amjad.masad@gmail.com"},{"name":"hzoo","email":"hi@henryzoo.com"},{"name":"jmm","email":"npm-public@jessemccarthy.net"},{"name":"loganfsmyth","email":"loganfsmyth@gmail.com"},{"name":"sebmck","email":"sebmck@gmail.com"},{"name":"thejameskyle","email":"me@thejameskyle.com"}],"directories":{}},"6.4.3":{"name":"babel-plugin-transform-es2015-typeof-symbol","version":"6.4.3","description":"## Installation","repository":{"type":"git","url":"https://github.com/babel/babel/tree/master/packages/babel-plugin-transform-es2015-typeof-symbol"},"license":"MIT","main":"lib/index.js","keywords":["babel-plugin"],"dependencies":{"babel-runtime":"^5.0.0"},"devDependencies":{"babel-helper-plugin-test-runner":"^6.3.13"},"_id":"babel-plugin-transform-es2015-typeof-symbol@6.4.3","scripts":{},"_shasum":"5930cf871f7e26ed38e2e5b7f079f51f1c1def7b","_from":".","_npmVersion":"2.14.7","_nodeVersion":"4.2.2","_npmUser":{"name":"amasad","email":"amjad.masad@gmail.com"},"maintainers":[{"name":"amasad","email":"amjad.masad@gmail.com"},{"name":"hzoo","email":"hi@henryzoo.com"},{"name":"jmm","email":"npm-public@jessemccarthy.net"},{"name":"loganfsmyth","email":"loganfsmyth@gmail.com"},{"name":"sebmck","email":"sebmck@gmail.com"},{"name":"thejameskyle","email":"me@thejameskyle.com"}],"dist":{"shasum":"5930cf871f7e26ed38e2e5b7f079f51f1c1def7b","tarball":"https://registry.npmjs.org/babel-plugin-transform-es2015-typeof-symbol/-/babel-plugin-transform-es2015-typeof-symbol-6.4.3.tgz"},"directories":{}},"6.5.0":{"name":"babel-plugin-transform-es2015-typeof-symbol","version":"6.5.0","description":"## Installation","repository":{"type":"git","url":"https://github.com/babel/babel/tree/master/packages/babel-plugin-transform-es2015-typeof-symbol"},"license":"MIT","main":"lib/index.js","keywords":["babel-plugin"],"dependencies":{"babel-runtime":"^5.0.0"},"devDependencies":{"babel-helper-plugin-test-runner":"^6.3.13"},"_id":"babel-plugin-transform-es2015-typeof-symbol@6.5.0","scripts":{},"_shasum":"3fc61a08872bc4c9dfd2a0e203cc014f139b10d3","_from":".","_npmVersion":"3.6.0","_nodeVersion":"5.1.0","_npmUser":{"name":"hzoo","email":"hi@henryzoo.com"},"dist":{"shasum":"3fc61a08872bc4c9dfd2a0e203cc014f139b10d3","tarball":"https://registry.npmjs.org/babel-plugin-transform-es2015-typeof-symbol/-/babel-plugin-transform-es2015-typeof-symbol-6.5.0.tgz"},"maintainers":[{"name":"amasad","email":"amjad.masad@gmail.com"},{"name":"hzoo","email":"hi@henryzoo.com"},{"name":"jmm","email":"npm-public@jessemccarthy.net"},{"name":"loganfsmyth","email":"loganfsmyth@gmail.com"},{"name":"sebmck","email":"sebmck@gmail.com"},{"name":"thejameskyle","email":"me@thejameskyle.com"}],"_npmOperationalInternal":{"host":"packages-6-west.internal.npmjs.com","tmp":"tmp/babel-plugin-transform-es2015-typeof-symbol-6.5.0.tgz_1454803665834_0.5642685196362436"},"directories":{}},"6.5.0-1":{"name":"babel-plugin-transform-es2015-typeof-symbol","version":"6.5.0-1","description":"## Installation","repository":{"type":"git","url":"https://github.com/babel/babel/tree/master/packages/babel-plugin-transform-es2015-typeof-symbol"},"license":"MIT","main":"lib/index.js","keywords":["babel-plugin"],"dependencies":{"babel-runtime":"^5.0.0"},"devDependencies":{"babel-helper-plugin-test-runner":"^6.5.0-1"},"_id":"babel-plugin-transform-es2015-typeof-symbol@6.5.0-1","scripts":{},"_shasum":"c37f5d87b90d42dc2813be7408ed592106544214","_from":".","_npmVersion":"3.6.0","_nodeVersion":"5.1.0","_npmUser":{"name":"hzoo","email":"hi@henryzoo.com"},"dist":{"shasum":"c37f5d87b90d42dc2813be7408ed592106544214","tarball":"https://registry.npmjs.org/babel-plugin-transform-es2015-typeof-symbol/-/babel-plugin-transform-es2015-typeof-symbol-6.5.0-1.tgz"},"maintainers":[{"name":"amasad","email":"amjad.masad@gmail.com"},{"name":"hzoo","email":"hi@henryzoo.com"},{"name":"jmm","email":"npm-public@jessemccarthy.net"},{"name":"loganfsmyth","email":"loganfsmyth@gmail.com"},{"name":"sebmck","email":"sebmck@gmail.com"},{"name":"thejameskyle","email":"me@thejameskyle.com"}],"_npmOperationalInternal":{"host":"packages-6-west.internal.npmjs.com","tmp":"tmp/babel-plugin-transform-es2015-typeof-symbol-6.5.0-1.tgz_1454812863576_0.5088006942532957"},"directories":{}},"6.6.0":{"name":"babel-plugin-transform-es2015-typeof-symbol","version":"6.6.0","description":"## Installation","repository":{"type":"git","url":"https://github.com/babel/babel/tree/master/packages/babel-plugin-transform-es2015-typeof-symbol"},"license":"MIT","main":"lib/index.js","keywords":["babel-plugin"],"dependencies":{"babel-runtime":"^5.0.0"},"devDependencies":{"babel-helper-plugin-test-runner":"^6.3.13"},"_id":"babel-plugin-transform-es2015-typeof-symbol@6.6.0","scripts":{},"_shasum":"479d66f966047ff1c18af233c3d12d4d0679dd38","_from":".","_npmVersion":"3.6.0","_nodeVersion":"5.1.0","_npmUser":{"name":"hzoo","email":"hi@henryzoo.com"},"dist":{"shasum":"479d66f966047ff1c18af233c3d12d4d0679dd38","tarball":"https://registry.npmjs.org/babel-plugin-transform-es2015-typeof-symbol/-/babel-plugin-transform-es2015-typeof-symbol-6.6.0.tgz"},"maintainers":[{"name":"amasad","email":"amjad.masad@gmail.com"},{"name":"hzoo","email":"hi@henryzoo.com"},{"name":"jmm","email":"npm-public@jessemccarthy.net"},{"name":"loganfsmyth","email":"loganfsmyth@gmail.com"},{"name":"sebmck","email":"sebmck@gmail.com"},{"name":"thejameskyle","email":"me@thejameskyle.com"}],"_npmOperationalInternal":{"host":"packages-5-east.internal.npmjs.com","tmp":"tmp/babel-plugin-transform-es2015-typeof-symbol-6.6.0.tgz_1456780371882_0.526786234928295"},"directories":{}},"6.8.0":{"name":"babel-plugin-transform-es2015-typeof-symbol","version":"6.8.0","description":"## Installation","repository":{"type":"git","url":"https://github.com/babel/babel/tree/master/packages/babel-plugin-transform-es2015-typeof-symbol"},"license":"MIT","main":"lib/index.js","keywords":["babel-plugin"],"dependencies":{"babel-runtime":"^6.0.0"},"devDependencies":{"babel-helper-plugin-test-runner":"^6.8.0"},"_id":"babel-plugin-transform-es2015-typeof-symbol@6.8.0","scripts":{},"_shasum":"84c29eb1219372480955a020fef7a65c44f30533","_from":".","_npmVersion":"3.8.6","_nodeVersion":"5.1.0","_npmUser":{"name":"hzoo","email":"hi@henryzoo.com"},"maintainers":[{"name":"amasad","email":"amjad.masad@gmail.com"},{"name":"hzoo","email":"hi@henryzoo.com"},{"name":"jmm","email":"npm-public@jessemccarthy.net"},{"name":"loganfsmyth","email":"loganfsmyth@gmail.com"},{"name":"sebmck","email":"sebmck@gmail.com"},{"name":"thejameskyle","email":"me@thejameskyle.com"}],"dist":{"shasum":"84c29eb1219372480955a020fef7a65c44f30533","tarball":"https://registry.npmjs.org/babel-plugin-transform-es2015-typeof-symbol/-/babel-plugin-transform-es2015-typeof-symbol-6.8.0.tgz"},"_npmOperationalInternal":{"host":"packages-12-west.internal.npmjs.com","tmp":"tmp/babel-plugin-transform-es2015-typeof-symbol-6.8.0.tgz_1462232690885_0.638042206177488"},"directories":{}},"6.18.0":{"name":"babel-plugin-transform-es2015-typeof-symbol","version":"6.18.0","description":"This transformer wraps all typeof expressions with a method that replicates native behaviour. (ie. returning “symbol” for symbols)","repository":{"type":"git","url":"https://github.com/babel/babel/tree/master/packages/babel-plugin-transform-es2015-typeof-symbol"},"license":"MIT","main":"lib/index.js","keywords":["babel-plugin"],"dependencies":{"babel-runtime":"^6.0.0"},"devDependencies":{"babel-helper-plugin-test-runner":"^6.18.0"},"_id":"babel-plugin-transform-es2015-typeof-symbol@6.18.0","scripts":{},"_shasum":"0b14c48629c90ff47a0650077f6aa699bee35798","_from":".","_npmVersion":"3.10.8","_nodeVersion":"6.9.0","_npmUser":{"name":"hzoo","email":"hi@henryzoo.com"},"dist":{"shasum":"0b14c48629c90ff47a0650077f6aa699bee35798","tarball":"https://registry.npmjs.org/babel-plugin-transform-es2015-typeof-symbol/-/babel-plugin-transform-es2015-typeof-symbol-6.18.0.tgz"},"maintainers":[{"name":"amasad","email":"amjad.masad@gmail.com"},{"name":"hzoo","email":"hi@henryzoo.com"},{"name":"jmm","email":"npm-public@jessemccarthy.net"},{"name":"loganfsmyth","email":"loganfsmyth@gmail.com"},{"name":"sebmck","email":"sebmck@gmail.com"},{"name":"thejameskyle","email":"me@thejameskyle.com"}],"_npmOperationalInternal":{"host":"packages-12-west.internal.npmjs.com","tmp":"tmp/babel-plugin-transform-es2015-typeof-symbol-6.18.0.tgz_1477343947534_0.06398424133658409"},"directories":{}},"6.22.0":{"name":"babel-plugin-transform-es2015-typeof-symbol","version":"6.22.0","description":"This transformer wraps all typeof expressions with a method that replicates native behaviour. (ie. returning “symbol” for symbols)","repository":{"type":"git","url":"https://github.com/babel/babel/tree/master/packages/babel-plugin-transform-es2015-typeof-symbol"},"license":"MIT","main":"lib/index.js","keywords":["babel-plugin"],"dependencies":{"babel-runtime":"^6.22.0"},"devDependencies":{"babel-helper-plugin-test-runner":"^6.22.0"},"_id":"babel-plugin-transform-es2015-typeof-symbol@6.22.0","scripts":{},"_shasum":"87faf2336d3b6a97f68c4d906b0cd0edeae676e1","_from":".","_npmVersion":"3.10.10","_nodeVersion":"6.9.0","_npmUser":{"name":"hzoo","email":"hi@henryzoo.com"},"dist":{"shasum":"87faf2336d3b6a97f68c4d906b0cd0edeae676e1","tarball":"https://registry.npmjs.org/babel-plugin-transform-es2015-typeof-symbol/-/babel-plugin-transform-es2015-typeof-symbol-6.22.0.tgz"},"maintainers":[{"name":"amasad","email":"amjad.masad@gmail.com"},{"name":"hzoo","email":"hi@henryzoo.com"},{"name":"jmm","email":"npm-public@jessemccarthy.net"},{"name":"loganfsmyth","email":"loganfsmyth@gmail.com"},{"name":"sebmck","email":"sebmck@gmail.com"},{"name":"thejameskyle","email":"me@thejameskyle.com"}],"_npmOperationalInternal":{"host":"packages-12-west.internal.npmjs.com","tmp":"tmp/babel-plugin-transform-es2015-typeof-symbol-6.22.0.tgz_1484872442696_0.8946190816350281"},"directories":{}},"6.23.0":{"name":"babel-plugin-transform-es2015-typeof-symbol","version":"6.23.0","description":"This transformer wraps all typeof expressions with a method that replicates native behaviour. (ie. returning “symbol” for symbols)","repository":{"type":"git","url":"https://github.com/babel/babel/tree/master/packages/babel-plugin-transform-es2015-typeof-symbol"},"license":"MIT","main":"lib/index.js","keywords":["babel-plugin"],"dependencies":{"babel-runtime":"^6.22.0"},"devDependencies":{"babel-helper-plugin-test-runner":"^6.22.0"},"_id":"babel-plugin-transform-es2015-typeof-symbol@6.23.0","scripts":{},"_shasum":"dec09f1cddff94b52ac73d505c84df59dcceb372","_from":".","_npmVersion":"3.10.8","_nodeVersion":"6.9.1","_npmUser":{"name":"loganfsmyth","email":"loganfsmyth@gmail.com"},"dist":{"shasum":"dec09f1cddff94b52ac73d505c84df59dcceb372","tarball":"https://registry.npmjs.org/babel-plugin-transform-es2015-typeof-symbol/-/babel-plugin-transform-es2015-typeof-symbol-6.23.0.tgz"},"maintainers":[{"name":"amasad","email":"amjad.masad@gmail.com"},{"name":"hzoo","email":"hi@henryzoo.com"},{"name":"jmm","email":"npm-public@jessemccarthy.net"},{"name":"loganfsmyth","email":"loganfsmyth@gmail.com"},{"name":"sebmck","email":"sebmck@gmail.com"},{"name":"thejameskyle","email":"me@thejameskyle.com"}],"_npmOperationalInternal":{"host":"packages-12-west.internal.npmjs.com","tmp":"tmp/babel-plugin-transform-es2015-typeof-symbol-6.23.0.tgz_1487027061153_0.9038311641197652"},"directories":{}},"7.0.0-alpha.1":{"name":"babel-plugin-transform-es2015-typeof-symbol","version":"7.0.0-alpha.1","description":"This transformer wraps all typeof expressions with a method that replicates native behaviour. (ie. returning “symbol” for symbols)","repository":{"type":"git","url":"https://github.com/babel/babel/tree/master/packages/babel-plugin-transform-es2015-typeof-symbol"},"license":"MIT","main":"lib/index.js","keywords":["babel-plugin"],"devDependencies":{"babel-helper-plugin-test-runner":"7.0.0-alpha.1"},"_id":"babel-plugin-transform-es2015-typeof-symbol@7.0.0-alpha.1","scripts":{},"_shasum":"615142e4a941361a8bda6b4ad1bd33678bf74664","_from":".","_npmVersion":"3.10.10","_nodeVersion":"6.9.0","_npmUser":{"name":"hzoo","email":"hi@henryzoo.com"},"dist":{"shasum":"615142e4a941361a8bda6b4ad1bd33678bf74664","tarball":"https://registry.npmjs.org/babel-plugin-transform-es2015-typeof-symbol/-/babel-plugin-transform-es2015-typeof-symbol-7.0.0-alpha.1.tgz"},"maintainers":[{"name":"amasad","email":"amjad.masad@gmail.com"},{"name":"hzoo","email":"hi@henryzoo.com"},{"name":"jmm","email":"npm-public@jessemccarthy.net"},{"name":"loganfsmyth","email":"loganfsmyth@gmail.com"},{"name":"sebmck","email":"sebmck@gmail.com"},{"name":"thejameskyle","email":"me@thejameskyle.com"}],"_npmOperationalInternal":{"host":"packages-18-east.internal.npmjs.com","tmp":"tmp/babel-plugin-transform-es2015-typeof-symbol-7.0.0-alpha.1.tgz_1488488707296_0.2654917547479272"},"directories":{}},"7.0.0-alpha.3":{"name":"babel-plugin-transform-es2015-typeof-symbol","version":"7.0.0-alpha.3","description":"This transformer wraps all typeof expressions with a method that replicates native behaviour. (ie. returning “symbol” for symbols)","repository":{"type":"git","url":"https://github.com/babel/babel/tree/master/packages/babel-plugin-transform-es2015-typeof-symbol"},"license":"MIT","main":"lib/index.js","keywords":["babel-plugin"],"devDependencies":{"babel-helper-plugin-test-runner":"7.0.0-alpha.3"},"_id":"babel-plugin-transform-es2015-typeof-symbol@7.0.0-alpha.3","scripts":{},"_shasum":"6592d301f2c40e5e943e5a3e26e56adc6db736ac","_from":".","_npmVersion":"3.10.10","_nodeVersion":"6.9.0","_npmUser":{"name":"hzoo","email":"hi@henryzoo.com"},"dist":{"shasum":"6592d301f2c40e5e943e5a3e26e56adc6db736ac","tarball":"https://registry.npmjs.org/babel-plugin-transform-es2015-typeof-symbol/-/babel-plugin-transform-es2015-typeof-symbol-7.0.0-alpha.3.tgz"},"maintainers":[{"name":"amasad","email":"amjad.masad@gmail.com"},{"name":"hzoo","email":"hi@henryzoo.com"},{"name":"jmm","email":"npm-public@jessemccarthy.net"},{"name":"loganfsmyth","email":"loganfsmyth@gmail.com"},{"name":"sebmck","email":"sebmck@gmail.com"},{"name":"thejameskyle","email":"me@thejameskyle.com"}],"_npmOperationalInternal":{"host":"packages-12-west.internal.npmjs.com","tmp":"tmp/babel-plugin-transform-es2015-typeof-symbol-7.0.0-alpha.3.tgz_1490298555483_0.7117285521235317"},"directories":{}},"7.0.0-alpha.7":{"name":"babel-plugin-transform-es2015-typeof-symbol","version":"7.0.0-alpha.7","description":"This transformer wraps all typeof expressions with a method that replicates native behaviour. (ie. returning “symbol” for symbols)","repository":{"type":"git","url":"https://github.com/babel/babel/tree/master/packages/babel-plugin-transform-es2015-typeof-symbol"},"license":"MIT","main":"lib/index.js","keywords":["babel-plugin"],"devDependencies":{"babel-helper-plugin-test-runner":"7.0.0-alpha.7"},"_id":"babel-plugin-transform-es2015-typeof-symbol@7.0.0-alpha.7","scripts":{},"_shasum":"93af130f02ee1d23c554242a44ba45bd7c2d4fb1","_from":".","_npmVersion":"3.10.10","_nodeVersion":"6.9.0","_npmUser":{"name":"hzoo","email":"hi@henryzoo.com"},"dist":{"shasum":"93af130f02ee1d23c554242a44ba45bd7c2d4fb1","tarball":"https://registry.npmjs.org/babel-plugin-transform-es2015-typeof-symbol/-/babel-plugin-transform-es2015-typeof-symbol-7.0.0-alpha.7.tgz"},"maintainers":[{"name":"amasad","email":"amjad.masad@gmail.com"},{"name":"hzoo","email":"hi@henryzoo.com"},{"name":"jmm","email":"npm-public@jessemccarthy.net"},{"name":"loganfsmyth","email":"loganfsmyth@gmail.com"},{"name":"sebmck","email":"sebmck@gmail.com"},{"name":"thejameskyle","email":"me@thejameskyle.com"}],"_npmOperationalInternal":{"host":"packages-18-east.internal.npmjs.com","tmp":"tmp/babel-plugin-transform-es2015-typeof-symbol-7.0.0-alpha.7.tgz_1491426820422_0.41670096036978066"},"directories":{}},"7.0.0-alpha.8":{"name":"babel-plugin-transform-es2015-typeof-symbol","version":"7.0.0-alpha.8","description":"This transformer wraps all typeof expressions with a method that replicates native behaviour. (ie. returning “symbol” for symbols)","repository":{"type":"git","url":"https://github.com/babel/babel/tree/master/packages/babel-plugin-transform-es2015-typeof-symbol"},"license":"MIT","main":"lib/index.js","keywords":["babel-plugin"],"devDependencies":{"babel-helper-plugin-test-runner":"7.0.0-alpha.8"},"_id":"babel-plugin-transform-es2015-typeof-symbol@7.0.0-alpha.8","scripts":{},"_shasum":"942a1e789cfe2305febdc8074b8f9c3650b844bb","_from":".","_npmVersion":"3.10.10","_nodeVersion":"6.9.0","_npmUser":{"name":"hzoo","email":"hi@henryzoo.com"},"dist":{"shasum":"942a1e789cfe2305febdc8074b8f9c3650b844bb","tarball":"https://registry.npmjs.org/babel-plugin-transform-es2015-typeof-symbol/-/babel-plugin-transform-es2015-typeof-symbol-7.0.0-alpha.8.tgz"},"maintainers":[{"name":"amasad","email":"amjad.masad@gmail.com"},{"name":"hzoo","email":"hi@henryzoo.com"},{"name":"jmm","email":"npm-public@jessemccarthy.net"},{"name":"loganfsmyth","email":"loganfsmyth@gmail.com"},{"name":"sebmck","email":"sebmck@gmail.com"},{"name":"thejameskyle","email":"me@thejameskyle.com"}],"_npmOperationalInternal":{"host":"packages-12-west.internal.npmjs.com","tmp":"tmp/babel-plugin-transform-es2015-typeof-symbol-7.0.0-alpha.8.tgz_1492456361665_0.7273694281466305"},"directories":{}},"7.0.0-alpha.9":{"name":"babel-plugin-transform-es2015-typeof-symbol","version":"7.0.0-alpha.9","description":"This transformer wraps all typeof expressions with a method that replicates native behaviour. (ie. returning “symbol” for symbols)","repository":{"type":"git","url":"https://github.com/babel/babel/tree/master/packages/babel-plugin-transform-es2015-typeof-symbol"},"license":"MIT","main":"lib/index.js","keywords":["babel-plugin"],"devDependencies":{"babel-helper-plugin-test-runner":"7.0.0-alpha.9"},"_id":"babel-plugin-transform-es2015-typeof-symbol@7.0.0-alpha.9","scripts":{},"_shasum":"436e1139b288fab3cbd6c406f87f9a424d3e1c4a","_from":".","_npmVersion":"3.10.10","_nodeVersion":"6.9.0","_npmUser":{"name":"hzoo","email":"hi@henryzoo.com"},"dist":{"shasum":"436e1139b288fab3cbd6c406f87f9a424d3e1c4a","tarball":"https://registry.npmjs.org/babel-plugin-transform-es2015-typeof-symbol/-/babel-plugin-transform-es2015-typeof-symbol-7.0.0-alpha.9.tgz"},"maintainers":[{"name":"amasad","email":"amjad.masad@gmail.com"},{"name":"hzoo","email":"hi@henryzoo.com"},{"name":"jmm","email":"npm-public@jessemccarthy.net"},{"name":"loganfsmyth","email":"loganfsmyth@gmail.com"},{"name":"sebmck","email":"sebmck@gmail.com"},{"name":"thejameskyle","email":"me@thejameskyle.com"}],"_npmOperationalInternal":{"host":"packages-18-east.internal.npmjs.com","tmp":"tmp/babel-plugin-transform-es2015-typeof-symbol-7.0.0-alpha.9.tgz_1492526507505_0.6957736236508936"},"directories":{}},"7.0.0-alpha.10":{"name":"babel-plugin-transform-es2015-typeof-symbol","version":"7.0.0-alpha.10","description":"This transformer wraps all typeof expressions with a method that replicates native behaviour. (ie. returning “symbol” for symbols)","repository":{"type":"git","url":"https://github.com/babel/babel/tree/master/packages/babel-plugin-transform-es2015-typeof-symbol"},"license":"MIT","main":"lib/index.js","keywords":["babel-plugin"],"devDependencies":{"babel-helper-plugin-test-runner":"7.0.0-alpha.10"},"_id":"babel-plugin-transform-es2015-typeof-symbol@7.0.0-alpha.10","scripts":{},"_shasum":"9bc11858f6cff40934af7cfb928625539fc1e3b5","_from":".","_npmVersion":"3.10.10","_nodeVersion":"6.9.0","_npmUser":{"name":"hzoo","email":"hi@henryzoo.com"},"dist":{"shasum":"9bc11858f6cff40934af7cfb928625539fc1e3b5","tarball":"https://registry.npmjs.org/babel-plugin-transform-es2015-typeof-symbol/-/babel-plugin-transform-es2015-typeof-symbol-7.0.0-alpha.10.tgz"},"maintainers":[{"email":"daniel@tschinder.de","name":"danez"},{"email":"hi@henryzoo.com","name":"hzoo"},{"email":"loganfsmyth@gmail.com","name":"loganfsmyth"}],"_npmOperationalInternal":{"host":"s3://npm-registry-packages","tmp":"tmp/babel-plugin-transform-es2015-typeof-symbol-7.0.0-alpha.10.tgz_1495739836216_0.8673609450925142"},"directories":{}},"7.0.0-alpha.11":{"name":"babel-plugin-transform-es2015-typeof-symbol","version":"7.0.0-alpha.11","description":"This transformer wraps all typeof expressions with a method that replicates native behaviour. (ie. returning “symbol” for symbols)","repository":{"type":"git","url":"https://github.com/babel/babel/tree/master/packages/babel-plugin-transform-es2015-typeof-symbol"},"license":"MIT","main":"lib/index.js","keywords":["babel-plugin"],"devDependencies":{"babel-helper-plugin-test-runner":"7.0.0-alpha.11"},"_id":"babel-plugin-transform-es2015-typeof-symbol@7.0.0-alpha.11","_npmVersion":"5.0.0","_nodeVersion":"6.9.0","_npmUser":{"name":"hzoo","email":"hi@henryzoo.com"},"dist":{"integrity":"sha512-khCqqup6IoXxhgYipwi+zOYuqZdBs6yYx+iurgYdsSC5VeqScVhhp7L6F+WFASQ2RL4ya51GM3KXIHxkI1aa+g==","shasum":"ef7eaefa34926b95cbfded1239efa96df15bab12","tarball":"https://registry.npmjs.org/babel-plugin-transform-es2015-typeof-symbol/-/babel-plugin-transform-es2015-typeof-symbol-7.0.0-alpha.11.tgz"},"maintainers":[{"email":"sebmck@gmail.com","name":"sebmck"},{"email":"daniel@tschinder.de","name":"danez"},{"email":"hi@henryzoo.com","name":"hzoo"},{"email":"loganfsmyth@gmail.com","name":"loganfsmyth"}],"_npmOperationalInternal":{"host":"s3://npm-registry-packages","tmp":"tmp/babel-plugin-transform-es2015-typeof-symbol-7.0.0-alpha.11.tgz_1496263416156_0.5117657801602036"},"directories":{}},"7.0.0-alpha.12":{"name":"babel-plugin-transform-es2015-typeof-symbol","version":"7.0.0-alpha.12","description":"This transformer wraps all typeof expressions with a method that replicates native behaviour. (ie. returning “symbol” for symbols)","repository":{"type":"git","url":"https://github.com/babel/babel/tree/master/packages/babel-plugin-transform-es2015-typeof-symbol"},"license":"MIT","main":"lib/index.js","keywords":["babel-plugin"],"devDependencies":{"babel-helper-plugin-test-runner":"7.0.0-alpha.12"},"_id":"babel-plugin-transform-es2015-typeof-symbol@7.0.0-alpha.12","_npmVersion":"5.0.0","_nodeVersion":"6.9.0","_npmUser":{"name":"hzoo","email":"hi@henryzoo.com"},"dist":{"integrity":"sha512-nRWIRbEceU2WL/bL3fKtRlMROD9IpKVHDhnweeuE77KxlqbAv82Q9veGBoJJJaoRD1yFKtyGB+F4RVn0emaiFQ==","shasum":"c89044a6e459a21511165cd510ff50ee9c117b14","tarball":"https://registry.npmjs.org/babel-plugin-transform-es2015-typeof-symbol/-/babel-plugin-transform-es2015-typeof-symbol-7.0.0-alpha.12.tgz"},"maintainers":[{"email":"sebmck@gmail.com","name":"sebmck"},{"email":"daniel@tschinder.de","name":"danez"},{"email":"hi@henryzoo.com","name":"hzoo"},{"email":"loganfsmyth@gmail.com","name":"loganfsmyth"}],"_npmOperationalInternal":{"host":"s3://npm-registry-packages","tmp":"tmp/babel-plugin-transform-es2015-typeof-symbol-7.0.0-alpha.12.tgz_1496265109608_0.06715913210064173"},"directories":{}},"7.0.0-alpha.14":{"name":"babel-plugin-transform-es2015-typeof-symbol","version":"7.0.0-alpha.14","description":"This transformer wraps all typeof expressions with a method that replicates native behaviour. (ie. returning “symbol” for symbols)","repository":{"type":"git","url":"https://github.com/babel/babel/tree/master/packages/babel-plugin-transform-es2015-typeof-symbol"},"license":"MIT","main":"lib/index.js","keywords":["babel-plugin"],"devDependencies":{"babel-helper-plugin-test-runner":"7.0.0-alpha.14"},"_id":"babel-plugin-transform-es2015-typeof-symbol@7.0.0-alpha.14","scripts":{},"_shasum":"eaa3016cefa5fb01f615332016c5037d31986afd","_from":".","_npmVersion":"4.6.1","_nodeVersion":"6.9.0","_npmUser":{"name":"hzoo","email":"hi@henryzoo.com"},"dist":{"shasum":"eaa3016cefa5fb01f615332016c5037d31986afd","tarball":"https://registry.npmjs.org/babel-plugin-transform-es2015-typeof-symbol/-/babel-plugin-transform-es2015-typeof-symbol-7.0.0-alpha.14.tgz"},"maintainers":[{"email":"sebmck@gmail.com","name":"sebmck"},{"email":"daniel@tschinder.de","name":"danez"},{"email":"hi@henryzoo.com","name":"hzoo"},{"email":"loganfsmyth@gmail.com","name":"loganfsmyth"}],"_npmOperationalInternal":{"host":"s3://npm-registry-packages","tmp":"tmp/babel-plugin-transform-es2015-typeof-symbol-7.0.0-alpha.14.tgz_1499828008004_0.4604448275640607"},"directories":{}},"7.0.0-alpha.15":{"name":"babel-plugin-transform-es2015-typeof-symbol","version":"7.0.0-alpha.15","description":"This transformer wraps all typeof expressions with a method that replicates native behaviour. (ie. returning “symbol” for symbols)","repository":{"type":"git","url":"https://github.com/babel/babel/tree/master/packages/babel-plugin-transform-es2015-typeof-symbol"},"license":"MIT","main":"lib/index.js","keywords":["babel-plugin"],"devDependencies":{"babel-helper-plugin-test-runner":"7.0.0-alpha.15"},"_id":"babel-plugin-transform-es2015-typeof-symbol@7.0.0-alpha.15","scripts":{},"_shasum":"c698b48424dca9ff7e5bc6b5add8df90a896fe70","_from":".","_npmVersion":"4.6.1","_nodeVersion":"6.9.0","_npmUser":{"name":"hzoo","email":"hi@henryzoo.com"},"dist":{"shasum":"c698b48424dca9ff7e5bc6b5add8df90a896fe70","tarball":"https://registry.npmjs.org/babel-plugin-transform-es2015-typeof-symbol/-/babel-plugin-transform-es2015-typeof-symbol-7.0.0-alpha.15.tgz"},"maintainers":[{"email":"sebmck@gmail.com","name":"sebmck"},{"email":"daniel@tschinder.de","name":"danez"},{"email":"hi@henryzoo.com","name":"hzoo"},{"email":"loganfsmyth@gmail.com","name":"loganfsmyth"}],"_npmOperationalInternal":{"host":"s3://npm-registry-packages","tmp":"tmp/babel-plugin-transform-es2015-typeof-symbol-7.0.0-alpha.15.tgz_1499830542404_0.1934775880072266"},"directories":{}},"7.0.0-alpha.16":{"name":"babel-plugin-transform-es2015-typeof-symbol","version":"7.0.0-alpha.16","description":"This transformer wraps all typeof expressions with a method that replicates native behaviour. (ie. returning “symbol” for symbols)","repository":{"type":"git","url":"https://github.com/babel/babel/tree/master/packages/babel-plugin-transform-es2015-typeof-symbol"},"license":"MIT","main":"lib/index.js","keywords":["babel-plugin"],"devDependencies":{"babel-helper-plugin-test-runner":"7.0.0-alpha.16"},"_id":"babel-plugin-transform-es2015-typeof-symbol@7.0.0-alpha.16","scripts":{},"_shasum":"2fe3258cda1b8d7d0d50dc612850ae3ddf6c35fe","_from":".","_npmVersion":"4.6.1","_nodeVersion":"6.9.0","_npmUser":{"name":"hzoo","email":"hi@henryzoo.com"},"dist":{"shasum":"2fe3258cda1b8d7d0d50dc612850ae3ddf6c35fe","tarball":"https://registry.npmjs.org/babel-plugin-transform-es2015-typeof-symbol/-/babel-plugin-transform-es2015-typeof-symbol-7.0.0-alpha.16.tgz"},"maintainers":[{"email":"sebmck@gmail.com","name":"sebmck"},{"email":"daniel@tschinder.de","name":"danez"},{"email":"hi@henryzoo.com","name":"hzoo"},{"email":"loganfsmyth@gmail.com","name":"loganfsmyth"}],"_npmOperationalInternal":{"host":"s3://npm-registry-packages","tmp":"tmp/babel-plugin-transform-es2015-typeof-symbol-7.0.0-alpha.16.tgz_1501017456570_0.08365196059457958"},"directories":{}},"7.0.0-alpha.17":{"name":"babel-plugin-transform-es2015-typeof-symbol","version":"7.0.0-alpha.17","description":"This transformer wraps all typeof expressions with a method that replicates native behaviour. (ie. returning “symbol” for symbols)","repository":{"type":"git","url":"https://github.com/babel/babel/tree/master/packages/babel-plugin-transform-es2015-typeof-symbol"},"license":"MIT","main":"lib/index.js","keywords":["babel-plugin"],"devDependencies":{"babel-helper-plugin-test-runner":"7.0.0-alpha.17"},"_id":"babel-plugin-transform-es2015-typeof-symbol@7.0.0-alpha.17","scripts":{},"_shasum":"07f83c1c678bfda808e25cf82e7190a84e8c9c09","_from":".","_npmVersion":"4.6.1","_nodeVersion":"6.9.0","_npmUser":{"name":"hzoo","email":"hi@henryzoo.com"},"dist":{"shasum":"07f83c1c678bfda808e25cf82e7190a84e8c9c09","tarball":"https://registry.npmjs.org/babel-plugin-transform-es2015-typeof-symbol/-/babel-plugin-transform-es2015-typeof-symbol-7.0.0-alpha.17.tgz"},"maintainers":[{"email":"sebmck@gmail.com","name":"sebmck"},{"email":"daniel@tschinder.de","name":"danez"},{"email":"hi@henryzoo.com","name":"hzoo"},{"email":"loganfsmyth@gmail.com","name":"loganfsmyth"}],"_npmOperationalInternal":{"host":"s3://npm-registry-packages","tmp":"tmp/babel-plugin-transform-es2015-typeof-symbol-7.0.0-alpha.17.tgz_1501072744643_0.40755061991512775"},"directories":{}},"7.0.0-alpha.18":{"name":"babel-plugin-transform-es2015-typeof-symbol","version":"7.0.0-alpha.18","description":"This transformer wraps all typeof expressions with a method that replicates native behaviour. (ie. returning “symbol” for symbols)","repository":{"type":"git","url":"https://github.com/babel/babel/tree/master/packages/babel-plugin-transform-es2015-typeof-symbol"},"license":"MIT","main":"lib/index.js","keywords":["babel-plugin"],"devDependencies":{"babel-helper-plugin-test-runner":"7.0.0-alpha.18"},"_id":"babel-plugin-transform-es2015-typeof-symbol@7.0.0-alpha.18","_npmVersion":"5.3.0","_nodeVersion":"8.1.4","_npmUser":{"name":"hzoo","email":"hi@henryzoo.com"},"dist":{"integrity":"sha512-AkF0H9OIST3WsuoTqBDvrpMksRrHZAbHl5mjcbE4wN0Yiw+tuUKjR5ThB28mFpb4759ZkpIGKcemw0CLeoX3GA==","shasum":"c90aa1e15f8288d39a1e3d5a84270dfd469c3522","tarball":"https://registry.npmjs.org/babel-plugin-transform-es2015-typeof-symbol/-/babel-plugin-transform-es2015-typeof-symbol-7.0.0-alpha.18.tgz"},"maintainers":[{"email":"me@thejameskyle.com","name":"thejameskyle"},{"email":"sebmck@gmail.com","name":"sebmck"},{"email":"daniel@tschinder.de","name":"danez"},{"email":"hi@henryzoo.com","name":"hzoo"},{"email":"loganfsmyth@gmail.com","name":"loganfsmyth"}],"_npmOperationalInternal":{"host":"s3://npm-registry-packages","tmp":"tmp/babel-plugin-transform-es2015-typeof-symbol-7.0.0-alpha.18.tgz_1501798850914_0.07409628829918802"},"directories":{}},"7.0.0-alpha.19":{"name":"babel-plugin-transform-es2015-typeof-symbol","version":"7.0.0-alpha.19","description":"This transformer wraps all typeof expressions with a method that replicates native behaviour. (ie. returning “symbol” for symbols)","repository":{"type":"git","url":"https://github.com/babel/babel/tree/master/packages/babel-plugin-transform-es2015-typeof-symbol"},"license":"MIT","main":"lib/index.js","keywords":["babel-plugin"],"devDependencies":{"babel-helper-plugin-test-runner":"7.0.0-alpha.19"},"_id":"babel-plugin-transform-es2015-typeof-symbol@7.0.0-alpha.19","_npmVersion":"5.3.0","_nodeVersion":"8.1.4","_npmUser":{"name":"hzoo","email":"hi@henryzoo.com"},"dist":{"integrity":"sha512-d0ishyCrWuTCmU6FRsKUaH/jZcirNC6478eldvvwV0Ufj8g0LRP2HvYq3j8B4ismtceRINfWIZ6D4mEla385gQ==","shasum":"588fb8602fe1cc3417ea72ba9d61a2056eb7a05d","tarball":"https://registry.npmjs.org/babel-plugin-transform-es2015-typeof-symbol/-/babel-plugin-transform-es2015-typeof-symbol-7.0.0-alpha.19.tgz"},"maintainers":[{"email":"me@thejameskyle.com","name":"thejameskyle"},{"email":"sebmck@gmail.com","name":"sebmck"},{"email":"daniel@tschinder.de","name":"danez"},{"email":"hi@henryzoo.com","name":"hzoo"},{"email":"loganfsmyth@gmail.com","name":"loganfsmyth"}],"_npmOperationalInternal":{"host":"s3://npm-registry-packages","tmp":"tmp/babel-plugin-transform-es2015-typeof-symbol-7.0.0-alpha.19.tgz_1502144487871_0.8278944250196218"},"directories":{}},"7.0.0-alpha.20":{"name":"babel-plugin-transform-es2015-typeof-symbol","version":"7.0.0-alpha.20","description":"This transformer wraps all typeof expressions with a method that replicates native behaviour. (ie. returning “symbol” for symbols)","repository":{"type":"git","url":"https://github.com/babel/babel/tree/master/packages/babel-plugin-transform-es2015-typeof-symbol"},"license":"MIT","main":"lib/index.js","keywords":["babel-plugin"],"devDependencies":{"babel-helper-plugin-test-runner":"7.0.0-alpha.20"},"_id":"babel-plugin-transform-es2015-typeof-symbol@7.0.0-alpha.20","_npmVersion":"5.3.0","_nodeVersion":"8.1.4","_npmUser":{"name":"hzoo","email":"hi@henryzoo.com"},"dist":{"integrity":"sha512-qcud5M9F05Fv3f3TujNwQz/0Qdz/NhZv50KSWDJQCYYTm+wwqaEK7cNlgf1quyGsaJh5IhJlv2+rfQMmD3E+cQ==","shasum":"f987dbe60f9d7c3db60e61416e7f761fa5e76f71","tarball":"https://registry.npmjs.org/babel-plugin-transform-es2015-typeof-symbol/-/babel-plugin-transform-es2015-typeof-symbol-7.0.0-alpha.20.tgz"},"maintainers":[{"email":"me@thejameskyle.com","name":"thejameskyle"},{"email":"sebmck@gmail.com","name":"sebmck"},{"email":"daniel@tschinder.de","name":"danez"},{"email":"hi@henryzoo.com","name":"hzoo"},{"email":"loganfsmyth@gmail.com","name":"loganfsmyth"}],"_npmOperationalInternal":{"host":"s3://npm-registry-packages","tmp":"tmp/babel-plugin-transform-es2015-typeof-symbol-7.0.0-alpha.20.tgz_1504119118949_0.0737890584859997"},"directories":{}},"7.0.0-beta.0":{"name":"babel-plugin-transform-es2015-typeof-symbol","version":"7.0.0-beta.0","description":"This transformer wraps all typeof expressions with a method that replicates native behaviour. (ie. returning “symbol” for symbols)","repository":{"type":"git","url":"https://github.com/babel/babel/tree/master/packages/babel-plugin-transform-es2015-typeof-symbol"},"license":"MIT","main":"lib/index.js","keywords":["babel-plugin"],"devDependencies":{"babel-helper-plugin-test-runner":"7.0.0-beta.0"},"_id":"babel-plugin-transform-es2015-typeof-symbol@7.0.0-beta.0","_npmVersion":"5.3.0","_nodeVersion":"8.1.4","_npmUser":{"name":"hzoo","email":"hi@henryzoo.com"},"dist":{"integrity":"sha512-XM38mbDJQY/+aImJghAgn/PntSCtRflS8arEZ1ND5hKMgWQ7OuAH9tlEctZpcA6BK1wCWYrp6btnjw0K+bOieQ==","shasum":"26c0fe555d51f82d7d50c84415f99c8f66b7a961","tarball":"https://registry.npmjs.org/babel-plugin-transform-es2015-typeof-symbol/-/babel-plugin-transform-es2015-typeof-symbol-7.0.0-beta.0.tgz"},"maintainers":[{"email":"me@thejameskyle.com","name":"thejameskyle"},{"email":"sebmck@gmail.com","name":"sebmck"},{"email":"daniel@tschinder.de","name":"danez"},{"email":"hi@henryzoo.com","name":"hzoo"},{"email":"loganfsmyth@gmail.com","name":"loganfsmyth"}],"_npmOperationalInternal":{"host":"s3://npm-registry-packages","tmp":"tmp/babel-plugin-transform-es2015-typeof-symbol-7.0.0-beta.0.tgz_1505185322526_0.6146399755962193"},"directories":{}},"7.0.0-beta.1":{"name":"babel-plugin-transform-es2015-typeof-symbol","version":"7.0.0-beta.1","description":"This transformer wraps all typeof expressions with a method that replicates native behaviour. (ie. returning “symbol” for symbols)","repository":{"type":"git","url":"https://github.com/babel/babel/tree/master/packages/babel-plugin-transform-es2015-typeof-symbol"},"license":"MIT","main":"lib/index.js","keywords":["babel-plugin"],"devDependencies":{"babel-helper-plugin-test-runner":"7.0.0-beta.1"},"_id":"babel-plugin-transform-es2015-typeof-symbol@7.0.0-beta.1","_npmVersion":"5.4.1","_nodeVersion":"8.1.4","_npmUser":{"name":"hzoo","email":"hi@henryzoo.com"},"dist":{"integrity":"sha512-xqTFBYYE5o+JqHxqZLtPSte3lLwi2zZa3SZK4IJ4bIH8bZvNW7fjQbxqEcyTJm07CyY1xzweXUky+XWbst8nKw==","shasum":"7a98d8d880f00f5ddb8197a23c916939e8358d70","tarball":"https://registry.npmjs.org/babel-plugin-transform-es2015-typeof-symbol/-/babel-plugin-transform-es2015-typeof-symbol-7.0.0-beta.1.tgz"},"maintainers":[{"email":"me@thejameskyle.com","name":"thejameskyle"},{"email":"sebmck@gmail.com","name":"sebmck"},{"email":"daniel@tschinder.de","name":"danez"},{"email":"hi@henryzoo.com","name":"hzoo"},{"email":"loganfsmyth@gmail.com","name":"loganfsmyth"}],"_npmOperationalInternal":{"host":"s3://npm-registry-packages","tmp":"tmp/babel-plugin-transform-es2015-typeof-symbol-7.0.0-beta.1.tgz_1505851752845_0.08185021299868822"},"directories":{}},"7.0.0-beta.2":{"name":"babel-plugin-transform-es2015-typeof-symbol","version":"7.0.0-beta.2","description":"This transformer wraps all typeof expressions with a method that replicates native behaviour. (ie. returning “symbol” for symbols)","repository":{"type":"git","url":"https://github.com/babel/babel/tree/master/packages/babel-plugin-transform-es2015-typeof-symbol"},"license":"MIT","main":"lib/index.js","keywords":["babel-plugin"],"devDependencies":{"babel-helper-plugin-test-runner":"7.0.0-beta.2"},"_id":"babel-plugin-transform-es2015-typeof-symbol@7.0.0-beta.2","_npmVersion":"5.4.1","_nodeVersion":"8.1.4","_npmUser":{"name":"hzoo","email":"hi@henryzoo.com"},"dist":{"integrity":"sha512-nhOew+tjjTVpjPfa0/JAH7aVpI5p+WIEIxBKWHb700Ij43Cs4Fb0Hb/F6zjpfyZUe/nsWF3w+13t8rDdfd72ng==","shasum":"6bfd212ea3b3c273b13281ce40a7e3a2f4c90c7b","tarball":"https://registry.npmjs.org/babel-plugin-transform-es2015-typeof-symbol/-/babel-plugin-transform-es2015-typeof-symbol-7.0.0-beta.2.tgz"},"maintainers":[{"email":"bng412@gmail.com","name":"existentialism"},{"email":"me@thejameskyle.com","name":"thejameskyle"},{"email":"sebmck@gmail.com","name":"sebmck"},{"email":"daniel@tschinder.de","name":"danez"},{"email":"hi@henryzoo.com","name":"hzoo"},{"email":"loganfsmyth@gmail.com","name":"loganfsmyth"}],"_npmOperationalInternal":{"host":"s3://npm-registry-packages","tmp":"tmp/babel-plugin-transform-es2015-typeof-symbol-7.0.0-beta.2.tgz_1506438902914_0.20089116343297064"},"directories":{}},"7.0.0-beta.3":{"name":"babel-plugin-transform-es2015-typeof-symbol","version":"7.0.0-beta.3","description":"This transformer wraps all typeof expressions with a method that replicates native behaviour. (ie. returning “symbol” for symbols)","repository":{"type":"git","url":"https://github.com/babel/babel/tree/master/packages/babel-plugin-transform-es2015-typeof-symbol"},"license":"MIT","main":"lib/index.js","keywords":["babel-plugin"],"devDependencies":{"babel-helper-plugin-test-runner":"7.0.0-beta.3"},"_id":"babel-plugin-transform-es2015-typeof-symbol@7.0.0-beta.3","_npmVersion":"5.5.1","_nodeVersion":"8.1.4","_npmUser":{"name":"hzoo","email":"hi@henryzoo.com"},"dist":{"integrity":"sha512-tR3r8pdT4mW1lOMyoHDGbwp3wNlY1ks1K/fI0G/nZeZLQcRZm+XQEf8ia0DC17eUFCmrduJw/AyqC7Z6sCZb1A==","shasum":"8194f5b4e2f134d8744daa72fe4cb219f739b9ed","tarball":"https://registry.npmjs.org/babel-plugin-transform-es2015-typeof-symbol/-/babel-plugin-transform-es2015-typeof-symbol-7.0.0-beta.3.tgz"},"maintainers":[{"email":"bng412@gmail.com","name":"existentialism"},{"email":"me@thejameskyle.com","name":"thejameskyle"},{"email":"sebmck@gmail.com","name":"sebmck"},{"email":"daniel@tschinder.de","name":"danez"},{"email":"hi@henryzoo.com","name":"hzoo"},{"email":"loganfsmyth@gmail.com","name":"loganfsmyth"}],"_npmOperationalInternal":{"host":"s3://npm-registry-packages","tmp":"tmp/babel-plugin-transform-es2015-typeof-symbol-7.0.0-beta.3.tgz_1508073088506_0.974684523884207"},"directories":{}}},"readme":"# babel-plugin-transform-es2015-typeof-symbol\n\n## Installation\n\n```sh\n$ npm install babel-plugin-transform-es2015-typeof-symbol\n```\n\n## Usage\n\n### Via `.babelrc` (Recommended)\n\n**.babelrc**\n\n```json\n{\n  \"plugins\": [\"transform-es2015-typeof-symbol\"]\n}\n```\n\n### Via CLI\n\n```sh\n$ babel --plugins transform-es2015-typeof-symbol script.js\n```\n\n### Via Node API\n\n```javascript\nrequire(\"babel-core\").transform(\"code\", {\n  plugins: [\"transform-es2015-typeof-symbol\"]\n});\n```\n","maintainers":[{"email":"bng412@gmail.com","name":"existentialism"},{"email":"me@thejameskyle.com","name":"thejameskyle"},{"email":"sebmck@gmail.com","name":"sebmck"},{"email":"daniel@tschinder.de","name":"danez"},{"email":"hi@henryzoo.com","name":"hzoo"},{"email":"loganfsmyth@gmail.com","name":"loganfsmyth"}],"time":{"modified":"2017-10-15T13:11:30.311Z","created":"2015-10-29T18:16:09.577Z","6.0.2":"2015-10-29T18:16:09.577Z","6.0.14":"2015-10-30T23:39:03.708Z","6.0.15":"2015-11-01T22:10:31.423Z","6.1.2":"2015-11-05T11:11:36.210Z","6.1.4":"2015-11-11T10:28:47.337Z","6.1.17":"2015-11-12T21:42:29.140Z","6.1.18":"2015-11-12T21:50:39.565Z","6.2.4":"2015-11-25T03:14:42.584Z","6.3.13":"2015-12-04T11:59:34.813Z","6.4.0":"2016-01-06T20:34:58.173Z","6.4.3":"2016-01-14T05:56:32.836Z","6.5.0":"2016-02-07T00:07:48.440Z","6.5.0-1":"2016-02-07T02:41:06.229Z","6.6.0":"2016-02-29T21:12:53.658Z","6.8.0":"2016-05-02T23:44:53.162Z","6.18.0":"2016-10-24T21:19:09.365Z","6.22.0":"2017-01-20T00:34:04.370Z","6.23.0":"2017-02-13T23:04:23.043Z","7.0.0-alpha.1":"2017-03-02T21:05:07.900Z","7.0.0-alpha.3":"2017-03-23T19:49:15.696Z","7.0.0-alpha.7":"2017-04-05T21:13:41.569Z","7.0.0-alpha.8":"2017-04-17T19:12:41.931Z","7.0.0-alpha.9":"2017-04-18T14:41:49.405Z","7.0.0-alpha.10":"2017-05-25T19:17:17.440Z","7.0.0-alpha.11":"2017-05-31T20:43:36.231Z","7.0.0-alpha.12":"2017-05-31T21:11:51.108Z","7.0.0-alpha.14":"2017-07-12T02:53:28.868Z","7.0.0-alpha.15":"2017-07-12T03:35:43.317Z","7.0.0-alpha.16":"2017-07-25T21:17:37.591Z","7.0.0-alpha.17":"2017-07-26T12:39:05.630Z","7.0.0-alpha.18":"2017-08-03T22:20:50.989Z","7.0.0-alpha.19":"2017-08-07T22:21:27.956Z","7.0.0-alpha.20":"2017-08-30T18:51:59.051Z","7.0.0-beta.0":"2017-09-12T03:02:03.408Z","7.0.0-beta.1":"2017-09-19T20:09:12.910Z","7.0.0-beta.2":"2017-09-26T15:15:03.836Z","7.0.0-beta.3":"2017-10-15T13:11:30.311Z"},"keywords":["babel-plugin"],"repository":{"type":"git","url":"https://github.com/babel/babel/tree/master/packages/babel-plugin-transform-es2015-typeof-symbol"},"license":"MIT","readmeFilename":"README.md","_attachments":{},"_etag":"W/\"f95af62716554c10f6e00399de889493\"","_lastModified":"Sat, 26 May 2018 17:58:42 GMT"}