{"_id":"babel-plugin-transform-es2015-function-name","_rev":"76-901be9ebfd0f01ae31efdd33e0058c88","name":"babel-plugin-transform-es2015-function-name","description":"Apply ES2015 function.name semantics to all functions","dist-tags":{"latest":"6.24.1","next":"7.0.0-beta.3"},"versions":{"6.0.2":{"name":"babel-plugin-transform-es2015-function-name","version":"6.0.2","description":"Apply ES2015 function.name semantics to all functions","repository":{"type":"git","url":"git+https://github.com/babel/babel.git"},"license":"MIT","main":"lib/index.js","keywords":["babel-plugin"],"dependencies":{"babel-helper-function-name":"^6.0.2","babel-types":"^6.0.2","babel-runtime":"^6.0.2"},"bugs":{"url":"https://github.com/babel/babel/issues"},"homepage":"https://github.com/babel/babel#readme","_id":"babel-plugin-transform-es2015-function-name@6.0.2","scripts":{},"_shasum":"6898a5e2af6a3082c3da1dd6870d5c5f4a7b945c","_from":".","_npmVersion":"2.14.3","_nodeVersion":"4.1.0","_npmUser":{"name":"sebmck","email":"sebmck@gmail.com"},"dist":{"shasum":"6898a5e2af6a3082c3da1dd6870d5c5f4a7b945c","tarball":"https://registry.npmjs.org/babel-plugin-transform-es2015-function-name/-/babel-plugin-transform-es2015-function-name-6.0.2.tgz"},"maintainers":[{"name":"sebmck","email":"sebmck@gmail.com"}],"directories":{}},"6.0.14":{"name":"babel-plugin-transform-es2015-function-name","version":"6.0.14","description":"Apply ES2015 function.name semantics to all functions","repository":{"type":"git","url":"https://github.com/babel/babel/tree/master/packages/babel-plugin-transform-es2015-function-name"},"license":"MIT","main":"lib/index.js","keywords":["babel-plugin"],"dependencies":{"babel-helper-function-name":"^6.0.14","babel-types":"^6.0.14","babel-runtime":"^5.0.0"},"_id":"babel-plugin-transform-es2015-function-name@6.0.14","scripts":{},"_shasum":"effc252e569fdf436914e7de20b1a7dbc0a1facb","_from":".","_npmVersion":"2.14.9","_nodeVersion":"4.1.0","_npmUser":{"name":"sebmck","email":"sebmck@gmail.com"},"dist":{"shasum":"effc252e569fdf436914e7de20b1a7dbc0a1facb","tarball":"https://registry.npmjs.org/babel-plugin-transform-es2015-function-name/-/babel-plugin-transform-es2015-function-name-6.0.14.tgz"},"maintainers":[{"name":"sebmck","email":"sebmck@gmail.com"}],"directories":{}},"6.1.4":{"name":"babel-plugin-transform-es2015-function-name","version":"6.1.4","description":"Apply ES2015 function.name semantics to all functions","repository":{"type":"git","url":"https://github.com/babel/babel/tree/master/packages/babel-plugin-transform-es2015-function-name"},"license":"MIT","main":"lib/index.js","keywords":["babel-plugin"],"dependencies":{"babel-helper-function-name":"^6.0.14","babel-types":"^6.1.4","babel-runtime":"^5.0.0"},"devDependencies":{"babel-helper-plugin-test-runner":"^6.1.4"},"_id":"babel-plugin-transform-es2015-function-name@6.1.4","scripts":{},"_shasum":"a9850bf5265268f6d0ba06515bfb3105760273e0","_from":".","_npmVersion":"3.3.10","_nodeVersion":"4.1.0","_npmUser":{"name":"sebmck","email":"sebmck@gmail.com"},"dist":{"shasum":"a9850bf5265268f6d0ba06515bfb3105760273e0","tarball":"https://registry.npmjs.org/babel-plugin-transform-es2015-function-name/-/babel-plugin-transform-es2015-function-name-6.1.4.tgz"},"maintainers":[{"name":"sebmck","email":"sebmck@gmail.com"}],"directories":{}},"6.1.5":{"name":"babel-plugin-transform-es2015-function-name","version":"6.1.5","description":"Apply ES2015 function.name semantics to all functions","repository":{"type":"git","url":"https://github.com/babel/babel/tree/master/packages/babel-plugin-transform-es2015-function-name"},"license":"MIT","main":"lib/index.js","keywords":["babel-plugin"],"dependencies":{"babel-helper-function-name":"^6.1.5","babel-types":"^6.1.5","babel-runtime":"^5.0.0"},"devDependencies":{"babel-helper-plugin-test-runner":"^6.1.5"},"_id":"babel-plugin-transform-es2015-function-name@6.1.5","scripts":{},"_shasum":"e86b0bf9ea30ae6c8a9dfb81c2a722e456d5b322","_from":".","_npmVersion":"3.3.10","_nodeVersion":"4.1.0","_npmUser":{"name":"sebmck","email":"sebmck@gmail.com"},"dist":{"shasum":"e86b0bf9ea30ae6c8a9dfb81c2a722e456d5b322","tarball":"https://registry.npmjs.org/babel-plugin-transform-es2015-function-name/-/babel-plugin-transform-es2015-function-name-6.1.5.tgz"},"maintainers":[{"name":"sebmck","email":"sebmck@gmail.com"}],"directories":{}},"6.1.10":{"name":"babel-plugin-transform-es2015-function-name","version":"6.1.10","description":"Apply ES2015 function.name semantics to all functions","repository":{"type":"git","url":"https://github.com/babel/babel/tree/master/packages/babel-plugin-transform-es2015-function-name"},"license":"MIT","main":"lib/index.js","keywords":["babel-plugin"],"dependencies":{"babel-helper-function-name":"^6.1.10","babel-types":"^6.1.10","babel-runtime":"^5.0.0"},"devDependencies":{"babel-helper-plugin-test-runner":"^6.1.10"},"_id":"babel-plugin-transform-es2015-function-name@6.1.10","scripts":{},"_shasum":"f20775c0b36a92b963bd22285004e14b4bd074d9","_from":".","_npmVersion":"3.3.10","_nodeVersion":"4.1.0","_npmUser":{"name":"sebmck","email":"sebmck@gmail.com"},"dist":{"shasum":"f20775c0b36a92b963bd22285004e14b4bd074d9","tarball":"https://registry.npmjs.org/babel-plugin-transform-es2015-function-name/-/babel-plugin-transform-es2015-function-name-6.1.10.tgz"},"maintainers":[{"name":"amasad","email":"amjad.masad@gmail.com"},{"name":"sebmck","email":"sebmck@gmail.com"},{"name":"thejameskyle","email":"me@thejameskyle.com"}],"directories":{}},"6.1.17":{"name":"babel-plugin-transform-es2015-function-name","version":"6.1.17","description":"Apply ES2015 function.name semantics to all functions","repository":{"type":"git","url":"https://github.com/babel/babel/tree/master/packages/babel-plugin-transform-es2015-function-name"},"license":"MIT","main":"lib/index.js","keywords":["babel-plugin"],"dependencies":{"babel-helper-function-name":"^6.1.17","babel-types":"^6.1.17","babel-runtime":"^5.0.0"},"devDependencies":{"babel-helper-plugin-test-runner":"^6.1.17"},"_id":"babel-plugin-transform-es2015-function-name@6.1.17","scripts":{},"_shasum":"899a25d23b1a30ed0baf10689c92677344b113d1","_from":".","_npmVersion":"3.3.10","_nodeVersion":"4.1.0","_npmUser":{"name":"sebmck","email":"sebmck@gmail.com"},"dist":{"shasum":"899a25d23b1a30ed0baf10689c92677344b113d1","tarball":"https://registry.npmjs.org/babel-plugin-transform-es2015-function-name/-/babel-plugin-transform-es2015-function-name-6.1.17.tgz"},"maintainers":[{"name":"amasad","email":"amjad.masad@gmail.com"},{"name":"sebmck","email":"sebmck@gmail.com"},{"name":"thejameskyle","email":"me@thejameskyle.com"}],"directories":{}},"6.1.18":{"name":"babel-plugin-transform-es2015-function-name","version":"6.1.18","description":"Apply ES2015 function.name semantics to all functions","repository":{"type":"git","url":"https://github.com/babel/babel/tree/master/packages/babel-plugin-transform-es2015-function-name"},"license":"MIT","main":"lib/index.js","keywords":["babel-plugin"],"dependencies":{"babel-helper-function-name":"^6.1.18","babel-types":"^6.1.18","babel-runtime":"^5.0.0"},"devDependencies":{"babel-helper-plugin-test-runner":"^6.1.18"},"_id":"babel-plugin-transform-es2015-function-name@6.1.18","scripts":{},"_shasum":"7585ca9fb93e2642b773486d298dbe20ff3f825b","_from":".","_npmVersion":"3.3.10","_nodeVersion":"4.1.0","_npmUser":{"name":"sebmck","email":"sebmck@gmail.com"},"dist":{"shasum":"7585ca9fb93e2642b773486d298dbe20ff3f825b","tarball":"https://registry.npmjs.org/babel-plugin-transform-es2015-function-name/-/babel-plugin-transform-es2015-function-name-6.1.18.tgz"},"maintainers":[{"name":"amasad","email":"amjad.masad@gmail.com"},{"name":"sebmck","email":"sebmck@gmail.com"},{"name":"thejameskyle","email":"me@thejameskyle.com"}],"directories":{}},"6.2.4":{"name":"babel-plugin-transform-es2015-function-name","version":"6.2.4","description":"Apply ES2015 function.name semantics to all functions","repository":{"type":"git","url":"https://github.com/babel/babel/tree/master/packages/babel-plugin-transform-es2015-function-name"},"license":"MIT","main":"lib/index.js","keywords":["babel-plugin"],"dependencies":{"babel-helper-function-name":"^6.2.4","babel-types":"^6.2.4","babel-runtime":"^5.0.0"},"devDependencies":{"babel-helper-plugin-test-runner":"^6.2.4"},"_id":"babel-plugin-transform-es2015-function-name@6.2.4","scripts":{},"_shasum":"11808602ba881ee0f4203411a6c004edb593dcae","_from":".","_npmVersion":"3.3.10","_nodeVersion":"4.1.0","_npmUser":{"name":"sebmck","email":"sebmck@gmail.com"},"dist":{"shasum":"11808602ba881ee0f4203411a6c004edb593dcae","tarball":"https://registry.npmjs.org/babel-plugin-transform-es2015-function-name/-/babel-plugin-transform-es2015-function-name-6.2.4.tgz"},"maintainers":[{"name":"amasad","email":"amjad.masad@gmail.com"},{"name":"sebmck","email":"sebmck@gmail.com"},{"name":"thejameskyle","email":"me@thejameskyle.com"}],"directories":{}},"6.3.13":{"name":"babel-plugin-transform-es2015-function-name","version":"6.3.13","description":"Apply ES2015 function.name semantics to all functions","repository":{"type":"git","url":"https://github.com/babel/babel/tree/master/packages/babel-plugin-transform-es2015-function-name"},"license":"MIT","main":"lib/index.js","keywords":["babel-plugin"],"dependencies":{"babel-helper-function-name":"^6.3.13","babel-types":"^6.3.13","babel-runtime":"^5.0.0"},"devDependencies":{"babel-helper-plugin-test-runner":"^6.3.13"},"_id":"babel-plugin-transform-es2015-function-name@6.3.13","scripts":{},"_shasum":"97568f9039ae34c83b678278b7d2d55142512708","_from":".","_npmVersion":"3.3.10","_nodeVersion":"4.1.0","_npmUser":{"name":"sebmck","email":"sebmck@gmail.com"},"dist":{"shasum":"97568f9039ae34c83b678278b7d2d55142512708","tarball":"https://registry.npmjs.org/babel-plugin-transform-es2015-function-name/-/babel-plugin-transform-es2015-function-name-6.3.13.tgz"},"maintainers":[{"name":"amasad","email":"amjad.masad@gmail.com"},{"name":"hzoo","email":"hi@henryzoo.com"},{"name":"jmm","email":"npm-public@jessemccarthy.net"},{"name":"loganfsmyth","email":"loganfsmyth@gmail.com"},{"name":"sebmck","email":"sebmck@gmail.com"},{"name":"thejameskyle","email":"me@thejameskyle.com"}],"directories":{}},"6.3.19":{"name":"babel-plugin-transform-es2015-function-name","version":"6.3.19","description":"Apply ES2015 function.name semantics to all functions","repository":{"type":"git","url":"https://github.com/babel/babel/tree/master/packages/babel-plugin-transform-es2015-function-name"},"license":"MIT","main":"lib/index.js","keywords":["babel-plugin"],"dependencies":{"babel-helper-function-name":"^6.3.13","babel-types":"^6.3.13","babel-runtime":"^5.0.0"},"devDependencies":{"babel-helper-plugin-test-runner":"^6.3.13"},"_id":"babel-plugin-transform-es2015-function-name@6.3.19","scripts":{},"_shasum":"0ddb577912b01b4cb85b1f5af3404c292565f31c","_from":".","_npmVersion":"2.14.7","_nodeVersion":"4.2.2","_npmUser":{"name":"amasad","email":"amjad.masad@gmail.com"},"maintainers":[{"name":"amasad","email":"amjad.masad@gmail.com"},{"name":"hzoo","email":"hi@henryzoo.com"},{"name":"jmm","email":"npm-public@jessemccarthy.net"},{"name":"loganfsmyth","email":"loganfsmyth@gmail.com"},{"name":"sebmck","email":"sebmck@gmail.com"},{"name":"thejameskyle","email":"me@thejameskyle.com"}],"dist":{"shasum":"0ddb577912b01b4cb85b1f5af3404c292565f31c","tarball":"https://registry.npmjs.org/babel-plugin-transform-es2015-function-name/-/babel-plugin-transform-es2015-function-name-6.3.19.tgz"},"directories":{}},"6.3.21":{"name":"babel-plugin-transform-es2015-function-name","version":"6.3.21","description":"Apply ES2015 function.name semantics to all functions","repository":{"type":"git","url":"https://github.com/babel/babel/tree/master/packages/babel-plugin-transform-es2015-function-name"},"license":"MIT","main":"lib/index.js","keywords":["babel-plugin"],"dependencies":{"babel-helper-function-name":"^6.3.13","babel-types":"^6.3.21","babel-runtime":"^5.0.0"},"devDependencies":{"babel-helper-plugin-test-runner":"^6.3.13"},"_id":"babel-plugin-transform-es2015-function-name@6.3.21","scripts":{},"_shasum":"9fcf7563d79af497a876338c129b02fe43e0c5be","_from":".","_npmVersion":"2.14.7","_nodeVersion":"4.2.2","_npmUser":{"name":"amasad","email":"amjad.masad@gmail.com"},"maintainers":[{"name":"amasad","email":"amjad.masad@gmail.com"},{"name":"hzoo","email":"hi@henryzoo.com"},{"name":"jmm","email":"npm-public@jessemccarthy.net"},{"name":"loganfsmyth","email":"loganfsmyth@gmail.com"},{"name":"sebmck","email":"sebmck@gmail.com"},{"name":"thejameskyle","email":"me@thejameskyle.com"}],"dist":{"shasum":"9fcf7563d79af497a876338c129b02fe43e0c5be","tarball":"https://registry.npmjs.org/babel-plugin-transform-es2015-function-name/-/babel-plugin-transform-es2015-function-name-6.3.21.tgz"},"directories":{}},"6.4.0":{"name":"babel-plugin-transform-es2015-function-name","version":"6.4.0","description":"Apply ES2015 function.name semantics to all functions","repository":{"type":"git","url":"https://github.com/babel/babel/tree/master/packages/babel-plugin-transform-es2015-function-name"},"license":"MIT","main":"lib/index.js","keywords":["babel-plugin"],"dependencies":{"babel-helper-function-name":"^6.4.0","babel-types":"^6.4.0","babel-runtime":"^5.0.0"},"devDependencies":{"babel-helper-plugin-test-runner":"^6.3.13"},"_id":"babel-plugin-transform-es2015-function-name@6.4.0","scripts":{},"_shasum":"61a6a404bcb0364f1abafd38c64ab914b9d93fde","_from":".","_npmVersion":"3.5.2","_nodeVersion":"5.1.0","_npmUser":{"name":"hzoo","email":"hi@henryzoo.com"},"dist":{"shasum":"61a6a404bcb0364f1abafd38c64ab914b9d93fde","tarball":"https://registry.npmjs.org/babel-plugin-transform-es2015-function-name/-/babel-plugin-transform-es2015-function-name-6.4.0.tgz"},"maintainers":[{"name":"amasad","email":"amjad.masad@gmail.com"},{"name":"hzoo","email":"hi@henryzoo.com"},{"name":"jmm","email":"npm-public@jessemccarthy.net"},{"name":"loganfsmyth","email":"loganfsmyth@gmail.com"},{"name":"sebmck","email":"sebmck@gmail.com"},{"name":"thejameskyle","email":"me@thejameskyle.com"}],"directories":{}},"6.5.0":{"name":"babel-plugin-transform-es2015-function-name","version":"6.5.0","description":"Apply ES2015 function.name semantics to all functions","repository":{"type":"git","url":"https://github.com/babel/babel/tree/master/packages/babel-plugin-transform-es2015-function-name"},"license":"MIT","main":"lib/index.js","keywords":["babel-plugin"],"dependencies":{"babel-helper-function-name":"^6.4.0","babel-types":"^6.4.0","babel-runtime":"^5.0.0"},"devDependencies":{"babel-helper-plugin-test-runner":"^6.3.13"},"_id":"babel-plugin-transform-es2015-function-name@6.5.0","scripts":{},"_shasum":"2939dc437acac705e3c9468542b6e4ac05179088","_from":".","_npmVersion":"3.6.0","_nodeVersion":"5.1.0","_npmUser":{"name":"hzoo","email":"hi@henryzoo.com"},"dist":{"shasum":"2939dc437acac705e3c9468542b6e4ac05179088","tarball":"https://registry.npmjs.org/babel-plugin-transform-es2015-function-name/-/babel-plugin-transform-es2015-function-name-6.5.0.tgz"},"maintainers":[{"name":"amasad","email":"amjad.masad@gmail.com"},{"name":"hzoo","email":"hi@henryzoo.com"},{"name":"jmm","email":"npm-public@jessemccarthy.net"},{"name":"loganfsmyth","email":"loganfsmyth@gmail.com"},{"name":"sebmck","email":"sebmck@gmail.com"},{"name":"thejameskyle","email":"me@thejameskyle.com"}],"_npmOperationalInternal":{"host":"packages-9-west.internal.npmjs.com","tmp":"tmp/babel-plugin-transform-es2015-function-name-6.5.0.tgz_1454803654842_0.8543756175786257"},"directories":{}},"6.5.0-1":{"name":"babel-plugin-transform-es2015-function-name","version":"6.5.0-1","description":"Apply ES2015 function.name semantics to all functions","repository":{"type":"git","url":"https://github.com/babel/babel/tree/master/packages/babel-plugin-transform-es2015-function-name"},"license":"MIT","main":"lib/index.js","keywords":["babel-plugin"],"dependencies":{"babel-helper-function-name":"^6.5.0-1","babel-types":"^6.5.0-1","babel-runtime":"^5.0.0"},"devDependencies":{"babel-helper-plugin-test-runner":"^6.5.0-1"},"_id":"babel-plugin-transform-es2015-function-name@6.5.0-1","scripts":{},"_shasum":"4a2ec1f5c02ae50c5e882b84405918db93af602d","_from":".","_npmVersion":"3.6.0","_nodeVersion":"5.1.0","_npmUser":{"name":"hzoo","email":"hi@henryzoo.com"},"dist":{"shasum":"4a2ec1f5c02ae50c5e882b84405918db93af602d","tarball":"https://registry.npmjs.org/babel-plugin-transform-es2015-function-name/-/babel-plugin-transform-es2015-function-name-6.5.0-1.tgz"},"maintainers":[{"name":"amasad","email":"amjad.masad@gmail.com"},{"name":"hzoo","email":"hi@henryzoo.com"},{"name":"jmm","email":"npm-public@jessemccarthy.net"},{"name":"loganfsmyth","email":"loganfsmyth@gmail.com"},{"name":"sebmck","email":"sebmck@gmail.com"},{"name":"thejameskyle","email":"me@thejameskyle.com"}],"_npmOperationalInternal":{"host":"packages-9-west.internal.npmjs.com","tmp":"tmp/babel-plugin-transform-es2015-function-name-6.5.0-1.tgz_1454812839058_0.5927234152331948"},"directories":{}},"6.8.0":{"name":"babel-plugin-transform-es2015-function-name","version":"6.8.0","description":"Apply ES2015 function.name semantics to all functions","repository":{"type":"git","url":"https://github.com/babel/babel/tree/master/packages/babel-plugin-transform-es2015-function-name"},"license":"MIT","main":"lib/index.js","keywords":["babel-plugin"],"dependencies":{"babel-helper-function-name":"^6.8.0","babel-types":"^6.8.0","babel-runtime":"^6.0.0"},"devDependencies":{"babel-helper-plugin-test-runner":"^6.8.0"},"_id":"babel-plugin-transform-es2015-function-name@6.8.0","scripts":{},"_shasum":"327640eb7db2c368871b195e65d3bfc58ff055fc","_from":".","_npmVersion":"3.8.6","_nodeVersion":"5.1.0","_npmUser":{"name":"hzoo","email":"hi@henryzoo.com"},"maintainers":[{"name":"amasad","email":"amjad.masad@gmail.com"},{"name":"hzoo","email":"hi@henryzoo.com"},{"name":"jmm","email":"npm-public@jessemccarthy.net"},{"name":"loganfsmyth","email":"loganfsmyth@gmail.com"},{"name":"sebmck","email":"sebmck@gmail.com"},{"name":"thejameskyle","email":"me@thejameskyle.com"}],"dist":{"shasum":"327640eb7db2c368871b195e65d3bfc58ff055fc","tarball":"https://registry.npmjs.org/babel-plugin-transform-es2015-function-name/-/babel-plugin-transform-es2015-function-name-6.8.0.tgz"},"_npmOperationalInternal":{"host":"packages-12-west.internal.npmjs.com","tmp":"tmp/babel-plugin-transform-es2015-function-name-6.8.0.tgz_1462232679569_0.11782598518766463"},"directories":{}},"6.9.0":{"name":"babel-plugin-transform-es2015-function-name","version":"6.9.0","description":"Apply ES2015 function.name semantics to all functions","repository":{"type":"git","url":"https://github.com/babel/babel/tree/master/packages/babel-plugin-transform-es2015-function-name"},"license":"MIT","main":"lib/index.js","keywords":["babel-plugin"],"dependencies":{"babel-helper-function-name":"^6.8.0","babel-types":"^6.9.0","babel-runtime":"^6.9.0"},"devDependencies":{"babel-helper-plugin-test-runner":"^6.8.0"},"_id":"babel-plugin-transform-es2015-function-name@6.9.0","scripts":{},"_shasum":"8c135b17dbd064e5bba56ec511baaee2fca82719","_from":".","_npmVersion":"3.8.6","_nodeVersion":"5.1.0","_npmUser":{"name":"hzoo","email":"hi@henryzoo.com"},"maintainers":[{"name":"amasad","email":"amjad.masad@gmail.com"},{"name":"hzoo","email":"hi@henryzoo.com"},{"name":"jmm","email":"npm-public@jessemccarthy.net"},{"name":"loganfsmyth","email":"loganfsmyth@gmail.com"},{"name":"sebmck","email":"sebmck@gmail.com"},{"name":"thejameskyle","email":"me@thejameskyle.com"}],"dist":{"shasum":"8c135b17dbd064e5bba56ec511baaee2fca82719","tarball":"https://registry.npmjs.org/babel-plugin-transform-es2015-function-name/-/babel-plugin-transform-es2015-function-name-6.9.0.tgz"},"_npmOperationalInternal":{"host":"packages-16-east.internal.npmjs.com","tmp":"tmp/babel-plugin-transform-es2015-function-name-6.9.0.tgz_1463510973758_0.4115482100751251"},"directories":{}},"6.22.0":{"name":"babel-plugin-transform-es2015-function-name","version":"6.22.0","description":"Apply ES2015 function.name semantics to all functions","repository":{"type":"git","url":"https://github.com/babel/babel/tree/master/packages/babel-plugin-transform-es2015-function-name"},"license":"MIT","main":"lib/index.js","keywords":["babel-plugin"],"dependencies":{"babel-helper-function-name":"^6.22.0","babel-types":"^6.22.0","babel-runtime":"^6.22.0"},"devDependencies":{"babel-helper-plugin-test-runner":"^6.22.0"},"_id":"babel-plugin-transform-es2015-function-name@6.22.0","scripts":{},"_shasum":"f5fcc8b09093f9a23c76ac3d9e392c3ec4b77104","_from":".","_npmVersion":"3.10.10","_nodeVersion":"6.9.0","_npmUser":{"name":"hzoo","email":"hi@henryzoo.com"},"dist":{"shasum":"f5fcc8b09093f9a23c76ac3d9e392c3ec4b77104","tarball":"https://registry.npmjs.org/babel-plugin-transform-es2015-function-name/-/babel-plugin-transform-es2015-function-name-6.22.0.tgz"},"maintainers":[{"name":"amasad","email":"amjad.masad@gmail.com"},{"name":"hzoo","email":"hi@henryzoo.com"},{"name":"jmm","email":"npm-public@jessemccarthy.net"},{"name":"loganfsmyth","email":"loganfsmyth@gmail.com"},{"name":"sebmck","email":"sebmck@gmail.com"},{"name":"thejameskyle","email":"me@thejameskyle.com"}],"_npmOperationalInternal":{"host":"packages-18-east.internal.npmjs.com","tmp":"tmp/babel-plugin-transform-es2015-function-name-6.22.0.tgz_1484872432550_0.0773146920837462"},"directories":{}},"7.0.0-alpha.1":{"name":"babel-plugin-transform-es2015-function-name","version":"7.0.0-alpha.1","description":"Apply ES2015 function.name semantics to all functions","repository":{"type":"git","url":"https://github.com/babel/babel/tree/master/packages/babel-plugin-transform-es2015-function-name"},"license":"MIT","main":"lib/index.js","keywords":["babel-plugin"],"dependencies":{"babel-helper-function-name":"7.0.0-alpha.1","babel-types":"7.0.0-alpha.1"},"devDependencies":{"babel-helper-plugin-test-runner":"7.0.0-alpha.1"},"_id":"babel-plugin-transform-es2015-function-name@7.0.0-alpha.1","scripts":{},"_shasum":"ad71c53e806d3812b28d1329f25a16a67e9cfc9d","_from":".","_npmVersion":"3.10.10","_nodeVersion":"6.9.0","_npmUser":{"name":"hzoo","email":"hi@henryzoo.com"},"dist":{"shasum":"ad71c53e806d3812b28d1329f25a16a67e9cfc9d","tarball":"https://registry.npmjs.org/babel-plugin-transform-es2015-function-name/-/babel-plugin-transform-es2015-function-name-7.0.0-alpha.1.tgz"},"maintainers":[{"name":"amasad","email":"amjad.masad@gmail.com"},{"name":"hzoo","email":"hi@henryzoo.com"},{"name":"jmm","email":"npm-public@jessemccarthy.net"},{"name":"loganfsmyth","email":"loganfsmyth@gmail.com"},{"name":"sebmck","email":"sebmck@gmail.com"},{"name":"thejameskyle","email":"me@thejameskyle.com"}],"_npmOperationalInternal":{"host":"packages-12-west.internal.npmjs.com","tmp":"tmp/babel-plugin-transform-es2015-function-name-7.0.0-alpha.1.tgz_1488488752875_0.141424756962806"},"directories":{}},"7.0.0-alpha.3":{"name":"babel-plugin-transform-es2015-function-name","version":"7.0.0-alpha.3","description":"Apply ES2015 function.name semantics to all functions","repository":{"type":"git","url":"https://github.com/babel/babel/tree/master/packages/babel-plugin-transform-es2015-function-name"},"license":"MIT","main":"lib/index.js","keywords":["babel-plugin"],"dependencies":{"babel-helper-function-name":"7.0.0-alpha.3","babel-types":"7.0.0-alpha.3"},"devDependencies":{"babel-helper-plugin-test-runner":"7.0.0-alpha.3"},"_id":"babel-plugin-transform-es2015-function-name@7.0.0-alpha.3","scripts":{},"_shasum":"39d08ce84f45d7652f20a2123b556a9de24459c2","_from":".","_npmVersion":"3.10.10","_nodeVersion":"6.9.0","_npmUser":{"name":"hzoo","email":"hi@henryzoo.com"},"dist":{"shasum":"39d08ce84f45d7652f20a2123b556a9de24459c2","tarball":"https://registry.npmjs.org/babel-plugin-transform-es2015-function-name/-/babel-plugin-transform-es2015-function-name-7.0.0-alpha.3.tgz"},"maintainers":[{"name":"amasad","email":"amjad.masad@gmail.com"},{"name":"hzoo","email":"hi@henryzoo.com"},{"name":"jmm","email":"npm-public@jessemccarthy.net"},{"name":"loganfsmyth","email":"loganfsmyth@gmail.com"},{"name":"sebmck","email":"sebmck@gmail.com"},{"name":"thejameskyle","email":"me@thejameskyle.com"}],"_npmOperationalInternal":{"host":"packages-12-west.internal.npmjs.com","tmp":"tmp/babel-plugin-transform-es2015-function-name-7.0.0-alpha.3.tgz_1490298592380_0.11453335313126445"},"directories":{}},"7.0.0-alpha.7":{"name":"babel-plugin-transform-es2015-function-name","version":"7.0.0-alpha.7","description":"Apply ES2015 function.name semantics to all functions","repository":{"type":"git","url":"https://github.com/babel/babel/tree/master/packages/babel-plugin-transform-es2015-function-name"},"license":"MIT","main":"lib/index.js","keywords":["babel-plugin"],"dependencies":{"babel-helper-function-name":"7.0.0-alpha.7","babel-types":"7.0.0-alpha.7"},"devDependencies":{"babel-helper-plugin-test-runner":"7.0.0-alpha.7"},"_id":"babel-plugin-transform-es2015-function-name@7.0.0-alpha.7","scripts":{},"_shasum":"3b6ded23efaf1183de8d234b2bbdec650692924f","_from":".","_npmVersion":"3.10.10","_nodeVersion":"6.9.0","_npmUser":{"name":"hzoo","email":"hi@henryzoo.com"},"dist":{"shasum":"3b6ded23efaf1183de8d234b2bbdec650692924f","tarball":"https://registry.npmjs.org/babel-plugin-transform-es2015-function-name/-/babel-plugin-transform-es2015-function-name-7.0.0-alpha.7.tgz"},"maintainers":[{"name":"amasad","email":"amjad.masad@gmail.com"},{"name":"hzoo","email":"hi@henryzoo.com"},{"name":"jmm","email":"npm-public@jessemccarthy.net"},{"name":"loganfsmyth","email":"loganfsmyth@gmail.com"},{"name":"sebmck","email":"sebmck@gmail.com"},{"name":"thejameskyle","email":"me@thejameskyle.com"}],"_npmOperationalInternal":{"host":"packages-18-east.internal.npmjs.com","tmp":"tmp/babel-plugin-transform-es2015-function-name-7.0.0-alpha.7.tgz_1491426866100_0.6788479362148792"},"directories":{}},"6.24.1":{"name":"babel-plugin-transform-es2015-function-name","version":"6.24.1","description":"Apply ES2015 function.name semantics to all functions","repository":{"type":"git","url":"https://github.com/babel/babel/tree/master/packages/babel-plugin-transform-es2015-function-name"},"license":"MIT","main":"lib/index.js","keywords":["babel-plugin"],"dependencies":{"babel-helper-function-name":"^6.24.1","babel-types":"^6.24.1","babel-runtime":"^6.22.0"},"devDependencies":{"babel-helper-plugin-test-runner":"^6.24.1"},"_id":"babel-plugin-transform-es2015-function-name@6.24.1","scripts":{},"_shasum":"834c89853bc36b1af0f3a4c5dbaa94fd8eacaa8b","_from":".","_npmVersion":"3.10.10","_nodeVersion":"6.9.0","_npmUser":{"name":"hzoo","email":"hi@henryzoo.com"},"dist":{"shasum":"834c89853bc36b1af0f3a4c5dbaa94fd8eacaa8b","tarball":"https://registry.npmjs.org/babel-plugin-transform-es2015-function-name/-/babel-plugin-transform-es2015-function-name-6.24.1.tgz"},"maintainers":[{"name":"amasad","email":"amjad.masad@gmail.com"},{"name":"hzoo","email":"hi@henryzoo.com"},{"name":"jmm","email":"npm-public@jessemccarthy.net"},{"name":"loganfsmyth","email":"loganfsmyth@gmail.com"},{"name":"sebmck","email":"sebmck@gmail.com"},{"name":"thejameskyle","email":"me@thejameskyle.com"}],"_npmOperationalInternal":{"host":"packages-12-west.internal.npmjs.com","tmp":"tmp/babel-plugin-transform-es2015-function-name-6.24.1.tgz_1491578372751_0.10986475623212755"},"directories":{}},"7.0.0-alpha.8":{"name":"babel-plugin-transform-es2015-function-name","version":"7.0.0-alpha.8","description":"Apply ES2015 function.name semantics to all functions","repository":{"type":"git","url":"https://github.com/babel/babel/tree/master/packages/babel-plugin-transform-es2015-function-name"},"license":"MIT","main":"lib/index.js","keywords":["babel-plugin"],"dependencies":{"babel-helper-function-name":"7.0.0-alpha.8","babel-types":"7.0.0-alpha.7"},"devDependencies":{"babel-helper-plugin-test-runner":"7.0.0-alpha.8"},"_id":"babel-plugin-transform-es2015-function-name@7.0.0-alpha.8","scripts":{},"_shasum":"e48d9585ed33d7653c9b1bff5910bd9f6b391a59","_from":".","_npmVersion":"3.10.10","_nodeVersion":"6.9.0","_npmUser":{"name":"hzoo","email":"hi@henryzoo.com"},"dist":{"shasum":"e48d9585ed33d7653c9b1bff5910bd9f6b391a59","tarball":"https://registry.npmjs.org/babel-plugin-transform-es2015-function-name/-/babel-plugin-transform-es2015-function-name-7.0.0-alpha.8.tgz"},"maintainers":[{"name":"amasad","email":"amjad.masad@gmail.com"},{"name":"hzoo","email":"hi@henryzoo.com"},{"name":"jmm","email":"npm-public@jessemccarthy.net"},{"name":"loganfsmyth","email":"loganfsmyth@gmail.com"},{"name":"sebmck","email":"sebmck@gmail.com"},{"name":"thejameskyle","email":"me@thejameskyle.com"}],"_npmOperationalInternal":{"host":"packages-12-west.internal.npmjs.com","tmp":"tmp/babel-plugin-transform-es2015-function-name-7.0.0-alpha.8.tgz_1492456400176_0.047079006442800164"},"directories":{}},"7.0.0-alpha.9":{"name":"babel-plugin-transform-es2015-function-name","version":"7.0.0-alpha.9","description":"Apply ES2015 function.name semantics to all functions","repository":{"type":"git","url":"https://github.com/babel/babel/tree/master/packages/babel-plugin-transform-es2015-function-name"},"license":"MIT","main":"lib/index.js","keywords":["babel-plugin"],"dependencies":{"babel-helper-function-name":"7.0.0-alpha.9","babel-types":"7.0.0-alpha.9"},"devDependencies":{"babel-helper-plugin-test-runner":"7.0.0-alpha.9"},"_id":"babel-plugin-transform-es2015-function-name@7.0.0-alpha.9","scripts":{},"_shasum":"337ae95ceb4201a989a98eec62d1d7c88840bf1c","_from":".","_npmVersion":"3.10.10","_nodeVersion":"6.9.0","_npmUser":{"name":"hzoo","email":"hi@henryzoo.com"},"dist":{"shasum":"337ae95ceb4201a989a98eec62d1d7c88840bf1c","tarball":"https://registry.npmjs.org/babel-plugin-transform-es2015-function-name/-/babel-plugin-transform-es2015-function-name-7.0.0-alpha.9.tgz"},"maintainers":[{"name":"amasad","email":"amjad.masad@gmail.com"},{"name":"hzoo","email":"hi@henryzoo.com"},{"name":"jmm","email":"npm-public@jessemccarthy.net"},{"name":"loganfsmyth","email":"loganfsmyth@gmail.com"},{"name":"sebmck","email":"sebmck@gmail.com"},{"name":"thejameskyle","email":"me@thejameskyle.com"}],"_npmOperationalInternal":{"host":"packages-18-east.internal.npmjs.com","tmp":"tmp/babel-plugin-transform-es2015-function-name-7.0.0-alpha.9.tgz_1492526545740_0.6771730477921665"},"directories":{}},"7.0.0-alpha.10":{"name":"babel-plugin-transform-es2015-function-name","version":"7.0.0-alpha.10","description":"Apply ES2015 function.name semantics to all functions","repository":{"type":"git","url":"https://github.com/babel/babel/tree/master/packages/babel-plugin-transform-es2015-function-name"},"license":"MIT","main":"lib/index.js","keywords":["babel-plugin"],"dependencies":{"babel-helper-function-name":"7.0.0-alpha.10","babel-types":"7.0.0-alpha.10"},"devDependencies":{"babel-helper-plugin-test-runner":"7.0.0-alpha.10"},"_id":"babel-plugin-transform-es2015-function-name@7.0.0-alpha.10","scripts":{},"_shasum":"4f79c33d0dc8344c612e69b505f12c0ddd49078a","_from":".","_npmVersion":"3.10.10","_nodeVersion":"6.9.0","_npmUser":{"name":"hzoo","email":"hi@henryzoo.com"},"dist":{"shasum":"4f79c33d0dc8344c612e69b505f12c0ddd49078a","tarball":"https://registry.npmjs.org/babel-plugin-transform-es2015-function-name/-/babel-plugin-transform-es2015-function-name-7.0.0-alpha.10.tgz"},"maintainers":[{"email":"daniel@tschinder.de","name":"danez"},{"email":"hi@henryzoo.com","name":"hzoo"},{"email":"loganfsmyth@gmail.com","name":"loganfsmyth"}],"_npmOperationalInternal":{"host":"s3://npm-registry-packages","tmp":"tmp/babel-plugin-transform-es2015-function-name-7.0.0-alpha.10.tgz_1495739870293_0.4706937065348029"},"directories":{}},"7.0.0-alpha.11":{"name":"babel-plugin-transform-es2015-function-name","version":"7.0.0-alpha.11","description":"Apply ES2015 function.name semantics to all functions","repository":{"type":"git","url":"https://github.com/babel/babel/tree/master/packages/babel-plugin-transform-es2015-function-name"},"license":"MIT","main":"lib/index.js","keywords":["babel-plugin"],"dependencies":{"babel-helper-function-name":"7.0.0-alpha.11","babel-types":"7.0.0-alpha.11"},"devDependencies":{"babel-helper-plugin-test-runner":"7.0.0-alpha.11"},"_id":"babel-plugin-transform-es2015-function-name@7.0.0-alpha.11","_npmVersion":"5.0.0","_nodeVersion":"6.9.0","_npmUser":{"name":"hzoo","email":"hi@henryzoo.com"},"dist":{"integrity":"sha512-rwKGud6TxDYe/jJ9k1VpGbLyBSV6+if/tNDryN9cXCIften9jwKMT9b/whgC5BH5n44bDgGMcXfskgtPye4zAg==","shasum":"df73e607f0fbcd43fe1417884dbc8af710fec619","tarball":"https://registry.npmjs.org/babel-plugin-transform-es2015-function-name/-/babel-plugin-transform-es2015-function-name-7.0.0-alpha.11.tgz"},"maintainers":[{"email":"sebmck@gmail.com","name":"sebmck"},{"email":"daniel@tschinder.de","name":"danez"},{"email":"hi@henryzoo.com","name":"hzoo"},{"email":"loganfsmyth@gmail.com","name":"loganfsmyth"}],"_npmOperationalInternal":{"host":"s3://npm-registry-packages","tmp":"tmp/babel-plugin-transform-es2015-function-name-7.0.0-alpha.11.tgz_1496263439253_0.7549591318238527"},"directories":{}},"7.0.0-alpha.12":{"name":"babel-plugin-transform-es2015-function-name","version":"7.0.0-alpha.12","description":"Apply ES2015 function.name semantics to all functions","repository":{"type":"git","url":"https://github.com/babel/babel/tree/master/packages/babel-plugin-transform-es2015-function-name"},"license":"MIT","main":"lib/index.js","keywords":["babel-plugin"],"dependencies":{"babel-helper-function-name":"7.0.0-alpha.12","babel-types":"7.0.0-alpha.12"},"devDependencies":{"babel-helper-plugin-test-runner":"7.0.0-alpha.12"},"_id":"babel-plugin-transform-es2015-function-name@7.0.0-alpha.12","_npmVersion":"5.0.0","_nodeVersion":"6.9.0","_npmUser":{"name":"hzoo","email":"hi@henryzoo.com"},"dist":{"integrity":"sha512-PLE90wZW0VOP3Rlkkh9jN00ll24ooHaTkLJUhULdUpFiBsCNBpixahZakxY8KAjwoy96agzQMjQ3mRx9qVnCGA==","shasum":"0885430a1e2a9d40452ce8685a39bab4b77b4fce","tarball":"https://registry.npmjs.org/babel-plugin-transform-es2015-function-name/-/babel-plugin-transform-es2015-function-name-7.0.0-alpha.12.tgz"},"maintainers":[{"email":"sebmck@gmail.com","name":"sebmck"},{"email":"daniel@tschinder.de","name":"danez"},{"email":"hi@henryzoo.com","name":"hzoo"},{"email":"loganfsmyth@gmail.com","name":"loganfsmyth"}],"_npmOperationalInternal":{"host":"s3://npm-registry-packages","tmp":"tmp/babel-plugin-transform-es2015-function-name-7.0.0-alpha.12.tgz_1496265134368_0.8739685602486134"},"directories":{}},"7.0.0-alpha.14":{"name":"babel-plugin-transform-es2015-function-name","version":"7.0.0-alpha.14","description":"Apply ES2015 function.name semantics to all functions","repository":{"type":"git","url":"https://github.com/babel/babel/tree/master/packages/babel-plugin-transform-es2015-function-name"},"license":"MIT","main":"lib/index.js","keywords":["babel-plugin"],"dependencies":{"babel-helper-function-name":"7.0.0-alpha.14","babel-types":"7.0.0-alpha.14"},"devDependencies":{"babel-helper-plugin-test-runner":"7.0.0-alpha.14"},"_id":"babel-plugin-transform-es2015-function-name@7.0.0-alpha.14","scripts":{},"_shasum":"8a55c735c5ef2399ebfbc354043ce20a36ca063a","_from":".","_npmVersion":"4.6.1","_nodeVersion":"6.9.0","_npmUser":{"name":"hzoo","email":"hi@henryzoo.com"},"dist":{"shasum":"8a55c735c5ef2399ebfbc354043ce20a36ca063a","tarball":"https://registry.npmjs.org/babel-plugin-transform-es2015-function-name/-/babel-plugin-transform-es2015-function-name-7.0.0-alpha.14.tgz"},"maintainers":[{"email":"sebmck@gmail.com","name":"sebmck"},{"email":"daniel@tschinder.de","name":"danez"},{"email":"hi@henryzoo.com","name":"hzoo"},{"email":"loganfsmyth@gmail.com","name":"loganfsmyth"}],"_npmOperationalInternal":{"host":"s3://npm-registry-packages","tmp":"tmp/babel-plugin-transform-es2015-function-name-7.0.0-alpha.14.tgz_1499828064661_0.2920639421790838"},"directories":{}},"7.0.0-alpha.15":{"name":"babel-plugin-transform-es2015-function-name","version":"7.0.0-alpha.15","description":"Apply ES2015 function.name semantics to all functions","repository":{"type":"git","url":"https://github.com/babel/babel/tree/master/packages/babel-plugin-transform-es2015-function-name"},"license":"MIT","main":"lib/index.js","keywords":["babel-plugin"],"dependencies":{"babel-helper-function-name":"7.0.0-alpha.15","babel-types":"7.0.0-alpha.15"},"devDependencies":{"babel-helper-plugin-test-runner":"7.0.0-alpha.15"},"_id":"babel-plugin-transform-es2015-function-name@7.0.0-alpha.15","scripts":{},"_shasum":"534044b5b59cf808bd46489c1f432b160b99b832","_from":".","_npmVersion":"4.6.1","_nodeVersion":"6.9.0","_npmUser":{"name":"hzoo","email":"hi@henryzoo.com"},"dist":{"shasum":"534044b5b59cf808bd46489c1f432b160b99b832","tarball":"https://registry.npmjs.org/babel-plugin-transform-es2015-function-name/-/babel-plugin-transform-es2015-function-name-7.0.0-alpha.15.tgz"},"maintainers":[{"email":"sebmck@gmail.com","name":"sebmck"},{"email":"daniel@tschinder.de","name":"danez"},{"email":"hi@henryzoo.com","name":"hzoo"},{"email":"loganfsmyth@gmail.com","name":"loganfsmyth"}],"_npmOperationalInternal":{"host":"s3://npm-registry-packages","tmp":"tmp/babel-plugin-transform-es2015-function-name-7.0.0-alpha.15.tgz_1499830601597_0.5286099691875279"},"directories":{}},"7.0.0-alpha.16":{"name":"babel-plugin-transform-es2015-function-name","version":"7.0.0-alpha.16","description":"Apply ES2015 function.name semantics to all functions","repository":{"type":"git","url":"https://github.com/babel/babel/tree/master/packages/babel-plugin-transform-es2015-function-name"},"license":"MIT","main":"lib/index.js","keywords":["babel-plugin"],"dependencies":{"babel-helper-function-name":"7.0.0-alpha.16","babel-types":"7.0.0-alpha.16"},"devDependencies":{"babel-helper-plugin-test-runner":"7.0.0-alpha.16"},"_id":"babel-plugin-transform-es2015-function-name@7.0.0-alpha.16","scripts":{},"_shasum":"6aaeb635a9c3ee433ed1286e46043285edda10aa","_from":".","_npmVersion":"4.6.1","_nodeVersion":"6.9.0","_npmUser":{"name":"hzoo","email":"hi@henryzoo.com"},"dist":{"shasum":"6aaeb635a9c3ee433ed1286e46043285edda10aa","tarball":"https://registry.npmjs.org/babel-plugin-transform-es2015-function-name/-/babel-plugin-transform-es2015-function-name-7.0.0-alpha.16.tgz"},"maintainers":[{"email":"sebmck@gmail.com","name":"sebmck"},{"email":"daniel@tschinder.de","name":"danez"},{"email":"hi@henryzoo.com","name":"hzoo"},{"email":"loganfsmyth@gmail.com","name":"loganfsmyth"}],"_npmOperationalInternal":{"host":"s3://npm-registry-packages","tmp":"tmp/babel-plugin-transform-es2015-function-name-7.0.0-alpha.16.tgz_1501017514099_0.1376740993000567"},"directories":{}},"7.0.0-alpha.17":{"name":"babel-plugin-transform-es2015-function-name","version":"7.0.0-alpha.17","description":"Apply ES2015 function.name semantics to all functions","repository":{"type":"git","url":"https://github.com/babel/babel/tree/master/packages/babel-plugin-transform-es2015-function-name"},"license":"MIT","main":"lib/index.js","keywords":["babel-plugin"],"dependencies":{"babel-helper-function-name":"7.0.0-alpha.17","babel-types":"7.0.0-alpha.17"},"devDependencies":{"babel-helper-plugin-test-runner":"7.0.0-alpha.17"},"_id":"babel-plugin-transform-es2015-function-name@7.0.0-alpha.17","scripts":{},"_shasum":"b4b9dab609d07969c24e94cf2ba4e52bdc77851b","_from":".","_npmVersion":"4.6.1","_nodeVersion":"6.9.0","_npmUser":{"name":"hzoo","email":"hi@henryzoo.com"},"dist":{"shasum":"b4b9dab609d07969c24e94cf2ba4e52bdc77851b","tarball":"https://registry.npmjs.org/babel-plugin-transform-es2015-function-name/-/babel-plugin-transform-es2015-function-name-7.0.0-alpha.17.tgz"},"maintainers":[{"email":"sebmck@gmail.com","name":"sebmck"},{"email":"daniel@tschinder.de","name":"danez"},{"email":"hi@henryzoo.com","name":"hzoo"},{"email":"loganfsmyth@gmail.com","name":"loganfsmyth"}],"_npmOperationalInternal":{"host":"s3://npm-registry-packages","tmp":"tmp/babel-plugin-transform-es2015-function-name-7.0.0-alpha.17.tgz_1501072807123_0.3722931304946542"},"directories":{}},"7.0.0-alpha.18":{"name":"babel-plugin-transform-es2015-function-name","version":"7.0.0-alpha.18","description":"Apply ES2015 function.name semantics to all functions","repository":{"type":"git","url":"https://github.com/babel/babel/tree/master/packages/babel-plugin-transform-es2015-function-name"},"license":"MIT","main":"lib/index.js","keywords":["babel-plugin"],"dependencies":{"babel-helper-function-name":"7.0.0-alpha.18","babel-types":"7.0.0-alpha.18"},"devDependencies":{"babel-helper-plugin-test-runner":"7.0.0-alpha.18"},"_id":"babel-plugin-transform-es2015-function-name@7.0.0-alpha.18","_npmVersion":"5.3.0","_nodeVersion":"8.1.4","_npmUser":{"name":"hzoo","email":"hi@henryzoo.com"},"dist":{"integrity":"sha512-hMbrWz7YQnXWtno7982za/E4pFJXVxSBqyzV4KpsVuOcAksz2hIQULR/2eZ2HHmFGyWNUTn45gLHuYPVfAHo8A==","shasum":"6fa633b7ae319971df6a7c9fbce0ff5249af8f5e","tarball":"https://registry.npmjs.org/babel-plugin-transform-es2015-function-name/-/babel-plugin-transform-es2015-function-name-7.0.0-alpha.18.tgz"},"maintainers":[{"email":"me@thejameskyle.com","name":"thejameskyle"},{"email":"sebmck@gmail.com","name":"sebmck"},{"email":"daniel@tschinder.de","name":"danez"},{"email":"hi@henryzoo.com","name":"hzoo"},{"email":"loganfsmyth@gmail.com","name":"loganfsmyth"}],"_npmOperationalInternal":{"host":"s3://npm-registry-packages","tmp":"tmp/babel-plugin-transform-es2015-function-name-7.0.0-alpha.18.tgz_1501798897145_0.8423129378352314"},"directories":{}},"7.0.0-alpha.19":{"name":"babel-plugin-transform-es2015-function-name","version":"7.0.0-alpha.19","description":"Apply ES2015 function.name semantics to all functions","repository":{"type":"git","url":"https://github.com/babel/babel/tree/master/packages/babel-plugin-transform-es2015-function-name"},"license":"MIT","main":"lib/index.js","keywords":["babel-plugin"],"dependencies":{"babel-helper-function-name":"7.0.0-alpha.19","babel-types":"7.0.0-alpha.19"},"devDependencies":{"babel-helper-plugin-test-runner":"7.0.0-alpha.19"},"_id":"babel-plugin-transform-es2015-function-name@7.0.0-alpha.19","_npmVersion":"5.3.0","_nodeVersion":"8.1.4","_npmUser":{"name":"hzoo","email":"hi@henryzoo.com"},"dist":{"integrity":"sha512-5mpEyaP2iTlJJKCmazJaK+cogPDa4rdF9NX3wlmUhA47oRNe9vtvEnZPCkG6gxwNz9G672rmjXmXpap07PEp6A==","shasum":"7985ae15a7d1fbec05f6edccdbb846255e0c5bc6","tarball":"https://registry.npmjs.org/babel-plugin-transform-es2015-function-name/-/babel-plugin-transform-es2015-function-name-7.0.0-alpha.19.tgz"},"maintainers":[{"email":"me@thejameskyle.com","name":"thejameskyle"},{"email":"sebmck@gmail.com","name":"sebmck"},{"email":"daniel@tschinder.de","name":"danez"},{"email":"hi@henryzoo.com","name":"hzoo"},{"email":"loganfsmyth@gmail.com","name":"loganfsmyth"}],"_npmOperationalInternal":{"host":"s3://npm-registry-packages","tmp":"tmp/babel-plugin-transform-es2015-function-name-7.0.0-alpha.19.tgz_1502144540344_0.32950365310534835"},"directories":{}},"7.0.0-alpha.20":{"name":"babel-plugin-transform-es2015-function-name","version":"7.0.0-alpha.20","description":"Apply ES2015 function.name semantics to all functions","repository":{"type":"git","url":"https://github.com/babel/babel/tree/master/packages/babel-plugin-transform-es2015-function-name"},"license":"MIT","main":"lib/index.js","keywords":["babel-plugin"],"dependencies":{"babel-helper-function-name":"7.0.0-alpha.20","babel-types":"7.0.0-alpha.20"},"devDependencies":{"babel-helper-plugin-test-runner":"7.0.0-alpha.20"},"_id":"babel-plugin-transform-es2015-function-name@7.0.0-alpha.20","_npmVersion":"5.3.0","_nodeVersion":"8.1.4","_npmUser":{"name":"hzoo","email":"hi@henryzoo.com"},"dist":{"integrity":"sha512-qKuFcoQjhMcFy9PBbIEP7FtoZgiytRM1BIYE2y4w2/FGYulyiFdAOqv2p2TzW0/0LSFNb11zr9Idfy+EAU7ErA==","shasum":"0e7a626008dc28a67c1dae3b28670dd7fea483e4","tarball":"https://registry.npmjs.org/babel-plugin-transform-es2015-function-name/-/babel-plugin-transform-es2015-function-name-7.0.0-alpha.20.tgz"},"maintainers":[{"email":"me@thejameskyle.com","name":"thejameskyle"},{"email":"sebmck@gmail.com","name":"sebmck"},{"email":"daniel@tschinder.de","name":"danez"},{"email":"hi@henryzoo.com","name":"hzoo"},{"email":"loganfsmyth@gmail.com","name":"loganfsmyth"}],"_npmOperationalInternal":{"host":"s3://npm-registry-packages","tmp":"tmp/babel-plugin-transform-es2015-function-name-7.0.0-alpha.20.tgz_1504119886620_0.6211247639730573"},"directories":{}},"7.0.0-beta.0":{"name":"babel-plugin-transform-es2015-function-name","version":"7.0.0-beta.0","description":"Apply ES2015 function.name semantics to all functions","repository":{"type":"git","url":"https://github.com/babel/babel/tree/master/packages/babel-plugin-transform-es2015-function-name"},"license":"MIT","main":"lib/index.js","keywords":["babel-plugin"],"dependencies":{"babel-helper-function-name":"7.0.0-beta.0","babel-types":"7.0.0-beta.0"},"devDependencies":{"babel-helper-plugin-test-runner":"7.0.0-beta.0"},"_id":"babel-plugin-transform-es2015-function-name@7.0.0-beta.0","_npmVersion":"5.3.0","_nodeVersion":"8.1.4","_npmUser":{"name":"hzoo","email":"hi@henryzoo.com"},"dist":{"integrity":"sha512-uCHhs9lYIO6xZAH8oiGlWxJC0Z1tHT/gtdXnDFvBnpOWjeoabQF1dK8xNJH5sO7Ru0ZN+xI8MWMk1nZFEj2RqA==","shasum":"40647e1c0c902728e6df4fd266ffeb885dfde1ae","tarball":"https://registry.npmjs.org/babel-plugin-transform-es2015-function-name/-/babel-plugin-transform-es2015-function-name-7.0.0-beta.0.tgz"},"maintainers":[{"email":"me@thejameskyle.com","name":"thejameskyle"},{"email":"sebmck@gmail.com","name":"sebmck"},{"email":"daniel@tschinder.de","name":"danez"},{"email":"hi@henryzoo.com","name":"hzoo"},{"email":"loganfsmyth@gmail.com","name":"loganfsmyth"}],"_npmOperationalInternal":{"host":"s3://npm-registry-packages","tmp":"tmp/babel-plugin-transform-es2015-function-name-7.0.0-beta.0.tgz_1505185387420_0.884778869105503"},"directories":{}},"7.0.0-beta.1":{"name":"babel-plugin-transform-es2015-function-name","version":"7.0.0-beta.1","description":"Apply ES2015 function.name semantics to all functions","repository":{"type":"git","url":"https://github.com/babel/babel/tree/master/packages/babel-plugin-transform-es2015-function-name"},"license":"MIT","main":"lib/index.js","keywords":["babel-plugin"],"dependencies":{"babel-helper-function-name":"7.0.0-beta.1","babel-types":"7.0.0-beta.1"},"devDependencies":{"babel-helper-plugin-test-runner":"7.0.0-beta.1"},"_id":"babel-plugin-transform-es2015-function-name@7.0.0-beta.1","_npmVersion":"5.4.1","_nodeVersion":"8.1.4","_npmUser":{"name":"hzoo","email":"hi@henryzoo.com"},"dist":{"integrity":"sha512-bl1SXhsF8LOLrgGztbf99npEzebsgbr8E1T1/hPkEUJGNKlW9h2I9/4f1vww+A76id9enNLlm7uDDLqj7Pphsg==","shasum":"6c192b2938000f8957c692f97e50dac648543214","tarball":"https://registry.npmjs.org/babel-plugin-transform-es2015-function-name/-/babel-plugin-transform-es2015-function-name-7.0.0-beta.1.tgz"},"maintainers":[{"email":"me@thejameskyle.com","name":"thejameskyle"},{"email":"sebmck@gmail.com","name":"sebmck"},{"email":"daniel@tschinder.de","name":"danez"},{"email":"hi@henryzoo.com","name":"hzoo"},{"email":"loganfsmyth@gmail.com","name":"loganfsmyth"}],"_npmOperationalInternal":{"host":"s3://npm-registry-packages","tmp":"tmp/babel-plugin-transform-es2015-function-name-7.0.0-beta.1.tgz_1505852694757_0.6314407442696393"},"directories":{}},"7.0.0-beta.2":{"name":"babel-plugin-transform-es2015-function-name","version":"7.0.0-beta.2","description":"Apply ES2015 function.name semantics to all functions","repository":{"type":"git","url":"https://github.com/babel/babel/tree/master/packages/babel-plugin-transform-es2015-function-name"},"license":"MIT","main":"lib/index.js","keywords":["babel-plugin"],"dependencies":{"babel-helper-function-name":"7.0.0-beta.2","babel-types":"7.0.0-beta.2"},"devDependencies":{"babel-helper-plugin-test-runner":"7.0.0-beta.2"},"_id":"babel-plugin-transform-es2015-function-name@7.0.0-beta.2","_npmVersion":"5.4.1","_nodeVersion":"8.1.4","_npmUser":{"name":"hzoo","email":"hi@henryzoo.com"},"dist":{"integrity":"sha512-cCFUkkNaMhekQytyITbkhKz86BI46tDOz3TbcbQdOl1JTKv9Z63iocMf4Y2Z8NyqPeUtIdXVkaduDI91ssSH0A==","shasum":"cbfcc6bc3cc78e95faa1bb75aec540e9cf2bccfb","tarball":"https://registry.npmjs.org/babel-plugin-transform-es2015-function-name/-/babel-plugin-transform-es2015-function-name-7.0.0-beta.2.tgz"},"maintainers":[{"email":"bng412@gmail.com","name":"existentialism"},{"email":"me@thejameskyle.com","name":"thejameskyle"},{"email":"sebmck@gmail.com","name":"sebmck"},{"email":"daniel@tschinder.de","name":"danez"},{"email":"hi@henryzoo.com","name":"hzoo"},{"email":"loganfsmyth@gmail.com","name":"loganfsmyth"}],"_npmOperationalInternal":{"host":"s3://npm-registry-packages","tmp":"tmp/babel-plugin-transform-es2015-function-name-7.0.0-beta.2.tgz_1506438970862_0.45525601296685636"},"directories":{}},"7.0.0-beta.3":{"name":"babel-plugin-transform-es2015-function-name","version":"7.0.0-beta.3","description":"Apply ES2015 function.name semantics to all functions","repository":{"type":"git","url":"https://github.com/babel/babel/tree/master/packages/babel-plugin-transform-es2015-function-name"},"license":"MIT","main":"lib/index.js","keywords":["babel-plugin"],"dependencies":{"babel-helper-function-name":"7.0.0-beta.3","babel-types":"7.0.0-beta.3"},"devDependencies":{"babel-helper-plugin-test-runner":"7.0.0-beta.3"},"_id":"babel-plugin-transform-es2015-function-name@7.0.0-beta.3","_npmVersion":"5.5.1","_nodeVersion":"8.1.4","_npmUser":{"name":"hzoo","email":"hi@henryzoo.com"},"dist":{"integrity":"sha512-ioqyK/Y9/OlJ5L0pqYS9RosFh6PaIGFjT/zJdkoUKJgeK+H3ulEJ/YxqgLlSA0wuhPca0ztLD3xBEk5NR9Hwzw==","shasum":"a6f48b1f3cca8c37bb09c976303d72f144692e39","tarball":"https://registry.npmjs.org/babel-plugin-transform-es2015-function-name/-/babel-plugin-transform-es2015-function-name-7.0.0-beta.3.tgz"},"maintainers":[{"email":"bng412@gmail.com","name":"existentialism"},{"email":"me@thejameskyle.com","name":"thejameskyle"},{"email":"sebmck@gmail.com","name":"sebmck"},{"email":"daniel@tschinder.de","name":"danez"},{"email":"hi@henryzoo.com","name":"hzoo"},{"email":"loganfsmyth@gmail.com","name":"loganfsmyth"}],"_npmOperationalInternal":{"host":"s3://npm-registry-packages","tmp":"tmp/babel-plugin-transform-es2015-function-name-7.0.0-beta.3.tgz_1508073156428_0.039398762164637446"},"directories":{}}},"readme":"# babel-plugin-transform-es2015-function-name\n\n> Apply ES2015 function.name semantics to all functions\n\n## Installation\n\n```sh\nnpm install --save-dev babel-plugin-transform-es2015-function-name\n```\n\n## Usage\n\n### Via `.babelrc` (Recommended)\n\n**.babelrc**\n\n```json\n{\n  \"plugins\": [\"transform-es2015-function-name\"]\n}\n```\n\n### Via CLI\n\n```sh\nbabel --plugins transform-es2015-function-name script.js\n```\n\n### Via Node API\n\n```javascript\nrequire(\"babel-core\").transform(\"code\", {\n  plugins: [\"transform-es2015-function-name\"]\n});\n```\n","maintainers":[{"email":"bng412@gmail.com","name":"existentialism"},{"email":"me@thejameskyle.com","name":"thejameskyle"},{"email":"sebmck@gmail.com","name":"sebmck"},{"email":"daniel@tschinder.de","name":"danez"},{"email":"hi@henryzoo.com","name":"hzoo"},{"email":"loganfsmyth@gmail.com","name":"loganfsmyth"}],"time":{"modified":"2017-10-15T13:12:37.439Z","created":"2015-10-29T18:14:16.220Z","6.0.2":"2015-10-29T18:14:16.220Z","6.0.14":"2015-10-30T23:37:34.735Z","6.1.4":"2015-11-11T10:22:29.277Z","6.1.5":"2015-11-12T06:57:54.105Z","6.1.10":"2015-11-12T07:55:06.328Z","6.1.17":"2015-11-12T21:42:08.905Z","6.1.18":"2015-11-12T21:49:55.457Z","6.2.4":"2015-11-25T03:14:22.329Z","6.3.13":"2015-12-04T11:59:09.639Z","6.3.19":"2015-12-14T22:11:43.233Z","6.3.21":"2015-12-18T08:23:07.914Z","6.4.0":"2016-01-06T20:34:44.586Z","6.5.0":"2016-02-07T00:07:37.540Z","6.5.0-1":"2016-02-07T02:40:41.551Z","6.8.0":"2016-05-02T23:44:41.853Z","6.9.0":"2016-05-17T18:49:36.806Z","6.22.0":"2017-01-20T00:33:53.257Z","7.0.0-alpha.1":"2017-03-02T21:05:54.662Z","7.0.0-alpha.3":"2017-03-23T19:49:52.610Z","7.0.0-alpha.7":"2017-04-05T21:14:26.903Z","6.24.1":"2017-04-07T15:19:33.008Z","7.0.0-alpha.8":"2017-04-17T19:13:20.404Z","7.0.0-alpha.9":"2017-04-18T14:42:28.081Z","7.0.0-alpha.10":"2017-05-25T19:17:51.071Z","7.0.0-alpha.11":"2017-05-31T20:43:59.372Z","7.0.0-alpha.12":"2017-05-31T21:12:14.441Z","7.0.0-alpha.14":"2017-07-12T02:54:26.582Z","7.0.0-alpha.15":"2017-07-12T03:36:42.691Z","7.0.0-alpha.16":"2017-07-25T21:18:35.008Z","7.0.0-alpha.17":"2017-07-26T12:40:08.125Z","7.0.0-alpha.18":"2017-08-03T22:21:37.568Z","7.0.0-alpha.19":"2017-08-07T22:22:20.477Z","7.0.0-alpha.20":"2017-08-30T19:04:46.709Z","7.0.0-beta.0":"2017-09-12T03:03:08.435Z","7.0.0-beta.1":"2017-09-19T20:24:54.858Z","7.0.0-beta.2":"2017-09-26T15:16:11.768Z","7.0.0-beta.3":"2017-10-15T13:12:37.439Z"},"keywords":["babel-plugin"],"repository":{"type":"git","url":"https://github.com/babel/babel/tree/master/packages/babel-plugin-transform-es2015-function-name"},"license":"MIT","readmeFilename":"README.md","users":{},"_attachments":{},"_etag":"W/\"5619d54485fe4b99c6d223742af77e67\"","_lastModified":"Sat, 26 May 2018 17:58:31 GMT"}