{"_id":"babel-plugin-transform-es2015-template-literals","_rev":"72-5925f03a937321ff0e645ab6298eb6ab","name":"babel-plugin-transform-es2015-template-literals","description":"Compile ES2015 template literals to ES5","dist-tags":{"latest":"6.22.0","next":"7.0.0-beta.3"},"versions":{"6.0.2":{"name":"babel-plugin-transform-es2015-template-literals","version":"6.0.2","description":"Compile ES2015 template literals to ES5","repository":{"type":"git","url":"git+https://github.com/babel/babel.git"},"license":"MIT","main":"lib/index.js","keywords":["babel-plugin"],"dependencies":{"babel-runtime":"^6.0.2"},"bugs":{"url":"https://github.com/babel/babel/issues"},"homepage":"https://github.com/babel/babel#readme","_id":"babel-plugin-transform-es2015-template-literals@6.0.2","scripts":{},"_shasum":"46f7ee88850d516521dc5f262c7ce20580e99dc8","_from":".","_npmVersion":"2.14.3","_nodeVersion":"4.1.0","_npmUser":{"name":"sebmck","email":"sebmck@gmail.com"},"dist":{"shasum":"46f7ee88850d516521dc5f262c7ce20580e99dc8","tarball":"https://registry.npmjs.org/babel-plugin-transform-es2015-template-literals/-/babel-plugin-transform-es2015-template-literals-6.0.2.tgz"},"maintainers":[{"name":"sebmck","email":"sebmck@gmail.com"}],"directories":{}},"6.0.14":{"name":"babel-plugin-transform-es2015-template-literals","version":"6.0.14","description":"Compile ES2015 template literals to ES5","repository":{"type":"git","url":"https://github.com/babel/babel/tree/master/packages/babel-plugin-transform-es2015-template-literals"},"license":"MIT","main":"lib/index.js","keywords":["babel-plugin"],"dependencies":{"babel-runtime":"^5.0.0"},"_id":"babel-plugin-transform-es2015-template-literals@6.0.14","scripts":{},"_shasum":"b7d6c820904d805042c943585677b02972c2a3c2","_from":".","_npmVersion":"2.14.9","_nodeVersion":"4.1.0","_npmUser":{"name":"sebmck","email":"sebmck@gmail.com"},"dist":{"shasum":"b7d6c820904d805042c943585677b02972c2a3c2","tarball":"https://registry.npmjs.org/babel-plugin-transform-es2015-template-literals/-/babel-plugin-transform-es2015-template-literals-6.0.14.tgz"},"maintainers":[{"name":"sebmck","email":"sebmck@gmail.com"}],"directories":{}},"6.1.4":{"name":"babel-plugin-transform-es2015-template-literals","version":"6.1.4","description":"Compile ES2015 template literals to ES5","repository":{"type":"git","url":"https://github.com/babel/babel/tree/master/packages/babel-plugin-transform-es2015-template-literals"},"license":"MIT","main":"lib/index.js","keywords":["babel-plugin"],"dependencies":{"babel-runtime":"^5.0.0"},"devDependencies":{"babel-helper-plugin-test-runner":"^6.1.4"},"_id":"babel-plugin-transform-es2015-template-literals@6.1.4","scripts":{},"_shasum":"d29ec358627c782d75ecc9c1fa36dfe6ee372aa4","_from":".","_npmVersion":"3.3.10","_nodeVersion":"4.1.0","_npmUser":{"name":"sebmck","email":"sebmck@gmail.com"},"dist":{"shasum":"d29ec358627c782d75ecc9c1fa36dfe6ee372aa4","tarball":"https://registry.npmjs.org/babel-plugin-transform-es2015-template-literals/-/babel-plugin-transform-es2015-template-literals-6.1.4.tgz"},"maintainers":[{"name":"sebmck","email":"sebmck@gmail.com"}],"directories":{}},"6.1.17":{"name":"babel-plugin-transform-es2015-template-literals","version":"6.1.17","description":"Compile ES2015 template literals to ES5","repository":{"type":"git","url":"https://github.com/babel/babel/tree/master/packages/babel-plugin-transform-es2015-template-literals"},"license":"MIT","main":"lib/index.js","keywords":["babel-plugin"],"dependencies":{"babel-runtime":"^5.0.0"},"devDependencies":{"babel-helper-plugin-test-runner":"^6.1.17"},"_id":"babel-plugin-transform-es2015-template-literals@6.1.17","scripts":{},"_shasum":"9f3f65aaa45a0fb6632f39240414849957679501","_from":".","_npmVersion":"3.3.10","_nodeVersion":"4.1.0","_npmUser":{"name":"sebmck","email":"sebmck@gmail.com"},"dist":{"shasum":"9f3f65aaa45a0fb6632f39240414849957679501","tarball":"https://registry.npmjs.org/babel-plugin-transform-es2015-template-literals/-/babel-plugin-transform-es2015-template-literals-6.1.17.tgz"},"maintainers":[{"name":"amasad","email":"amjad.masad@gmail.com"},{"name":"sebmck","email":"sebmck@gmail.com"},{"name":"thejameskyle","email":"me@thejameskyle.com"}],"directories":{}},"6.1.18":{"name":"babel-plugin-transform-es2015-template-literals","version":"6.1.18","description":"Compile ES2015 template literals to ES5","repository":{"type":"git","url":"https://github.com/babel/babel/tree/master/packages/babel-plugin-transform-es2015-template-literals"},"license":"MIT","main":"lib/index.js","keywords":["babel-plugin"],"dependencies":{"babel-runtime":"^5.0.0"},"devDependencies":{"babel-helper-plugin-test-runner":"^6.1.18"},"_id":"babel-plugin-transform-es2015-template-literals@6.1.18","scripts":{},"_shasum":"eed6f95b6718643775abbdc4b11790615fba30d6","_from":".","_npmVersion":"3.3.10","_nodeVersion":"4.1.0","_npmUser":{"name":"sebmck","email":"sebmck@gmail.com"},"dist":{"shasum":"eed6f95b6718643775abbdc4b11790615fba30d6","tarball":"https://registry.npmjs.org/babel-plugin-transform-es2015-template-literals/-/babel-plugin-transform-es2015-template-literals-6.1.18.tgz"},"maintainers":[{"name":"amasad","email":"amjad.masad@gmail.com"},{"name":"sebmck","email":"sebmck@gmail.com"},{"name":"thejameskyle","email":"me@thejameskyle.com"}],"directories":{}},"6.2.4":{"name":"babel-plugin-transform-es2015-template-literals","version":"6.2.4","description":"Compile ES2015 template literals to ES5","repository":{"type":"git","url":"https://github.com/babel/babel/tree/master/packages/babel-plugin-transform-es2015-template-literals"},"license":"MIT","main":"lib/index.js","keywords":["babel-plugin"],"dependencies":{"babel-runtime":"^5.0.0"},"devDependencies":{"babel-helper-plugin-test-runner":"^6.2.4"},"_id":"babel-plugin-transform-es2015-template-literals@6.2.4","scripts":{},"_shasum":"d69c816ff68411c594b7b0e73c5258980782f5f0","_from":".","_npmVersion":"3.3.10","_nodeVersion":"4.1.0","_npmUser":{"name":"sebmck","email":"sebmck@gmail.com"},"dist":{"shasum":"d69c816ff68411c594b7b0e73c5258980782f5f0","tarball":"https://registry.npmjs.org/babel-plugin-transform-es2015-template-literals/-/babel-plugin-transform-es2015-template-literals-6.2.4.tgz"},"maintainers":[{"name":"amasad","email":"amjad.masad@gmail.com"},{"name":"sebmck","email":"sebmck@gmail.com"},{"name":"thejameskyle","email":"me@thejameskyle.com"}],"directories":{}},"6.3.13":{"name":"babel-plugin-transform-es2015-template-literals","version":"6.3.13","description":"Compile ES2015 template literals to ES5","repository":{"type":"git","url":"https://github.com/babel/babel/tree/master/packages/babel-plugin-transform-es2015-template-literals"},"license":"MIT","main":"lib/index.js","keywords":["babel-plugin"],"dependencies":{"babel-runtime":"^5.0.0"},"devDependencies":{"babel-helper-plugin-test-runner":"^6.3.13"},"_id":"babel-plugin-transform-es2015-template-literals@6.3.13","scripts":{},"_shasum":"5e9b0a5f3aff51c94736e4df98d53b6e0e138747","_from":".","_npmVersion":"3.3.10","_nodeVersion":"4.1.0","_npmUser":{"name":"sebmck","email":"sebmck@gmail.com"},"dist":{"shasum":"5e9b0a5f3aff51c94736e4df98d53b6e0e138747","tarball":"https://registry.npmjs.org/babel-plugin-transform-es2015-template-literals/-/babel-plugin-transform-es2015-template-literals-6.3.13.tgz"},"maintainers":[{"name":"amasad","email":"amjad.masad@gmail.com"},{"name":"hzoo","email":"hi@henryzoo.com"},{"name":"jmm","email":"npm-public@jessemccarthy.net"},{"name":"loganfsmyth","email":"loganfsmyth@gmail.com"},{"name":"sebmck","email":"sebmck@gmail.com"},{"name":"thejameskyle","email":"me@thejameskyle.com"}],"directories":{}},"6.5.0":{"name":"babel-plugin-transform-es2015-template-literals","version":"6.5.0","description":"Compile ES2015 template literals to ES5","repository":{"type":"git","url":"https://github.com/babel/babel/tree/master/packages/babel-plugin-transform-es2015-template-literals"},"license":"MIT","main":"lib/index.js","keywords":["babel-plugin"],"dependencies":{"babel-runtime":"^5.0.0"},"devDependencies":{"babel-helper-plugin-test-runner":"^6.3.13"},"_id":"babel-plugin-transform-es2015-template-literals@6.5.0","scripts":{},"_shasum":"5813fa0b86a8274d21a5ac7de12f9dfd3fc70a19","_from":".","_npmVersion":"3.6.0","_nodeVersion":"5.1.0","_npmUser":{"name":"hzoo","email":"hi@henryzoo.com"},"dist":{"shasum":"5813fa0b86a8274d21a5ac7de12f9dfd3fc70a19","tarball":"https://registry.npmjs.org/babel-plugin-transform-es2015-template-literals/-/babel-plugin-transform-es2015-template-literals-6.5.0.tgz"},"maintainers":[{"name":"amasad","email":"amjad.masad@gmail.com"},{"name":"hzoo","email":"hi@henryzoo.com"},{"name":"jmm","email":"npm-public@jessemccarthy.net"},{"name":"loganfsmyth","email":"loganfsmyth@gmail.com"},{"name":"sebmck","email":"sebmck@gmail.com"},{"name":"thejameskyle","email":"me@thejameskyle.com"}],"_npmOperationalInternal":{"host":"packages-6-west.internal.npmjs.com","tmp":"tmp/babel-plugin-transform-es2015-template-literals-6.5.0.tgz_1454803663997_0.1988720337394625"},"directories":{}},"6.5.0-1":{"name":"babel-plugin-transform-es2015-template-literals","version":"6.5.0-1","description":"Compile ES2015 template literals to ES5","repository":{"type":"git","url":"https://github.com/babel/babel/tree/master/packages/babel-plugin-transform-es2015-template-literals"},"license":"MIT","main":"lib/index.js","keywords":["babel-plugin"],"dependencies":{"babel-runtime":"^5.0.0"},"devDependencies":{"babel-helper-plugin-test-runner":"^6.5.0-1"},"_id":"babel-plugin-transform-es2015-template-literals@6.5.0-1","scripts":{},"_shasum":"ad2aaadb618ed948df74b4aa1615bbd74983df15","_from":".","_npmVersion":"3.6.0","_nodeVersion":"5.1.0","_npmUser":{"name":"hzoo","email":"hi@henryzoo.com"},"dist":{"shasum":"ad2aaadb618ed948df74b4aa1615bbd74983df15","tarball":"https://registry.npmjs.org/babel-plugin-transform-es2015-template-literals/-/babel-plugin-transform-es2015-template-literals-6.5.0-1.tgz"},"maintainers":[{"name":"amasad","email":"amjad.masad@gmail.com"},{"name":"hzoo","email":"hi@henryzoo.com"},{"name":"jmm","email":"npm-public@jessemccarthy.net"},{"name":"loganfsmyth","email":"loganfsmyth@gmail.com"},{"name":"sebmck","email":"sebmck@gmail.com"},{"name":"thejameskyle","email":"me@thejameskyle.com"}],"_npmOperationalInternal":{"host":"packages-9-west.internal.npmjs.com","tmp":"tmp/babel-plugin-transform-es2015-template-literals-6.5.0-1.tgz_1454812862622_0.3965763561427593"},"directories":{}},"6.5.2":{"name":"babel-plugin-transform-es2015-template-literals","version":"6.5.2","description":"Compile ES2015 template literals to ES5","repository":{"type":"git","url":"https://github.com/babel/babel/tree/master/packages/babel-plugin-transform-es2015-template-literals"},"license":"MIT","main":"lib/index.js","keywords":["babel-plugin"],"dependencies":{"babel-runtime":"^5.0.0"},"devDependencies":{"babel-helper-plugin-test-runner":"^6.3.13"},"_id":"babel-plugin-transform-es2015-template-literals@6.5.2","scripts":{},"_shasum":"1d54bbab637e48c8c845e52ab2e2da3d6bafabb1","_from":".","_npmVersion":"3.6.0","_nodeVersion":"5.1.0","_npmUser":{"name":"hzoo","email":"hi@henryzoo.com"},"dist":{"shasum":"1d54bbab637e48c8c845e52ab2e2da3d6bafabb1","tarball":"https://registry.npmjs.org/babel-plugin-transform-es2015-template-literals/-/babel-plugin-transform-es2015-template-literals-6.5.2.tgz"},"maintainers":[{"name":"amasad","email":"amjad.masad@gmail.com"},{"name":"hzoo","email":"hi@henryzoo.com"},{"name":"jmm","email":"npm-public@jessemccarthy.net"},{"name":"loganfsmyth","email":"loganfsmyth@gmail.com"},{"name":"sebmck","email":"sebmck@gmail.com"},{"name":"thejameskyle","email":"me@thejameskyle.com"}],"_npmOperationalInternal":{"host":"packages-9-west.internal.npmjs.com","tmp":"tmp/babel-plugin-transform-es2015-template-literals-6.5.2.tgz_1455294613581_0.8152459568809718"},"directories":{}},"6.6.0":{"name":"babel-plugin-transform-es2015-template-literals","version":"6.6.0","description":"Compile ES2015 template literals to ES5","repository":{"type":"git","url":"https://github.com/babel/babel/tree/master/packages/babel-plugin-transform-es2015-template-literals"},"license":"MIT","main":"lib/index.js","keywords":["babel-plugin"],"dependencies":{"babel-runtime":"^5.0.0"},"devDependencies":{"babel-helper-plugin-test-runner":"^6.3.13"},"_id":"babel-plugin-transform-es2015-template-literals@6.6.0","scripts":{},"_shasum":"b5e96693008fac3f9490cd29bf3694337dbd4445","_from":".","_npmVersion":"3.6.0","_nodeVersion":"5.1.0","_npmUser":{"name":"hzoo","email":"hi@henryzoo.com"},"dist":{"shasum":"b5e96693008fac3f9490cd29bf3694337dbd4445","tarball":"https://registry.npmjs.org/babel-plugin-transform-es2015-template-literals/-/babel-plugin-transform-es2015-template-literals-6.6.0.tgz"},"maintainers":[{"name":"amasad","email":"amjad.masad@gmail.com"},{"name":"hzoo","email":"hi@henryzoo.com"},{"name":"jmm","email":"npm-public@jessemccarthy.net"},{"name":"loganfsmyth","email":"loganfsmyth@gmail.com"},{"name":"sebmck","email":"sebmck@gmail.com"},{"name":"thejameskyle","email":"me@thejameskyle.com"}],"_npmOperationalInternal":{"host":"packages-9-west.internal.npmjs.com","tmp":"tmp/babel-plugin-transform-es2015-template-literals-6.6.0.tgz_1456780369960_0.6951965149492025"},"directories":{}},"6.6.4":{"name":"babel-plugin-transform-es2015-template-literals","version":"6.6.4","description":"Compile ES2015 template literals to ES5","repository":{"type":"git","url":"https://github.com/babel/babel/tree/master/packages/babel-plugin-transform-es2015-template-literals"},"license":"MIT","main":"lib/index.js","keywords":["babel-plugin"],"dependencies":{"babel-runtime":"^5.0.0"},"devDependencies":{"babel-helper-plugin-test-runner":"^6.3.13"},"_id":"babel-plugin-transform-es2015-template-literals@6.6.4","scripts":{},"_shasum":"421ee4fc43ae655c5c953f49b0d344567bdaa53c","_from":".","_npmVersion":"3.6.0","_nodeVersion":"5.1.0","_npmUser":{"name":"hzoo","email":"hi@henryzoo.com"},"dist":{"shasum":"421ee4fc43ae655c5c953f49b0d344567bdaa53c","tarball":"https://registry.npmjs.org/babel-plugin-transform-es2015-template-literals/-/babel-plugin-transform-es2015-template-literals-6.6.4.tgz"},"maintainers":[{"name":"amasad","email":"amjad.masad@gmail.com"},{"name":"hzoo","email":"hi@henryzoo.com"},{"name":"jmm","email":"npm-public@jessemccarthy.net"},{"name":"loganfsmyth","email":"loganfsmyth@gmail.com"},{"name":"sebmck","email":"sebmck@gmail.com"},{"name":"thejameskyle","email":"me@thejameskyle.com"}],"_npmOperationalInternal":{"host":"packages-13-west.internal.npmjs.com","tmp":"tmp/babel-plugin-transform-es2015-template-literals-6.6.4.tgz_1456954190797_0.36862451606430113"},"directories":{}},"6.6.5":{"name":"babel-plugin-transform-es2015-template-literals","version":"6.6.5","description":"Compile ES2015 template literals to ES5","repository":{"type":"git","url":"https://github.com/babel/babel/tree/master/packages/babel-plugin-transform-es2015-template-literals"},"license":"MIT","main":"lib/index.js","keywords":["babel-plugin"],"dependencies":{"babel-runtime":"^5.0.0"},"devDependencies":{"babel-helper-plugin-test-runner":"^6.3.13"},"_id":"babel-plugin-transform-es2015-template-literals@6.6.5","scripts":{},"_shasum":"f403aa2651e29606cf02884c3ca09bd8d2163c5e","_from":".","_npmVersion":"3.6.0","_nodeVersion":"5.1.0","_npmUser":{"name":"hzoo","email":"hi@henryzoo.com"},"dist":{"shasum":"f403aa2651e29606cf02884c3ca09bd8d2163c5e","tarball":"https://registry.npmjs.org/babel-plugin-transform-es2015-template-literals/-/babel-plugin-transform-es2015-template-literals-6.6.5.tgz"},"maintainers":[{"name":"amasad","email":"amjad.masad@gmail.com"},{"name":"hzoo","email":"hi@henryzoo.com"},{"name":"jmm","email":"npm-public@jessemccarthy.net"},{"name":"loganfsmyth","email":"loganfsmyth@gmail.com"},{"name":"sebmck","email":"sebmck@gmail.com"},{"name":"thejameskyle","email":"me@thejameskyle.com"}],"_npmOperationalInternal":{"host":"packages-13-west.internal.npmjs.com","tmp":"tmp/babel-plugin-transform-es2015-template-literals-6.6.5.tgz_1457133419865_0.9353867066092789"},"directories":{}},"6.8.0":{"name":"babel-plugin-transform-es2015-template-literals","version":"6.8.0","description":"Compile ES2015 template literals to ES5","repository":{"type":"git","url":"https://github.com/babel/babel/tree/master/packages/babel-plugin-transform-es2015-template-literals"},"license":"MIT","main":"lib/index.js","keywords":["babel-plugin"],"dependencies":{"babel-runtime":"^6.0.0"},"devDependencies":{"babel-helper-plugin-test-runner":"^6.8.0"},"_id":"babel-plugin-transform-es2015-template-literals@6.8.0","scripts":{},"_shasum":"86eb876d0a2c635da4ec048b4f7de9dfc897e66b","_from":".","_npmVersion":"3.8.6","_nodeVersion":"5.1.0","_npmUser":{"name":"hzoo","email":"hi@henryzoo.com"},"maintainers":[{"name":"amasad","email":"amjad.masad@gmail.com"},{"name":"hzoo","email":"hi@henryzoo.com"},{"name":"jmm","email":"npm-public@jessemccarthy.net"},{"name":"loganfsmyth","email":"loganfsmyth@gmail.com"},{"name":"sebmck","email":"sebmck@gmail.com"},{"name":"thejameskyle","email":"me@thejameskyle.com"}],"dist":{"shasum":"86eb876d0a2c635da4ec048b4f7de9dfc897e66b","tarball":"https://registry.npmjs.org/babel-plugin-transform-es2015-template-literals/-/babel-plugin-transform-es2015-template-literals-6.8.0.tgz"},"_npmOperationalInternal":{"host":"packages-12-west.internal.npmjs.com","tmp":"tmp/babel-plugin-transform-es2015-template-literals-6.8.0.tgz_1462232690619_0.6739568517077714"},"directories":{}},"6.22.0":{"name":"babel-plugin-transform-es2015-template-literals","version":"6.22.0","description":"Compile ES2015 template literals to ES5","repository":{"type":"git","url":"https://github.com/babel/babel/tree/master/packages/babel-plugin-transform-es2015-template-literals"},"license":"MIT","main":"lib/index.js","keywords":["babel-plugin"],"dependencies":{"babel-runtime":"^6.22.0"},"devDependencies":{"babel-helper-plugin-test-runner":"^6.22.0"},"_id":"babel-plugin-transform-es2015-template-literals@6.22.0","scripts":{},"_shasum":"a84b3450f7e9f8f1f6839d6d687da84bb1236d8d","_from":".","_npmVersion":"3.10.10","_nodeVersion":"6.9.0","_npmUser":{"name":"hzoo","email":"hi@henryzoo.com"},"dist":{"shasum":"a84b3450f7e9f8f1f6839d6d687da84bb1236d8d","tarball":"https://registry.npmjs.org/babel-plugin-transform-es2015-template-literals/-/babel-plugin-transform-es2015-template-literals-6.22.0.tgz"},"maintainers":[{"name":"amasad","email":"amjad.masad@gmail.com"},{"name":"hzoo","email":"hi@henryzoo.com"},{"name":"jmm","email":"npm-public@jessemccarthy.net"},{"name":"loganfsmyth","email":"loganfsmyth@gmail.com"},{"name":"sebmck","email":"sebmck@gmail.com"},{"name":"thejameskyle","email":"me@thejameskyle.com"}],"_npmOperationalInternal":{"host":"packages-12-west.internal.npmjs.com","tmp":"tmp/babel-plugin-transform-es2015-template-literals-6.22.0.tgz_1484872441432_0.952275461750105"},"directories":{}},"7.0.0-alpha.1":{"name":"babel-plugin-transform-es2015-template-literals","version":"7.0.0-alpha.1","description":"Compile ES2015 template literals to ES5","repository":{"type":"git","url":"https://github.com/babel/babel/tree/master/packages/babel-plugin-transform-es2015-template-literals"},"license":"MIT","main":"lib/index.js","keywords":["babel-plugin"],"devDependencies":{"babel-helper-plugin-test-runner":"7.0.0-alpha.1"},"_id":"babel-plugin-transform-es2015-template-literals@7.0.0-alpha.1","scripts":{},"_shasum":"968645727f0f580fedfee962eeaf07f99d6c38b8","_from":".","_npmVersion":"3.10.10","_nodeVersion":"6.9.0","_npmUser":{"name":"hzoo","email":"hi@henryzoo.com"},"dist":{"shasum":"968645727f0f580fedfee962eeaf07f99d6c38b8","tarball":"https://registry.npmjs.org/babel-plugin-transform-es2015-template-literals/-/babel-plugin-transform-es2015-template-literals-7.0.0-alpha.1.tgz"},"maintainers":[{"name":"amasad","email":"amjad.masad@gmail.com"},{"name":"hzoo","email":"hi@henryzoo.com"},{"name":"jmm","email":"npm-public@jessemccarthy.net"},{"name":"loganfsmyth","email":"loganfsmyth@gmail.com"},{"name":"sebmck","email":"sebmck@gmail.com"},{"name":"thejameskyle","email":"me@thejameskyle.com"}],"_npmOperationalInternal":{"host":"packages-12-west.internal.npmjs.com","tmp":"tmp/babel-plugin-transform-es2015-template-literals-7.0.0-alpha.1.tgz_1488488705806_0.5746826885733753"},"directories":{}},"7.0.0-alpha.3":{"name":"babel-plugin-transform-es2015-template-literals","version":"7.0.0-alpha.3","description":"Compile ES2015 template literals to ES5","repository":{"type":"git","url":"https://github.com/babel/babel/tree/master/packages/babel-plugin-transform-es2015-template-literals"},"license":"MIT","main":"lib/index.js","keywords":["babel-plugin"],"devDependencies":{"babel-helper-plugin-test-runner":"7.0.0-alpha.3"},"_id":"babel-plugin-transform-es2015-template-literals@7.0.0-alpha.3","scripts":{},"_shasum":"ccad4e75903dc5ee1989a5108b83740c80b3629a","_from":".","_npmVersion":"3.10.10","_nodeVersion":"6.9.0","_npmUser":{"name":"hzoo","email":"hi@henryzoo.com"},"dist":{"shasum":"ccad4e75903dc5ee1989a5108b83740c80b3629a","tarball":"https://registry.npmjs.org/babel-plugin-transform-es2015-template-literals/-/babel-plugin-transform-es2015-template-literals-7.0.0-alpha.3.tgz"},"maintainers":[{"name":"amasad","email":"amjad.masad@gmail.com"},{"name":"hzoo","email":"hi@henryzoo.com"},{"name":"jmm","email":"npm-public@jessemccarthy.net"},{"name":"loganfsmyth","email":"loganfsmyth@gmail.com"},{"name":"sebmck","email":"sebmck@gmail.com"},{"name":"thejameskyle","email":"me@thejameskyle.com"}],"_npmOperationalInternal":{"host":"packages-18-east.internal.npmjs.com","tmp":"tmp/babel-plugin-transform-es2015-template-literals-7.0.0-alpha.3.tgz_1490298555337_0.04034391441382468"},"directories":{}},"7.0.0-alpha.7":{"name":"babel-plugin-transform-es2015-template-literals","version":"7.0.0-alpha.7","description":"Compile ES2015 template literals to ES5","repository":{"type":"git","url":"https://github.com/babel/babel/tree/master/packages/babel-plugin-transform-es2015-template-literals"},"license":"MIT","main":"lib/index.js","keywords":["babel-plugin"],"devDependencies":{"babel-helper-plugin-test-runner":"7.0.0-alpha.7"},"_id":"babel-plugin-transform-es2015-template-literals@7.0.0-alpha.7","scripts":{},"_shasum":"f8deb336f2314eac484d07801594b84c24363984","_from":".","_npmVersion":"3.10.10","_nodeVersion":"6.9.0","_npmUser":{"name":"hzoo","email":"hi@henryzoo.com"},"dist":{"shasum":"f8deb336f2314eac484d07801594b84c24363984","tarball":"https://registry.npmjs.org/babel-plugin-transform-es2015-template-literals/-/babel-plugin-transform-es2015-template-literals-7.0.0-alpha.7.tgz"},"maintainers":[{"name":"amasad","email":"amjad.masad@gmail.com"},{"name":"hzoo","email":"hi@henryzoo.com"},{"name":"jmm","email":"npm-public@jessemccarthy.net"},{"name":"loganfsmyth","email":"loganfsmyth@gmail.com"},{"name":"sebmck","email":"sebmck@gmail.com"},{"name":"thejameskyle","email":"me@thejameskyle.com"}],"_npmOperationalInternal":{"host":"packages-12-west.internal.npmjs.com","tmp":"tmp/babel-plugin-transform-es2015-template-literals-7.0.0-alpha.7.tgz_1491426819201_0.8039692752063274"},"directories":{}},"7.0.0-alpha.8":{"name":"babel-plugin-transform-es2015-template-literals","version":"7.0.0-alpha.8","description":"Compile ES2015 template literals to ES5","repository":{"type":"git","url":"https://github.com/babel/babel/tree/master/packages/babel-plugin-transform-es2015-template-literals"},"license":"MIT","main":"lib/index.js","keywords":["babel-plugin"],"devDependencies":{"babel-helper-plugin-test-runner":"7.0.0-alpha.8"},"_id":"babel-plugin-transform-es2015-template-literals@7.0.0-alpha.8","scripts":{},"_shasum":"076273c1e6e92a7a9151d7499d8ef7eeda4b0f7a","_from":".","_npmVersion":"3.10.10","_nodeVersion":"6.9.0","_npmUser":{"name":"hzoo","email":"hi@henryzoo.com"},"dist":{"shasum":"076273c1e6e92a7a9151d7499d8ef7eeda4b0f7a","tarball":"https://registry.npmjs.org/babel-plugin-transform-es2015-template-literals/-/babel-plugin-transform-es2015-template-literals-7.0.0-alpha.8.tgz"},"maintainers":[{"name":"amasad","email":"amjad.masad@gmail.com"},{"name":"hzoo","email":"hi@henryzoo.com"},{"name":"jmm","email":"npm-public@jessemccarthy.net"},{"name":"loganfsmyth","email":"loganfsmyth@gmail.com"},{"name":"sebmck","email":"sebmck@gmail.com"},{"name":"thejameskyle","email":"me@thejameskyle.com"}],"_npmOperationalInternal":{"host":"packages-12-west.internal.npmjs.com","tmp":"tmp/babel-plugin-transform-es2015-template-literals-7.0.0-alpha.8.tgz_1492456361672_0.49474795535206795"},"directories":{}},"7.0.0-alpha.9":{"name":"babel-plugin-transform-es2015-template-literals","version":"7.0.0-alpha.9","description":"Compile ES2015 template literals to ES5","repository":{"type":"git","url":"https://github.com/babel/babel/tree/master/packages/babel-plugin-transform-es2015-template-literals"},"license":"MIT","main":"lib/index.js","keywords":["babel-plugin"],"devDependencies":{"babel-helper-plugin-test-runner":"7.0.0-alpha.9"},"_id":"babel-plugin-transform-es2015-template-literals@7.0.0-alpha.9","scripts":{},"_shasum":"7ad77b7efd9a00fdd8334ef557ffd59bd4f19233","_from":".","_npmVersion":"3.10.10","_nodeVersion":"6.9.0","_npmUser":{"name":"hzoo","email":"hi@henryzoo.com"},"dist":{"shasum":"7ad77b7efd9a00fdd8334ef557ffd59bd4f19233","tarball":"https://registry.npmjs.org/babel-plugin-transform-es2015-template-literals/-/babel-plugin-transform-es2015-template-literals-7.0.0-alpha.9.tgz"},"maintainers":[{"name":"amasad","email":"amjad.masad@gmail.com"},{"name":"hzoo","email":"hi@henryzoo.com"},{"name":"jmm","email":"npm-public@jessemccarthy.net"},{"name":"loganfsmyth","email":"loganfsmyth@gmail.com"},{"name":"sebmck","email":"sebmck@gmail.com"},{"name":"thejameskyle","email":"me@thejameskyle.com"}],"_npmOperationalInternal":{"host":"packages-12-west.internal.npmjs.com","tmp":"tmp/babel-plugin-transform-es2015-template-literals-7.0.0-alpha.9.tgz_1492526506987_0.4425251248758286"},"directories":{}},"7.0.0-alpha.10":{"name":"babel-plugin-transform-es2015-template-literals","version":"7.0.0-alpha.10","description":"Compile ES2015 template literals to ES5","repository":{"type":"git","url":"https://github.com/babel/babel/tree/master/packages/babel-plugin-transform-es2015-template-literals"},"license":"MIT","main":"lib/index.js","keywords":["babel-plugin"],"devDependencies":{"babel-helper-plugin-test-runner":"7.0.0-alpha.10"},"_id":"babel-plugin-transform-es2015-template-literals@7.0.0-alpha.10","scripts":{},"_shasum":"fec50e5a123c039f5e0ec1dad013ada8230b763a","_from":".","_npmVersion":"3.10.10","_nodeVersion":"6.9.0","_npmUser":{"name":"hzoo","email":"hi@henryzoo.com"},"dist":{"shasum":"fec50e5a123c039f5e0ec1dad013ada8230b763a","tarball":"https://registry.npmjs.org/babel-plugin-transform-es2015-template-literals/-/babel-plugin-transform-es2015-template-literals-7.0.0-alpha.10.tgz"},"maintainers":[{"email":"daniel@tschinder.de","name":"danez"},{"email":"hi@henryzoo.com","name":"hzoo"},{"email":"loganfsmyth@gmail.com","name":"loganfsmyth"}],"_npmOperationalInternal":{"host":"s3://npm-registry-packages","tmp":"tmp/babel-plugin-transform-es2015-template-literals-7.0.0-alpha.10.tgz_1495739835881_0.24229681538417935"},"directories":{}},"7.0.0-alpha.11":{"name":"babel-plugin-transform-es2015-template-literals","version":"7.0.0-alpha.11","description":"Compile ES2015 template literals to ES5","repository":{"type":"git","url":"https://github.com/babel/babel/tree/master/packages/babel-plugin-transform-es2015-template-literals"},"license":"MIT","main":"lib/index.js","keywords":["babel-plugin"],"devDependencies":{"babel-helper-plugin-test-runner":"7.0.0-alpha.11"},"_id":"babel-plugin-transform-es2015-template-literals@7.0.0-alpha.11","_npmVersion":"5.0.0","_nodeVersion":"6.9.0","_npmUser":{"name":"hzoo","email":"hi@henryzoo.com"},"dist":{"integrity":"sha512-ECCXloD5xKsFbu9bWm30Yg6uNUU498ajNO4Iqqsd20EGL7JpP2P5ysmQFA9nqJZ4QOoy8cOw3w+PsGZf+rp4eQ==","shasum":"961152fc9e3093c22616a436c4344842db31a816","tarball":"https://registry.npmjs.org/babel-plugin-transform-es2015-template-literals/-/babel-plugin-transform-es2015-template-literals-7.0.0-alpha.11.tgz"},"maintainers":[{"email":"sebmck@gmail.com","name":"sebmck"},{"email":"daniel@tschinder.de","name":"danez"},{"email":"hi@henryzoo.com","name":"hzoo"},{"email":"loganfsmyth@gmail.com","name":"loganfsmyth"}],"_npmOperationalInternal":{"host":"s3://npm-registry-packages","tmp":"tmp/babel-plugin-transform-es2015-template-literals-7.0.0-alpha.11.tgz_1496263415903_0.903515090001747"},"directories":{}},"7.0.0-alpha.12":{"name":"babel-plugin-transform-es2015-template-literals","version":"7.0.0-alpha.12","description":"Compile ES2015 template literals to ES5","repository":{"type":"git","url":"https://github.com/babel/babel/tree/master/packages/babel-plugin-transform-es2015-template-literals"},"license":"MIT","main":"lib/index.js","keywords":["babel-plugin"],"devDependencies":{"babel-helper-plugin-test-runner":"7.0.0-alpha.12"},"_id":"babel-plugin-transform-es2015-template-literals@7.0.0-alpha.12","_npmVersion":"5.0.0","_nodeVersion":"6.9.0","_npmUser":{"name":"hzoo","email":"hi@henryzoo.com"},"dist":{"integrity":"sha512-9rZKqkX/Cx55QOMr6JC9oy081UjbaTwF+DR87RhvevKtoV8RNbRf1aNVYsS2cPqfUKxQECfIwdAnzMa6ArhI/w==","shasum":"b40808dec9c40e145d96d321222635de071db9fe","tarball":"https://registry.npmjs.org/babel-plugin-transform-es2015-template-literals/-/babel-plugin-transform-es2015-template-literals-7.0.0-alpha.12.tgz"},"maintainers":[{"email":"sebmck@gmail.com","name":"sebmck"},{"email":"daniel@tschinder.de","name":"danez"},{"email":"hi@henryzoo.com","name":"hzoo"},{"email":"loganfsmyth@gmail.com","name":"loganfsmyth"}],"_npmOperationalInternal":{"host":"s3://npm-registry-packages","tmp":"tmp/babel-plugin-transform-es2015-template-literals-7.0.0-alpha.12.tgz_1496265109618_0.6148203832563013"},"directories":{}},"7.0.0-alpha.14":{"name":"babel-plugin-transform-es2015-template-literals","version":"7.0.0-alpha.14","description":"Compile ES2015 template literals to ES5","repository":{"type":"git","url":"https://github.com/babel/babel/tree/master/packages/babel-plugin-transform-es2015-template-literals"},"license":"MIT","main":"lib/index.js","keywords":["babel-plugin"],"devDependencies":{"babel-helper-plugin-test-runner":"7.0.0-alpha.14"},"_id":"babel-plugin-transform-es2015-template-literals@7.0.0-alpha.14","scripts":{},"_shasum":"0d34b1e65053fd218060768415ae492cf095e6be","_from":".","_npmVersion":"4.6.1","_nodeVersion":"6.9.0","_npmUser":{"name":"hzoo","email":"hi@henryzoo.com"},"dist":{"shasum":"0d34b1e65053fd218060768415ae492cf095e6be","tarball":"https://registry.npmjs.org/babel-plugin-transform-es2015-template-literals/-/babel-plugin-transform-es2015-template-literals-7.0.0-alpha.14.tgz"},"maintainers":[{"email":"sebmck@gmail.com","name":"sebmck"},{"email":"daniel@tschinder.de","name":"danez"},{"email":"hi@henryzoo.com","name":"hzoo"},{"email":"loganfsmyth@gmail.com","name":"loganfsmyth"}],"_npmOperationalInternal":{"host":"s3://npm-registry-packages","tmp":"tmp/babel-plugin-transform-es2015-template-literals-7.0.0-alpha.14.tgz_1499828007849_0.7547070907894522"},"directories":{}},"7.0.0-alpha.15":{"name":"babel-plugin-transform-es2015-template-literals","version":"7.0.0-alpha.15","description":"Compile ES2015 template literals to ES5","repository":{"type":"git","url":"https://github.com/babel/babel/tree/master/packages/babel-plugin-transform-es2015-template-literals"},"license":"MIT","main":"lib/index.js","keywords":["babel-plugin"],"devDependencies":{"babel-helper-plugin-test-runner":"7.0.0-alpha.15"},"_id":"babel-plugin-transform-es2015-template-literals@7.0.0-alpha.15","scripts":{},"_shasum":"8e98393114bd11ebd87961405cd59bc32f768207","_from":".","_npmVersion":"4.6.1","_nodeVersion":"6.9.0","_npmUser":{"name":"hzoo","email":"hi@henryzoo.com"},"dist":{"shasum":"8e98393114bd11ebd87961405cd59bc32f768207","tarball":"https://registry.npmjs.org/babel-plugin-transform-es2015-template-literals/-/babel-plugin-transform-es2015-template-literals-7.0.0-alpha.15.tgz"},"maintainers":[{"email":"sebmck@gmail.com","name":"sebmck"},{"email":"daniel@tschinder.de","name":"danez"},{"email":"hi@henryzoo.com","name":"hzoo"},{"email":"loganfsmyth@gmail.com","name":"loganfsmyth"}],"_npmOperationalInternal":{"host":"s3://npm-registry-packages","tmp":"tmp/babel-plugin-transform-es2015-template-literals-7.0.0-alpha.15.tgz_1499830542293_0.9773823115974665"},"directories":{}},"7.0.0-alpha.16":{"name":"babel-plugin-transform-es2015-template-literals","version":"7.0.0-alpha.16","description":"Compile ES2015 template literals to ES5","repository":{"type":"git","url":"https://github.com/babel/babel/tree/master/packages/babel-plugin-transform-es2015-template-literals"},"license":"MIT","main":"lib/index.js","keywords":["babel-plugin"],"devDependencies":{"babel-helper-plugin-test-runner":"7.0.0-alpha.16"},"_id":"babel-plugin-transform-es2015-template-literals@7.0.0-alpha.16","scripts":{},"_shasum":"3028200a48038ee00353a5205fdaaa5e5b719592","_from":".","_npmVersion":"4.6.1","_nodeVersion":"6.9.0","_npmUser":{"name":"hzoo","email":"hi@henryzoo.com"},"dist":{"shasum":"3028200a48038ee00353a5205fdaaa5e5b719592","tarball":"https://registry.npmjs.org/babel-plugin-transform-es2015-template-literals/-/babel-plugin-transform-es2015-template-literals-7.0.0-alpha.16.tgz"},"maintainers":[{"email":"sebmck@gmail.com","name":"sebmck"},{"email":"daniel@tschinder.de","name":"danez"},{"email":"hi@henryzoo.com","name":"hzoo"},{"email":"loganfsmyth@gmail.com","name":"loganfsmyth"}],"_npmOperationalInternal":{"host":"s3://npm-registry-packages","tmp":"tmp/babel-plugin-transform-es2015-template-literals-7.0.0-alpha.16.tgz_1501017456157_0.4085484752431512"},"directories":{}},"7.0.0-alpha.17":{"name":"babel-plugin-transform-es2015-template-literals","version":"7.0.0-alpha.17","description":"Compile ES2015 template literals to ES5","repository":{"type":"git","url":"https://github.com/babel/babel/tree/master/packages/babel-plugin-transform-es2015-template-literals"},"license":"MIT","main":"lib/index.js","keywords":["babel-plugin"],"devDependencies":{"babel-helper-plugin-test-runner":"7.0.0-alpha.17"},"_id":"babel-plugin-transform-es2015-template-literals@7.0.0-alpha.17","scripts":{},"_shasum":"74e2afdada9987f5fe26af787be93bb0aebd0046","_from":".","_npmVersion":"4.6.1","_nodeVersion":"6.9.0","_npmUser":{"name":"hzoo","email":"hi@henryzoo.com"},"dist":{"shasum":"74e2afdada9987f5fe26af787be93bb0aebd0046","tarball":"https://registry.npmjs.org/babel-plugin-transform-es2015-template-literals/-/babel-plugin-transform-es2015-template-literals-7.0.0-alpha.17.tgz"},"maintainers":[{"email":"sebmck@gmail.com","name":"sebmck"},{"email":"daniel@tschinder.de","name":"danez"},{"email":"hi@henryzoo.com","name":"hzoo"},{"email":"loganfsmyth@gmail.com","name":"loganfsmyth"}],"_npmOperationalInternal":{"host":"s3://npm-registry-packages","tmp":"tmp/babel-plugin-transform-es2015-template-literals-7.0.0-alpha.17.tgz_1501072743770_0.4992121192626655"},"directories":{}},"7.0.0-alpha.18":{"name":"babel-plugin-transform-es2015-template-literals","version":"7.0.0-alpha.18","description":"Compile ES2015 template literals to ES5","repository":{"type":"git","url":"https://github.com/babel/babel/tree/master/packages/babel-plugin-transform-es2015-template-literals"},"license":"MIT","main":"lib/index.js","keywords":["babel-plugin"],"devDependencies":{"babel-helper-plugin-test-runner":"7.0.0-alpha.18"},"_id":"babel-plugin-transform-es2015-template-literals@7.0.0-alpha.18","_npmVersion":"5.3.0","_nodeVersion":"8.1.4","_npmUser":{"name":"hzoo","email":"hi@henryzoo.com"},"dist":{"integrity":"sha512-4YnNsSEDtfOMoz0Pta/OIUY3D519UX4JN0GmAgwyLhvRmVGkOAVEwA8J1BxYen2nztCvL4LyylTi8TZgFnZtag==","shasum":"ce52165035187c9721d54423432aadb0259af816","tarball":"https://registry.npmjs.org/babel-plugin-transform-es2015-template-literals/-/babel-plugin-transform-es2015-template-literals-7.0.0-alpha.18.tgz"},"maintainers":[{"email":"me@thejameskyle.com","name":"thejameskyle"},{"email":"sebmck@gmail.com","name":"sebmck"},{"email":"daniel@tschinder.de","name":"danez"},{"email":"hi@henryzoo.com","name":"hzoo"},{"email":"loganfsmyth@gmail.com","name":"loganfsmyth"}],"_npmOperationalInternal":{"host":"s3://npm-registry-packages","tmp":"tmp/babel-plugin-transform-es2015-template-literals-7.0.0-alpha.18.tgz_1501798850949_0.9608606703113765"},"directories":{}},"7.0.0-alpha.19":{"name":"babel-plugin-transform-es2015-template-literals","version":"7.0.0-alpha.19","description":"Compile ES2015 template literals to ES5","repository":{"type":"git","url":"https://github.com/babel/babel/tree/master/packages/babel-plugin-transform-es2015-template-literals"},"license":"MIT","main":"lib/index.js","keywords":["babel-plugin"],"devDependencies":{"babel-helper-plugin-test-runner":"7.0.0-alpha.19"},"_id":"babel-plugin-transform-es2015-template-literals@7.0.0-alpha.19","_npmVersion":"5.3.0","_nodeVersion":"8.1.4","_npmUser":{"name":"hzoo","email":"hi@henryzoo.com"},"dist":{"integrity":"sha512-bPI0ZJ1nOGzLKjKb0aRgAzYzhEO2yji/3HBoOaD7t0frCOV7eWYDexHrZEMWXDD5DtylzIiCjYQvb2VnbYC8Fg==","shasum":"626da711a81cba8bf069c07f51dcc935237ed3cb","tarball":"https://registry.npmjs.org/babel-plugin-transform-es2015-template-literals/-/babel-plugin-transform-es2015-template-literals-7.0.0-alpha.19.tgz"},"maintainers":[{"email":"me@thejameskyle.com","name":"thejameskyle"},{"email":"sebmck@gmail.com","name":"sebmck"},{"email":"daniel@tschinder.de","name":"danez"},{"email":"hi@henryzoo.com","name":"hzoo"},{"email":"loganfsmyth@gmail.com","name":"loganfsmyth"}],"_npmOperationalInternal":{"host":"s3://npm-registry-packages","tmp":"tmp/babel-plugin-transform-es2015-template-literals-7.0.0-alpha.19.tgz_1502144487608_0.3203965285792947"},"directories":{}},"7.0.0-alpha.20":{"name":"babel-plugin-transform-es2015-template-literals","version":"7.0.0-alpha.20","description":"Compile ES2015 template literals to ES5","repository":{"type":"git","url":"https://github.com/babel/babel/tree/master/packages/babel-plugin-transform-es2015-template-literals"},"license":"MIT","main":"lib/index.js","keywords":["babel-plugin"],"devDependencies":{"babel-helper-plugin-test-runner":"7.0.0-alpha.20"},"_id":"babel-plugin-transform-es2015-template-literals@7.0.0-alpha.20","_npmVersion":"5.3.0","_nodeVersion":"8.1.4","_npmUser":{"name":"hzoo","email":"hi@henryzoo.com"},"dist":{"integrity":"sha512-XYPHuMwrdFGOdJIRV7iQRaIVWvOApcZx2qvRkCgDgKbXR2d06gA/8NFCcXXwVjKWjejvpjvqXdyhas1HDfZyvg==","shasum":"f6e81d26d1527be09dbc08a83e763b14e9da10f1","tarball":"https://registry.npmjs.org/babel-plugin-transform-es2015-template-literals/-/babel-plugin-transform-es2015-template-literals-7.0.0-alpha.20.tgz"},"maintainers":[{"email":"me@thejameskyle.com","name":"thejameskyle"},{"email":"sebmck@gmail.com","name":"sebmck"},{"email":"daniel@tschinder.de","name":"danez"},{"email":"hi@henryzoo.com","name":"hzoo"},{"email":"loganfsmyth@gmail.com","name":"loganfsmyth"}],"_npmOperationalInternal":{"host":"s3://npm-registry-packages","tmp":"tmp/babel-plugin-transform-es2015-template-literals-7.0.0-alpha.20.tgz_1504119117775_0.527188264997676"},"directories":{}},"7.0.0-beta.0":{"name":"babel-plugin-transform-es2015-template-literals","version":"7.0.0-beta.0","description":"Compile ES2015 template literals to ES5","repository":{"type":"git","url":"https://github.com/babel/babel/tree/master/packages/babel-plugin-transform-es2015-template-literals"},"license":"MIT","main":"lib/index.js","keywords":["babel-plugin"],"devDependencies":{"babel-helper-plugin-test-runner":"7.0.0-beta.0"},"_id":"babel-plugin-transform-es2015-template-literals@7.0.0-beta.0","_npmVersion":"5.3.0","_nodeVersion":"8.1.4","_npmUser":{"name":"hzoo","email":"hi@henryzoo.com"},"dist":{"integrity":"sha512-asvE3NMRghH0ZPC3h7PWoY3a8v9qHJAlqs68nN1N/8BujGC7pTFXRhg0T6XpXdlLnFx+fkS9N8F3nTaIZQiUbg==","shasum":"196a069f4c856b89a9074af481b84b255781dc0e","tarball":"https://registry.npmjs.org/babel-plugin-transform-es2015-template-literals/-/babel-plugin-transform-es2015-template-literals-7.0.0-beta.0.tgz"},"maintainers":[{"email":"me@thejameskyle.com","name":"thejameskyle"},{"email":"sebmck@gmail.com","name":"sebmck"},{"email":"daniel@tschinder.de","name":"danez"},{"email":"hi@henryzoo.com","name":"hzoo"},{"email":"loganfsmyth@gmail.com","name":"loganfsmyth"}],"_npmOperationalInternal":{"host":"s3://npm-registry-packages","tmp":"tmp/babel-plugin-transform-es2015-template-literals-7.0.0-beta.0.tgz_1505185322180_0.5768423418048769"},"directories":{}},"7.0.0-beta.1":{"name":"babel-plugin-transform-es2015-template-literals","version":"7.0.0-beta.1","description":"Compile ES2015 template literals to ES5","repository":{"type":"git","url":"https://github.com/babel/babel/tree/master/packages/babel-plugin-transform-es2015-template-literals"},"license":"MIT","main":"lib/index.js","keywords":["babel-plugin"],"devDependencies":{"babel-helper-plugin-test-runner":"7.0.0-beta.1"},"_id":"babel-plugin-transform-es2015-template-literals@7.0.0-beta.1","_npmVersion":"5.4.1","_nodeVersion":"8.1.4","_npmUser":{"name":"hzoo","email":"hi@henryzoo.com"},"dist":{"integrity":"sha512-x5niWOZQ+6D1C4/+xyPq6Z2YeFuShcYsXJ4pTOqiyLtUVbcnyuwbeX5K33P7ZFPwMjZG8ut/HG2cRVd+9K39RA==","shasum":"fb70981ded08a831aca733f91751ec70ac04e197","tarball":"https://registry.npmjs.org/babel-plugin-transform-es2015-template-literals/-/babel-plugin-transform-es2015-template-literals-7.0.0-beta.1.tgz"},"maintainers":[{"email":"me@thejameskyle.com","name":"thejameskyle"},{"email":"sebmck@gmail.com","name":"sebmck"},{"email":"daniel@tschinder.de","name":"danez"},{"email":"hi@henryzoo.com","name":"hzoo"},{"email":"loganfsmyth@gmail.com","name":"loganfsmyth"}],"_npmOperationalInternal":{"host":"s3://npm-registry-packages","tmp":"tmp/babel-plugin-transform-es2015-template-literals-7.0.0-beta.1.tgz_1505851752861_0.25105103268288076"},"directories":{}},"7.0.0-beta.2":{"name":"babel-plugin-transform-es2015-template-literals","version":"7.0.0-beta.2","description":"Compile ES2015 template literals to ES5","repository":{"type":"git","url":"https://github.com/babel/babel/tree/master/packages/babel-plugin-transform-es2015-template-literals"},"license":"MIT","main":"lib/index.js","keywords":["babel-plugin"],"devDependencies":{"babel-helper-plugin-test-runner":"7.0.0-beta.2"},"_id":"babel-plugin-transform-es2015-template-literals@7.0.0-beta.2","_npmVersion":"5.4.1","_nodeVersion":"8.1.4","_npmUser":{"name":"hzoo","email":"hi@henryzoo.com"},"dist":{"integrity":"sha512-OXtZXY3/JwgCxxMn0QZgQ3QO5PvtdshGA23lqP4KG2bDjoSp2EcIRk9WatU2fSwu/wSkTmLitHcEudxblIRjZQ==","shasum":"5e2b3ae3625c28b5ad40542e53237fe68c5d7e56","tarball":"https://registry.npmjs.org/babel-plugin-transform-es2015-template-literals/-/babel-plugin-transform-es2015-template-literals-7.0.0-beta.2.tgz"},"maintainers":[{"email":"bng412@gmail.com","name":"existentialism"},{"email":"me@thejameskyle.com","name":"thejameskyle"},{"email":"sebmck@gmail.com","name":"sebmck"},{"email":"daniel@tschinder.de","name":"danez"},{"email":"hi@henryzoo.com","name":"hzoo"},{"email":"loganfsmyth@gmail.com","name":"loganfsmyth"}],"_npmOperationalInternal":{"host":"s3://npm-registry-packages","tmp":"tmp/babel-plugin-transform-es2015-template-literals-7.0.0-beta.2.tgz_1506438902887_0.3781904340721667"},"directories":{}},"7.0.0-beta.3":{"name":"babel-plugin-transform-es2015-template-literals","version":"7.0.0-beta.3","description":"Compile ES2015 template literals to ES5","repository":{"type":"git","url":"https://github.com/babel/babel/tree/master/packages/babel-plugin-transform-es2015-template-literals"},"license":"MIT","main":"lib/index.js","keywords":["babel-plugin"],"devDependencies":{"babel-helper-annotate-as-pure":"7.0.0-beta.3","babel-helper-plugin-test-runner":"7.0.0-beta.3"},"_id":"babel-plugin-transform-es2015-template-literals@7.0.0-beta.3","_npmVersion":"5.5.1","_nodeVersion":"8.1.4","_npmUser":{"name":"hzoo","email":"hi@henryzoo.com"},"dist":{"integrity":"sha512-7W++eDsz4JNm+V2T/KNfYXD5fjtUv4n1aqR1zl1jVoA7lbRWp3Y0ipWJqNHKhJg8Q5B9U/FOTPxJOBtHRp+HBQ==","shasum":"3fb80b58b411a242f6bcf82c8296156e6aa57611","tarball":"https://registry.npmjs.org/babel-plugin-transform-es2015-template-literals/-/babel-plugin-transform-es2015-template-literals-7.0.0-beta.3.tgz"},"maintainers":[{"email":"bng412@gmail.com","name":"existentialism"},{"email":"me@thejameskyle.com","name":"thejameskyle"},{"email":"sebmck@gmail.com","name":"sebmck"},{"email":"daniel@tschinder.de","name":"danez"},{"email":"hi@henryzoo.com","name":"hzoo"},{"email":"loganfsmyth@gmail.com","name":"loganfsmyth"}],"_npmOperationalInternal":{"host":"s3://npm-registry-packages","tmp":"tmp/babel-plugin-transform-es2015-template-literals-7.0.0-beta.3.tgz_1508073088497_0.19390763295814395"},"directories":{}}},"readme":"# babel-plugin-transform-es2015-template-literals\n\nCompile ES2015 template literals to ES5\n\n## Installation\n\n```sh\n$ npm install babel-plugin-transform-es2015-template-literals\n```\n\n## Usage\n\n### Via `.babelrc` (Recommended)\n\n**.babelrc**\n\n```json\n{\n  \"plugins\": [\"transform-es2015-template-literals\"]\n}\n```\n\n### Via CLI\n\n```sh\n$ babel --plugins transform-es2015-template-literals script.js\n```\n\n### Via Node API\n\n```javascript\nrequire(\"babel-core\").transform(\"code\", {\n  plugins: [\"transform-es2015-template-literals\"]\n});\n```\n","maintainers":[{"email":"bng412@gmail.com","name":"existentialism"},{"email":"me@thejameskyle.com","name":"thejameskyle"},{"email":"sebmck@gmail.com","name":"sebmck"},{"email":"daniel@tschinder.de","name":"danez"},{"email":"hi@henryzoo.com","name":"hzoo"},{"email":"loganfsmyth@gmail.com","name":"loganfsmyth"}],"time":{"modified":"2017-10-15T13:11:29.510Z","created":"2015-10-29T18:15:58.098Z","6.0.2":"2015-10-29T18:15:58.098Z","6.0.14":"2015-10-30T23:38:56.958Z","6.1.4":"2015-11-11T10:28:42.937Z","6.1.17":"2015-11-12T21:42:28.084Z","6.1.18":"2015-11-12T21:50:33.781Z","6.2.4":"2015-11-25T03:14:40.462Z","6.3.13":"2015-12-04T11:59:34.197Z","6.5.0":"2016-02-07T00:07:46.777Z","6.5.0-1":"2016-02-07T02:41:05.098Z","6.5.2":"2016-02-12T16:30:17.492Z","6.6.0":"2016-02-29T21:12:53.258Z","6.6.4":"2016-03-02T21:29:53.672Z","6.6.5":"2016-03-04T23:17:03.457Z","6.8.0":"2016-05-02T23:44:53.046Z","6.22.0":"2017-01-20T00:34:03.222Z","7.0.0-alpha.1":"2017-03-02T21:05:07.633Z","7.0.0-alpha.3":"2017-03-23T19:49:17.225Z","7.0.0-alpha.7":"2017-04-05T21:13:41.434Z","7.0.0-alpha.8":"2017-04-17T19:12:41.931Z","7.0.0-alpha.9":"2017-04-18T14:41:47.211Z","7.0.0-alpha.10":"2017-05-25T19:17:16.659Z","7.0.0-alpha.11":"2017-05-31T20:43:36.027Z","7.0.0-alpha.12":"2017-05-31T21:11:50.032Z","7.0.0-alpha.14":"2017-07-12T02:53:28.750Z","7.0.0-alpha.15":"2017-07-12T03:35:43.852Z","7.0.0-alpha.16":"2017-07-25T21:17:37.096Z","7.0.0-alpha.17":"2017-07-26T12:39:04.677Z","7.0.0-alpha.18":"2017-08-03T22:20:51.140Z","7.0.0-alpha.19":"2017-08-07T22:21:27.690Z","7.0.0-alpha.20":"2017-08-30T18:51:57.914Z","7.0.0-beta.0":"2017-09-12T03:02:03.148Z","7.0.0-beta.1":"2017-09-19T20:09:12.978Z","7.0.0-beta.2":"2017-09-26T15:15:03.856Z","7.0.0-beta.3":"2017-10-15T13:11:29.510Z"},"keywords":["babel-plugin"],"repository":{"type":"git","url":"https://github.com/babel/babel/tree/master/packages/babel-plugin-transform-es2015-template-literals"},"license":"MIT","readmeFilename":"README.md","users":{"klimnikita":true,"jimnpm":true},"_attachments":{},"_etag":"W/\"0395e9b723e1fe7b1f18f802ffd757ed\"","_lastModified":"Sat, 26 May 2018 17:58:41 GMT"}