{"_id":"babel-code-frame","_rev":"110-c2832ba375961aa912ac815f5513a0bd","name":"babel-code-frame","dist-tags":{"latest":"6.26.0","next":"7.0.0-beta.3"},"versions":{"6.0.0":{"name":"babel-code-frame","version":"6.0.0","description":"","author":{"name":"Sebastian McKenzie","email":"sebmck@gmail.com"},"homepage":"https://babeljs.io/","license":"MIT","repository":{"type":"git","url":"git+https://github.com/babel/babel.git"},"main":"lib/index.js","dependencies":{"babel-runtime":"^6.0.0","chalk":"^1.1.0","esutils":"^2.0.2","js-tokens":"^1.0.1","line-numbers":"^0.2.0","repeating":"^1.1.3"},"bugs":{"url":"https://github.com/babel/babel/issues"},"_id":"babel-code-frame@6.0.0","scripts":{},"_shasum":"7e5cd07bd70f67d9c92bdc9d3f44967689e4ff25","_from":".","_npmVersion":"2.14.3","_nodeVersion":"4.1.0","_npmUser":{"name":"sebmck","email":"sebmck@gmail.com"},"dist":{"shasum":"7e5cd07bd70f67d9c92bdc9d3f44967689e4ff25","tarball":"https://registry.npmjs.org/babel-code-frame/-/babel-code-frame-6.0.0.tgz"},"maintainers":[{"name":"sebmck","email":"sebmck@gmail.com"}],"directories":{}},"6.0.2":{"name":"babel-code-frame","version":"6.0.2","description":"","author":{"name":"Sebastian McKenzie","email":"sebmck@gmail.com"},"homepage":"https://babeljs.io/","license":"MIT","repository":{"type":"git","url":"git+https://github.com/babel/babel.git"},"main":"lib/index.js","dependencies":{"babel-runtime":"^6.0.2","chalk":"^1.1.0","esutils":"^2.0.2","js-tokens":"^1.0.1","line-numbers":"^0.2.0","repeating":"^1.1.3"},"bugs":{"url":"https://github.com/babel/babel/issues"},"_id":"babel-code-frame@6.0.2","scripts":{},"_shasum":"0afd19ede1d15fee0915ff7f307eedd11d27997e","_from":".","_npmVersion":"2.14.3","_nodeVersion":"4.1.0","_npmUser":{"name":"sebmck","email":"sebmck@gmail.com"},"dist":{"shasum":"0afd19ede1d15fee0915ff7f307eedd11d27997e","tarball":"https://registry.npmjs.org/babel-code-frame/-/babel-code-frame-6.0.2.tgz"},"maintainers":[{"name":"sebmck","email":"sebmck@gmail.com"}],"directories":{}},"6.0.12":{"name":"babel-code-frame","version":"6.0.12","description":"Generate errors that contain a code frame that point to source locations.","author":{"name":"Sebastian McKenzie","email":"sebmck@gmail.com"},"homepage":"https://babeljs.io/","license":"MIT","repository":{"type":"git","url":"git+https://github.com/babel/babel.git"},"main":"lib/index.js","dependencies":{"babel-runtime":"^6.0.12","chalk":"^1.1.0","esutils":"^2.0.2","js-tokens":"^1.0.1","line-numbers":"^0.2.0","repeating":"^1.1.3"},"bugs":{"url":"https://github.com/babel/babel/issues"},"_id":"babel-code-frame@6.0.12","scripts":{},"_shasum":"9233297a194040ba37c73b66caa38a2065629429","_from":".","_npmVersion":"2.14.9","_nodeVersion":"4.1.0","_npmUser":{"name":"sebmck","email":"sebmck@gmail.com"},"dist":{"shasum":"9233297a194040ba37c73b66caa38a2065629429","tarball":"https://registry.npmjs.org/babel-code-frame/-/babel-code-frame-6.0.12.tgz"},"maintainers":[{"name":"sebmck","email":"sebmck@gmail.com"}],"directories":{}},"6.0.14":{"name":"babel-code-frame","version":"6.0.14","description":"Generate errors that contain a code frame that point to source locations.","author":{"name":"Sebastian McKenzie","email":"sebmck@gmail.com"},"homepage":"https://babeljs.io/","license":"MIT","repository":{"type":"git","url":"https://github.com/babel/babel/tree/master/packages/babel-code-frame"},"main":"lib/index.js","dependencies":{"babel-runtime":"^6.0.14","chalk":"^1.1.0","esutils":"^2.0.2","js-tokens":"^1.0.1","line-numbers":"^0.2.0","repeating":"^1.1.3"},"_id":"babel-code-frame@6.0.14","scripts":{},"_shasum":"62907a272a08c6bcdf4e9a09be045e7ff6e3bb75","_from":".","_npmVersion":"2.14.9","_nodeVersion":"4.1.0","_npmUser":{"name":"sebmck","email":"sebmck@gmail.com"},"dist":{"shasum":"62907a272a08c6bcdf4e9a09be045e7ff6e3bb75","tarball":"https://registry.npmjs.org/babel-code-frame/-/babel-code-frame-6.0.14.tgz"},"maintainers":[{"name":"sebmck","email":"sebmck@gmail.com"}],"directories":{}},"6.0.15":{"name":"babel-code-frame","version":"6.0.15","description":"Generate errors that contain a code frame that point to source locations.","author":{"name":"Sebastian McKenzie","email":"sebmck@gmail.com"},"homepage":"https://babeljs.io/","license":"MIT","repository":{"type":"git","url":"https://github.com/babel/babel/tree/master/packages/babel-code-frame"},"main":"lib/index.js","dependencies":{"babel-runtime":"^5.0.0","chalk":"^1.1.0","esutils":"^2.0.2","js-tokens":"^1.0.1","line-numbers":"^0.2.0","repeating":"^1.1.3"},"_id":"babel-code-frame@6.0.15","scripts":{},"_shasum":"526969a985f315a08115dc62f48c4c0f3f9a7fbc","_from":".","_npmVersion":"2.14.9","_nodeVersion":"4.1.0","_npmUser":{"name":"sebmck","email":"sebmck@gmail.com"},"dist":{"shasum":"526969a985f315a08115dc62f48c4c0f3f9a7fbc","tarball":"https://registry.npmjs.org/babel-code-frame/-/babel-code-frame-6.0.15.tgz"},"maintainers":[{"name":"sebmck","email":"sebmck@gmail.com"}],"directories":{}},"6.1.4":{"name":"babel-code-frame","version":"6.1.4","description":"Generate errors that contain a code frame that point to source locations.","author":{"name":"Sebastian McKenzie","email":"sebmck@gmail.com"},"homepage":"https://babeljs.io/","license":"MIT","repository":{"type":"git","url":"https://github.com/babel/babel/tree/master/packages/babel-code-frame"},"main":"lib/index.js","dependencies":{"babel-runtime":"^5.0.0","chalk":"^1.1.0","esutils":"^2.0.2","js-tokens":"^1.0.1","line-numbers":"^0.2.0","repeating":"^1.1.3"},"_id":"babel-code-frame@6.1.4","scripts":{},"_shasum":"b46dadbcf8a6ac6243833f1484899e57328d0314","_from":".","_npmVersion":"3.3.10","_nodeVersion":"4.1.0","_npmUser":{"name":"sebmck","email":"sebmck@gmail.com"},"dist":{"shasum":"b46dadbcf8a6ac6243833f1484899e57328d0314","tarball":"https://registry.npmjs.org/babel-code-frame/-/babel-code-frame-6.1.4.tgz"},"maintainers":[{"name":"sebmck","email":"sebmck@gmail.com"}],"directories":{}},"6.1.5":{"name":"babel-code-frame","version":"6.1.5","description":"Generate errors that contain a code frame that point to source locations.","author":{"name":"Sebastian McKenzie","email":"sebmck@gmail.com"},"homepage":"https://babeljs.io/","license":"MIT","repository":{"type":"git","url":"https://github.com/babel/babel/tree/master/packages/babel-code-frame"},"main":"lib/index.js","dependencies":{"babel-runtime":"^5.0.0","chalk":"^1.1.0","esutils":"^2.0.2","js-tokens":"^1.0.1","line-numbers":"^0.2.0","repeating":"^1.1.3"},"_id":"babel-code-frame@6.1.5","scripts":{},"_shasum":"68f206ff1c0393c5e512112e40e6c1f2926b4aa6","_from":".","_npmVersion":"3.3.10","_nodeVersion":"4.1.0","_npmUser":{"name":"sebmck","email":"sebmck@gmail.com"},"dist":{"shasum":"68f206ff1c0393c5e512112e40e6c1f2926b4aa6","tarball":"https://registry.npmjs.org/babel-code-frame/-/babel-code-frame-6.1.5.tgz"},"maintainers":[{"name":"sebmck","email":"sebmck@gmail.com"}],"directories":{}},"6.1.6":{"name":"babel-code-frame","version":"6.1.6","description":"Generate errors that contain a code frame that point to source locations.","author":{"name":"Sebastian McKenzie","email":"sebmck@gmail.com"},"homepage":"https://babeljs.io/","license":"MIT","repository":{"type":"git","url":"https://github.com/babel/babel/tree/master/packages/babel-code-frame"},"main":"lib/index.js","dependencies":{"babel-runtime":"^5.0.0","chalk":"^1.1.0","esutils":"^2.0.2","js-tokens":"^1.0.1","line-numbers":"^0.2.0","repeating":"^1.1.3"},"_id":"babel-code-frame@6.1.6","scripts":{},"_shasum":"004e19eaa998789ae803daedceeee353e5a06d21","_from":".","_npmVersion":"3.3.10","_nodeVersion":"4.1.0","_npmUser":{"name":"sebmck","email":"sebmck@gmail.com"},"dist":{"shasum":"004e19eaa998789ae803daedceeee353e5a06d21","tarball":"https://registry.npmjs.org/babel-code-frame/-/babel-code-frame-6.1.6.tgz"},"maintainers":[{"name":"amasad","email":"amjad.masad@gmail.com"},{"name":"sebmck","email":"sebmck@gmail.com"},{"name":"thejameskyle","email":"me@thejameskyle.com"}],"directories":{}},"6.1.7":{"name":"babel-code-frame","version":"6.1.7","description":"Generate errors that contain a code frame that point to source locations.","author":{"name":"Sebastian McKenzie","email":"sebmck@gmail.com"},"homepage":"https://babeljs.io/","license":"MIT","repository":{"type":"git","url":"https://github.com/babel/babel/tree/master/packages/babel-code-frame"},"main":"lib/index.js","dependencies":{"babel-runtime":"^5.0.0","chalk":"^1.1.0","esutils":"^2.0.2","js-tokens":"^1.0.1","line-numbers":"^0.2.0","repeating":"^1.1.3"},"_id":"babel-code-frame@6.1.7","scripts":{},"_shasum":"6510b8be5fe9310bb1d1886891c0bf68ff168de4","_from":".","_npmVersion":"3.3.10","_nodeVersion":"4.1.0","_npmUser":{"name":"sebmck","email":"sebmck@gmail.com"},"dist":{"shasum":"6510b8be5fe9310bb1d1886891c0bf68ff168de4","tarball":"https://registry.npmjs.org/babel-code-frame/-/babel-code-frame-6.1.7.tgz"},"maintainers":[{"name":"amasad","email":"amjad.masad@gmail.com"},{"name":"sebmck","email":"sebmck@gmail.com"},{"name":"thejameskyle","email":"me@thejameskyle.com"}],"directories":{}},"6.1.8":{"name":"babel-code-frame","version":"6.1.8","description":"Generate errors that contain a code frame that point to source locations.","author":{"name":"Sebastian McKenzie","email":"sebmck@gmail.com"},"homepage":"https://babeljs.io/","license":"MIT","repository":{"type":"git","url":"https://github.com/babel/babel/tree/master/packages/babel-code-frame"},"main":"lib/index.js","dependencies":{"babel-runtime":"^5.0.0","chalk":"^1.1.0","esutils":"^2.0.2","js-tokens":"^1.0.1","line-numbers":"^0.2.0","repeating":"^1.1.3"},"_id":"babel-code-frame@6.1.8","scripts":{},"_shasum":"0c33609b51e6465e4fc3cd3e4e9b7a1b14add628","_from":".","_npmVersion":"3.3.10","_nodeVersion":"4.1.0","_npmUser":{"name":"sebmck","email":"sebmck@gmail.com"},"dist":{"shasum":"0c33609b51e6465e4fc3cd3e4e9b7a1b14add628","tarball":"https://registry.npmjs.org/babel-code-frame/-/babel-code-frame-6.1.8.tgz"},"maintainers":[{"name":"amasad","email":"amjad.masad@gmail.com"},{"name":"sebmck","email":"sebmck@gmail.com"},{"name":"thejameskyle","email":"me@thejameskyle.com"}],"directories":{}},"6.1.9":{"name":"babel-code-frame","version":"6.1.9","description":"Generate errors that contain a code frame that point to source locations.","author":{"name":"Sebastian McKenzie","email":"sebmck@gmail.com"},"homepage":"https://babeljs.io/","license":"MIT","repository":{"type":"git","url":"https://github.com/babel/babel/tree/master/packages/babel-code-frame"},"main":"lib/index.js","dependencies":{"babel-runtime":"^5.0.0","chalk":"^1.1.0","esutils":"^2.0.2","js-tokens":"^1.0.1","line-numbers":"^0.2.0","repeating":"^1.1.3"},"_id":"babel-code-frame@6.1.9","scripts":{},"_shasum":"986d443e609dd7a181da01e5f581bca1a93c33fe","_from":".","_npmVersion":"3.3.10","_nodeVersion":"4.1.0","_npmUser":{"name":"sebmck","email":"sebmck@gmail.com"},"dist":{"shasum":"986d443e609dd7a181da01e5f581bca1a93c33fe","tarball":"https://registry.npmjs.org/babel-code-frame/-/babel-code-frame-6.1.9.tgz"},"maintainers":[{"name":"amasad","email":"amjad.masad@gmail.com"},{"name":"sebmck","email":"sebmck@gmail.com"},{"name":"thejameskyle","email":"me@thejameskyle.com"}],"directories":{}},"6.1.10":{"name":"babel-code-frame","version":"6.1.10","description":"Generate errors that contain a code frame that point to source locations.","author":{"name":"Sebastian McKenzie","email":"sebmck@gmail.com"},"homepage":"https://babeljs.io/","license":"MIT","repository":{"type":"git","url":"https://github.com/babel/babel/tree/master/packages/babel-code-frame"},"main":"lib/index.js","dependencies":{"babel-runtime":"^5.0.0","chalk":"^1.1.0","esutils":"^2.0.2","js-tokens":"^1.0.1","line-numbers":"^0.2.0","repeating":"^1.1.3"},"_id":"babel-code-frame@6.1.10","scripts":{},"_shasum":"ec76ded162e2adfa6bf075d0de62a2804464fd66","_from":".","_npmVersion":"3.3.10","_nodeVersion":"4.1.0","_npmUser":{"name":"sebmck","email":"sebmck@gmail.com"},"dist":{"shasum":"ec76ded162e2adfa6bf075d0de62a2804464fd66","tarball":"https://registry.npmjs.org/babel-code-frame/-/babel-code-frame-6.1.10.tgz"},"maintainers":[{"name":"amasad","email":"amjad.masad@gmail.com"},{"name":"sebmck","email":"sebmck@gmail.com"},{"name":"thejameskyle","email":"me@thejameskyle.com"}],"directories":{}},"6.1.11":{"name":"babel-code-frame","version":"6.1.11","description":"Generate errors that contain a code frame that point to source locations.","author":{"name":"Sebastian McKenzie","email":"sebmck@gmail.com"},"homepage":"https://babeljs.io/","license":"MIT","repository":{"type":"git","url":"https://github.com/babel/babel/tree/master/packages/babel-code-frame"},"main":"lib/index.js","dependencies":{"babel-runtime":"^5.0.0","chalk":"^1.1.0","esutils":"^2.0.2","js-tokens":"^1.0.1","line-numbers":"^0.2.0","repeating":"^1.1.3"},"_id":"babel-code-frame@6.1.11","scripts":{},"_shasum":"47667e051ef82bc9bd5872d4d4c8408ce37c0a5a","_from":".","_npmVersion":"3.3.10","_nodeVersion":"4.1.0","_npmUser":{"name":"sebmck","email":"sebmck@gmail.com"},"dist":{"shasum":"47667e051ef82bc9bd5872d4d4c8408ce37c0a5a","tarball":"https://registry.npmjs.org/babel-code-frame/-/babel-code-frame-6.1.11.tgz"},"maintainers":[{"name":"amasad","email":"amjad.masad@gmail.com"},{"name":"sebmck","email":"sebmck@gmail.com"},{"name":"thejameskyle","email":"me@thejameskyle.com"}],"directories":{}},"6.1.12":{"name":"babel-code-frame","version":"6.1.12","description":"Generate errors that contain a code frame that point to source locations.","author":{"name":"Sebastian McKenzie","email":"sebmck@gmail.com"},"homepage":"https://babeljs.io/","license":"MIT","repository":{"type":"git","url":"https://github.com/babel/babel/tree/master/packages/babel-code-frame"},"main":"lib/index.js","dependencies":{"babel-runtime":"^5.0.0","chalk":"^1.1.0","esutils":"^2.0.2","js-tokens":"^1.0.1","line-numbers":"^0.2.0","repeating":"^1.1.3"},"_id":"babel-code-frame@6.1.12","scripts":{},"_shasum":"2b01ee86b734abfda88f00a138993db9010ffa97","_from":".","_npmVersion":"3.3.10","_nodeVersion":"4.1.0","_npmUser":{"name":"sebmck","email":"sebmck@gmail.com"},"dist":{"shasum":"2b01ee86b734abfda88f00a138993db9010ffa97","tarball":"https://registry.npmjs.org/babel-code-frame/-/babel-code-frame-6.1.12.tgz"},"maintainers":[{"name":"amasad","email":"amjad.masad@gmail.com"},{"name":"sebmck","email":"sebmck@gmail.com"},{"name":"thejameskyle","email":"me@thejameskyle.com"}],"directories":{}},"6.1.13":{"name":"babel-code-frame","version":"6.1.13","description":"Generate errors that contain a code frame that point to source locations.","author":{"name":"Sebastian McKenzie","email":"sebmck@gmail.com"},"homepage":"https://babeljs.io/","license":"MIT","repository":{"type":"git","url":"https://github.com/babel/babel/tree/master/packages/babel-code-frame"},"main":"lib/index.js","dependencies":{"babel-runtime":"^5.0.0","chalk":"^1.1.0","esutils":"^2.0.2","js-tokens":"^1.0.1","line-numbers":"^0.2.0","repeating":"^1.1.3"},"_id":"babel-code-frame@6.1.13","scripts":{},"_shasum":"8a650ae76694b8d973d70e72e993989f4227ac81","_from":".","_npmVersion":"3.3.10","_nodeVersion":"4.1.0","_npmUser":{"name":"sebmck","email":"sebmck@gmail.com"},"dist":{"shasum":"8a650ae76694b8d973d70e72e993989f4227ac81","tarball":"https://registry.npmjs.org/babel-code-frame/-/babel-code-frame-6.1.13.tgz"},"maintainers":[{"name":"amasad","email":"amjad.masad@gmail.com"},{"name":"sebmck","email":"sebmck@gmail.com"},{"name":"thejameskyle","email":"me@thejameskyle.com"}],"directories":{}},"6.1.14":{"name":"babel-code-frame","version":"6.1.14","description":"Generate errors that contain a code frame that point to source locations.","author":{"name":"Sebastian McKenzie","email":"sebmck@gmail.com"},"homepage":"https://babeljs.io/","license":"MIT","repository":{"type":"git","url":"https://github.com/babel/babel/tree/master/packages/babel-code-frame"},"main":"lib/index.js","dependencies":{"babel-runtime":"^5.0.0","chalk":"^1.1.0","esutils":"^2.0.2","js-tokens":"^1.0.1","line-numbers":"^0.2.0","repeating":"^1.1.3"},"_id":"babel-code-frame@6.1.14","scripts":{},"_shasum":"54f99e808b80c6772cdd521ed028c188483af58b","_from":".","_npmVersion":"3.3.10","_nodeVersion":"4.1.0","_npmUser":{"name":"sebmck","email":"sebmck@gmail.com"},"dist":{"shasum":"54f99e808b80c6772cdd521ed028c188483af58b","tarball":"https://registry.npmjs.org/babel-code-frame/-/babel-code-frame-6.1.14.tgz"},"maintainers":[{"name":"amasad","email":"amjad.masad@gmail.com"},{"name":"sebmck","email":"sebmck@gmail.com"},{"name":"thejameskyle","email":"me@thejameskyle.com"}],"directories":{}},"6.1.15":{"name":"babel-code-frame","version":"6.1.15","description":"Generate errors that contain a code frame that point to source locations.","author":{"name":"Sebastian McKenzie","email":"sebmck@gmail.com"},"homepage":"https://babeljs.io/","license":"MIT","repository":{"type":"git","url":"https://github.com/babel/babel/tree/master/packages/babel-code-frame"},"main":"lib/index.js","dependencies":{"babel-runtime":"^5.0.0","chalk":"^1.1.0","esutils":"^2.0.2","js-tokens":"^1.0.1","line-numbers":"^0.2.0","repeating":"^1.1.3"},"_id":"babel-code-frame@6.1.15","scripts":{},"_shasum":"b2086f10ac3ff202d219fec38599eb2ae39ef31b","_from":".","_npmVersion":"3.3.10","_nodeVersion":"4.1.0","_npmUser":{"name":"sebmck","email":"sebmck@gmail.com"},"dist":{"shasum":"b2086f10ac3ff202d219fec38599eb2ae39ef31b","tarball":"https://registry.npmjs.org/babel-code-frame/-/babel-code-frame-6.1.15.tgz"},"maintainers":[{"name":"amasad","email":"amjad.masad@gmail.com"},{"name":"sebmck","email":"sebmck@gmail.com"},{"name":"thejameskyle","email":"me@thejameskyle.com"}],"directories":{}},"6.1.16":{"name":"babel-code-frame","version":"6.1.16","description":"Generate errors that contain a code frame that point to source locations.","author":{"name":"Sebastian McKenzie","email":"sebmck@gmail.com"},"homepage":"https://babeljs.io/","license":"MIT","repository":{"type":"git","url":"https://github.com/babel/babel/tree/master/packages/babel-code-frame"},"main":"lib/index.js","dependencies":{"babel-runtime":"^5.0.0","chalk":"^1.1.0","esutils":"^2.0.2","js-tokens":"^1.0.1","line-numbers":"^0.2.0","repeating":"^1.1.3"},"_id":"babel-code-frame@6.1.16","scripts":{},"_shasum":"cfee39fe5bf92379ecdd44fd6027728e794086fa","_from":".","_npmVersion":"3.3.10","_nodeVersion":"4.1.0","_npmUser":{"name":"sebmck","email":"sebmck@gmail.com"},"dist":{"shasum":"cfee39fe5bf92379ecdd44fd6027728e794086fa","tarball":"https://registry.npmjs.org/babel-code-frame/-/babel-code-frame-6.1.16.tgz"},"maintainers":[{"name":"amasad","email":"amjad.masad@gmail.com"},{"name":"sebmck","email":"sebmck@gmail.com"},{"name":"thejameskyle","email":"me@thejameskyle.com"}],"directories":{}},"6.1.17":{"name":"babel-code-frame","version":"6.1.17","description":"Generate errors that contain a code frame that point to source locations.","author":{"name":"Sebastian McKenzie","email":"sebmck@gmail.com"},"homepage":"https://babeljs.io/","license":"MIT","repository":{"type":"git","url":"https://github.com/babel/babel/tree/master/packages/babel-code-frame"},"main":"lib/index.js","dependencies":{"babel-runtime":"^5.0.0","chalk":"^1.1.0","esutils":"^2.0.2","js-tokens":"^1.0.1","line-numbers":"^0.2.0","repeating":"^1.1.3"},"_id":"babel-code-frame@6.1.17","scripts":{},"_shasum":"2a56c16127a5e13457a2391efc25d0434dc6aa6d","_from":".","_npmVersion":"3.3.10","_nodeVersion":"4.1.0","_npmUser":{"name":"sebmck","email":"sebmck@gmail.com"},"dist":{"shasum":"2a56c16127a5e13457a2391efc25d0434dc6aa6d","tarball":"https://registry.npmjs.org/babel-code-frame/-/babel-code-frame-6.1.17.tgz"},"maintainers":[{"name":"amasad","email":"amjad.masad@gmail.com"},{"name":"sebmck","email":"sebmck@gmail.com"},{"name":"thejameskyle","email":"me@thejameskyle.com"}],"directories":{}},"6.1.18":{"name":"babel-code-frame","version":"6.1.18","description":"Generate errors that contain a code frame that point to source locations.","author":{"name":"Sebastian McKenzie","email":"sebmck@gmail.com"},"homepage":"https://babeljs.io/","license":"MIT","repository":{"type":"git","url":"https://github.com/babel/babel/tree/master/packages/babel-code-frame"},"main":"lib/index.js","dependencies":{"babel-runtime":"^5.0.0","chalk":"^1.1.0","esutils":"^2.0.2","js-tokens":"^1.0.1","line-numbers":"^0.2.0","repeating":"^1.1.3"},"_id":"babel-code-frame@6.1.18","scripts":{},"_shasum":"0af962908b31b272cf8ca893c1236486a756f9a5","_from":".","_npmVersion":"3.3.10","_nodeVersion":"4.1.0","_npmUser":{"name":"sebmck","email":"sebmck@gmail.com"},"dist":{"shasum":"0af962908b31b272cf8ca893c1236486a756f9a5","tarball":"https://registry.npmjs.org/babel-code-frame/-/babel-code-frame-6.1.18.tgz"},"maintainers":[{"name":"amasad","email":"amjad.masad@gmail.com"},{"name":"sebmck","email":"sebmck@gmail.com"},{"name":"thejameskyle","email":"me@thejameskyle.com"}],"directories":{}},"6.2.4":{"name":"babel-code-frame","version":"6.2.4","description":"Generate errors that contain a code frame that point to source locations.","author":{"name":"Sebastian McKenzie","email":"sebmck@gmail.com"},"homepage":"https://babeljs.io/","license":"MIT","repository":{"type":"git","url":"https://github.com/babel/babel/tree/master/packages/babel-code-frame"},"main":"lib/index.js","dependencies":{"babel-runtime":"^5.0.0","chalk":"^1.1.0","esutils":"^2.0.2","js-tokens":"^1.0.1","line-numbers":"^0.2.0","repeating":"^1.1.3"},"_id":"babel-code-frame@6.2.4","scripts":{},"_shasum":"0b0310f2acd0ad2fad3fb2db1008b43f2867867b","_from":".","_npmVersion":"3.3.10","_nodeVersion":"4.1.0","_npmUser":{"name":"sebmck","email":"sebmck@gmail.com"},"dist":{"shasum":"0b0310f2acd0ad2fad3fb2db1008b43f2867867b","tarball":"https://registry.npmjs.org/babel-code-frame/-/babel-code-frame-6.2.4.tgz"},"maintainers":[{"name":"amasad","email":"amjad.masad@gmail.com"},{"name":"sebmck","email":"sebmck@gmail.com"},{"name":"thejameskyle","email":"me@thejameskyle.com"}],"directories":{}},"6.3.13":{"name":"babel-code-frame","version":"6.3.13","description":"Generate errors that contain a code frame that point to source locations.","author":{"name":"Sebastian McKenzie","email":"sebmck@gmail.com"},"homepage":"https://babeljs.io/","license":"MIT","repository":{"type":"git","url":"https://github.com/babel/babel/tree/master/packages/babel-code-frame"},"main":"lib/index.js","dependencies":{"babel-runtime":"^5.0.0","chalk":"^1.1.0","esutils":"^2.0.2","js-tokens":"^1.0.1","line-numbers":"^0.2.0","repeating":"^1.1.3"},"_id":"babel-code-frame@6.3.13","scripts":{},"_shasum":"b9ba64debca36a050f1521ac5498f3206c01c276","_from":".","_npmVersion":"3.3.10","_nodeVersion":"4.1.0","_npmUser":{"name":"sebmck","email":"sebmck@gmail.com"},"dist":{"shasum":"b9ba64debca36a050f1521ac5498f3206c01c276","tarball":"https://registry.npmjs.org/babel-code-frame/-/babel-code-frame-6.3.13.tgz"},"maintainers":[{"name":"amasad","email":"amjad.masad@gmail.com"},{"name":"hzoo","email":"hi@henryzoo.com"},{"name":"jmm","email":"npm-public@jessemccarthy.net"},{"name":"loganfsmyth","email":"loganfsmyth@gmail.com"},{"name":"sebmck","email":"sebmck@gmail.com"},{"name":"thejameskyle","email":"me@thejameskyle.com"}],"directories":{}},"6.5.0":{"name":"babel-code-frame","version":"6.5.0","description":"Generate errors that contain a code frame that point to source locations.","author":{"name":"Sebastian McKenzie","email":"sebmck@gmail.com"},"homepage":"https://babeljs.io/","license":"MIT","repository":{"type":"git","url":"https://github.com/babel/babel/tree/master/packages/babel-code-frame"},"main":"lib/index.js","dependencies":{"babel-runtime":"^5.0.0","chalk":"^1.1.0","esutils":"^2.0.2","js-tokens":"^1.0.1","line-numbers":"^0.2.0","repeating":"^1.1.3"},"_id":"babel-code-frame@6.5.0","scripts":{},"_shasum":"b657482d2462e064b2d889a69aed4610b9eb49ab","_from":".","_npmVersion":"3.6.0","_nodeVersion":"5.1.0","_npmUser":{"name":"hzoo","email":"hi@henryzoo.com"},"dist":{"shasum":"b657482d2462e064b2d889a69aed4610b9eb49ab","tarball":"https://registry.npmjs.org/babel-code-frame/-/babel-code-frame-6.5.0.tgz"},"maintainers":[{"name":"amasad","email":"amjad.masad@gmail.com"},{"name":"hzoo","email":"hi@henryzoo.com"},{"name":"jmm","email":"npm-public@jessemccarthy.net"},{"name":"loganfsmyth","email":"loganfsmyth@gmail.com"},{"name":"sebmck","email":"sebmck@gmail.com"},{"name":"thejameskyle","email":"me@thejameskyle.com"}],"_npmOperationalInternal":{"host":"packages-6-west.internal.npmjs.com","tmp":"tmp/babel-code-frame-6.5.0.tgz_1454803604401_0.4730223717633635"},"directories":{}},"6.5.0-1":{"name":"babel-code-frame","version":"6.5.0-1","description":"Generate errors that contain a code frame that point to source locations.","author":{"name":"Sebastian McKenzie","email":"sebmck@gmail.com"},"homepage":"https://babeljs.io/","license":"MIT","repository":{"type":"git","url":"https://github.com/babel/babel/tree/master/packages/babel-code-frame"},"main":"lib/index.js","dependencies":{"babel-runtime":"^5.0.0","chalk":"^1.1.0","esutils":"^2.0.2","js-tokens":"^1.0.1","line-numbers":"^0.2.0","repeating":"^1.1.3"},"_id":"babel-code-frame@6.5.0-1","scripts":{},"_shasum":"b8fda8ed0a7d95c414470a62f4d85daf06724eb0","_from":".","_npmVersion":"3.6.0","_nodeVersion":"5.1.0","_npmUser":{"name":"hzoo","email":"hi@henryzoo.com"},"dist":{"shasum":"b8fda8ed0a7d95c414470a62f4d85daf06724eb0","tarball":"https://registry.npmjs.org/babel-code-frame/-/babel-code-frame-6.5.0-1.tgz"},"maintainers":[{"name":"amasad","email":"amjad.masad@gmail.com"},{"name":"hzoo","email":"hi@henryzoo.com"},{"name":"jmm","email":"npm-public@jessemccarthy.net"},{"name":"loganfsmyth","email":"loganfsmyth@gmail.com"},{"name":"sebmck","email":"sebmck@gmail.com"},{"name":"thejameskyle","email":"me@thejameskyle.com"}],"_npmOperationalInternal":{"host":"packages-6-west.internal.npmjs.com","tmp":"tmp/babel-code-frame-6.5.0-1.tgz_1454812772029_0.961456700693816"},"directories":{}},"6.6.0":{"name":"babel-code-frame","version":"6.6.0","description":"Generate errors that contain a code frame that point to source locations.","author":{"name":"Sebastian McKenzie","email":"sebmck@gmail.com"},"homepage":"https://babeljs.io/","license":"MIT","repository":{"type":"git","url":"https://github.com/babel/babel/tree/master/packages/babel-code-frame"},"main":"lib/index.js","dependencies":{"babel-runtime":"^5.0.0","chalk":"^1.1.0","esutils":"^2.0.2","js-tokens":"^1.0.1","line-numbers":"^0.2.0","repeating":"^1.1.3"},"_id":"babel-code-frame@6.6.0","scripts":{},"_shasum":"5db948a52389f82da6aae9bb8328a88c6bebe5af","_from":".","_npmVersion":"3.6.0","_nodeVersion":"5.1.0","_npmUser":{"name":"hzoo","email":"hi@henryzoo.com"},"dist":{"shasum":"5db948a52389f82da6aae9bb8328a88c6bebe5af","tarball":"https://registry.npmjs.org/babel-code-frame/-/babel-code-frame-6.6.0.tgz"},"maintainers":[{"name":"amasad","email":"amjad.masad@gmail.com"},{"name":"hzoo","email":"hi@henryzoo.com"},{"name":"jmm","email":"npm-public@jessemccarthy.net"},{"name":"loganfsmyth","email":"loganfsmyth@gmail.com"},{"name":"sebmck","email":"sebmck@gmail.com"},{"name":"thejameskyle","email":"me@thejameskyle.com"}],"_npmOperationalInternal":{"host":"packages-6-west.internal.npmjs.com","tmp":"tmp/babel-code-frame-6.6.0.tgz_1456780336226_0.9009619285352528"},"directories":{}},"6.6.5":{"name":"babel-code-frame","version":"6.6.5","description":"Generate errors that contain a code frame that point to source locations.","author":{"name":"Sebastian McKenzie","email":"sebmck@gmail.com"},"homepage":"https://babeljs.io/","license":"MIT","repository":{"type":"git","url":"https://github.com/babel/babel/tree/master/packages/babel-code-frame"},"main":"lib/index.js","dependencies":{"babel-runtime":"^5.0.0","chalk":"^1.1.0","esutils":"^2.0.2","js-tokens":"^1.0.1","line-numbers":"^0.2.0","repeating":"^1.1.3"},"_id":"babel-code-frame@6.6.5","scripts":{},"_shasum":"cf9122f44d13329f464267ac6d2d785509010e45","_from":".","_npmVersion":"3.6.0","_nodeVersion":"5.1.0","_npmUser":{"name":"hzoo","email":"hi@henryzoo.com"},"dist":{"shasum":"cf9122f44d13329f464267ac6d2d785509010e45","tarball":"https://registry.npmjs.org/babel-code-frame/-/babel-code-frame-6.6.5.tgz"},"maintainers":[{"name":"amasad","email":"amjad.masad@gmail.com"},{"name":"hzoo","email":"hi@henryzoo.com"},{"name":"jmm","email":"npm-public@jessemccarthy.net"},{"name":"loganfsmyth","email":"loganfsmyth@gmail.com"},{"name":"sebmck","email":"sebmck@gmail.com"},{"name":"thejameskyle","email":"me@thejameskyle.com"}],"_npmOperationalInternal":{"host":"packages-13-west.internal.npmjs.com","tmp":"tmp/babel-code-frame-6.6.5.tgz_1457133380285_0.6907703718170524"},"directories":{}},"6.7.2":{"name":"babel-code-frame","version":"6.7.2","description":"Generate errors that contain a code frame that point to source locations.","author":{"name":"Sebastian McKenzie","email":"sebmck@gmail.com"},"homepage":"https://babeljs.io/","license":"MIT","repository":{"type":"git","url":"https://github.com/babel/babel/tree/master/packages/babel-code-frame"},"main":"lib/index.js","dependencies":{"babel-runtime":"^5.0.0","chalk":"^1.1.0","esutils":"^2.0.2","js-tokens":"^1.0.1","line-numbers":"^0.2.0","repeating":"^1.1.3"},"_id":"babel-code-frame@6.7.2","scripts":{},"_shasum":"b69db5c4e8757b72410b4383eac8687f2baea6db","_from":".","_npmVersion":"3.3.12","_nodeVersion":"5.5.0","_npmUser":{"name":"amasad","email":"amjad.masad@gmail.com"},"maintainers":[{"name":"amasad","email":"amjad.masad@gmail.com"},{"name":"hzoo","email":"hi@henryzoo.com"},{"name":"jmm","email":"npm-public@jessemccarthy.net"},{"name":"loganfsmyth","email":"loganfsmyth@gmail.com"},{"name":"sebmck","email":"sebmck@gmail.com"},{"name":"thejameskyle","email":"me@thejameskyle.com"}],"dist":{"shasum":"b69db5c4e8757b72410b4383eac8687f2baea6db","tarball":"https://registry.npmjs.org/babel-code-frame/-/babel-code-frame-6.7.2.tgz"},"_npmOperationalInternal":{"host":"packages-13-west.internal.npmjs.com","tmp":"tmp/babel-code-frame-6.7.2.tgz_1457649689413_0.8629227364435792"},"directories":{}},"6.7.3":{"name":"babel-code-frame","version":"6.7.3","description":"Generate errors that contain a code frame that point to source locations.","author":{"name":"Sebastian McKenzie","email":"sebmck@gmail.com"},"homepage":"https://babeljs.io/","license":"MIT","repository":{"type":"git","url":"https://github.com/babel/babel/tree/master/packages/babel-code-frame"},"main":"lib/index.js","dependencies":{"babel-runtime":"^5.0.0","chalk":"^1.1.0","esutils":"^2.0.2","js-tokens":"^1.0.1","repeating":"^1.1.3"},"_id":"babel-code-frame@6.7.3","scripts":{},"_shasum":"74fcb8cbbb76468f391a18df0c4598f2641a333e","_from":".","_npmVersion":"3.3.12","_nodeVersion":"5.5.0","_npmUser":{"name":"sebmck","email":"sebmck@gmail.com"},"dist":{"shasum":"74fcb8cbbb76468f391a18df0c4598f2641a333e","tarball":"https://registry.npmjs.org/babel-code-frame/-/babel-code-frame-6.7.3.tgz"},"maintainers":[{"name":"amasad","email":"amjad.masad@gmail.com"},{"name":"hzoo","email":"hi@henryzoo.com"},{"name":"jmm","email":"npm-public@jessemccarthy.net"},{"name":"loganfsmyth","email":"loganfsmyth@gmail.com"},{"name":"sebmck","email":"sebmck@gmail.com"},{"name":"thejameskyle","email":"me@thejameskyle.com"}],"_npmOperationalInternal":{"host":"packages-12-west.internal.npmjs.com","tmp":"tmp/babel-code-frame-6.7.3.tgz_1458684732315_0.20915643428452313"},"directories":{}},"6.7.4":{"name":"babel-code-frame","version":"6.7.4","description":"Generate errors that contain a code frame that point to source locations.","author":{"name":"Sebastian McKenzie","email":"sebmck@gmail.com"},"homepage":"https://babeljs.io/","license":"MIT","repository":{"type":"git","url":"https://github.com/babel/babel/tree/master/packages/babel-code-frame"},"main":"lib/index.js","dependencies":{"babel-runtime":"^5.0.0","chalk":"^1.1.0","esutils":"^2.0.2","js-tokens":"^1.0.1","repeating":"^1.1.3"},"_id":"babel-code-frame@6.7.4","scripts":{},"_shasum":"9ce81b410d696bc59e8261c8e2a59f91d8e126d4","_from":".","_npmVersion":"3.7.3","_nodeVersion":"5.9.0","_npmUser":{"name":"loganfsmyth","email":"loganfsmyth@gmail.com"},"dist":{"shasum":"9ce81b410d696bc59e8261c8e2a59f91d8e126d4","tarball":"https://registry.npmjs.org/babel-code-frame/-/babel-code-frame-6.7.4.tgz"},"maintainers":[{"name":"amasad","email":"amjad.masad@gmail.com"},{"name":"hzoo","email":"hi@henryzoo.com"},{"name":"jmm","email":"npm-public@jessemccarthy.net"},{"name":"loganfsmyth","email":"loganfsmyth@gmail.com"},{"name":"sebmck","email":"sebmck@gmail.com"},{"name":"thejameskyle","email":"me@thejameskyle.com"}],"_npmOperationalInternal":{"host":"packages-13-west.internal.npmjs.com","tmp":"tmp/babel-code-frame-6.7.4.tgz_1458704268242_0.11339025967754424"},"directories":{}},"6.7.5":{"name":"babel-code-frame","version":"6.7.5","description":"Generate errors that contain a code frame that point to source locations.","author":{"name":"Sebastian McKenzie","email":"sebmck@gmail.com"},"homepage":"https://babeljs.io/","license":"MIT","repository":{"type":"git","url":"https://github.com/babel/babel/tree/master/packages/babel-code-frame"},"main":"lib/index.js","dependencies":{"babel-runtime":"^5.0.0","chalk":"^1.1.0","esutils":"^2.0.2","js-tokens":"^1.0.1","repeating":"^1.1.3"},"_id":"babel-code-frame@6.7.5","scripts":{},"_shasum":"3b2e18c94223f2410b286a94eaaf69a5750115ab","_from":".","_npmVersion":"3.7.3","_nodeVersion":"5.9.0","_npmUser":{"name":"loganfsmyth","email":"loganfsmyth@gmail.com"},"dist":{"shasum":"3b2e18c94223f2410b286a94eaaf69a5750115ab","tarball":"https://registry.npmjs.org/babel-code-frame/-/babel-code-frame-6.7.5.tgz"},"maintainers":[{"name":"amasad","email":"amjad.masad@gmail.com"},{"name":"hzoo","email":"hi@henryzoo.com"},{"name":"jmm","email":"npm-public@jessemccarthy.net"},{"name":"loganfsmyth","email":"loganfsmyth@gmail.com"},{"name":"sebmck","email":"sebmck@gmail.com"},{"name":"thejameskyle","email":"me@thejameskyle.com"}],"_npmOperationalInternal":{"host":"packages-12-west.internal.npmjs.com","tmp":"tmp/babel-code-frame-6.7.5.tgz_1460085890891_0.9892023720312864"},"directories":{}},"6.7.7":{"name":"babel-code-frame","version":"6.7.7","description":"Generate errors that contain a code frame that point to source locations.","author":{"name":"Sebastian McKenzie","email":"sebmck@gmail.com"},"homepage":"https://babeljs.io/","license":"MIT","repository":{"type":"git","url":"https://github.com/babel/babel/tree/master/packages/babel-code-frame"},"main":"lib/index.js","dependencies":{"babel-runtime":"^5.0.0","chalk":"^1.1.0","esutils":"^2.0.2","js-tokens":"^1.0.2"},"_id":"babel-code-frame@6.7.7","scripts":{},"_shasum":"e014f2fcab3882eb21c705c54c55b76c7ce9e681","_from":".","_npmVersion":"3.7.3","_nodeVersion":"5.9.0","_npmUser":{"name":"loganfsmyth","email":"loganfsmyth@gmail.com"},"dist":{"shasum":"e014f2fcab3882eb21c705c54c55b76c7ce9e681","tarball":"https://registry.npmjs.org/babel-code-frame/-/babel-code-frame-6.7.7.tgz"},"maintainers":[{"name":"amasad","email":"amjad.masad@gmail.com"},{"name":"hzoo","email":"hi@henryzoo.com"},{"name":"jmm","email":"npm-public@jessemccarthy.net"},{"name":"loganfsmyth","email":"loganfsmyth@gmail.com"},{"name":"sebmck","email":"sebmck@gmail.com"},{"name":"thejameskyle","email":"me@thejameskyle.com"}],"_npmOperationalInternal":{"host":"packages-16-east.internal.npmjs.com","tmp":"tmp/babel-code-frame-6.7.7.tgz_1461208162768_0.5049590005073696"},"directories":{}},"6.8.0":{"name":"babel-code-frame","version":"6.8.0","description":"Generate errors that contain a code frame that point to source locations.","author":{"name":"Sebastian McKenzie","email":"sebmck@gmail.com"},"homepage":"https://babeljs.io/","license":"MIT","repository":{"type":"git","url":"https://github.com/babel/babel/tree/master/packages/babel-code-frame"},"main":"lib/index.js","dependencies":{"babel-runtime":"^6.0.0","chalk":"^1.1.0","esutils":"^2.0.2","js-tokens":"^1.0.2"},"_id":"babel-code-frame@6.8.0","scripts":{},"_shasum":"7cda531891e1b208e0cc081eb79d87d932a65b7f","_from":".","_npmVersion":"3.8.6","_nodeVersion":"5.1.0","_npmUser":{"name":"hzoo","email":"hi@henryzoo.com"},"maintainers":[{"name":"amasad","email":"amjad.masad@gmail.com"},{"name":"hzoo","email":"hi@henryzoo.com"},{"name":"jmm","email":"npm-public@jessemccarthy.net"},{"name":"loganfsmyth","email":"loganfsmyth@gmail.com"},{"name":"sebmck","email":"sebmck@gmail.com"},{"name":"thejameskyle","email":"me@thejameskyle.com"}],"dist":{"shasum":"7cda531891e1b208e0cc081eb79d87d932a65b7f","tarball":"https://registry.npmjs.org/babel-code-frame/-/babel-code-frame-6.8.0.tgz"},"_npmOperationalInternal":{"host":"packages-16-east.internal.npmjs.com","tmp":"tmp/babel-code-frame-6.8.0.tgz_1462232631624_0.27624836494214833"},"directories":{}},"6.11.0":{"name":"babel-code-frame","version":"6.11.0","description":"Generate errors that contain a code frame that point to source locations.","author":{"name":"Sebastian McKenzie","email":"sebmck@gmail.com"},"homepage":"https://babeljs.io/","license":"MIT","repository":{"type":"git","url":"https://github.com/babel/babel/tree/master/packages/babel-code-frame"},"main":"lib/index.js","dependencies":{"babel-runtime":"^6.0.0","chalk":"^1.1.0","esutils":"^2.0.2","js-tokens":"^2.0.0"},"_id":"babel-code-frame@6.11.0","scripts":{},"_shasum":"9072dd2353fb0f85b6b57d2c97f0d134d188aed8","_from":".","_npmVersion":"3.8.6","_nodeVersion":"5.11.1","_npmUser":{"name":"hzoo","email":"hi@henryzoo.com"},"dist":{"shasum":"9072dd2353fb0f85b6b57d2c97f0d134d188aed8","tarball":"https://registry.npmjs.org/babel-code-frame/-/babel-code-frame-6.11.0.tgz"},"maintainers":[{"name":"amasad","email":"amjad.masad@gmail.com"},{"name":"hzoo","email":"hi@henryzoo.com"},{"name":"jmm","email":"npm-public@jessemccarthy.net"},{"name":"loganfsmyth","email":"loganfsmyth@gmail.com"},{"name":"sebmck","email":"sebmck@gmail.com"},{"name":"thejameskyle","email":"me@thejameskyle.com"}],"_npmOperationalInternal":{"host":"packages-12-west.internal.npmjs.com","tmp":"tmp/babel-code-frame-6.11.0.tgz_1466986888098_0.7759619641583413"},"directories":{}},"6.16.0":{"name":"babel-code-frame","version":"6.16.0","description":"Generate errors that contain a code frame that point to source locations.","author":{"name":"Sebastian McKenzie","email":"sebmck@gmail.com"},"homepage":"https://babeljs.io/","license":"MIT","repository":{"type":"git","url":"https://github.com/babel/babel/tree/master/packages/babel-code-frame"},"main":"lib/index.js","dependencies":{"chalk":"^1.1.0","esutils":"^2.0.2","js-tokens":"^2.0.0"},"_id":"babel-code-frame@6.16.0","scripts":{},"_shasum":"f90e60da0862909d3ce098733b5d3987c97cb8de","_from":".","_npmVersion":"3.10.8","_nodeVersion":"5.11.1","_npmUser":{"name":"hzoo","email":"hi@henryzoo.com"},"dist":{"shasum":"f90e60da0862909d3ce098733b5d3987c97cb8de","tarball":"https://registry.npmjs.org/babel-code-frame/-/babel-code-frame-6.16.0.tgz"},"maintainers":[{"name":"amasad","email":"amjad.masad@gmail.com"},{"name":"hzoo","email":"hi@henryzoo.com"},{"name":"jmm","email":"npm-public@jessemccarthy.net"},{"name":"loganfsmyth","email":"loganfsmyth@gmail.com"},{"name":"sebmck","email":"sebmck@gmail.com"},{"name":"thejameskyle","email":"me@thejameskyle.com"}],"_npmOperationalInternal":{"host":"packages-16-east.internal.npmjs.com","tmp":"tmp/babel-code-frame-6.16.0.tgz_1475091527344_0.9727453696541488"},"directories":{}},"6.20.0":{"name":"babel-code-frame","version":"6.20.0","description":"Generate errors that contain a code frame that point to source locations.","author":{"name":"Sebastian McKenzie","email":"sebmck@gmail.com"},"homepage":"https://babeljs.io/","license":"MIT","repository":{"type":"git","url":"https://github.com/babel/babel/tree/master/packages/babel-code-frame"},"main":"lib/index.js","dependencies":{"chalk":"^1.1.0","esutils":"^2.0.2","js-tokens":"^2.0.0"},"_id":"babel-code-frame@6.20.0","scripts":{},"_shasum":"b968f839090f9a8bc6d41938fb96cb84f7387b26","_from":".","_npmVersion":"3.10.8","_nodeVersion":"6.9.0","_npmUser":{"name":"hzoo","email":"hi@henryzoo.com"},"dist":{"shasum":"b968f839090f9a8bc6d41938fb96cb84f7387b26","tarball":"https://registry.npmjs.org/babel-code-frame/-/babel-code-frame-6.20.0.tgz"},"maintainers":[{"name":"amasad","email":"amjad.masad@gmail.com"},{"name":"hzoo","email":"hi@henryzoo.com"},{"name":"jmm","email":"npm-public@jessemccarthy.net"},{"name":"loganfsmyth","email":"loganfsmyth@gmail.com"},{"name":"sebmck","email":"sebmck@gmail.com"},{"name":"thejameskyle","email":"me@thejameskyle.com"}],"_npmOperationalInternal":{"host":"packages-18-east.internal.npmjs.com","tmp":"tmp/babel-code-frame-6.20.0.tgz_1481239541478_0.12437463807873428"},"directories":{}},"6.22.0":{"name":"babel-code-frame","version":"6.22.0","description":"Generate errors that contain a code frame that point to source locations.","author":{"name":"Sebastian McKenzie","email":"sebmck@gmail.com"},"homepage":"https://babeljs.io/","license":"MIT","repository":{"type":"git","url":"https://github.com/babel/babel/tree/master/packages/babel-code-frame"},"main":"lib/index.js","dependencies":{"chalk":"^1.1.0","esutils":"^2.0.2","js-tokens":"^3.0.0"},"_id":"babel-code-frame@6.22.0","scripts":{},"_shasum":"027620bee567a88c32561574e7fd0801d33118e4","_from":".","_npmVersion":"3.10.10","_nodeVersion":"6.9.0","_npmUser":{"name":"hzoo","email":"hi@henryzoo.com"},"dist":{"shasum":"027620bee567a88c32561574e7fd0801d33118e4","tarball":"https://registry.npmjs.org/babel-code-frame/-/babel-code-frame-6.22.0.tgz"},"maintainers":[{"name":"amasad","email":"amjad.masad@gmail.com"},{"name":"hzoo","email":"hi@henryzoo.com"},{"name":"jmm","email":"npm-public@jessemccarthy.net"},{"name":"loganfsmyth","email":"loganfsmyth@gmail.com"},{"name":"sebmck","email":"sebmck@gmail.com"},{"name":"thejameskyle","email":"me@thejameskyle.com"}],"_npmOperationalInternal":{"host":"packages-12-west.internal.npmjs.com","tmp":"tmp/babel-code-frame-6.22.0.tgz_1484872404755_0.3806710622739047"},"directories":{}},"7.0.0-alpha.1":{"name":"babel-code-frame","version":"7.0.0-alpha.1","description":"Generate errors that contain a code frame that point to source locations.","author":{"name":"Sebastian McKenzie","email":"sebmck@gmail.com"},"homepage":"https://babeljs.io/","license":"MIT","repository":{"type":"git","url":"https://github.com/babel/babel/tree/master/packages/babel-code-frame"},"main":"lib/index.js","dependencies":{"chalk":"^1.1.0","esutils":"^2.0.2","js-tokens":"^3.0.0"},"_id":"babel-code-frame@7.0.0-alpha.1","scripts":{},"_shasum":"d72908f1401d27e1f75eb872d4d8553f4c5bfcd0","_from":".","_npmVersion":"3.10.10","_nodeVersion":"6.9.0","_npmUser":{"name":"hzoo","email":"hi@henryzoo.com"},"dist":{"shasum":"d72908f1401d27e1f75eb872d4d8553f4c5bfcd0","tarball":"https://registry.npmjs.org/babel-code-frame/-/babel-code-frame-7.0.0-alpha.1.tgz"},"maintainers":[{"name":"amasad","email":"amjad.masad@gmail.com"},{"name":"hzoo","email":"hi@henryzoo.com"},{"name":"jmm","email":"npm-public@jessemccarthy.net"},{"name":"loganfsmyth","email":"loganfsmyth@gmail.com"},{"name":"sebmck","email":"sebmck@gmail.com"},{"name":"thejameskyle","email":"me@thejameskyle.com"}],"_npmOperationalInternal":{"host":"packages-12-west.internal.npmjs.com","tmp":"tmp/babel-code-frame-7.0.0-alpha.1.tgz_1488488689391_0.9207220007665455"},"directories":{}},"7.0.0-alpha.3":{"name":"babel-code-frame","version":"7.0.0-alpha.3","description":"Generate errors that contain a code frame that point to source locations.","author":{"name":"Sebastian McKenzie","email":"sebmck@gmail.com"},"homepage":"https://babeljs.io/","license":"MIT","repository":{"type":"git","url":"https://github.com/babel/babel/tree/master/packages/babel-code-frame"},"main":"lib/index.js","dependencies":{"chalk":"^1.1.0","esutils":"^2.0.2","js-tokens":"^3.0.0"},"_id":"babel-code-frame@7.0.0-alpha.3","scripts":{},"_shasum":"9ff265eaaac94b58dfc7ca4a4eecf389d5f4d344","_from":".","_npmVersion":"3.10.10","_nodeVersion":"6.9.0","_npmUser":{"name":"hzoo","email":"hi@henryzoo.com"},"dist":{"shasum":"9ff265eaaac94b58dfc7ca4a4eecf389d5f4d344","tarball":"https://registry.npmjs.org/babel-code-frame/-/babel-code-frame-7.0.0-alpha.3.tgz"},"maintainers":[{"name":"amasad","email":"amjad.masad@gmail.com"},{"name":"hzoo","email":"hi@henryzoo.com"},{"name":"jmm","email":"npm-public@jessemccarthy.net"},{"name":"loganfsmyth","email":"loganfsmyth@gmail.com"},{"name":"sebmck","email":"sebmck@gmail.com"},{"name":"thejameskyle","email":"me@thejameskyle.com"}],"_npmOperationalInternal":{"host":"packages-12-west.internal.npmjs.com","tmp":"tmp/babel-code-frame-7.0.0-alpha.3.tgz_1490298542615_0.6850113612599671"},"directories":{}},"7.0.0-alpha.9":{"name":"babel-code-frame","version":"7.0.0-alpha.9","description":"Generate errors that contain a code frame that point to source locations.","author":{"name":"Sebastian McKenzie","email":"sebmck@gmail.com"},"homepage":"https://babeljs.io/","license":"MIT","repository":{"type":"git","url":"https://github.com/babel/babel/tree/master/packages/babel-code-frame"},"main":"lib/index.js","dependencies":{"chalk":"^1.1.0","esutils":"^2.0.2","js-tokens":"^3.0.0"},"_id":"babel-code-frame@7.0.0-alpha.9","scripts":{},"_shasum":"b861deec3e9f744a30405137d4ad0216ccef0cba","_from":".","_npmVersion":"3.10.10","_nodeVersion":"6.9.0","_npmUser":{"name":"hzoo","email":"hi@henryzoo.com"},"dist":{"shasum":"b861deec3e9f744a30405137d4ad0216ccef0cba","tarball":"https://registry.npmjs.org/babel-code-frame/-/babel-code-frame-7.0.0-alpha.9.tgz"},"maintainers":[{"name":"amasad","email":"amjad.masad@gmail.com"},{"name":"hzoo","email":"hi@henryzoo.com"},{"name":"jmm","email":"npm-public@jessemccarthy.net"},{"name":"loganfsmyth","email":"loganfsmyth@gmail.com"},{"name":"sebmck","email":"sebmck@gmail.com"},{"name":"thejameskyle","email":"me@thejameskyle.com"}],"_npmOperationalInternal":{"host":"packages-18-east.internal.npmjs.com","tmp":"tmp/babel-code-frame-7.0.0-alpha.9.tgz_1492526492817_0.3394574534613639"},"directories":{}},"7.0.0-alpha.11":{"name":"babel-code-frame","version":"7.0.0-alpha.11","description":"Generate errors that contain a code frame that point to source locations.","author":{"name":"Sebastian McKenzie","email":"sebmck@gmail.com"},"homepage":"https://babeljs.io/","license":"MIT","repository":{"type":"git","url":"https://github.com/babel/babel/tree/master/packages/babel-code-frame"},"main":"lib/index.js","dependencies":{"chalk":"^1.1.0","esutils":"^2.0.2","js-tokens":"^3.0.0"},"_id":"babel-code-frame@7.0.0-alpha.11","_npmVersion":"5.0.0","_nodeVersion":"6.9.0","_npmUser":{"name":"hzoo","email":"hi@henryzoo.com"},"dist":{"integrity":"sha512-GLhAXLlWAGTMNXtw+yUVrlPgZzj96hMRwu+bfzM4mqMXV8TeBh9rS4tNx2/FYftKZG6P6lpITDmIPzwq2q+nDA==","shasum":"b9dc888fbc376c33e54aeef3a49fdcaf79d87692","tarball":"https://registry.npmjs.org/babel-code-frame/-/babel-code-frame-7.0.0-alpha.11.tgz"},"maintainers":[{"email":"sebmck@gmail.com","name":"sebmck"},{"email":"daniel@tschinder.de","name":"danez"},{"email":"hi@henryzoo.com","name":"hzoo"},{"email":"loganfsmyth@gmail.com","name":"loganfsmyth"}],"_npmOperationalInternal":{"host":"s3://npm-registry-packages","tmp":"tmp/babel-code-frame-7.0.0-alpha.11.tgz_1496263411508_0.8481492423452437"},"directories":{}},"7.0.0-alpha.12":{"name":"babel-code-frame","version":"7.0.0-alpha.12","description":"Generate errors that contain a code frame that point to source locations.","author":{"name":"Sebastian McKenzie","email":"sebmck@gmail.com"},"homepage":"https://babeljs.io/","license":"MIT","repository":{"type":"git","url":"https://github.com/babel/babel/tree/master/packages/babel-code-frame"},"main":"lib/index.js","dependencies":{"chalk":"^1.1.0","esutils":"^2.0.2","js-tokens":"^3.0.0"},"_id":"babel-code-frame@7.0.0-alpha.12","_npmVersion":"5.0.0","_nodeVersion":"6.9.0","_npmUser":{"name":"hzoo","email":"hi@henryzoo.com"},"dist":{"integrity":"sha512-5BmA2es52XNA9PN96HRfJg0co5CkmrKxWdvyW507LNqJmicnHM4we4HI16bIzgAuVeL7RKc4GJmTsyhkFco4Tw==","shasum":"26fbb2eab1c20763271fecb6b04a108756fae61f","tarball":"https://registry.npmjs.org/babel-code-frame/-/babel-code-frame-7.0.0-alpha.12.tgz"},"maintainers":[{"email":"sebmck@gmail.com","name":"sebmck"},{"email":"daniel@tschinder.de","name":"danez"},{"email":"hi@henryzoo.com","name":"hzoo"},{"email":"loganfsmyth@gmail.com","name":"loganfsmyth"}],"_npmOperationalInternal":{"host":"s3://npm-registry-packages","tmp":"tmp/babel-code-frame-7.0.0-alpha.12.tgz_1496265100602_0.6618200037628412"},"directories":{}},"7.0.0-alpha.13":{"name":"babel-code-frame","version":"7.0.0-alpha.13","description":"Generate errors that contain a code frame that point to source locations.","author":{"name":"Sebastian McKenzie","email":"sebmck@gmail.com"},"homepage":"https://babeljs.io/","license":"MIT","repository":{"type":"git","url":"https://github.com/babel/babel/tree/master/packages/babel-code-frame"},"main":"lib/index.js","dependencies":{"chalk":"^1.1.0","esutils":"^2.0.2","js-tokens":"^3.0.0"},"_id":"babel-code-frame@7.0.0-alpha.13","scripts":{},"_shasum":"d3be5d5214e66786b1314264d2f45372b1af8a9f","_from":".","_npmVersion":"4.6.1","_nodeVersion":"6.9.0","_npmUser":{"name":"hzoo","email":"hi@henryzoo.com"},"dist":{"shasum":"d3be5d5214e66786b1314264d2f45372b1af8a9f","tarball":"https://registry.npmjs.org/babel-code-frame/-/babel-code-frame-7.0.0-alpha.13.tgz"},"maintainers":[{"email":"sebmck@gmail.com","name":"sebmck"},{"email":"daniel@tschinder.de","name":"danez"},{"email":"hi@henryzoo.com","name":"hzoo"},{"email":"loganfsmyth@gmail.com","name":"loganfsmyth"}],"_npmOperationalInternal":{"host":"s3://npm-registry-packages","tmp":"tmp/babel-code-frame-7.0.0-alpha.13.tgz_1499826478870_0.921042148489505"},"directories":{}},"7.0.0-alpha.14":{"name":"babel-code-frame","version":"7.0.0-alpha.14","description":"Generate errors that contain a code frame that point to source locations.","author":{"name":"Sebastian McKenzie","email":"sebmck@gmail.com"},"homepage":"https://babeljs.io/","license":"MIT","repository":{"type":"git","url":"https://github.com/babel/babel/tree/master/packages/babel-code-frame"},"main":"lib/index.js","dependencies":{"chalk":"^1.1.0","esutils":"^2.0.2","js-tokens":"^3.0.0"},"_id":"babel-code-frame@7.0.0-alpha.14","scripts":{},"_shasum":"34acebd2616396b907ae8bf2f8b3024cdd1e09a5","_from":".","_npmVersion":"4.6.1","_nodeVersion":"6.9.0","_npmUser":{"name":"hzoo","email":"hi@henryzoo.com"},"dist":{"shasum":"34acebd2616396b907ae8bf2f8b3024cdd1e09a5","tarball":"https://registry.npmjs.org/babel-code-frame/-/babel-code-frame-7.0.0-alpha.14.tgz"},"maintainers":[{"email":"sebmck@gmail.com","name":"sebmck"},{"email":"daniel@tschinder.de","name":"danez"},{"email":"hi@henryzoo.com","name":"hzoo"},{"email":"loganfsmyth@gmail.com","name":"loganfsmyth"}],"_npmOperationalInternal":{"host":"s3://npm-registry-packages","tmp":"tmp/babel-code-frame-7.0.0-alpha.14.tgz_1499827991266_0.5401249900460243"},"directories":{}},"7.0.0-alpha.15":{"name":"babel-code-frame","version":"7.0.0-alpha.15","description":"Generate errors that contain a code frame that point to source locations.","author":{"name":"Sebastian McKenzie","email":"sebmck@gmail.com"},"homepage":"https://babeljs.io/","license":"MIT","repository":{"type":"git","url":"https://github.com/babel/babel/tree/master/packages/babel-code-frame"},"main":"lib/index.js","dependencies":{"chalk":"^1.1.0","esutils":"^2.0.2","js-tokens":"^3.0.0"},"_id":"babel-code-frame@7.0.0-alpha.15","scripts":{},"_shasum":"381d3e06e17b73201129c4a019e8b62d84e2dde3","_from":".","_npmVersion":"4.6.1","_nodeVersion":"6.9.0","_npmUser":{"name":"hzoo","email":"hi@henryzoo.com"},"dist":{"shasum":"381d3e06e17b73201129c4a019e8b62d84e2dde3","tarball":"https://registry.npmjs.org/babel-code-frame/-/babel-code-frame-7.0.0-alpha.15.tgz"},"maintainers":[{"email":"sebmck@gmail.com","name":"sebmck"},{"email":"daniel@tschinder.de","name":"danez"},{"email":"hi@henryzoo.com","name":"hzoo"},{"email":"loganfsmyth@gmail.com","name":"loganfsmyth"}],"_npmOperationalInternal":{"host":"s3://npm-registry-packages","tmp":"tmp/babel-code-frame-7.0.0-alpha.15.tgz_1499830525156_0.9278377364389598"},"directories":{}},"7.0.0-alpha.16":{"name":"babel-code-frame","version":"7.0.0-alpha.16","description":"Generate errors that contain a code frame that point to source locations.","author":{"name":"Sebastian McKenzie","email":"sebmck@gmail.com"},"homepage":"https://babeljs.io/","license":"MIT","repository":{"type":"git","url":"https://github.com/babel/babel/tree/master/packages/babel-code-frame"},"main":"lib/index.js","dependencies":{"chalk":"^2.0.0","esutils":"^2.0.2","js-tokens":"^3.0.0"},"devDependencies":{"strip-ansi":"^4.0.0"},"_id":"babel-code-frame@7.0.0-alpha.16","scripts":{},"_shasum":"c99891e4a7d8468b8ac825995b8919cbbed1d7ad","_from":".","_npmVersion":"4.6.1","_nodeVersion":"6.9.0","_npmUser":{"name":"hzoo","email":"hi@henryzoo.com"},"dist":{"shasum":"c99891e4a7d8468b8ac825995b8919cbbed1d7ad","tarball":"https://registry.npmjs.org/babel-code-frame/-/babel-code-frame-7.0.0-alpha.16.tgz"},"maintainers":[{"email":"sebmck@gmail.com","name":"sebmck"},{"email":"daniel@tschinder.de","name":"danez"},{"email":"hi@henryzoo.com","name":"hzoo"},{"email":"loganfsmyth@gmail.com","name":"loganfsmyth"}],"_npmOperationalInternal":{"host":"s3://npm-registry-packages","tmp":"tmp/babel-code-frame-7.0.0-alpha.16.tgz_1501017438375_0.16770296590402722"},"directories":{}},"7.0.0-alpha.17":{"name":"babel-code-frame","version":"7.0.0-alpha.17","description":"Generate errors that contain a code frame that point to source locations.","author":{"name":"Sebastian McKenzie","email":"sebmck@gmail.com"},"homepage":"https://babeljs.io/","license":"MIT","repository":{"type":"git","url":"https://github.com/babel/babel/tree/master/packages/babel-code-frame"},"main":"lib/index.js","dependencies":{"chalk":"^2.0.0","esutils":"^2.0.2","js-tokens":"^3.0.0"},"devDependencies":{"strip-ansi":"^4.0.0"},"_id":"babel-code-frame@7.0.0-alpha.17","scripts":{},"_shasum":"06a5daddb0946d8e95392477065a86480474f19c","_from":".","_npmVersion":"4.6.1","_nodeVersion":"6.9.0","_npmUser":{"name":"hzoo","email":"hi@henryzoo.com"},"dist":{"shasum":"06a5daddb0946d8e95392477065a86480474f19c","tarball":"https://registry.npmjs.org/babel-code-frame/-/babel-code-frame-7.0.0-alpha.17.tgz"},"maintainers":[{"email":"sebmck@gmail.com","name":"sebmck"},{"email":"daniel@tschinder.de","name":"danez"},{"email":"hi@henryzoo.com","name":"hzoo"},{"email":"loganfsmyth@gmail.com","name":"loganfsmyth"}],"_npmOperationalInternal":{"host":"s3://npm-registry-packages","tmp":"tmp/babel-code-frame-7.0.0-alpha.17.tgz_1501072726925_0.2968637114390731"},"directories":{}},"7.0.0-alpha.18":{"name":"babel-code-frame","version":"7.0.0-alpha.18","description":"Generate errors that contain a code frame that point to source locations.","author":{"name":"Sebastian McKenzie","email":"sebmck@gmail.com"},"homepage":"https://babeljs.io/","license":"MIT","repository":{"type":"git","url":"https://github.com/babel/babel/tree/master/packages/babel-code-frame"},"main":"lib/index.js","dependencies":{"chalk":"^2.0.0","esutils":"^2.0.2","js-tokens":"^3.0.0"},"devDependencies":{"strip-ansi":"^4.0.0"},"_id":"babel-code-frame@7.0.0-alpha.18","_npmVersion":"5.3.0","_nodeVersion":"8.1.4","_npmUser":{"name":"hzoo","email":"hi@henryzoo.com"},"dist":{"integrity":"sha512-rvYyxs0U0zein9orBzY0aoZXJK+o+EWtFVeOZMINPSFoilAhkxw8Rrb1M3A+Qdq9tlZgjryBoX0lw7H1A9eS4A==","shasum":"f4b0bf340fde0b60bdd06b689ba949d5ff7fc909","tarball":"https://registry.npmjs.org/babel-code-frame/-/babel-code-frame-7.0.0-alpha.18.tgz"},"maintainers":[{"email":"me@thejameskyle.com","name":"thejameskyle"},{"email":"sebmck@gmail.com","name":"sebmck"},{"email":"daniel@tschinder.de","name":"danez"},{"email":"hi@henryzoo.com","name":"hzoo"},{"email":"loganfsmyth@gmail.com","name":"loganfsmyth"}],"_npmOperationalInternal":{"host":"s3://npm-registry-packages","tmp":"tmp/babel-code-frame-7.0.0-alpha.18.tgz_1501798839231_0.633616222301498"},"directories":{}},"7.0.0-alpha.19":{"name":"babel-code-frame","version":"7.0.0-alpha.19","description":"Generate errors that contain a code frame that point to source locations.","author":{"name":"Sebastian McKenzie","email":"sebmck@gmail.com"},"homepage":"https://babeljs.io/","license":"MIT","repository":{"type":"git","url":"https://github.com/babel/babel/tree/master/packages/babel-code-frame"},"main":"lib/index.js","dependencies":{"chalk":"^2.0.0","esutils":"^2.0.2","js-tokens":"^3.0.0"},"devDependencies":{"strip-ansi":"^4.0.0"},"_id":"babel-code-frame@7.0.0-alpha.19","_npmVersion":"5.3.0","_nodeVersion":"8.1.4","_npmUser":{"name":"hzoo","email":"hi@henryzoo.com"},"dist":{"integrity":"sha512-+eEVwCwCRd4drQsKQZ1Uim0ECzNJUjgxEx+mdTxh6JX6mqNjjKbbdJMe4zn3QtsK8eiCHJawt2UjxhisH3+tog==","shasum":"18afb43ec147847cc55f79bad4dab08f938263b1","tarball":"https://registry.npmjs.org/babel-code-frame/-/babel-code-frame-7.0.0-alpha.19.tgz"},"maintainers":[{"email":"me@thejameskyle.com","name":"thejameskyle"},{"email":"sebmck@gmail.com","name":"sebmck"},{"email":"daniel@tschinder.de","name":"danez"},{"email":"hi@henryzoo.com","name":"hzoo"},{"email":"loganfsmyth@gmail.com","name":"loganfsmyth"}],"_npmOperationalInternal":{"host":"s3://npm-registry-packages","tmp":"tmp/babel-code-frame-7.0.0-alpha.19.tgz_1502144472308_0.9927065924275666"},"directories":{}},"6.26.0":{"name":"babel-code-frame","version":"6.26.0","description":"Generate errors that contain a code frame that point to source locations.","author":{"name":"Sebastian McKenzie","email":"sebmck@gmail.com"},"homepage":"https://babeljs.io/","license":"MIT","repository":{"type":"git","url":"https://github.com/babel/babel/tree/master/packages/babel-code-frame"},"main":"lib/index.js","dependencies":{"chalk":"^1.1.3","esutils":"^2.0.2","js-tokens":"^3.0.2"},"_id":"babel-code-frame@6.26.0","scripts":{},"_shasum":"63fd43f7dc1e3bb7ce35947db8fe369a3f58c74b","_from":".","_npmVersion":"4.6.1","_nodeVersion":"6.9.0","_npmUser":{"name":"hzoo","email":"hi@henryzoo.com"},"dist":{"shasum":"63fd43f7dc1e3bb7ce35947db8fe369a3f58c74b","tarball":"https://registry.npmjs.org/babel-code-frame/-/babel-code-frame-6.26.0.tgz"},"maintainers":[{"email":"me@thejameskyle.com","name":"thejameskyle"},{"email":"sebmck@gmail.com","name":"sebmck"},{"email":"daniel@tschinder.de","name":"danez"},{"email":"hi@henryzoo.com","name":"hzoo"},{"email":"loganfsmyth@gmail.com","name":"loganfsmyth"}],"_npmOperationalInternal":{"host":"s3://npm-registry-packages","tmp":"tmp/babel-code-frame-6.26.0.tgz_1502898849653_0.8458143274765462"},"directories":{}},"7.0.0-alpha.20":{"name":"babel-code-frame","version":"7.0.0-alpha.20","description":"Generate errors that contain a code frame that point to source locations.","author":{"name":"Sebastian McKenzie","email":"sebmck@gmail.com"},"homepage":"https://babeljs.io/","license":"MIT","repository":{"type":"git","url":"https://github.com/babel/babel/tree/master/packages/babel-code-frame"},"main":"lib/index.js","dependencies":{"chalk":"^2.0.0","esutils":"^2.0.2","js-tokens":"^3.0.0"},"devDependencies":{"strip-ansi":"^4.0.0"},"_id":"babel-code-frame@7.0.0-alpha.20","_npmVersion":"5.3.0","_nodeVersion":"8.1.4","_npmUser":{"name":"hzoo","email":"hi@henryzoo.com"},"dist":{"integrity":"sha512-jiEDnnta5JROL2zkF++0j0oO2zCqXX23cWWr5XpM0BkrFkHaY4e1LhNHuwsoSS66YfkTqZoBqrg3Nbp1oyTLuA==","shasum":"b821248e62d61167c3fb6b4f9523820f5bb82c47","tarball":"https://registry.npmjs.org/babel-code-frame/-/babel-code-frame-7.0.0-alpha.20.tgz"},"maintainers":[{"email":"me@thejameskyle.com","name":"thejameskyle"},{"email":"sebmck@gmail.com","name":"sebmck"},{"email":"daniel@tschinder.de","name":"danez"},{"email":"hi@henryzoo.com","name":"hzoo"},{"email":"loganfsmyth@gmail.com","name":"loganfsmyth"}],"_npmOperationalInternal":{"host":"s3://npm-registry-packages","tmp":"tmp/babel-code-frame-7.0.0-alpha.20.tgz_1504119097256_0.736775420140475"},"directories":{}},"7.0.0-beta.0":{"name":"babel-code-frame","version":"7.0.0-beta.0","description":"Generate errors that contain a code frame that point to source locations.","author":{"name":"Sebastian McKenzie","email":"sebmck@gmail.com"},"homepage":"https://babeljs.io/","license":"MIT","repository":{"type":"git","url":"https://github.com/babel/babel/tree/master/packages/babel-code-frame"},"main":"lib/index.js","dependencies":{"chalk":"^2.0.0","esutils":"^2.0.2","js-tokens":"^3.0.0"},"devDependencies":{"strip-ansi":"^4.0.0"},"_id":"babel-code-frame@7.0.0-beta.0","_npmVersion":"5.3.0","_nodeVersion":"8.1.4","_npmUser":{"name":"hzoo","email":"hi@henryzoo.com"},"dist":{"integrity":"sha512-/xr1ADm5bnTjjN+xwoXb7lF4v2rnxMzNZzFU7h8SxB+qB6+IqSTOOqVcpaPTUC2Non/MbQxS3OIZnJpQ2X21aQ==","shasum":"418a7b5f3f7dc9a4670e61b1158b4c5661bec98d","tarball":"https://registry.npmjs.org/babel-code-frame/-/babel-code-frame-7.0.0-beta.0.tgz"},"maintainers":[{"email":"me@thejameskyle.com","name":"thejameskyle"},{"email":"sebmck@gmail.com","name":"sebmck"},{"email":"daniel@tschinder.de","name":"danez"},{"email":"hi@henryzoo.com","name":"hzoo"},{"email":"loganfsmyth@gmail.com","name":"loganfsmyth"}],"_npmOperationalInternal":{"host":"s3://npm-registry-packages","tmp":"tmp/babel-code-frame-7.0.0-beta.0.tgz_1505185304567_0.9635697526391596"},"directories":{}},"7.0.0-beta.1":{"name":"babel-code-frame","version":"7.0.0-beta.1","description":"Generate errors that contain a code frame that point to source locations.","author":{"name":"Sebastian McKenzie","email":"sebmck@gmail.com"},"homepage":"https://babeljs.io/","license":"MIT","repository":{"type":"git","url":"https://github.com/babel/babel/tree/master/packages/babel-code-frame"},"main":"lib/index.js","dependencies":{"chalk":"^2.0.0","esutils":"^2.0.2","js-tokens":"^3.0.0"},"devDependencies":{"strip-ansi":"^4.0.0"},"_id":"babel-code-frame@7.0.0-beta.1","_npmVersion":"5.4.1","_nodeVersion":"8.1.4","_npmUser":{"name":"hzoo","email":"hi@henryzoo.com"},"dist":{"integrity":"sha512-yxy9Iw5n15wbpHwm38lL/WkVvz8lvX35UWiDB5Ju44bqhKennN3eyDVett1knyhtXx6po6oruAhMMFCQrPfFJQ==","shasum":"1c33d144da922737e981d0501d83796527290072","tarball":"https://registry.npmjs.org/babel-code-frame/-/babel-code-frame-7.0.0-beta.1.tgz"},"maintainers":[{"email":"me@thejameskyle.com","name":"thejameskyle"},{"email":"sebmck@gmail.com","name":"sebmck"},{"email":"daniel@tschinder.de","name":"danez"},{"email":"hi@henryzoo.com","name":"hzoo"},{"email":"loganfsmyth@gmail.com","name":"loganfsmyth"}],"_npmOperationalInternal":{"host":"s3://npm-registry-packages","tmp":"tmp/babel-code-frame-7.0.0-beta.1.tgz_1505851742638_0.4257732729893178"},"directories":{}},"7.0.0-beta.2":{"name":"babel-code-frame","version":"7.0.0-beta.2","description":"Generate errors that contain a code frame that point to source locations.","author":{"name":"Sebastian McKenzie","email":"sebmck@gmail.com"},"homepage":"https://babeljs.io/","license":"MIT","repository":{"type":"git","url":"https://github.com/babel/babel/tree/master/packages/babel-code-frame"},"main":"lib/index.js","dependencies":{"chalk":"^2.0.0","esutils":"^2.0.2","js-tokens":"^3.0.0"},"devDependencies":{"strip-ansi":"^4.0.0"},"_id":"babel-code-frame@7.0.0-beta.2","_npmVersion":"5.4.1","_nodeVersion":"8.1.4","_npmUser":{"name":"hzoo","email":"hi@henryzoo.com"},"dist":{"integrity":"sha512-APuK8qxv730ebApbtkBdXExMXFvklIOnI55CdmpJEjSonm11I6TR/1i94NQvUlAHbsI3RofUOC9JBmuXCPL+NQ==","shasum":"fd02b03243d907063e042630a561c50661d03684","tarball":"https://registry.npmjs.org/babel-code-frame/-/babel-code-frame-7.0.0-beta.2.tgz"},"maintainers":[{"email":"bng412@gmail.com","name":"existentialism"},{"email":"me@thejameskyle.com","name":"thejameskyle"},{"email":"sebmck@gmail.com","name":"sebmck"},{"email":"daniel@tschinder.de","name":"danez"},{"email":"hi@henryzoo.com","name":"hzoo"},{"email":"loganfsmyth@gmail.com","name":"loganfsmyth"}],"_npmOperationalInternal":{"host":"s3://npm-registry-packages","tmp":"tmp/babel-code-frame-7.0.0-beta.2.tgz_1506438881689_0.46099845925346017"},"directories":{}},"7.0.0-beta.3":{"name":"babel-code-frame","version":"7.0.0-beta.3","description":"Generate errors that contain a code frame that point to source locations.","author":{"name":"Sebastian McKenzie","email":"sebmck@gmail.com"},"homepage":"https://babeljs.io/","license":"MIT","repository":{"type":"git","url":"https://github.com/babel/babel/tree/master/packages/babel-code-frame"},"main":"lib/index.js","dependencies":{"chalk":"^2.0.0","esutils":"^2.0.2","js-tokens":"^3.0.0"},"devDependencies":{"strip-ansi":"^4.0.0"},"_id":"babel-code-frame@7.0.0-beta.3","_npmVersion":"5.5.1","_nodeVersion":"8.1.4","_npmUser":{"name":"hzoo","email":"hi@henryzoo.com"},"dist":{"integrity":"sha512-flMsJ9eSpShupt2Gwpka84DoMePvE4HlDObzdEc+1iNkacv3+NHlsJ7dMKmbnVA/AT22UhcGEBHwbJLoXWBO6Q==","shasum":"1614a91b2ba0e3848559f410bbacd030726899c9","tarball":"https://registry.npmjs.org/babel-code-frame/-/babel-code-frame-7.0.0-beta.3.tgz"},"maintainers":[{"email":"bng412@gmail.com","name":"existentialism"},{"email":"me@thejameskyle.com","name":"thejameskyle"},{"email":"sebmck@gmail.com","name":"sebmck"},{"email":"daniel@tschinder.de","name":"danez"},{"email":"hi@henryzoo.com","name":"hzoo"},{"email":"loganfsmyth@gmail.com","name":"loganfsmyth"}],"_npmOperationalInternal":{"host":"s3://npm-registry-packages","tmp":"tmp/babel-code-frame-7.0.0-beta.3.tgz_1508073068733_0.9417205275967717"},"directories":{}}},"readme":"# babel-code-frame\n\n> Generate errors that contain a code frame that point to source locations.\n\n## Install\n\n```sh\nnpm install --save-dev babel-code-frame\n```\n\n## Usage\n\n```js\nimport codeFrame from 'babel-code-frame';\n\nconst rawLines = `class Foo {\n  constructor()\n}`;\nconst lineNumber = 2;\nconst colNumber = 16;\n\nconst result = codeFrame(rawLines, lineNumber, colNumber, { /* options */ });\n\nconsole.log(result);\n```\n\n```sh\n  1 | class Foo {\n> 2 |   constructor()\n    |                ^\n  3 | }\n```\n\nIf the column number is not known, you may pass `null` instead.\n\n## Options\n\n### `highlightCode`\n\n`boolean`, defaults to `false`.\n\nToggles syntax highlighting the code as JavaScript for terminals.\n\n### `linesAbove`\n\n`number`, defaults to `2`.\n\nAdjust the number of lines to show above the error.\n\n### `linesBelow`\n\n`number`, defaults to `3`.\n\nAdjust the number of lines to show below the error.\n\n### `forceColor`\n\n`boolean`, defaults to `false`.\n\nEnable this to forcibly syntax highlight the code as JavaScript (for non-terminals); overrides `highlightCode`.\n","maintainers":[{"email":"bng412@gmail.com","name":"existentialism"},{"email":"me@thejameskyle.com","name":"thejameskyle"},{"email":"sebmck@gmail.com","name":"sebmck"},{"email":"daniel@tschinder.de","name":"danez"},{"email":"hi@henryzoo.com","name":"hzoo"},{"email":"loganfsmyth@gmail.com","name":"loganfsmyth"}],"time":{"modified":"2017-10-15T13:11:09.690Z","created":"2015-10-29T17:53:11.843Z","6.0.0":"2015-10-29T17:53:11.843Z","6.0.2":"2015-10-29T18:07:43.443Z","6.0.12":"2015-10-30T04:54:34.486Z","6.0.14":"2015-10-30T23:31:34.450Z","6.0.15":"2015-11-01T22:07:52.759Z","6.1.4":"2015-11-11T10:05:23.357Z","6.1.5":"2015-11-12T06:49:28.833Z","6.1.6":"2015-11-12T07:33:14.169Z","6.1.7":"2015-11-12T07:37:43.054Z","6.1.8":"2015-11-12T07:40:42.906Z","6.1.9":"2015-11-12T07:46:19.124Z","6.1.10":"2015-11-12T07:56:07.154Z","6.1.11":"2015-11-12T07:58:53.761Z","6.1.12":"2015-11-12T08:48:13.013Z","6.1.13":"2015-11-12T19:58:05.190Z","6.1.14":"2015-11-12T20:04:17.722Z","6.1.15":"2015-11-12T20:17:36.203Z","6.1.16":"2015-11-12T21:33:38.002Z","6.1.17":"2015-11-12T21:40:43.318Z","6.1.18":"2015-11-12T21:47:48.666Z","6.2.4":"2015-11-25T03:12:30.286Z","6.3.13":"2015-12-04T11:56:56.710Z","6.5.0":"2016-02-07T00:06:47.257Z","6.5.0-1":"2016-02-07T02:39:34.731Z","6.6.0":"2016-02-29T21:12:20.048Z","6.6.5":"2016-03-04T23:16:23.462Z","6.7.2":"2016-03-10T22:41:30.095Z","6.7.3":"2016-03-22T22:12:14.858Z","6.7.4":"2016-03-23T03:37:49.110Z","6.7.5":"2016-04-08T03:24:51.584Z","6.7.7":"2016-04-21T03:09:25.429Z","6.8.0":"2016-05-02T23:43:52.667Z","6.11.0":"2016-06-27T00:21:30.810Z","6.16.0":"2016-09-28T19:38:47.998Z","6.20.0":"2016-12-08T23:25:42.068Z","6.22.0":"2017-01-20T00:33:26.514Z","7.0.0-alpha.1":"2017-03-02T21:04:51.277Z","7.0.0-alpha.3":"2017-03-23T19:49:02.921Z","7.0.0-alpha.9":"2017-04-18T14:41:34.870Z","7.0.0-alpha.11":"2017-05-31T20:43:31.631Z","7.0.0-alpha.12":"2017-05-31T21:11:40.743Z","7.0.0-alpha.13":"2017-07-12T02:27:59.803Z","7.0.0-alpha.14":"2017-07-12T02:53:12.222Z","7.0.0-alpha.15":"2017-07-12T03:35:26.121Z","7.0.0-alpha.16":"2017-07-25T21:17:19.260Z","7.0.0-alpha.17":"2017-07-26T12:38:47.842Z","7.0.0-alpha.18":"2017-08-03T22:20:39.404Z","7.0.0-alpha.19":"2017-08-07T22:21:12.529Z","6.26.0":"2017-08-16T15:54:09.750Z","7.0.0-alpha.20":"2017-08-30T18:51:37.349Z","7.0.0-beta.0":"2017-09-12T03:01:45.563Z","7.0.0-beta.1":"2017-09-19T20:09:02.748Z","7.0.0-beta.2":"2017-09-26T15:14:42.568Z","7.0.0-beta.3":"2017-10-15T13:11:09.690Z"},"homepage":"https://babeljs.io/","repository":{"type":"git","url":"https://github.com/babel/babel/tree/master/packages/babel-code-frame"},"author":{"name":"Sebastian McKenzie","email":"sebmck@gmail.com"},"license":"MIT","readmeFilename":"README.md","description":"Generate errors that contain a code frame that point to source locations.","users":{"bcoe":true,"mathieumg":true,"wenbing":true,"alexxnica":true,"usex":true},"_attachments":{},"_etag":"W/\"38a902b5eb0aa6aacc8166c5b87748a1\"","_lastModified":"Sat, 26 May 2018 17:54:47 GMT"}