{"_id":"babel-plugin-syntax-trailing-function-commas","_rev":"64-bd0b95814e05cc16d331e6608303766a","name":"babel-plugin-syntax-trailing-function-commas","description":"Compile trailing function commas to ES5","dist-tags":{"latest":"6.22.0","next":"7.0.0-beta.0"},"versions":{"6.0.2":{"name":"babel-plugin-syntax-trailing-function-commas","version":"6.0.2","description":"Compile trailing function commas to ES5","repository":{"type":"git","url":"git+https://github.com/babel/babel.git"},"license":"MIT","main":"lib/index.js","keywords":["babel-plugin"],"dependencies":{"babel-runtime":"^6.0.2"},"bugs":{"url":"https://github.com/babel/babel/issues"},"homepage":"https://github.com/babel/babel#readme","_id":"babel-plugin-syntax-trailing-function-commas@6.0.2","scripts":{},"_shasum":"7ba53ecee3809f048d3ace20790d1a34bb38b14c","_from":".","_npmVersion":"2.14.3","_nodeVersion":"4.1.0","_npmUser":{"name":"sebmck","email":"sebmck@gmail.com"},"dist":{"shasum":"7ba53ecee3809f048d3ace20790d1a34bb38b14c","tarball":"https://registry.npmjs.org/babel-plugin-syntax-trailing-function-commas/-/babel-plugin-syntax-trailing-function-commas-6.0.2.tgz"},"maintainers":[{"name":"sebmck","email":"sebmck@gmail.com"}],"directories":{}},"6.0.14":{"name":"babel-plugin-syntax-trailing-function-commas","version":"6.0.14","description":"Compile trailing function commas to ES5","repository":{"type":"git","url":"https://github.com/babel/babel/tree/master/packages/babel-plugin-syntax-trailing-function-commas"},"license":"MIT","main":"lib/index.js","keywords":["babel-plugin"],"dependencies":{"babel-runtime":"^5.0.0"},"_id":"babel-plugin-syntax-trailing-function-commas@6.0.14","scripts":{},"_shasum":"79225c60b8d2ab61ce584f30b84666b3148f9672","_from":".","_npmVersion":"2.14.9","_nodeVersion":"4.1.0","_npmUser":{"name":"sebmck","email":"sebmck@gmail.com"},"dist":{"shasum":"79225c60b8d2ab61ce584f30b84666b3148f9672","tarball":"https://registry.npmjs.org/babel-plugin-syntax-trailing-function-commas/-/babel-plugin-syntax-trailing-function-commas-6.0.14.tgz"},"maintainers":[{"name":"sebmck","email":"sebmck@gmail.com"}],"directories":{}},"6.1.4":{"name":"babel-plugin-syntax-trailing-function-commas","version":"6.1.4","description":"Compile trailing function commas to ES5","repository":{"type":"git","url":"https://github.com/babel/babel/tree/master/packages/babel-plugin-syntax-trailing-function-commas"},"license":"MIT","main":"lib/index.js","keywords":["babel-plugin"],"dependencies":{"babel-runtime":"^5.0.0"},"devDependencies":{"babel-helper-plugin-test-runner":"^6.1.4"},"_id":"babel-plugin-syntax-trailing-function-commas@6.1.4","scripts":{},"_shasum":"09b946a420a256732ef969f7dcc39af3caa3e9ea","_from":".","_npmVersion":"3.3.10","_nodeVersion":"4.1.0","_npmUser":{"name":"sebmck","email":"sebmck@gmail.com"},"dist":{"shasum":"09b946a420a256732ef969f7dcc39af3caa3e9ea","tarball":"https://registry.npmjs.org/babel-plugin-syntax-trailing-function-commas/-/babel-plugin-syntax-trailing-function-commas-6.1.4.tgz"},"maintainers":[{"name":"sebmck","email":"sebmck@gmail.com"}],"directories":{}},"6.1.5":{"name":"babel-plugin-syntax-trailing-function-commas","version":"6.1.5","description":"Compile trailing function commas to ES5","repository":{"type":"git","url":"https://github.com/babel/babel/tree/master/packages/babel-plugin-syntax-trailing-function-commas"},"license":"MIT","main":"lib/index.js","keywords":["babel-plugin"],"dependencies":{"babel-runtime":"^5.0.0"},"devDependencies":{"babel-helper-plugin-test-runner":"^6.1.5"},"_id":"babel-plugin-syntax-trailing-function-commas@6.1.5","scripts":{},"_shasum":"26a7329ad7df0cdab98766b2092f4984011e34e8","_from":".","_npmVersion":"3.3.10","_nodeVersion":"4.1.0","_npmUser":{"name":"sebmck","email":"sebmck@gmail.com"},"dist":{"shasum":"26a7329ad7df0cdab98766b2092f4984011e34e8","tarball":"https://registry.npmjs.org/babel-plugin-syntax-trailing-function-commas/-/babel-plugin-syntax-trailing-function-commas-6.1.5.tgz"},"maintainers":[{"name":"sebmck","email":"sebmck@gmail.com"}],"directories":{}},"6.1.10":{"name":"babel-plugin-syntax-trailing-function-commas","version":"6.1.10","description":"Compile trailing function commas to ES5","repository":{"type":"git","url":"https://github.com/babel/babel/tree/master/packages/babel-plugin-syntax-trailing-function-commas"},"license":"MIT","main":"lib/index.js","keywords":["babel-plugin"],"dependencies":{"babel-runtime":"^5.0.0"},"devDependencies":{"babel-helper-plugin-test-runner":"^6.1.10"},"_id":"babel-plugin-syntax-trailing-function-commas@6.1.10","scripts":{},"_shasum":"18f65223315e555ed136f7ab7497d84c435e52b9","_from":".","_npmVersion":"3.3.10","_nodeVersion":"4.1.0","_npmUser":{"name":"sebmck","email":"sebmck@gmail.com"},"dist":{"shasum":"18f65223315e555ed136f7ab7497d84c435e52b9","tarball":"https://registry.npmjs.org/babel-plugin-syntax-trailing-function-commas/-/babel-plugin-syntax-trailing-function-commas-6.1.10.tgz"},"maintainers":[{"name":"amasad","email":"amjad.masad@gmail.com"},{"name":"sebmck","email":"sebmck@gmail.com"},{"name":"thejameskyle","email":"me@thejameskyle.com"}],"directories":{}},"6.1.13":{"name":"babel-plugin-syntax-trailing-function-commas","version":"6.1.13","description":"Compile trailing function commas to ES5","repository":{"type":"git","url":"https://github.com/babel/babel/tree/master/packages/babel-plugin-syntax-trailing-function-commas"},"license":"MIT","main":"lib/index.js","keywords":["babel-plugin"],"dependencies":{"babel-runtime":"^5.0.0"},"devDependencies":{"babel-helper-plugin-test-runner":"^6.1.13"},"_id":"babel-plugin-syntax-trailing-function-commas@6.1.13","scripts":{},"_shasum":"0663ac9b118aef43a506e68cf7a74823cd90423c","_from":".","_npmVersion":"3.3.10","_nodeVersion":"4.1.0","_npmUser":{"name":"sebmck","email":"sebmck@gmail.com"},"dist":{"shasum":"0663ac9b118aef43a506e68cf7a74823cd90423c","tarball":"https://registry.npmjs.org/babel-plugin-syntax-trailing-function-commas/-/babel-plugin-syntax-trailing-function-commas-6.1.13.tgz"},"maintainers":[{"name":"amasad","email":"amjad.masad@gmail.com"},{"name":"sebmck","email":"sebmck@gmail.com"},{"name":"thejameskyle","email":"me@thejameskyle.com"}],"directories":{}},"6.1.16":{"name":"babel-plugin-syntax-trailing-function-commas","version":"6.1.16","description":"Compile trailing function commas to ES5","repository":{"type":"git","url":"https://github.com/babel/babel/tree/master/packages/babel-plugin-syntax-trailing-function-commas"},"license":"MIT","main":"lib/index.js","keywords":["babel-plugin"],"dependencies":{"babel-runtime":"^5.0.0"},"devDependencies":{"babel-helper-plugin-test-runner":"^6.1.16"},"_id":"babel-plugin-syntax-trailing-function-commas@6.1.16","scripts":{},"_shasum":"053ea2e337031b8cd2bb2537859c7291359b760f","_from":".","_npmVersion":"3.3.10","_nodeVersion":"4.1.0","_npmUser":{"name":"sebmck","email":"sebmck@gmail.com"},"dist":{"shasum":"053ea2e337031b8cd2bb2537859c7291359b760f","tarball":"https://registry.npmjs.org/babel-plugin-syntax-trailing-function-commas/-/babel-plugin-syntax-trailing-function-commas-6.1.16.tgz"},"maintainers":[{"name":"amasad","email":"amjad.masad@gmail.com"},{"name":"sebmck","email":"sebmck@gmail.com"},{"name":"thejameskyle","email":"me@thejameskyle.com"}],"directories":{}},"6.1.17":{"name":"babel-plugin-syntax-trailing-function-commas","version":"6.1.17","description":"Compile trailing function commas to ES5","repository":{"type":"git","url":"https://github.com/babel/babel/tree/master/packages/babel-plugin-syntax-trailing-function-commas"},"license":"MIT","main":"lib/index.js","keywords":["babel-plugin"],"dependencies":{"babel-runtime":"^5.0.0"},"devDependencies":{"babel-helper-plugin-test-runner":"^6.1.17"},"_id":"babel-plugin-syntax-trailing-function-commas@6.1.17","scripts":{},"_shasum":"e48db8f71392f8c41ce495e41615fda641e5789e","_from":".","_npmVersion":"3.3.10","_nodeVersion":"4.1.0","_npmUser":{"name":"sebmck","email":"sebmck@gmail.com"},"dist":{"shasum":"e48db8f71392f8c41ce495e41615fda641e5789e","tarball":"https://registry.npmjs.org/babel-plugin-syntax-trailing-function-commas/-/babel-plugin-syntax-trailing-function-commas-6.1.17.tgz"},"maintainers":[{"name":"amasad","email":"amjad.masad@gmail.com"},{"name":"sebmck","email":"sebmck@gmail.com"},{"name":"thejameskyle","email":"me@thejameskyle.com"}],"directories":{}},"6.1.18":{"name":"babel-plugin-syntax-trailing-function-commas","version":"6.1.18","description":"Compile trailing function commas to ES5","repository":{"type":"git","url":"https://github.com/babel/babel/tree/master/packages/babel-plugin-syntax-trailing-function-commas"},"license":"MIT","main":"lib/index.js","keywords":["babel-plugin"],"dependencies":{"babel-runtime":"^5.0.0"},"devDependencies":{"babel-helper-plugin-test-runner":"^6.1.18"},"_id":"babel-plugin-syntax-trailing-function-commas@6.1.18","scripts":{},"_shasum":"392bfcb4dce56d0500a599d52cdfc40f49de090f","_from":".","_npmVersion":"3.3.10","_nodeVersion":"4.1.0","_npmUser":{"name":"sebmck","email":"sebmck@gmail.com"},"dist":{"shasum":"392bfcb4dce56d0500a599d52cdfc40f49de090f","tarball":"https://registry.npmjs.org/babel-plugin-syntax-trailing-function-commas/-/babel-plugin-syntax-trailing-function-commas-6.1.18.tgz"},"maintainers":[{"name":"amasad","email":"amjad.masad@gmail.com"},{"name":"sebmck","email":"sebmck@gmail.com"},{"name":"thejameskyle","email":"me@thejameskyle.com"}],"directories":{}},"6.2.4":{"name":"babel-plugin-syntax-trailing-function-commas","version":"6.2.4","description":"Compile trailing function commas to ES5","repository":{"type":"git","url":"https://github.com/babel/babel/tree/master/packages/babel-plugin-syntax-trailing-function-commas"},"license":"MIT","main":"lib/index.js","keywords":["babel-plugin"],"dependencies":{"babel-runtime":"^5.0.0"},"devDependencies":{"babel-helper-plugin-test-runner":"^6.2.4"},"_id":"babel-plugin-syntax-trailing-function-commas@6.2.4","scripts":{},"_shasum":"e7a9ac0d61c758ac48a11411aef9ffbea3cc9afd","_from":".","_npmVersion":"3.3.10","_nodeVersion":"4.1.0","_npmUser":{"name":"sebmck","email":"sebmck@gmail.com"},"dist":{"shasum":"e7a9ac0d61c758ac48a11411aef9ffbea3cc9afd","tarball":"https://registry.npmjs.org/babel-plugin-syntax-trailing-function-commas/-/babel-plugin-syntax-trailing-function-commas-6.2.4.tgz"},"maintainers":[{"name":"amasad","email":"amjad.masad@gmail.com"},{"name":"sebmck","email":"sebmck@gmail.com"},{"name":"thejameskyle","email":"me@thejameskyle.com"}],"directories":{}},"6.3.13":{"name":"babel-plugin-syntax-trailing-function-commas","version":"6.3.13","description":"Compile trailing function commas to ES5","repository":{"type":"git","url":"https://github.com/babel/babel/tree/master/packages/babel-plugin-syntax-trailing-function-commas"},"license":"MIT","main":"lib/index.js","keywords":["babel-plugin"],"dependencies":{"babel-runtime":"^5.0.0"},"devDependencies":{"babel-helper-plugin-test-runner":"^6.3.13"},"_id":"babel-plugin-syntax-trailing-function-commas@6.3.13","scripts":{},"_shasum":"e44c7fc36a577d83d6c898dd4e214995d5620e0a","_from":".","_npmVersion":"3.3.10","_nodeVersion":"4.1.0","_npmUser":{"name":"sebmck","email":"sebmck@gmail.com"},"dist":{"shasum":"e44c7fc36a577d83d6c898dd4e214995d5620e0a","tarball":"https://registry.npmjs.org/babel-plugin-syntax-trailing-function-commas/-/babel-plugin-syntax-trailing-function-commas-6.3.13.tgz"},"maintainers":[{"name":"amasad","email":"amjad.masad@gmail.com"},{"name":"hzoo","email":"hi@henryzoo.com"},{"name":"jmm","email":"npm-public@jessemccarthy.net"},{"name":"loganfsmyth","email":"loganfsmyth@gmail.com"},{"name":"sebmck","email":"sebmck@gmail.com"},{"name":"thejameskyle","email":"me@thejameskyle.com"}],"directories":{}},"6.5.0":{"name":"babel-plugin-syntax-trailing-function-commas","version":"6.5.0","description":"Compile trailing function commas to ES5","repository":{"type":"git","url":"https://github.com/babel/babel/tree/master/packages/babel-plugin-syntax-trailing-function-commas"},"license":"MIT","main":"lib/index.js","keywords":["babel-plugin"],"dependencies":{"babel-runtime":"^5.0.0"},"devDependencies":{"babel-helper-plugin-test-runner":"^6.3.13"},"_id":"babel-plugin-syntax-trailing-function-commas@6.5.0","scripts":{},"_shasum":"44b9d4c9f65881d88811dbb6f68a33c2e5a3da62","_from":".","_npmVersion":"3.6.0","_nodeVersion":"5.1.0","_npmUser":{"name":"hzoo","email":"hi@henryzoo.com"},"dist":{"shasum":"44b9d4c9f65881d88811dbb6f68a33c2e5a3da62","tarball":"https://registry.npmjs.org/babel-plugin-syntax-trailing-function-commas/-/babel-plugin-syntax-trailing-function-commas-6.5.0.tgz"},"maintainers":[{"name":"amasad","email":"amjad.masad@gmail.com"},{"name":"hzoo","email":"hi@henryzoo.com"},{"name":"jmm","email":"npm-public@jessemccarthy.net"},{"name":"loganfsmyth","email":"loganfsmyth@gmail.com"},{"name":"sebmck","email":"sebmck@gmail.com"},{"name":"thejameskyle","email":"me@thejameskyle.com"}],"_npmOperationalInternal":{"host":"packages-5-east.internal.npmjs.com","tmp":"tmp/babel-plugin-syntax-trailing-function-commas-6.5.0.tgz_1454803640998_0.5722191361710429"},"directories":{}},"6.5.0-1":{"name":"babel-plugin-syntax-trailing-function-commas","version":"6.5.0-1","description":"Compile trailing function commas to ES5","repository":{"type":"git","url":"https://github.com/babel/babel/tree/master/packages/babel-plugin-syntax-trailing-function-commas"},"license":"MIT","main":"lib/index.js","keywords":["babel-plugin"],"dependencies":{"babel-runtime":"^5.0.0"},"devDependencies":{"babel-helper-plugin-test-runner":"^6.5.0-1"},"_id":"babel-plugin-syntax-trailing-function-commas@6.5.0-1","scripts":{},"_shasum":"fbe88da3e4ba629070b88ad48b43bc374f3145d6","_from":".","_npmVersion":"3.6.0","_nodeVersion":"5.1.0","_npmUser":{"name":"hzoo","email":"hi@henryzoo.com"},"dist":{"shasum":"fbe88da3e4ba629070b88ad48b43bc374f3145d6","tarball":"https://registry.npmjs.org/babel-plugin-syntax-trailing-function-commas/-/babel-plugin-syntax-trailing-function-commas-6.5.0-1.tgz"},"maintainers":[{"name":"amasad","email":"amjad.masad@gmail.com"},{"name":"hzoo","email":"hi@henryzoo.com"},{"name":"jmm","email":"npm-public@jessemccarthy.net"},{"name":"loganfsmyth","email":"loganfsmyth@gmail.com"},{"name":"sebmck","email":"sebmck@gmail.com"},{"name":"thejameskyle","email":"me@thejameskyle.com"}],"_npmOperationalInternal":{"host":"packages-6-west.internal.npmjs.com","tmp":"tmp/babel-plugin-syntax-trailing-function-commas-6.5.0-1.tgz_1454812809865_0.9200950951781124"},"directories":{}},"6.8.0":{"name":"babel-plugin-syntax-trailing-function-commas","version":"6.8.0","description":"Compile trailing function commas to ES5","repository":{"type":"git","url":"https://github.com/babel/babel/tree/master/packages/babel-plugin-syntax-trailing-function-commas"},"license":"MIT","main":"lib/index.js","keywords":["babel-plugin"],"dependencies":{"babel-runtime":"^6.0.0"},"devDependencies":{"babel-helper-plugin-test-runner":"^6.8.0"},"_id":"babel-plugin-syntax-trailing-function-commas@6.8.0","scripts":{},"_shasum":"c2afdf759c2037f5efe36febfabf345cd8cc7cbf","_from":".","_npmVersion":"3.8.6","_nodeVersion":"5.1.0","_npmUser":{"name":"hzoo","email":"hi@henryzoo.com"},"maintainers":[{"name":"amasad","email":"amjad.masad@gmail.com"},{"name":"hzoo","email":"hi@henryzoo.com"},{"name":"jmm","email":"npm-public@jessemccarthy.net"},{"name":"loganfsmyth","email":"loganfsmyth@gmail.com"},{"name":"sebmck","email":"sebmck@gmail.com"},{"name":"thejameskyle","email":"me@thejameskyle.com"}],"dist":{"shasum":"c2afdf759c2037f5efe36febfabf345cd8cc7cbf","tarball":"https://registry.npmjs.org/babel-plugin-syntax-trailing-function-commas/-/babel-plugin-syntax-trailing-function-commas-6.8.0.tgz"},"_npmOperationalInternal":{"host":"packages-12-west.internal.npmjs.com","tmp":"tmp/babel-plugin-syntax-trailing-function-commas-6.8.0.tgz_1462232664611_0.007118658861145377"},"directories":{}},"6.13.0":{"name":"babel-plugin-syntax-trailing-function-commas","version":"6.13.0","description":"Compile trailing function commas to ES5","repository":{"type":"git","url":"https://github.com/babel/babel/tree/master/packages/babel-plugin-syntax-trailing-function-commas"},"license":"MIT","main":"lib/index.js","keywords":["babel-plugin"],"dependencies":{},"devDependencies":{"babel-helper-plugin-test-runner":"^6.8.0"},"_id":"babel-plugin-syntax-trailing-function-commas@6.13.0","scripts":{},"_shasum":"2b84b7d53dd744f94ff1fad7669406274b23f541","_from":".","_npmVersion":"3.10.3","_nodeVersion":"5.11.1","_npmUser":{"name":"hzoo","email":"hi@henryzoo.com"},"dist":{"shasum":"2b84b7d53dd744f94ff1fad7669406274b23f541","tarball":"https://registry.npmjs.org/babel-plugin-syntax-trailing-function-commas/-/babel-plugin-syntax-trailing-function-commas-6.13.0.tgz"},"maintainers":[{"name":"amasad","email":"amjad.masad@gmail.com"},{"name":"hzoo","email":"hi@henryzoo.com"},{"name":"jmm","email":"npm-public@jessemccarthy.net"},{"name":"loganfsmyth","email":"loganfsmyth@gmail.com"},{"name":"sebmck","email":"sebmck@gmail.com"},{"name":"thejameskyle","email":"me@thejameskyle.com"}],"_npmOperationalInternal":{"host":"packages-12-west.internal.npmjs.com","tmp":"tmp/babel-plugin-syntax-trailing-function-commas-6.13.0.tgz_1470353701997_0.3963160878047347"},"directories":{}},"6.20.0":{"name":"babel-plugin-syntax-trailing-function-commas","version":"6.20.0","description":"Compile trailing function commas to ES5","repository":{"type":"git","url":"https://github.com/babel/babel/tree/master/packages/babel-plugin-syntax-trailing-function-commas"},"license":"MIT","main":"lib/index.js","keywords":["babel-plugin"],"dependencies":{},"devDependencies":{"babel-helper-plugin-test-runner":"^6.8.0"},"_id":"babel-plugin-syntax-trailing-function-commas@6.20.0","scripts":{},"_shasum":"442835e19179f45b87e92d477d70b9f1f18b5c4f","_from":".","_npmVersion":"3.10.8","_nodeVersion":"6.9.0","_npmUser":{"name":"hzoo","email":"hi@henryzoo.com"},"dist":{"shasum":"442835e19179f45b87e92d477d70b9f1f18b5c4f","tarball":"https://registry.npmjs.org/babel-plugin-syntax-trailing-function-commas/-/babel-plugin-syntax-trailing-function-commas-6.20.0.tgz"},"maintainers":[{"name":"amasad","email":"amjad.masad@gmail.com"},{"name":"hzoo","email":"hi@henryzoo.com"},{"name":"jmm","email":"npm-public@jessemccarthy.net"},{"name":"loganfsmyth","email":"loganfsmyth@gmail.com"},{"name":"sebmck","email":"sebmck@gmail.com"},{"name":"thejameskyle","email":"me@thejameskyle.com"}],"_npmOperationalInternal":{"host":"packages-12-west.internal.npmjs.com","tmp":"tmp/babel-plugin-syntax-trailing-function-commas-6.20.0.tgz_1481239543387_0.1104281626176089"},"directories":{}},"6.22.0":{"name":"babel-plugin-syntax-trailing-function-commas","version":"6.22.0","description":"Compile trailing function commas to ES5","repository":{"type":"git","url":"https://github.com/babel/babel/tree/master/packages/babel-plugin-syntax-trailing-function-commas"},"license":"MIT","main":"lib/index.js","keywords":["babel-plugin"],"dependencies":{},"devDependencies":{"babel-helper-plugin-test-runner":"^6.22.0"},"_id":"babel-plugin-syntax-trailing-function-commas@6.22.0","scripts":{},"_shasum":"ba0360937f8d06e40180a43fe0d5616fff532cf3","_from":".","_npmVersion":"3.10.10","_nodeVersion":"6.9.0","_npmUser":{"name":"hzoo","email":"hi@henryzoo.com"},"dist":{"shasum":"ba0360937f8d06e40180a43fe0d5616fff532cf3","tarball":"https://registry.npmjs.org/babel-plugin-syntax-trailing-function-commas/-/babel-plugin-syntax-trailing-function-commas-6.22.0.tgz"},"maintainers":[{"name":"amasad","email":"amjad.masad@gmail.com"},{"name":"hzoo","email":"hi@henryzoo.com"},{"name":"jmm","email":"npm-public@jessemccarthy.net"},{"name":"loganfsmyth","email":"loganfsmyth@gmail.com"},{"name":"sebmck","email":"sebmck@gmail.com"},{"name":"thejameskyle","email":"me@thejameskyle.com"}],"_npmOperationalInternal":{"host":"packages-12-west.internal.npmjs.com","tmp":"tmp/babel-plugin-syntax-trailing-function-commas-6.22.0.tgz_1484872420863_0.6671405488159508"},"directories":{}},"7.0.0-alpha.1":{"name":"babel-plugin-syntax-trailing-function-commas","version":"7.0.0-alpha.1","description":"Compile trailing function commas to ES5","repository":{"type":"git","url":"https://github.com/babel/babel/tree/master/packages/babel-plugin-syntax-trailing-function-commas"},"license":"MIT","main":"lib/index.js","keywords":["babel-plugin"],"dependencies":{},"devDependencies":{"babel-helper-plugin-test-runner":"7.0.0-alpha.1"},"_id":"babel-plugin-syntax-trailing-function-commas@7.0.0-alpha.1","scripts":{},"_shasum":"8b2415d3add81f323ab0edb95978d640ca9fc93e","_from":".","_npmVersion":"3.10.10","_nodeVersion":"6.9.0","_npmUser":{"name":"hzoo","email":"hi@henryzoo.com"},"dist":{"shasum":"8b2415d3add81f323ab0edb95978d640ca9fc93e","tarball":"https://registry.npmjs.org/babel-plugin-syntax-trailing-function-commas/-/babel-plugin-syntax-trailing-function-commas-7.0.0-alpha.1.tgz"},"maintainers":[{"name":"amasad","email":"amjad.masad@gmail.com"},{"name":"hzoo","email":"hi@henryzoo.com"},{"name":"jmm","email":"npm-public@jessemccarthy.net"},{"name":"loganfsmyth","email":"loganfsmyth@gmail.com"},{"name":"sebmck","email":"sebmck@gmail.com"},{"name":"thejameskyle","email":"me@thejameskyle.com"}],"_npmOperationalInternal":{"host":"packages-18-east.internal.npmjs.com","tmp":"tmp/babel-plugin-syntax-trailing-function-commas-7.0.0-alpha.1.tgz_1488488700586_0.7757481411099434"},"directories":{}},"7.0.0-alpha.3":{"name":"babel-plugin-syntax-trailing-function-commas","version":"7.0.0-alpha.3","description":"Compile trailing function commas to ES5","repository":{"type":"git","url":"https://github.com/babel/babel/tree/master/packages/babel-plugin-syntax-trailing-function-commas"},"license":"MIT","main":"lib/index.js","keywords":["babel-plugin"],"dependencies":{},"devDependencies":{"babel-helper-plugin-test-runner":"7.0.0-alpha.3"},"_id":"babel-plugin-syntax-trailing-function-commas@7.0.0-alpha.3","scripts":{},"_shasum":"9a54a5e3ba447d9acf0257d67fa8ba2db501615e","_from":".","_npmVersion":"3.10.10","_nodeVersion":"6.9.0","_npmUser":{"name":"hzoo","email":"hi@henryzoo.com"},"dist":{"shasum":"9a54a5e3ba447d9acf0257d67fa8ba2db501615e","tarball":"https://registry.npmjs.org/babel-plugin-syntax-trailing-function-commas/-/babel-plugin-syntax-trailing-function-commas-7.0.0-alpha.3.tgz"},"maintainers":[{"name":"amasad","email":"amjad.masad@gmail.com"},{"name":"hzoo","email":"hi@henryzoo.com"},{"name":"jmm","email":"npm-public@jessemccarthy.net"},{"name":"loganfsmyth","email":"loganfsmyth@gmail.com"},{"name":"sebmck","email":"sebmck@gmail.com"},{"name":"thejameskyle","email":"me@thejameskyle.com"}],"_npmOperationalInternal":{"host":"packages-18-east.internal.npmjs.com","tmp":"tmp/babel-plugin-syntax-trailing-function-commas-7.0.0-alpha.3.tgz_1490298551019_0.2287991193588823"},"directories":{}},"7.0.0-alpha.7":{"name":"babel-plugin-syntax-trailing-function-commas","version":"7.0.0-alpha.7","description":"Compile trailing function commas to ES5","repository":{"type":"git","url":"https://github.com/babel/babel/tree/master/packages/babel-plugin-syntax-trailing-function-commas"},"license":"MIT","main":"lib/index.js","keywords":["babel-plugin"],"dependencies":{},"devDependencies":{"babel-helper-plugin-test-runner":"7.0.0-alpha.7"},"_id":"babel-plugin-syntax-trailing-function-commas@7.0.0-alpha.7","scripts":{},"_shasum":"0bb156466bba6c4705dafc98ec7e9f227c704cd3","_from":".","_npmVersion":"3.10.10","_nodeVersion":"6.9.0","_npmUser":{"name":"hzoo","email":"hi@henryzoo.com"},"dist":{"shasum":"0bb156466bba6c4705dafc98ec7e9f227c704cd3","tarball":"https://registry.npmjs.org/babel-plugin-syntax-trailing-function-commas/-/babel-plugin-syntax-trailing-function-commas-7.0.0-alpha.7.tgz"},"maintainers":[{"name":"amasad","email":"amjad.masad@gmail.com"},{"name":"hzoo","email":"hi@henryzoo.com"},{"name":"jmm","email":"npm-public@jessemccarthy.net"},{"name":"loganfsmyth","email":"loganfsmyth@gmail.com"},{"name":"sebmck","email":"sebmck@gmail.com"},{"name":"thejameskyle","email":"me@thejameskyle.com"}],"_npmOperationalInternal":{"host":"packages-18-east.internal.npmjs.com","tmp":"tmp/babel-plugin-syntax-trailing-function-commas-7.0.0-alpha.7.tgz_1491426809012_0.6679246125277132"},"directories":{}},"7.0.0-alpha.8":{"name":"babel-plugin-syntax-trailing-function-commas","version":"7.0.0-alpha.8","description":"Compile trailing function commas to ES5","repository":{"type":"git","url":"https://github.com/babel/babel/tree/master/packages/babel-plugin-syntax-trailing-function-commas"},"license":"MIT","main":"lib/index.js","keywords":["babel-plugin"],"dependencies":{},"devDependencies":{"babel-helper-plugin-test-runner":"7.0.0-alpha.8"},"_id":"babel-plugin-syntax-trailing-function-commas@7.0.0-alpha.8","scripts":{},"_shasum":"63559104587ae4f958550158baf565fee413b02a","_from":".","_npmVersion":"3.10.10","_nodeVersion":"6.9.0","_npmUser":{"name":"hzoo","email":"hi@henryzoo.com"},"dist":{"shasum":"63559104587ae4f958550158baf565fee413b02a","tarball":"https://registry.npmjs.org/babel-plugin-syntax-trailing-function-commas/-/babel-plugin-syntax-trailing-function-commas-7.0.0-alpha.8.tgz"},"maintainers":[{"name":"amasad","email":"amjad.masad@gmail.com"},{"name":"hzoo","email":"hi@henryzoo.com"},{"name":"jmm","email":"npm-public@jessemccarthy.net"},{"name":"loganfsmyth","email":"loganfsmyth@gmail.com"},{"name":"sebmck","email":"sebmck@gmail.com"},{"name":"thejameskyle","email":"me@thejameskyle.com"}],"_npmOperationalInternal":{"host":"packages-12-west.internal.npmjs.com","tmp":"tmp/babel-plugin-syntax-trailing-function-commas-7.0.0-alpha.8.tgz_1492456353319_0.597324431175366"},"directories":{}},"7.0.0-alpha.9":{"name":"babel-plugin-syntax-trailing-function-commas","version":"7.0.0-alpha.9","description":"Compile trailing function commas to ES5","repository":{"type":"git","url":"https://github.com/babel/babel/tree/master/packages/babel-plugin-syntax-trailing-function-commas"},"license":"MIT","main":"lib/index.js","keywords":["babel-plugin"],"dependencies":{},"devDependencies":{"babel-helper-plugin-test-runner":"7.0.0-alpha.9"},"_id":"babel-plugin-syntax-trailing-function-commas@7.0.0-alpha.9","scripts":{},"_shasum":"a6ec604fc48a686c528416ea5b891764c9fc2ebf","_from":".","_npmVersion":"3.10.10","_nodeVersion":"6.9.0","_npmUser":{"name":"hzoo","email":"hi@henryzoo.com"},"dist":{"shasum":"a6ec604fc48a686c528416ea5b891764c9fc2ebf","tarball":"https://registry.npmjs.org/babel-plugin-syntax-trailing-function-commas/-/babel-plugin-syntax-trailing-function-commas-7.0.0-alpha.9.tgz"},"maintainers":[{"name":"amasad","email":"amjad.masad@gmail.com"},{"name":"hzoo","email":"hi@henryzoo.com"},{"name":"jmm","email":"npm-public@jessemccarthy.net"},{"name":"loganfsmyth","email":"loganfsmyth@gmail.com"},{"name":"sebmck","email":"sebmck@gmail.com"},{"name":"thejameskyle","email":"me@thejameskyle.com"}],"_npmOperationalInternal":{"host":"packages-12-west.internal.npmjs.com","tmp":"tmp/babel-plugin-syntax-trailing-function-commas-7.0.0-alpha.9.tgz_1492526502992_0.7485260262619704"},"directories":{}},"7.0.0-alpha.10":{"name":"babel-plugin-syntax-trailing-function-commas","version":"7.0.0-alpha.10","description":"Compile trailing function commas to ES5","repository":{"type":"git","url":"https://github.com/babel/babel/tree/master/packages/babel-plugin-syntax-trailing-function-commas"},"license":"MIT","main":"lib/index.js","keywords":["babel-plugin"],"dependencies":{},"devDependencies":{"babel-helper-plugin-test-runner":"7.0.0-alpha.10"},"_id":"babel-plugin-syntax-trailing-function-commas@7.0.0-alpha.10","scripts":{},"_shasum":"3a26860b7e96aa947422e20c37b3ec2c985f2880","_from":".","_npmVersion":"3.10.10","_nodeVersion":"6.9.0","_npmUser":{"name":"hzoo","email":"hi@henryzoo.com"},"dist":{"shasum":"3a26860b7e96aa947422e20c37b3ec2c985f2880","tarball":"https://registry.npmjs.org/babel-plugin-syntax-trailing-function-commas/-/babel-plugin-syntax-trailing-function-commas-7.0.0-alpha.10.tgz"},"maintainers":[{"email":"daniel@tschinder.de","name":"danez"},{"email":"hi@henryzoo.com","name":"hzoo"},{"email":"loganfsmyth@gmail.com","name":"loganfsmyth"}],"_npmOperationalInternal":{"host":"s3://npm-registry-packages","tmp":"tmp/babel-plugin-syntax-trailing-function-commas-7.0.0-alpha.10.tgz_1495739831129_0.9012170601636171"},"directories":{}},"7.0.0-alpha.11":{"name":"babel-plugin-syntax-trailing-function-commas","version":"7.0.0-alpha.11","description":"Compile trailing function commas to ES5","repository":{"type":"git","url":"https://github.com/babel/babel/tree/master/packages/babel-plugin-syntax-trailing-function-commas"},"license":"MIT","main":"lib/index.js","keywords":["babel-plugin"],"dependencies":{},"devDependencies":{"babel-helper-plugin-test-runner":"7.0.0-alpha.11"},"_id":"babel-plugin-syntax-trailing-function-commas@7.0.0-alpha.11","_npmVersion":"5.0.0","_nodeVersion":"6.9.0","_npmUser":{"name":"hzoo","email":"hi@henryzoo.com"},"dist":{"integrity":"sha512-vTcfUILh5tyKmKnQRx2Zz7LdAQo/OA3GdNnmKFbZ5ZfmHjyOFVKXRZweLLDLhdQiNQoiMKb4JCOeHEx1MOvq5A==","shasum":"aa1d73f7498999a40b85c2f2da13804629957ec4","tarball":"https://registry.npmjs.org/babel-plugin-syntax-trailing-function-commas/-/babel-plugin-syntax-trailing-function-commas-7.0.0-alpha.11.tgz"},"maintainers":[{"email":"sebmck@gmail.com","name":"sebmck"},{"email":"daniel@tschinder.de","name":"danez"},{"email":"hi@henryzoo.com","name":"hzoo"},{"email":"loganfsmyth@gmail.com","name":"loganfsmyth"}],"_npmOperationalInternal":{"host":"s3://npm-registry-packages","tmp":"tmp/babel-plugin-syntax-trailing-function-commas-7.0.0-alpha.11.tgz_1496263412955_0.16027284297160804"},"directories":{}},"7.0.0-alpha.12":{"name":"babel-plugin-syntax-trailing-function-commas","version":"7.0.0-alpha.12","description":"Compile trailing function commas to ES5","repository":{"type":"git","url":"https://github.com/babel/babel/tree/master/packages/babel-plugin-syntax-trailing-function-commas"},"license":"MIT","main":"lib/index.js","keywords":["babel-plugin"],"dependencies":{},"devDependencies":{"babel-helper-plugin-test-runner":"7.0.0-alpha.12"},"_id":"babel-plugin-syntax-trailing-function-commas@7.0.0-alpha.12","_npmVersion":"5.0.0","_nodeVersion":"6.9.0","_npmUser":{"name":"hzoo","email":"hi@henryzoo.com"},"dist":{"integrity":"sha512-YvcwrKCdT4DvvJToooEqXVFbFFOWJmcbTAAsYbIg6S0mDDWRSVpPLX1t3Qrpx5uwK2rU+dTgWY41w1kymx32cQ==","shasum":"41c9c4d215eeaa56b9ff8c23d8bb72d24653cf48","tarball":"https://registry.npmjs.org/babel-plugin-syntax-trailing-function-commas/-/babel-plugin-syntax-trailing-function-commas-7.0.0-alpha.12.tgz"},"maintainers":[{"email":"sebmck@gmail.com","name":"sebmck"},{"email":"daniel@tschinder.de","name":"danez"},{"email":"hi@henryzoo.com","name":"hzoo"},{"email":"loganfsmyth@gmail.com","name":"loganfsmyth"}],"_npmOperationalInternal":{"host":"s3://npm-registry-packages","tmp":"tmp/babel-plugin-syntax-trailing-function-commas-7.0.0-alpha.12.tgz_1496265106951_0.5122218879405409"},"directories":{}},"7.0.0-alpha.13":{"name":"babel-plugin-syntax-trailing-function-commas","version":"7.0.0-alpha.13","description":"Compile trailing function commas to ES5","repository":{"type":"git","url":"https://github.com/babel/babel/tree/master/packages/babel-plugin-syntax-trailing-function-commas"},"license":"MIT","main":"lib/index.js","keywords":["babel-plugin"],"dependencies":{},"devDependencies":{"babel-helper-plugin-test-runner":"7.0.0-alpha.13"},"_id":"babel-plugin-syntax-trailing-function-commas@7.0.0-alpha.13","scripts":{},"_shasum":"0a317d831fd3d42df70f86bb0774878205928a69","_from":".","_npmVersion":"4.6.1","_nodeVersion":"6.9.0","_npmUser":{"name":"hzoo","email":"hi@henryzoo.com"},"dist":{"shasum":"0a317d831fd3d42df70f86bb0774878205928a69","tarball":"https://registry.npmjs.org/babel-plugin-syntax-trailing-function-commas/-/babel-plugin-syntax-trailing-function-commas-7.0.0-alpha.13.tgz"},"maintainers":[{"email":"sebmck@gmail.com","name":"sebmck"},{"email":"daniel@tschinder.de","name":"danez"},{"email":"hi@henryzoo.com","name":"hzoo"},{"email":"loganfsmyth@gmail.com","name":"loganfsmyth"}],"_npmOperationalInternal":{"host":"s3://npm-registry-packages","tmp":"tmp/babel-plugin-syntax-trailing-function-commas-7.0.0-alpha.13.tgz_1499826491542_0.8188706655055285"},"directories":{}},"7.0.0-alpha.14":{"name":"babel-plugin-syntax-trailing-function-commas","version":"7.0.0-alpha.14","description":"Compile trailing function commas to ES5","repository":{"type":"git","url":"https://github.com/babel/babel/tree/master/packages/babel-plugin-syntax-trailing-function-commas"},"license":"MIT","main":"lib/index.js","keywords":["babel-plugin"],"dependencies":{},"devDependencies":{"babel-helper-plugin-test-runner":"7.0.0-alpha.14"},"_id":"babel-plugin-syntax-trailing-function-commas@7.0.0-alpha.14","scripts":{},"_shasum":"728ae37cbed787d304a6cca7aa79249b2f72c662","_from":".","_npmVersion":"4.6.1","_nodeVersion":"6.9.0","_npmUser":{"name":"hzoo","email":"hi@henryzoo.com"},"dist":{"shasum":"728ae37cbed787d304a6cca7aa79249b2f72c662","tarball":"https://registry.npmjs.org/babel-plugin-syntax-trailing-function-commas/-/babel-plugin-syntax-trailing-function-commas-7.0.0-alpha.14.tgz"},"maintainers":[{"email":"sebmck@gmail.com","name":"sebmck"},{"email":"daniel@tschinder.de","name":"danez"},{"email":"hi@henryzoo.com","name":"hzoo"},{"email":"loganfsmyth@gmail.com","name":"loganfsmyth"}],"_npmOperationalInternal":{"host":"s3://npm-registry-packages","tmp":"tmp/babel-plugin-syntax-trailing-function-commas-7.0.0-alpha.14.tgz_1499828003063_0.46408813120797276"},"directories":{}},"7.0.0-alpha.15":{"name":"babel-plugin-syntax-trailing-function-commas","version":"7.0.0-alpha.15","description":"Compile trailing function commas to ES5","repository":{"type":"git","url":"https://github.com/babel/babel/tree/master/packages/babel-plugin-syntax-trailing-function-commas"},"license":"MIT","main":"lib/index.js","keywords":["babel-plugin"],"dependencies":{},"devDependencies":{"babel-helper-plugin-test-runner":"7.0.0-alpha.15"},"_id":"babel-plugin-syntax-trailing-function-commas@7.0.0-alpha.15","scripts":{},"_shasum":"958e609f72c272387dee3335fe3f89e563d52981","_from":".","_npmVersion":"4.6.1","_nodeVersion":"6.9.0","_npmUser":{"name":"hzoo","email":"hi@henryzoo.com"},"dist":{"shasum":"958e609f72c272387dee3335fe3f89e563d52981","tarball":"https://registry.npmjs.org/babel-plugin-syntax-trailing-function-commas/-/babel-plugin-syntax-trailing-function-commas-7.0.0-alpha.15.tgz"},"maintainers":[{"email":"sebmck@gmail.com","name":"sebmck"},{"email":"daniel@tschinder.de","name":"danez"},{"email":"hi@henryzoo.com","name":"hzoo"},{"email":"loganfsmyth@gmail.com","name":"loganfsmyth"}],"_npmOperationalInternal":{"host":"s3://npm-registry-packages","tmp":"tmp/babel-plugin-syntax-trailing-function-commas-7.0.0-alpha.15.tgz_1499830537594_0.1306439032778144"},"directories":{}},"7.0.0-alpha.16":{"name":"babel-plugin-syntax-trailing-function-commas","version":"7.0.0-alpha.16","description":"Compile trailing function commas to ES5","repository":{"type":"git","url":"https://github.com/babel/babel/tree/master/packages/babel-plugin-syntax-trailing-function-commas"},"license":"MIT","main":"lib/index.js","keywords":["babel-plugin"],"dependencies":{},"devDependencies":{"babel-helper-plugin-test-runner":"7.0.0-alpha.16"},"_id":"babel-plugin-syntax-trailing-function-commas@7.0.0-alpha.16","scripts":{},"_shasum":"daed195b88dcc26db401d51a58d346808b8e4585","_from":".","_npmVersion":"4.6.1","_nodeVersion":"6.9.0","_npmUser":{"name":"hzoo","email":"hi@henryzoo.com"},"dist":{"shasum":"daed195b88dcc26db401d51a58d346808b8e4585","tarball":"https://registry.npmjs.org/babel-plugin-syntax-trailing-function-commas/-/babel-plugin-syntax-trailing-function-commas-7.0.0-alpha.16.tgz"},"maintainers":[{"email":"sebmck@gmail.com","name":"sebmck"},{"email":"daniel@tschinder.de","name":"danez"},{"email":"hi@henryzoo.com","name":"hzoo"},{"email":"loganfsmyth@gmail.com","name":"loganfsmyth"}],"_npmOperationalInternal":{"host":"s3://npm-registry-packages","tmp":"tmp/babel-plugin-syntax-trailing-function-commas-7.0.0-alpha.16.tgz_1501017449771_0.4894633209332824"},"directories":{}},"7.0.0-alpha.17":{"name":"babel-plugin-syntax-trailing-function-commas","version":"7.0.0-alpha.17","description":"Compile trailing function commas to ES5","repository":{"type":"git","url":"https://github.com/babel/babel/tree/master/packages/babel-plugin-syntax-trailing-function-commas"},"license":"MIT","main":"lib/index.js","keywords":["babel-plugin"],"dependencies":{},"devDependencies":{"babel-helper-plugin-test-runner":"7.0.0-alpha.17"},"_id":"babel-plugin-syntax-trailing-function-commas@7.0.0-alpha.17","scripts":{},"_shasum":"0a551b343bda4eb3490dfe88c34a76aad6677f48","_from":".","_npmVersion":"4.6.1","_nodeVersion":"6.9.0","_npmUser":{"name":"hzoo","email":"hi@henryzoo.com"},"dist":{"shasum":"0a551b343bda4eb3490dfe88c34a76aad6677f48","tarball":"https://registry.npmjs.org/babel-plugin-syntax-trailing-function-commas/-/babel-plugin-syntax-trailing-function-commas-7.0.0-alpha.17.tgz"},"maintainers":[{"email":"sebmck@gmail.com","name":"sebmck"},{"email":"daniel@tschinder.de","name":"danez"},{"email":"hi@henryzoo.com","name":"hzoo"},{"email":"loganfsmyth@gmail.com","name":"loganfsmyth"}],"_npmOperationalInternal":{"host":"s3://npm-registry-packages","tmp":"tmp/babel-plugin-syntax-trailing-function-commas-7.0.0-alpha.17.tgz_1501072738815_0.13873708434402943"},"directories":{}},"7.0.0-alpha.18":{"name":"babel-plugin-syntax-trailing-function-commas","version":"7.0.0-alpha.18","description":"Compile trailing function commas to ES5","repository":{"type":"git","url":"https://github.com/babel/babel/tree/master/packages/babel-plugin-syntax-trailing-function-commas"},"license":"MIT","main":"lib/index.js","keywords":["babel-plugin"],"dependencies":{},"devDependencies":{"babel-helper-plugin-test-runner":"7.0.0-alpha.18"},"_id":"babel-plugin-syntax-trailing-function-commas@7.0.0-alpha.18","_npmVersion":"5.3.0","_nodeVersion":"8.1.4","_npmUser":{"name":"hzoo","email":"hi@henryzoo.com"},"dist":{"integrity":"sha512-NgGUPPTO5B4zw4ODKRDu7R+YkhOcgqX+ZE+Lf8F1B+vUTrk8EJkUiV2BnlC01+UlIQidffPYCHI59UdSjUft0w==","shasum":"e97d873b5309b0bf0a48d9e5e8571f0e520134b8","tarball":"https://registry.npmjs.org/babel-plugin-syntax-trailing-function-commas/-/babel-plugin-syntax-trailing-function-commas-7.0.0-alpha.18.tgz"},"maintainers":[{"email":"me@thejameskyle.com","name":"thejameskyle"},{"email":"sebmck@gmail.com","name":"sebmck"},{"email":"daniel@tschinder.de","name":"danez"},{"email":"hi@henryzoo.com","name":"hzoo"},{"email":"loganfsmyth@gmail.com","name":"loganfsmyth"}],"_npmOperationalInternal":{"host":"s3://npm-registry-packages","tmp":"tmp/babel-plugin-syntax-trailing-function-commas-7.0.0-alpha.18.tgz_1501798847306_0.11002776818349957"},"directories":{}},"7.0.0-alpha.19":{"name":"babel-plugin-syntax-trailing-function-commas","version":"7.0.0-alpha.19","description":"Compile trailing function commas to ES5","repository":{"type":"git","url":"https://github.com/babel/babel/tree/master/packages/babel-plugin-syntax-trailing-function-commas"},"license":"MIT","main":"lib/index.js","keywords":["babel-plugin"],"devDependencies":{"babel-helper-plugin-test-runner":"7.0.0-alpha.19"},"_id":"babel-plugin-syntax-trailing-function-commas@7.0.0-alpha.19","_npmVersion":"5.3.0","_nodeVersion":"8.1.4","_npmUser":{"name":"hzoo","email":"hi@henryzoo.com"},"dist":{"integrity":"sha512-3QfJjQdzi2IERdmrEAoOdPPROX5jx2pnqh9Ao4qr3NGx8j9XnfTpIF/YRBu/P1PtaDCtTT8Mtw7AH72QKPr7kQ==","shasum":"5a7d09bc12f96caa3950262a50f5f25ae3aa2173","tarball":"https://registry.npmjs.org/babel-plugin-syntax-trailing-function-commas/-/babel-plugin-syntax-trailing-function-commas-7.0.0-alpha.19.tgz"},"maintainers":[{"email":"me@thejameskyle.com","name":"thejameskyle"},{"email":"sebmck@gmail.com","name":"sebmck"},{"email":"daniel@tschinder.de","name":"danez"},{"email":"hi@henryzoo.com","name":"hzoo"},{"email":"loganfsmyth@gmail.com","name":"loganfsmyth"}],"_npmOperationalInternal":{"host":"s3://npm-registry-packages","tmp":"tmp/babel-plugin-syntax-trailing-function-commas-7.0.0-alpha.19.tgz_1502144482810_0.7381294115912169"},"directories":{}},"7.0.0-alpha.20":{"name":"babel-plugin-syntax-trailing-function-commas","version":"7.0.0-alpha.20","description":"Compile trailing function commas to ES5","repository":{"type":"git","url":"https://github.com/babel/babel/tree/master/packages/babel-plugin-syntax-trailing-function-commas"},"license":"MIT","main":"lib/index.js","keywords":["babel-plugin"],"devDependencies":{"babel-helper-plugin-test-runner":"7.0.0-alpha.20"},"_id":"babel-plugin-syntax-trailing-function-commas@7.0.0-alpha.20","_npmVersion":"5.3.0","_nodeVersion":"8.1.4","_npmUser":{"name":"hzoo","email":"hi@henryzoo.com"},"dist":{"integrity":"sha512-i3EyTaVDWQIphN+gGBcLeuLpaxD28JWI9Jn+tRdteUAf7ROgwv2Do4KLdPRUepHnmeoZ6winXjb9yrrBXgjBbQ==","shasum":"f56865239ecf2308e969b1fc0030cbb5816e52b1","tarball":"https://registry.npmjs.org/babel-plugin-syntax-trailing-function-commas/-/babel-plugin-syntax-trailing-function-commas-7.0.0-alpha.20.tgz"},"maintainers":[{"email":"me@thejameskyle.com","name":"thejameskyle"},{"email":"sebmck@gmail.com","name":"sebmck"},{"email":"daniel@tschinder.de","name":"danez"},{"email":"hi@henryzoo.com","name":"hzoo"},{"email":"loganfsmyth@gmail.com","name":"loganfsmyth"}],"_npmOperationalInternal":{"host":"s3://npm-registry-packages","tmp":"tmp/babel-plugin-syntax-trailing-function-commas-7.0.0-alpha.20.tgz_1504119111788_0.6386048244312406"},"directories":{}},"7.0.0-beta.0":{"name":"babel-plugin-syntax-trailing-function-commas","version":"7.0.0-beta.0","description":"Compile trailing function commas to ES5","repository":{"type":"git","url":"https://github.com/babel/babel/tree/master/packages/babel-plugin-syntax-trailing-function-commas"},"license":"MIT","main":"lib/index.js","keywords":["babel-plugin"],"devDependencies":{"babel-helper-plugin-test-runner":"7.0.0-beta.0"},"_id":"babel-plugin-syntax-trailing-function-commas@7.0.0-beta.0","_npmVersion":"5.3.0","_nodeVersion":"8.1.4","_npmUser":{"name":"hzoo","email":"hi@henryzoo.com"},"dist":{"integrity":"sha512-Xj9XuRuz3nTSbaTXWv3itLOcxyF4oPD8douBBmj7U9BBC6nEBYfyOJYQMf/8PJAFotC62UY5dFfIGEPr7WswzQ==","shasum":"aa213c1435e2bffeb6fca842287ef534ad05d5cf","tarball":"https://registry.npmjs.org/babel-plugin-syntax-trailing-function-commas/-/babel-plugin-syntax-trailing-function-commas-7.0.0-beta.0.tgz"},"maintainers":[{"email":"me@thejameskyle.com","name":"thejameskyle"},{"email":"sebmck@gmail.com","name":"sebmck"},{"email":"daniel@tschinder.de","name":"danez"},{"email":"hi@henryzoo.com","name":"hzoo"},{"email":"loganfsmyth@gmail.com","name":"loganfsmyth"}],"_npmOperationalInternal":{"host":"s3://npm-registry-packages","tmp":"tmp/babel-plugin-syntax-trailing-function-commas-7.0.0-beta.0.tgz_1505185317110_0.1527148145250976"},"directories":{}}},"readme":"# babel-plugin-syntax-trailing-function-commas\n\nCompile trailing function commas to ES5\n\n## Installation\n\n```sh\n$ npm install babel-plugin-syntax-trailing-function-commas\n```\n\n## Usage\n\n### Via `.babelrc` (Recommended)\n\n**.babelrc**\n\n```json\n{\n  \"plugins\": [\"syntax-trailing-function-commas\"]\n}\n```\n\n### Via CLI\n\n```sh\n$ babel --plugins syntax-trailing-function-commas script.js\n```\n\n### Via Node API\n\n```javascript\nrequire(\"babel-core\").transform(\"code\", {\n  plugins: [\"syntax-trailing-function-commas\"]\n});\n```\n","maintainers":[{"email":"bng412@gmail.com","name":"existentialism"},{"email":"me@thejameskyle.com","name":"thejameskyle"},{"email":"sebmck@gmail.com","name":"sebmck"},{"email":"daniel@tschinder.de","name":"danez"},{"email":"hi@henryzoo.com","name":"hzoo"},{"email":"loganfsmyth@gmail.com","name":"loganfsmyth"}],"time":{"modified":"2017-09-19T22:52:59.772Z","created":"2015-10-29T18:11:58.466Z","6.0.2":"2015-10-29T18:11:58.466Z","6.0.14":"2015-10-30T23:35:39.616Z","6.1.4":"2015-11-11T10:13:21.473Z","6.1.5":"2015-11-12T06:54:41.550Z","6.1.10":"2015-11-12T07:54:30.568Z","6.1.13":"2015-11-12T19:59:12.421Z","6.1.16":"2015-11-12T21:36:35.385Z","6.1.17":"2015-11-12T21:41:45.509Z","6.1.18":"2015-11-12T21:48:43.093Z","6.2.4":"2015-11-25T03:13:58.025Z","6.3.13":"2015-12-04T11:58:32.825Z","6.5.0":"2016-02-07T00:07:22.188Z","6.5.0-1":"2016-02-07T02:40:12.315Z","6.8.0":"2016-05-02T23:44:27.152Z","6.13.0":"2016-08-04T23:35:03.776Z","6.20.0":"2016-12-08T23:25:45.508Z","6.22.0":"2017-01-20T00:33:42.621Z","7.0.0-alpha.1":"2017-03-02T21:05:01.323Z","7.0.0-alpha.3":"2017-03-23T19:49:12.962Z","7.0.0-alpha.7":"2017-04-05T21:13:29.812Z","7.0.0-alpha.8":"2017-04-17T19:12:33.693Z","7.0.0-alpha.9":"2017-04-18T14:41:43.240Z","7.0.0-alpha.10":"2017-05-25T19:17:11.955Z","7.0.0-alpha.11":"2017-05-31T20:43:33.057Z","7.0.0-alpha.12":"2017-05-31T21:11:47.023Z","7.0.0-alpha.13":"2017-07-12T02:28:12.482Z","7.0.0-alpha.14":"2017-07-12T02:53:24.040Z","7.0.0-alpha.15":"2017-07-12T03:35:38.594Z","7.0.0-alpha.16":"2017-07-25T21:17:30.678Z","7.0.0-alpha.17":"2017-07-26T12:38:59.768Z","7.0.0-alpha.18":"2017-08-03T22:20:47.367Z","7.0.0-alpha.19":"2017-08-07T22:21:22.973Z","7.0.0-alpha.20":"2017-08-30T18:51:51.886Z","7.0.0-beta.0":"2017-09-12T03:01:58.059Z"},"keywords":["babel-plugin"],"repository":{"type":"git","url":"https://github.com/babel/babel/tree/master/packages/babel-plugin-syntax-trailing-function-commas"},"license":"MIT","readmeFilename":"README.md","_attachments":{},"_etag":"W/\"297afab35125b3793d64e0caa8134664\"","_lastModified":"Sat, 26 May 2018 01:37:31 GMT"}