{"_id":"babel-helper-optimise-call-expression","_rev":"74-584e5bd31699b7c6bceb2dcca4ff838a","name":"babel-helper-optimise-call-expression","description":"Helper function to optimise call expression","dist-tags":{"latest":"6.24.1","next":"7.0.0-beta.3"},"versions":{"6.0.0":{"name":"babel-helper-optimise-call-expression","version":"6.0.0","description":"## Usage","repository":{"type":"git","url":"git+https://github.com/babel/babel.git"},"license":"MIT","main":"lib/index.js","dependencies":{"babel-runtime":"^6.0.0","babel-types":"^6.0.0"},"bugs":{"url":"https://github.com/babel/babel/issues"},"homepage":"https://github.com/babel/babel#readme","_id":"babel-helper-optimise-call-expression@6.0.0","scripts":{},"_shasum":"c1476e05e950e67f40b8423cea75b6613f8c7aeb","_from":".","_npmVersion":"2.14.3","_nodeVersion":"4.1.0","_npmUser":{"name":"sebmck","email":"sebmck@gmail.com"},"dist":{"shasum":"c1476e05e950e67f40b8423cea75b6613f8c7aeb","tarball":"https://registry.npmjs.org/babel-helper-optimise-call-expression/-/babel-helper-optimise-call-expression-6.0.0.tgz"},"maintainers":[{"name":"sebmck","email":"sebmck@gmail.com"}],"directories":{}},"6.0.2":{"name":"babel-helper-optimise-call-expression","version":"6.0.2","description":"## Usage","repository":{"type":"git","url":"git+https://github.com/babel/babel.git"},"license":"MIT","main":"lib/index.js","dependencies":{"babel-runtime":"^6.0.2","babel-types":"^6.0.2"},"bugs":{"url":"https://github.com/babel/babel/issues"},"homepage":"https://github.com/babel/babel#readme","_id":"babel-helper-optimise-call-expression@6.0.2","scripts":{},"_shasum":"68c78d64d65a9f5346f4c3231d7f3c822839f4dd","_from":".","_npmVersion":"2.14.3","_nodeVersion":"4.1.0","_npmUser":{"name":"sebmck","email":"sebmck@gmail.com"},"dist":{"shasum":"68c78d64d65a9f5346f4c3231d7f3c822839f4dd","tarball":"https://registry.npmjs.org/babel-helper-optimise-call-expression/-/babel-helper-optimise-call-expression-6.0.2.tgz"},"maintainers":[{"name":"sebmck","email":"sebmck@gmail.com"}],"directories":{}},"6.0.14":{"name":"babel-helper-optimise-call-expression","version":"6.0.14","description":"## Usage","repository":{"type":"git","url":"https://github.com/babel/babel/tree/master/packages/babel-helper-optimise-call-expression"},"license":"MIT","main":"lib/index.js","dependencies":{"babel-runtime":"^5.0.0","babel-types":"^6.0.14"},"_id":"babel-helper-optimise-call-expression@6.0.14","scripts":{},"_shasum":"07961d974c1e9fce385fc315b27c88f63071a80b","_from":".","_npmVersion":"2.14.9","_nodeVersion":"4.1.0","_npmUser":{"name":"sebmck","email":"sebmck@gmail.com"},"dist":{"shasum":"07961d974c1e9fce385fc315b27c88f63071a80b","tarball":"https://registry.npmjs.org/babel-helper-optimise-call-expression/-/babel-helper-optimise-call-expression-6.0.14.tgz"},"maintainers":[{"name":"sebmck","email":"sebmck@gmail.com"}],"directories":{}},"6.0.15":{"name":"babel-helper-optimise-call-expression","version":"6.0.15","description":"## Usage","repository":{"type":"git","url":"https://github.com/babel/babel/tree/master/packages/babel-helper-optimise-call-expression"},"license":"MIT","main":"lib/index.js","dependencies":{"babel-runtime":"^5.0.0","babel-types":"^6.0.15"},"_id":"babel-helper-optimise-call-expression@6.0.15","scripts":{},"_shasum":"655048b0680595c23b66594a0166c6ad49fd241b","_from":".","_npmVersion":"2.14.9","_nodeVersion":"4.1.0","_npmUser":{"name":"sebmck","email":"sebmck@gmail.com"},"dist":{"shasum":"655048b0680595c23b66594a0166c6ad49fd241b","tarball":"https://registry.npmjs.org/babel-helper-optimise-call-expression/-/babel-helper-optimise-call-expression-6.0.15.tgz"},"maintainers":[{"name":"sebmck","email":"sebmck@gmail.com"}],"directories":{}},"6.1.5":{"name":"babel-helper-optimise-call-expression","version":"6.1.5","description":"## Usage","repository":{"type":"git","url":"https://github.com/babel/babel/tree/master/packages/babel-helper-optimise-call-expression"},"license":"MIT","main":"lib/index.js","dependencies":{"babel-runtime":"^5.0.0","babel-types":"^6.1.5"},"_id":"babel-helper-optimise-call-expression@6.1.5","scripts":{},"_shasum":"056fe3dd9a2f1f588f35555aad35b727478cea95","_from":".","_npmVersion":"3.3.10","_nodeVersion":"4.1.0","_npmUser":{"name":"sebmck","email":"sebmck@gmail.com"},"dist":{"shasum":"056fe3dd9a2f1f588f35555aad35b727478cea95","tarball":"https://registry.npmjs.org/babel-helper-optimise-call-expression/-/babel-helper-optimise-call-expression-6.1.5.tgz"},"maintainers":[{"name":"sebmck","email":"sebmck@gmail.com"}],"directories":{}},"6.1.6":{"name":"babel-helper-optimise-call-expression","version":"6.1.6","description":"## Usage","repository":{"type":"git","url":"https://github.com/babel/babel/tree/master/packages/babel-helper-optimise-call-expression"},"license":"MIT","main":"lib/index.js","dependencies":{"babel-runtime":"^5.0.0","babel-types":"^6.1.6"},"_id":"babel-helper-optimise-call-expression@6.1.6","scripts":{},"_shasum":"5432ce25443b7c3e5a72433a536a66b3de135832","_from":".","_npmVersion":"3.3.10","_nodeVersion":"4.1.0","_npmUser":{"name":"sebmck","email":"sebmck@gmail.com"},"dist":{"shasum":"5432ce25443b7c3e5a72433a536a66b3de135832","tarball":"https://registry.npmjs.org/babel-helper-optimise-call-expression/-/babel-helper-optimise-call-expression-6.1.6.tgz"},"maintainers":[{"name":"amasad","email":"amjad.masad@gmail.com"},{"name":"sebmck","email":"sebmck@gmail.com"},{"name":"thejameskyle","email":"me@thejameskyle.com"}],"directories":{}},"6.1.7":{"name":"babel-helper-optimise-call-expression","version":"6.1.7","description":"## Usage","repository":{"type":"git","url":"https://github.com/babel/babel/tree/master/packages/babel-helper-optimise-call-expression"},"license":"MIT","main":"lib/index.js","dependencies":{"babel-runtime":"^5.0.0","babel-types":"^6.1.7"},"_id":"babel-helper-optimise-call-expression@6.1.7","scripts":{},"_shasum":"7176aed6c858979b161b4e9f202ab849d0b76201","_from":".","_npmVersion":"3.3.10","_nodeVersion":"4.1.0","_npmUser":{"name":"sebmck","email":"sebmck@gmail.com"},"dist":{"shasum":"7176aed6c858979b161b4e9f202ab849d0b76201","tarball":"https://registry.npmjs.org/babel-helper-optimise-call-expression/-/babel-helper-optimise-call-expression-6.1.7.tgz"},"maintainers":[{"name":"amasad","email":"amjad.masad@gmail.com"},{"name":"sebmck","email":"sebmck@gmail.com"},{"name":"thejameskyle","email":"me@thejameskyle.com"}],"directories":{}},"6.1.8":{"name":"babel-helper-optimise-call-expression","version":"6.1.8","description":"## Usage","repository":{"type":"git","url":"https://github.com/babel/babel/tree/master/packages/babel-helper-optimise-call-expression"},"license":"MIT","main":"lib/index.js","dependencies":{"babel-runtime":"^5.0.0","babel-types":"^6.1.8"},"_id":"babel-helper-optimise-call-expression@6.1.8","scripts":{},"_shasum":"9c391d83b0d0cec073d66d6264aeb8faa75cb2d1","_from":".","_npmVersion":"3.3.10","_nodeVersion":"4.1.0","_npmUser":{"name":"sebmck","email":"sebmck@gmail.com"},"dist":{"shasum":"9c391d83b0d0cec073d66d6264aeb8faa75cb2d1","tarball":"https://registry.npmjs.org/babel-helper-optimise-call-expression/-/babel-helper-optimise-call-expression-6.1.8.tgz"},"maintainers":[{"name":"amasad","email":"amjad.masad@gmail.com"},{"name":"sebmck","email":"sebmck@gmail.com"},{"name":"thejameskyle","email":"me@thejameskyle.com"}],"directories":{}},"6.1.9":{"name":"babel-helper-optimise-call-expression","version":"6.1.9","description":"## Usage","repository":{"type":"git","url":"https://github.com/babel/babel/tree/master/packages/babel-helper-optimise-call-expression"},"license":"MIT","main":"lib/index.js","dependencies":{"babel-runtime":"^5.0.0","babel-types":"^6.1.9"},"_id":"babel-helper-optimise-call-expression@6.1.9","scripts":{},"_shasum":"d4b606a1ad14bb6a0e8b9759693e6c4da70b2142","_from":".","_npmVersion":"3.3.10","_nodeVersion":"4.1.0","_npmUser":{"name":"sebmck","email":"sebmck@gmail.com"},"dist":{"shasum":"d4b606a1ad14bb6a0e8b9759693e6c4da70b2142","tarball":"https://registry.npmjs.org/babel-helper-optimise-call-expression/-/babel-helper-optimise-call-expression-6.1.9.tgz"},"maintainers":[{"name":"amasad","email":"amjad.masad@gmail.com"},{"name":"sebmck","email":"sebmck@gmail.com"},{"name":"thejameskyle","email":"me@thejameskyle.com"}],"directories":{}},"6.1.10":{"name":"babel-helper-optimise-call-expression","version":"6.1.10","description":"## Usage","repository":{"type":"git","url":"https://github.com/babel/babel/tree/master/packages/babel-helper-optimise-call-expression"},"license":"MIT","main":"lib/index.js","dependencies":{"babel-runtime":"^5.0.0","babel-types":"^6.1.10"},"_id":"babel-helper-optimise-call-expression@6.1.10","scripts":{},"_shasum":"85dc7b8d0dd4e2b15ac82c7a2d49e0cdf1208ee8","_from":".","_npmVersion":"3.3.10","_nodeVersion":"4.1.0","_npmUser":{"name":"sebmck","email":"sebmck@gmail.com"},"dist":{"shasum":"85dc7b8d0dd4e2b15ac82c7a2d49e0cdf1208ee8","tarball":"https://registry.npmjs.org/babel-helper-optimise-call-expression/-/babel-helper-optimise-call-expression-6.1.10.tgz"},"maintainers":[{"name":"amasad","email":"amjad.masad@gmail.com"},{"name":"sebmck","email":"sebmck@gmail.com"},{"name":"thejameskyle","email":"me@thejameskyle.com"}],"directories":{}},"6.1.12":{"name":"babel-helper-optimise-call-expression","version":"6.1.12","description":"## Usage","repository":{"type":"git","url":"https://github.com/babel/babel/tree/master/packages/babel-helper-optimise-call-expression"},"license":"MIT","main":"lib/index.js","dependencies":{"babel-runtime":"^5.0.0","babel-types":"^6.1.12"},"_id":"babel-helper-optimise-call-expression@6.1.12","scripts":{},"_shasum":"216c0363adfc8dded51ddf0402467ee0fdebe64a","_from":".","_npmVersion":"3.3.10","_nodeVersion":"4.1.0","_npmUser":{"name":"sebmck","email":"sebmck@gmail.com"},"dist":{"shasum":"216c0363adfc8dded51ddf0402467ee0fdebe64a","tarball":"https://registry.npmjs.org/babel-helper-optimise-call-expression/-/babel-helper-optimise-call-expression-6.1.12.tgz"},"maintainers":[{"name":"amasad","email":"amjad.masad@gmail.com"},{"name":"sebmck","email":"sebmck@gmail.com"},{"name":"thejameskyle","email":"me@thejameskyle.com"}],"directories":{}},"6.1.13":{"name":"babel-helper-optimise-call-expression","version":"6.1.13","description":"## Usage","repository":{"type":"git","url":"https://github.com/babel/babel/tree/master/packages/babel-helper-optimise-call-expression"},"license":"MIT","main":"lib/index.js","dependencies":{"babel-runtime":"^5.0.0","babel-types":"^6.1.13"},"_id":"babel-helper-optimise-call-expression@6.1.13","scripts":{},"_shasum":"d2e3c4cd98165f738f5ba3e4a069345985edef13","_from":".","_npmVersion":"3.3.10","_nodeVersion":"4.1.0","_npmUser":{"name":"sebmck","email":"sebmck@gmail.com"},"dist":{"shasum":"d2e3c4cd98165f738f5ba3e4a069345985edef13","tarball":"https://registry.npmjs.org/babel-helper-optimise-call-expression/-/babel-helper-optimise-call-expression-6.1.13.tgz"},"maintainers":[{"name":"amasad","email":"amjad.masad@gmail.com"},{"name":"sebmck","email":"sebmck@gmail.com"},{"name":"thejameskyle","email":"me@thejameskyle.com"}],"directories":{}},"6.1.16":{"name":"babel-helper-optimise-call-expression","version":"6.1.16","description":"## Usage","repository":{"type":"git","url":"https://github.com/babel/babel/tree/master/packages/babel-helper-optimise-call-expression"},"license":"MIT","main":"lib/index.js","dependencies":{"babel-runtime":"^5.0.0","babel-types":"^6.1.16"},"_id":"babel-helper-optimise-call-expression@6.1.16","scripts":{},"_shasum":"9cc5ffc373b6af41f9e81b345a9ad20c160d2af8","_from":".","_npmVersion":"3.3.10","_nodeVersion":"4.1.0","_npmUser":{"name":"sebmck","email":"sebmck@gmail.com"},"dist":{"shasum":"9cc5ffc373b6af41f9e81b345a9ad20c160d2af8","tarball":"https://registry.npmjs.org/babel-helper-optimise-call-expression/-/babel-helper-optimise-call-expression-6.1.16.tgz"},"maintainers":[{"name":"amasad","email":"amjad.masad@gmail.com"},{"name":"sebmck","email":"sebmck@gmail.com"},{"name":"thejameskyle","email":"me@thejameskyle.com"}],"directories":{}},"6.1.17":{"name":"babel-helper-optimise-call-expression","version":"6.1.17","description":"## Usage","repository":{"type":"git","url":"https://github.com/babel/babel/tree/master/packages/babel-helper-optimise-call-expression"},"license":"MIT","main":"lib/index.js","dependencies":{"babel-runtime":"^5.0.0","babel-types":"^6.1.17"},"_id":"babel-helper-optimise-call-expression@6.1.17","scripts":{},"_shasum":"c43691920b1bf5f9ddee350ea591d185ed7adb5b","_from":".","_npmVersion":"3.3.10","_nodeVersion":"4.1.0","_npmUser":{"name":"sebmck","email":"sebmck@gmail.com"},"dist":{"shasum":"c43691920b1bf5f9ddee350ea591d185ed7adb5b","tarball":"https://registry.npmjs.org/babel-helper-optimise-call-expression/-/babel-helper-optimise-call-expression-6.1.17.tgz"},"maintainers":[{"name":"amasad","email":"amjad.masad@gmail.com"},{"name":"sebmck","email":"sebmck@gmail.com"},{"name":"thejameskyle","email":"me@thejameskyle.com"}],"directories":{}},"6.1.18":{"name":"babel-helper-optimise-call-expression","version":"6.1.18","description":"## Usage","repository":{"type":"git","url":"https://github.com/babel/babel/tree/master/packages/babel-helper-optimise-call-expression"},"license":"MIT","main":"lib/index.js","dependencies":{"babel-runtime":"^5.0.0","babel-types":"^6.1.18"},"_id":"babel-helper-optimise-call-expression@6.1.18","scripts":{},"_shasum":"b595d6285cea9664daea12975a9261f9478bf01f","_from":".","_npmVersion":"3.3.10","_nodeVersion":"4.1.0","_npmUser":{"name":"sebmck","email":"sebmck@gmail.com"},"dist":{"shasum":"b595d6285cea9664daea12975a9261f9478bf01f","tarball":"https://registry.npmjs.org/babel-helper-optimise-call-expression/-/babel-helper-optimise-call-expression-6.1.18.tgz"},"maintainers":[{"name":"amasad","email":"amjad.masad@gmail.com"},{"name":"sebmck","email":"sebmck@gmail.com"},{"name":"thejameskyle","email":"me@thejameskyle.com"}],"directories":{}},"6.2.4":{"name":"babel-helper-optimise-call-expression","version":"6.2.4","description":"## Usage","repository":{"type":"git","url":"https://github.com/babel/babel/tree/master/packages/babel-helper-optimise-call-expression"},"license":"MIT","main":"lib/index.js","dependencies":{"babel-runtime":"^5.0.0","babel-types":"^6.2.4"},"_id":"babel-helper-optimise-call-expression@6.2.4","scripts":{},"_shasum":"3fd6dbbeb3e0430e8287befb521633400e29cf3d","_from":".","_npmVersion":"3.3.10","_nodeVersion":"4.1.0","_npmUser":{"name":"sebmck","email":"sebmck@gmail.com"},"dist":{"shasum":"3fd6dbbeb3e0430e8287befb521633400e29cf3d","tarball":"https://registry.npmjs.org/babel-helper-optimise-call-expression/-/babel-helper-optimise-call-expression-6.2.4.tgz"},"maintainers":[{"name":"amasad","email":"amjad.masad@gmail.com"},{"name":"sebmck","email":"sebmck@gmail.com"},{"name":"thejameskyle","email":"me@thejameskyle.com"}],"directories":{}},"6.3.13":{"name":"babel-helper-optimise-call-expression","version":"6.3.13","description":"## Usage","repository":{"type":"git","url":"https://github.com/babel/babel/tree/master/packages/babel-helper-optimise-call-expression"},"license":"MIT","main":"lib/index.js","dependencies":{"babel-runtime":"^5.0.0","babel-types":"^6.3.13"},"_id":"babel-helper-optimise-call-expression@6.3.13","scripts":{},"_shasum":"de7e16e59b3abd3f56af0322d5e73f8eb9fcb39c","_from":".","_npmVersion":"3.3.10","_nodeVersion":"4.1.0","_npmUser":{"name":"sebmck","email":"sebmck@gmail.com"},"dist":{"shasum":"de7e16e59b3abd3f56af0322d5e73f8eb9fcb39c","tarball":"https://registry.npmjs.org/babel-helper-optimise-call-expression/-/babel-helper-optimise-call-expression-6.3.13.tgz"},"maintainers":[{"name":"amasad","email":"amjad.masad@gmail.com"},{"name":"hzoo","email":"hi@henryzoo.com"},{"name":"jmm","email":"npm-public@jessemccarthy.net"},{"name":"loganfsmyth","email":"loganfsmyth@gmail.com"},{"name":"sebmck","email":"sebmck@gmail.com"},{"name":"thejameskyle","email":"me@thejameskyle.com"}],"directories":{}},"6.5.0":{"name":"babel-helper-optimise-call-expression","version":"6.5.0","description":"## Usage","repository":{"type":"git","url":"https://github.com/babel/babel/tree/master/packages/babel-helper-optimise-call-expression"},"license":"MIT","main":"lib/index.js","dependencies":{"babel-runtime":"^5.0.0","babel-types":"^6.3.13"},"_id":"babel-helper-optimise-call-expression@6.5.0","scripts":{},"_shasum":"007b3da4e8187c9626bfc5f7a19c5bf43d3103a6","_from":".","_npmVersion":"3.6.0","_nodeVersion":"5.1.0","_npmUser":{"name":"hzoo","email":"hi@henryzoo.com"},"dist":{"shasum":"007b3da4e8187c9626bfc5f7a19c5bf43d3103a6","tarball":"https://registry.npmjs.org/babel-helper-optimise-call-expression/-/babel-helper-optimise-call-expression-6.5.0.tgz"},"maintainers":[{"name":"amasad","email":"amjad.masad@gmail.com"},{"name":"hzoo","email":"hi@henryzoo.com"},{"name":"jmm","email":"npm-public@jessemccarthy.net"},{"name":"loganfsmyth","email":"loganfsmyth@gmail.com"},{"name":"sebmck","email":"sebmck@gmail.com"},{"name":"thejameskyle","email":"me@thejameskyle.com"}],"_npmOperationalInternal":{"host":"packages-9-west.internal.npmjs.com","tmp":"tmp/babel-helper-optimise-call-expression-6.5.0.tgz_1454803619798_0.17073893640190363"},"directories":{}},"6.5.0-1":{"name":"babel-helper-optimise-call-expression","version":"6.5.0-1","description":"## Usage","repository":{"type":"git","url":"https://github.com/babel/babel/tree/master/packages/babel-helper-optimise-call-expression"},"license":"MIT","main":"lib/index.js","dependencies":{"babel-runtime":"^5.0.0","babel-types":"^6.5.0-1"},"_id":"babel-helper-optimise-call-expression@6.5.0-1","scripts":{},"_shasum":"30ef0900e7362ee2b4a0079507c9094a6535c612","_from":".","_npmVersion":"3.6.0","_nodeVersion":"5.1.0","_npmUser":{"name":"hzoo","email":"hi@henryzoo.com"},"dist":{"shasum":"30ef0900e7362ee2b4a0079507c9094a6535c612","tarball":"https://registry.npmjs.org/babel-helper-optimise-call-expression/-/babel-helper-optimise-call-expression-6.5.0-1.tgz"},"maintainers":[{"name":"amasad","email":"amjad.masad@gmail.com"},{"name":"hzoo","email":"hi@henryzoo.com"},{"name":"jmm","email":"npm-public@jessemccarthy.net"},{"name":"loganfsmyth","email":"loganfsmyth@gmail.com"},{"name":"sebmck","email":"sebmck@gmail.com"},{"name":"thejameskyle","email":"me@thejameskyle.com"}],"_npmOperationalInternal":{"host":"packages-5-east.internal.npmjs.com","tmp":"tmp/babel-helper-optimise-call-expression-6.5.0-1.tgz_1454812786789_0.8623022709507495"},"directories":{}},"6.6.0":{"name":"babel-helper-optimise-call-expression","version":"6.6.0","description":"## Usage","repository":{"type":"git","url":"https://github.com/babel/babel/tree/master/packages/babel-helper-optimise-call-expression"},"license":"MIT","main":"lib/index.js","dependencies":{"babel-runtime":"^5.0.0","babel-types":"^6.6.0"},"_id":"babel-helper-optimise-call-expression@6.6.0","scripts":{},"_shasum":"cd0f755178aa02dc930d68eb4c760b476bc4b98f","_from":".","_npmVersion":"3.6.0","_nodeVersion":"5.1.0","_npmUser":{"name":"hzoo","email":"hi@henryzoo.com"},"dist":{"shasum":"cd0f755178aa02dc930d68eb4c760b476bc4b98f","tarball":"https://registry.npmjs.org/babel-helper-optimise-call-expression/-/babel-helper-optimise-call-expression-6.6.0.tgz"},"maintainers":[{"name":"amasad","email":"amjad.masad@gmail.com"},{"name":"hzoo","email":"hi@henryzoo.com"},{"name":"jmm","email":"npm-public@jessemccarthy.net"},{"name":"loganfsmyth","email":"loganfsmyth@gmail.com"},{"name":"sebmck","email":"sebmck@gmail.com"},{"name":"thejameskyle","email":"me@thejameskyle.com"}],"_npmOperationalInternal":{"host":"packages-9-west.internal.npmjs.com","tmp":"tmp/babel-helper-optimise-call-expression-6.6.0.tgz_1456780348112_0.49601022875867784"},"directories":{}},"6.8.0":{"name":"babel-helper-optimise-call-expression","version":"6.8.0","description":"## Usage","repository":{"type":"git","url":"https://github.com/babel/babel/tree/master/packages/babel-helper-optimise-call-expression"},"license":"MIT","main":"lib/index.js","dependencies":{"babel-runtime":"^6.0.0","babel-types":"^6.8.0"},"_id":"babel-helper-optimise-call-expression@6.8.0","scripts":{},"_shasum":"4175628e9c89fc36174904f27070f29d38567f06","_from":".","_npmVersion":"3.8.6","_nodeVersion":"5.1.0","_npmUser":{"name":"hzoo","email":"hi@henryzoo.com"},"maintainers":[{"name":"amasad","email":"amjad.masad@gmail.com"},{"name":"hzoo","email":"hi@henryzoo.com"},{"name":"jmm","email":"npm-public@jessemccarthy.net"},{"name":"loganfsmyth","email":"loganfsmyth@gmail.com"},{"name":"sebmck","email":"sebmck@gmail.com"},{"name":"thejameskyle","email":"me@thejameskyle.com"}],"dist":{"shasum":"4175628e9c89fc36174904f27070f29d38567f06","tarball":"https://registry.npmjs.org/babel-helper-optimise-call-expression/-/babel-helper-optimise-call-expression-6.8.0.tgz"},"_npmOperationalInternal":{"host":"packages-16-east.internal.npmjs.com","tmp":"tmp/babel-helper-optimise-call-expression-6.8.0.tgz_1462232645137_0.9850677545182407"},"directories":{}},"6.18.0":{"name":"babel-helper-optimise-call-expression","version":"6.18.0","description":"Helper function to optimise call expression","repository":{"type":"git","url":"https://github.com/babel/babel/tree/master/packages/babel-helper-optimise-call-expression"},"license":"MIT","main":"lib/index.js","dependencies":{"babel-runtime":"^6.0.0","babel-types":"^6.18.0"},"_id":"babel-helper-optimise-call-expression@6.18.0","scripts":{},"_shasum":"9261d0299ee1a4f08a6dd28b7b7c777348fd8f0f","_from":".","_npmVersion":"3.10.8","_nodeVersion":"6.9.0","_npmUser":{"name":"hzoo","email":"hi@henryzoo.com"},"dist":{"shasum":"9261d0299ee1a4f08a6dd28b7b7c777348fd8f0f","tarball":"https://registry.npmjs.org/babel-helper-optimise-call-expression/-/babel-helper-optimise-call-expression-6.18.0.tgz"},"maintainers":[{"name":"amasad","email":"amjad.masad@gmail.com"},{"name":"hzoo","email":"hi@henryzoo.com"},{"name":"jmm","email":"npm-public@jessemccarthy.net"},{"name":"loganfsmyth","email":"loganfsmyth@gmail.com"},{"name":"sebmck","email":"sebmck@gmail.com"},{"name":"thejameskyle","email":"me@thejameskyle.com"}],"_npmOperationalInternal":{"host":"packages-18-east.internal.npmjs.com","tmp":"tmp/babel-helper-optimise-call-expression-6.18.0.tgz_1477343927840_0.06359984679147601"},"directories":{}},"6.22.0":{"name":"babel-helper-optimise-call-expression","version":"6.22.0","description":"Helper function to optimise call expression","repository":{"type":"git","url":"https://github.com/babel/babel/tree/master/packages/babel-helper-optimise-call-expression"},"license":"MIT","main":"lib/index.js","dependencies":{"babel-runtime":"^6.22.0","babel-types":"^6.22.0"},"_id":"babel-helper-optimise-call-expression@6.22.0","scripts":{},"_shasum":"f8d5d4b40a6e2605a6a7f9d537b581bea3756d15","_from":".","_npmVersion":"3.10.10","_nodeVersion":"6.9.0","_npmUser":{"name":"hzoo","email":"hi@henryzoo.com"},"dist":{"shasum":"f8d5d4b40a6e2605a6a7f9d537b581bea3756d15","tarball":"https://registry.npmjs.org/babel-helper-optimise-call-expression/-/babel-helper-optimise-call-expression-6.22.0.tgz"},"maintainers":[{"name":"amasad","email":"amjad.masad@gmail.com"},{"name":"hzoo","email":"hi@henryzoo.com"},{"name":"jmm","email":"npm-public@jessemccarthy.net"},{"name":"loganfsmyth","email":"loganfsmyth@gmail.com"},{"name":"sebmck","email":"sebmck@gmail.com"},{"name":"thejameskyle","email":"me@thejameskyle.com"}],"_npmOperationalInternal":{"host":"packages-18-east.internal.npmjs.com","tmp":"tmp/babel-helper-optimise-call-expression-6.22.0.tgz_1484872413385_0.5767589833121747"},"directories":{}},"6.23.0":{"name":"babel-helper-optimise-call-expression","version":"6.23.0","description":"Helper function to optimise call expression","repository":{"type":"git","url":"https://github.com/babel/babel/tree/master/packages/babel-helper-optimise-call-expression"},"license":"MIT","main":"lib/index.js","dependencies":{"babel-runtime":"^6.22.0","babel-types":"^6.23.0"},"_id":"babel-helper-optimise-call-expression@6.23.0","scripts":{},"_shasum":"f3ee7eed355b4282138b33d02b78369e470622f5","_from":".","_npmVersion":"3.10.8","_nodeVersion":"6.9.1","_npmUser":{"name":"loganfsmyth","email":"loganfsmyth@gmail.com"},"dist":{"shasum":"f3ee7eed355b4282138b33d02b78369e470622f5","tarball":"https://registry.npmjs.org/babel-helper-optimise-call-expression/-/babel-helper-optimise-call-expression-6.23.0.tgz"},"maintainers":[{"name":"amasad","email":"amjad.masad@gmail.com"},{"name":"hzoo","email":"hi@henryzoo.com"},{"name":"jmm","email":"npm-public@jessemccarthy.net"},{"name":"loganfsmyth","email":"loganfsmyth@gmail.com"},{"name":"sebmck","email":"sebmck@gmail.com"},{"name":"thejameskyle","email":"me@thejameskyle.com"}],"_npmOperationalInternal":{"host":"packages-12-west.internal.npmjs.com","tmp":"tmp/babel-helper-optimise-call-expression-6.23.0.tgz_1487034857738_0.6244811387732625"},"directories":{}},"7.0.0-alpha.1":{"name":"babel-helper-optimise-call-expression","version":"7.0.0-alpha.1","description":"Helper function to optimise call expression","repository":{"type":"git","url":"https://github.com/babel/babel/tree/master/packages/babel-helper-optimise-call-expression"},"license":"MIT","main":"lib/index.js","dependencies":{"babel-types":"7.0.0-alpha.1"},"_id":"babel-helper-optimise-call-expression@7.0.0-alpha.1","scripts":{},"_shasum":"7e01d94b69c7ad380e1bb32e1a26c411ea4a5665","_from":".","_npmVersion":"3.10.10","_nodeVersion":"6.9.0","_npmUser":{"name":"hzoo","email":"hi@henryzoo.com"},"dist":{"shasum":"7e01d94b69c7ad380e1bb32e1a26c411ea4a5665","tarball":"https://registry.npmjs.org/babel-helper-optimise-call-expression/-/babel-helper-optimise-call-expression-7.0.0-alpha.1.tgz"},"maintainers":[{"name":"amasad","email":"amjad.masad@gmail.com"},{"name":"hzoo","email":"hi@henryzoo.com"},{"name":"jmm","email":"npm-public@jessemccarthy.net"},{"name":"loganfsmyth","email":"loganfsmyth@gmail.com"},{"name":"sebmck","email":"sebmck@gmail.com"},{"name":"thejameskyle","email":"me@thejameskyle.com"}],"_npmOperationalInternal":{"host":"packages-18-east.internal.npmjs.com","tmp":"tmp/babel-helper-optimise-call-expression-7.0.0-alpha.1.tgz_1488488722102_0.08488857327029109"},"directories":{}},"7.0.0-alpha.3":{"name":"babel-helper-optimise-call-expression","version":"7.0.0-alpha.3","description":"Helper function to optimise call expression","repository":{"type":"git","url":"https://github.com/babel/babel/tree/master/packages/babel-helper-optimise-call-expression"},"license":"MIT","main":"lib/index.js","dependencies":{"babel-types":"7.0.0-alpha.3"},"_id":"babel-helper-optimise-call-expression@7.0.0-alpha.3","scripts":{},"_shasum":"a3c5ba4a5e59c651c74f9e17351ff8d4093f13b2","_from":".","_npmVersion":"3.10.10","_nodeVersion":"6.9.0","_npmUser":{"name":"hzoo","email":"hi@henryzoo.com"},"dist":{"shasum":"a3c5ba4a5e59c651c74f9e17351ff8d4093f13b2","tarball":"https://registry.npmjs.org/babel-helper-optimise-call-expression/-/babel-helper-optimise-call-expression-7.0.0-alpha.3.tgz"},"maintainers":[{"name":"amasad","email":"amjad.masad@gmail.com"},{"name":"hzoo","email":"hi@henryzoo.com"},{"name":"jmm","email":"npm-public@jessemccarthy.net"},{"name":"loganfsmyth","email":"loganfsmyth@gmail.com"},{"name":"sebmck","email":"sebmck@gmail.com"},{"name":"thejameskyle","email":"me@thejameskyle.com"}],"_npmOperationalInternal":{"host":"packages-12-west.internal.npmjs.com","tmp":"tmp/babel-helper-optimise-call-expression-7.0.0-alpha.3.tgz_1490298566628_0.43996134330518544"},"directories":{}},"7.0.0-alpha.7":{"name":"babel-helper-optimise-call-expression","version":"7.0.0-alpha.7","description":"Helper function to optimise call expression","repository":{"type":"git","url":"https://github.com/babel/babel/tree/master/packages/babel-helper-optimise-call-expression"},"license":"MIT","main":"lib/index.js","dependencies":{"babel-types":"7.0.0-alpha.7"},"_id":"babel-helper-optimise-call-expression@7.0.0-alpha.7","scripts":{},"_shasum":"87af3403ee4a23e2b5d7800158b67a88ff55004a","_from":".","_npmVersion":"3.10.10","_nodeVersion":"6.9.0","_npmUser":{"name":"hzoo","email":"hi@henryzoo.com"},"dist":{"shasum":"87af3403ee4a23e2b5d7800158b67a88ff55004a","tarball":"https://registry.npmjs.org/babel-helper-optimise-call-expression/-/babel-helper-optimise-call-expression-7.0.0-alpha.7.tgz"},"maintainers":[{"name":"amasad","email":"amjad.masad@gmail.com"},{"name":"hzoo","email":"hi@henryzoo.com"},{"name":"jmm","email":"npm-public@jessemccarthy.net"},{"name":"loganfsmyth","email":"loganfsmyth@gmail.com"},{"name":"sebmck","email":"sebmck@gmail.com"},{"name":"thejameskyle","email":"me@thejameskyle.com"}],"_npmOperationalInternal":{"host":"packages-12-west.internal.npmjs.com","tmp":"tmp/babel-helper-optimise-call-expression-7.0.0-alpha.7.tgz_1491426840787_0.2906322041526437"},"directories":{}},"6.24.1":{"name":"babel-helper-optimise-call-expression","version":"6.24.1","description":"Helper function to optimise call expression","repository":{"type":"git","url":"https://github.com/babel/babel/tree/master/packages/babel-helper-optimise-call-expression"},"license":"MIT","main":"lib/index.js","dependencies":{"babel-runtime":"^6.22.0","babel-types":"^6.24.1"},"_id":"babel-helper-optimise-call-expression@6.24.1","scripts":{},"_shasum":"f7a13427ba9f73f8f4fa993c54a97882d1244257","_from":".","_npmVersion":"3.10.10","_nodeVersion":"6.9.0","_npmUser":{"name":"hzoo","email":"hi@henryzoo.com"},"dist":{"shasum":"f7a13427ba9f73f8f4fa993c54a97882d1244257","tarball":"https://registry.npmjs.org/babel-helper-optimise-call-expression/-/babel-helper-optimise-call-expression-6.24.1.tgz"},"maintainers":[{"name":"amasad","email":"amjad.masad@gmail.com"},{"name":"hzoo","email":"hi@henryzoo.com"},{"name":"jmm","email":"npm-public@jessemccarthy.net"},{"name":"loganfsmyth","email":"loganfsmyth@gmail.com"},{"name":"sebmck","email":"sebmck@gmail.com"},{"name":"thejameskyle","email":"me@thejameskyle.com"}],"_npmOperationalInternal":{"host":"packages-12-west.internal.npmjs.com","tmp":"tmp/babel-helper-optimise-call-expression-6.24.1.tgz_1491578347908_0.49800555338151753"},"directories":{}},"7.0.0-alpha.9":{"name":"babel-helper-optimise-call-expression","version":"7.0.0-alpha.9","description":"Helper function to optimise call expression","repository":{"type":"git","url":"https://github.com/babel/babel/tree/master/packages/babel-helper-optimise-call-expression"},"license":"MIT","main":"lib/index.js","dependencies":{"babel-types":"7.0.0-alpha.9"},"_id":"babel-helper-optimise-call-expression@7.0.0-alpha.9","scripts":{},"_shasum":"a57ddbe40c17ede3d24ebb4375164dd657ff7a58","_from":".","_npmVersion":"3.10.10","_nodeVersion":"6.9.0","_npmUser":{"name":"hzoo","email":"hi@henryzoo.com"},"dist":{"shasum":"a57ddbe40c17ede3d24ebb4375164dd657ff7a58","tarball":"https://registry.npmjs.org/babel-helper-optimise-call-expression/-/babel-helper-optimise-call-expression-7.0.0-alpha.9.tgz"},"maintainers":[{"name":"amasad","email":"amjad.masad@gmail.com"},{"name":"hzoo","email":"hi@henryzoo.com"},{"name":"jmm","email":"npm-public@jessemccarthy.net"},{"name":"loganfsmyth","email":"loganfsmyth@gmail.com"},{"name":"sebmck","email":"sebmck@gmail.com"},{"name":"thejameskyle","email":"me@thejameskyle.com"}],"_npmOperationalInternal":{"host":"packages-18-east.internal.npmjs.com","tmp":"tmp/babel-helper-optimise-call-expression-7.0.0-alpha.9.tgz_1492526520524_0.8608633729163557"},"directories":{}},"7.0.0-alpha.10":{"name":"babel-helper-optimise-call-expression","version":"7.0.0-alpha.10","description":"Helper function to optimise call expression","repository":{"type":"git","url":"https://github.com/babel/babel/tree/master/packages/babel-helper-optimise-call-expression"},"license":"MIT","main":"lib/index.js","dependencies":{"babel-types":"7.0.0-alpha.10"},"_id":"babel-helper-optimise-call-expression@7.0.0-alpha.10","scripts":{},"_shasum":"586e62c5c903a3ad3cacbee465ab7de92a8466dc","_from":".","_npmVersion":"3.10.10","_nodeVersion":"6.9.0","_npmUser":{"name":"hzoo","email":"hi@henryzoo.com"},"dist":{"shasum":"586e62c5c903a3ad3cacbee465ab7de92a8466dc","tarball":"https://registry.npmjs.org/babel-helper-optimise-call-expression/-/babel-helper-optimise-call-expression-7.0.0-alpha.10.tgz"},"maintainers":[{"name":"amasad","email":"amjad.masad@gmail.com"},{"name":"hzoo","email":"hi@henryzoo.com"},{"name":"jmm","email":"npm-public@jessemccarthy.net"},{"name":"loganfsmyth","email":"loganfsmyth@gmail.com"},{"name":"sebmck","email":"sebmck@gmail.com"},{"name":"thejameskyle","email":"me@thejameskyle.com"}],"_npmOperationalInternal":{"host":"s3://npm-registry-packages","tmp":"tmp/babel-helper-optimise-call-expression-7.0.0-alpha.10.tgz_1495739852558_0.14257943886332214"},"directories":{}},"7.0.0-alpha.11":{"name":"babel-helper-optimise-call-expression","version":"7.0.0-alpha.11","description":"Helper function to optimise call expression","repository":{"type":"git","url":"https://github.com/babel/babel/tree/master/packages/babel-helper-optimise-call-expression"},"license":"MIT","main":"lib/index.js","dependencies":{"babel-types":"7.0.0-alpha.11"},"_id":"babel-helper-optimise-call-expression@7.0.0-alpha.11","_npmVersion":"5.0.0","_nodeVersion":"6.9.0","_npmUser":{"name":"hzoo","email":"hi@henryzoo.com"},"dist":{"integrity":"sha512-LnF2tF9YMP8d7wVd7xjzBiGIJsL0n3VXSJTDM099jSI+AUHNXWNrCqFe04+ZH+OHKIb6lbbQL1snxzys8WF1zw==","shasum":"26bf722feab5a2b8f5f042fe7f93e3fa70c235a9","tarball":"https://registry.npmjs.org/babel-helper-optimise-call-expression/-/babel-helper-optimise-call-expression-7.0.0-alpha.11.tgz"},"maintainers":[{"name":"amasad","email":"amjad.masad@gmail.com"},{"name":"hzoo","email":"hi@henryzoo.com"},{"name":"jmm","email":"npm-public@jessemccarthy.net"},{"name":"loganfsmyth","email":"loganfsmyth@gmail.com"},{"name":"sebmck","email":"sebmck@gmail.com"},{"name":"thejameskyle","email":"me@thejameskyle.com"}],"_npmOperationalInternal":{"host":"s3://npm-registry-packages","tmp":"tmp/babel-helper-optimise-call-expression-7.0.0-alpha.11.tgz_1496263426445_0.12336592678911984"},"directories":{}},"7.0.0-alpha.12":{"name":"babel-helper-optimise-call-expression","version":"7.0.0-alpha.12","description":"Helper function to optimise call expression","repository":{"type":"git","url":"https://github.com/babel/babel/tree/master/packages/babel-helper-optimise-call-expression"},"license":"MIT","main":"lib/index.js","dependencies":{"babel-types":"7.0.0-alpha.12"},"_id":"babel-helper-optimise-call-expression@7.0.0-alpha.12","_npmVersion":"5.0.0","_nodeVersion":"6.9.0","_npmUser":{"name":"hzoo","email":"hi@henryzoo.com"},"dist":{"integrity":"sha512-bPQzWi+jNd1+YZ/PR7/kSvtuNxuS07tGg1cuIVHpALcWIl0D33rpdWL8jDw6Pnqat7Ss0izum11Hn8CMjifn3A==","shasum":"93dd70fd7f6e08f31d16cae1cb9da5cdfa8f2d27","tarball":"https://registry.npmjs.org/babel-helper-optimise-call-expression/-/babel-helper-optimise-call-expression-7.0.0-alpha.12.tgz"},"maintainers":[{"name":"amasad","email":"amjad.masad@gmail.com"},{"name":"hzoo","email":"hi@henryzoo.com"},{"name":"jmm","email":"npm-public@jessemccarthy.net"},{"name":"loganfsmyth","email":"loganfsmyth@gmail.com"},{"name":"sebmck","email":"sebmck@gmail.com"},{"name":"thejameskyle","email":"me@thejameskyle.com"}],"_npmOperationalInternal":{"host":"s3://npm-registry-packages","tmp":"tmp/babel-helper-optimise-call-expression-7.0.0-alpha.12.tgz_1496265118063_0.16734675015322864"},"directories":{}},"7.0.0-alpha.14":{"name":"babel-helper-optimise-call-expression","version":"7.0.0-alpha.14","description":"Helper function to optimise call expression","repository":{"type":"git","url":"https://github.com/babel/babel/tree/master/packages/babel-helper-optimise-call-expression"},"license":"MIT","main":"lib/index.js","dependencies":{"babel-types":"7.0.0-alpha.14"},"_id":"babel-helper-optimise-call-expression@7.0.0-alpha.14","scripts":{},"_shasum":"874f863ba43dba1177020cf02b571ab4821b5d0d","_from":".","_npmVersion":"4.6.1","_nodeVersion":"6.9.0","_npmUser":{"name":"hzoo","email":"hi@henryzoo.com"},"dist":{"shasum":"874f863ba43dba1177020cf02b571ab4821b5d0d","tarball":"https://registry.npmjs.org/babel-helper-optimise-call-expression/-/babel-helper-optimise-call-expression-7.0.0-alpha.14.tgz"},"maintainers":[{"name":"amasad","email":"amjad.masad@gmail.com"},{"name":"hzoo","email":"hi@henryzoo.com"},{"name":"jmm","email":"npm-public@jessemccarthy.net"},{"name":"loganfsmyth","email":"loganfsmyth@gmail.com"},{"name":"sebmck","email":"sebmck@gmail.com"},{"name":"thejameskyle","email":"me@thejameskyle.com"}],"_npmOperationalInternal":{"host":"s3://npm-registry-packages","tmp":"tmp/babel-helper-optimise-call-expression-7.0.0-alpha.14.tgz_1499828023441_0.5011153563391417"},"directories":{}},"7.0.0-alpha.15":{"name":"babel-helper-optimise-call-expression","version":"7.0.0-alpha.15","description":"Helper function to optimise call expression","repository":{"type":"git","url":"https://github.com/babel/babel/tree/master/packages/babel-helper-optimise-call-expression"},"license":"MIT","main":"lib/index.js","dependencies":{"babel-types":"7.0.0-alpha.15"},"_id":"babel-helper-optimise-call-expression@7.0.0-alpha.15","scripts":{},"_shasum":"ad3e9300904ea23f538f8a69b4d24d7a499c34e4","_from":".","_npmVersion":"4.6.1","_nodeVersion":"6.9.0","_npmUser":{"name":"hzoo","email":"hi@henryzoo.com"},"dist":{"shasum":"ad3e9300904ea23f538f8a69b4d24d7a499c34e4","tarball":"https://registry.npmjs.org/babel-helper-optimise-call-expression/-/babel-helper-optimise-call-expression-7.0.0-alpha.15.tgz"},"maintainers":[{"name":"amasad","email":"amjad.masad@gmail.com"},{"name":"hzoo","email":"hi@henryzoo.com"},{"name":"jmm","email":"npm-public@jessemccarthy.net"},{"name":"loganfsmyth","email":"loganfsmyth@gmail.com"},{"name":"sebmck","email":"sebmck@gmail.com"},{"name":"thejameskyle","email":"me@thejameskyle.com"}],"_npmOperationalInternal":{"host":"s3://npm-registry-packages","tmp":"tmp/babel-helper-optimise-call-expression-7.0.0-alpha.15.tgz_1499830558210_0.7108654351904988"},"directories":{}},"7.0.0-alpha.16":{"name":"babel-helper-optimise-call-expression","version":"7.0.0-alpha.16","description":"Helper function to optimise call expression","repository":{"type":"git","url":"https://github.com/babel/babel/tree/master/packages/babel-helper-optimise-call-expression"},"license":"MIT","main":"lib/index.js","dependencies":{"babel-types":"7.0.0-alpha.16"},"_id":"babel-helper-optimise-call-expression@7.0.0-alpha.16","scripts":{},"_shasum":"481f11cae76c18c83346b55aeafad2fdca4be52a","_from":".","_npmVersion":"4.6.1","_nodeVersion":"6.9.0","_npmUser":{"name":"hzoo","email":"hi@henryzoo.com"},"dist":{"shasum":"481f11cae76c18c83346b55aeafad2fdca4be52a","tarball":"https://registry.npmjs.org/babel-helper-optimise-call-expression/-/babel-helper-optimise-call-expression-7.0.0-alpha.16.tgz"},"maintainers":[{"email":"npm-public@jessemccarthy.net","name":"jmm"},{"email":"loganfsmyth@gmail.com","name":"loganfsmyth"},{"email":"hi@henryzoo.com","name":"hzoo"},{"email":"me@thejameskyle.com","name":"thejameskyle"},{"email":"amjad.masad@gmail.com","name":"amasad"},{"email":"sebmck@gmail.com","name":"sebmck"}],"_npmOperationalInternal":{"host":"s3://npm-registry-packages","tmp":"tmp/babel-helper-optimise-call-expression-7.0.0-alpha.16.tgz_1501017471915_0.17190304631367326"},"directories":{}},"7.0.0-alpha.17":{"name":"babel-helper-optimise-call-expression","version":"7.0.0-alpha.17","description":"Helper function to optimise call expression","repository":{"type":"git","url":"https://github.com/babel/babel/tree/master/packages/babel-helper-optimise-call-expression"},"license":"MIT","main":"lib/index.js","dependencies":{"babel-types":"7.0.0-alpha.17"},"_id":"babel-helper-optimise-call-expression@7.0.0-alpha.17","scripts":{},"_shasum":"6f6b7627ba82cc3ca7017e2f881833160b208cfe","_from":".","_npmVersion":"4.6.1","_nodeVersion":"6.9.0","_npmUser":{"name":"hzoo","email":"hi@henryzoo.com"},"dist":{"shasum":"6f6b7627ba82cc3ca7017e2f881833160b208cfe","tarball":"https://registry.npmjs.org/babel-helper-optimise-call-expression/-/babel-helper-optimise-call-expression-7.0.0-alpha.17.tgz"},"maintainers":[{"email":"npm-public@jessemccarthy.net","name":"jmm"},{"email":"loganfsmyth@gmail.com","name":"loganfsmyth"},{"email":"hi@henryzoo.com","name":"hzoo"},{"email":"me@thejameskyle.com","name":"thejameskyle"},{"email":"amjad.masad@gmail.com","name":"amasad"},{"email":"sebmck@gmail.com","name":"sebmck"}],"_npmOperationalInternal":{"host":"s3://npm-registry-packages","tmp":"tmp/babel-helper-optimise-call-expression-7.0.0-alpha.17.tgz_1501072762742_0.6881227088160813"},"directories":{}},"7.0.0-alpha.18":{"name":"babel-helper-optimise-call-expression","version":"7.0.0-alpha.18","description":"Helper function to optimise call expression","repository":{"type":"git","url":"https://github.com/babel/babel/tree/master/packages/babel-helper-optimise-call-expression"},"license":"MIT","main":"lib/index.js","dependencies":{"babel-types":"7.0.0-alpha.18"},"_id":"babel-helper-optimise-call-expression@7.0.0-alpha.18","_npmVersion":"5.3.0","_nodeVersion":"8.1.4","_npmUser":{"name":"hzoo","email":"hi@henryzoo.com"},"dist":{"integrity":"sha512-NXdWRJoFc7cAva/Yav9Ahv9+pOKxrwLO8ibuW3dHHkUufqcaN93D3FaNdXcfVRnTsTckhvH6TVPrS67EiknY4A==","shasum":"fbb497a9bcf875ade49d22c17442f72b5fe8f344","tarball":"https://registry.npmjs.org/babel-helper-optimise-call-expression/-/babel-helper-optimise-call-expression-7.0.0-alpha.18.tgz"},"maintainers":[{"email":"npm-public@jessemccarthy.net","name":"jmm"},{"email":"loganfsmyth@gmail.com","name":"loganfsmyth"},{"email":"hi@henryzoo.com","name":"hzoo"},{"email":"me@thejameskyle.com","name":"thejameskyle"},{"email":"amjad.masad@gmail.com","name":"amasad"},{"email":"sebmck@gmail.com","name":"sebmck"}],"_npmOperationalInternal":{"host":"s3://npm-registry-packages","tmp":"tmp/babel-helper-optimise-call-expression-7.0.0-alpha.18.tgz_1501798864830_0.9591458772774786"},"directories":{}},"7.0.0-alpha.19":{"name":"babel-helper-optimise-call-expression","version":"7.0.0-alpha.19","description":"Helper function to optimise call expression","repository":{"type":"git","url":"https://github.com/babel/babel/tree/master/packages/babel-helper-optimise-call-expression"},"license":"MIT","main":"lib/index.js","dependencies":{"babel-types":"7.0.0-alpha.19"},"_id":"babel-helper-optimise-call-expression@7.0.0-alpha.19","_npmVersion":"5.3.0","_nodeVersion":"8.1.4","_npmUser":{"name":"hzoo","email":"hi@henryzoo.com"},"dist":{"integrity":"sha512-SP7vqqjhZcvzwu5P/Xrr2So8aSBtwwCjQu5aOmjZgq2/HIkIfpqOdz6ud6B5g7I/mfQvE81EWM8qfCUSstdPyA==","shasum":"3cd53dd093c2e093635375507a294d6a44dfd429","tarball":"https://registry.npmjs.org/babel-helper-optimise-call-expression/-/babel-helper-optimise-call-expression-7.0.0-alpha.19.tgz"},"maintainers":[{"email":"npm-public@jessemccarthy.net","name":"jmm"},{"email":"loganfsmyth@gmail.com","name":"loganfsmyth"},{"email":"hi@henryzoo.com","name":"hzoo"},{"email":"me@thejameskyle.com","name":"thejameskyle"},{"email":"amjad.masad@gmail.com","name":"amasad"},{"email":"sebmck@gmail.com","name":"sebmck"}],"_npmOperationalInternal":{"host":"s3://npm-registry-packages","tmp":"tmp/babel-helper-optimise-call-expression-7.0.0-alpha.19.tgz_1502144504345_0.4347161853220314"},"directories":{}},"7.0.0-alpha.20":{"name":"babel-helper-optimise-call-expression","version":"7.0.0-alpha.20","description":"Helper function to optimise call expression","repository":{"type":"git","url":"https://github.com/babel/babel/tree/master/packages/babel-helper-optimise-call-expression"},"license":"MIT","main":"lib/index.js","dependencies":{"babel-types":"7.0.0-alpha.20"},"_id":"babel-helper-optimise-call-expression@7.0.0-alpha.20","_npmVersion":"5.3.0","_nodeVersion":"8.1.4","_npmUser":{"name":"hzoo","email":"hi@henryzoo.com"},"dist":{"integrity":"sha512-15ZjYqUUWIfc6TXNktGOX/rE1Peh0yESv8MFIAYHuBEFWUE6xyoiuyscUeKPzMZN1Zzc+D3k0MJWUHM3yp9f/Q==","shasum":"ff6f39a37cd74ed3142f3d31bad75c75629aaf84","tarball":"https://registry.npmjs.org/babel-helper-optimise-call-expression/-/babel-helper-optimise-call-expression-7.0.0-alpha.20.tgz"},"maintainers":[{"email":"npm-public@jessemccarthy.net","name":"jmm"},{"email":"loganfsmyth@gmail.com","name":"loganfsmyth"},{"email":"hi@henryzoo.com","name":"hzoo"},{"email":"me@thejameskyle.com","name":"thejameskyle"},{"email":"amjad.masad@gmail.com","name":"amasad"},{"email":"sebmck@gmail.com","name":"sebmck"}],"_npmOperationalInternal":{"host":"s3://npm-registry-packages","tmp":"tmp/babel-helper-optimise-call-expression-7.0.0-alpha.20.tgz_1504119821296_0.42309248144738376"},"directories":{}},"7.0.0-beta.0":{"name":"babel-helper-optimise-call-expression","version":"7.0.0-beta.0","description":"Helper function to optimise call expression","repository":{"type":"git","url":"https://github.com/babel/babel/tree/master/packages/babel-helper-optimise-call-expression"},"license":"MIT","main":"lib/index.js","dependencies":{"babel-types":"7.0.0-beta.0"},"_id":"babel-helper-optimise-call-expression@7.0.0-beta.0","_npmVersion":"5.3.0","_nodeVersion":"8.1.4","_npmUser":{"name":"hzoo","email":"hi@henryzoo.com"},"dist":{"integrity":"sha512-u2g3PZXI/qYSXTzXQD6moe6doJyZH0HxSLYtDRUjzE3icRkg60yr1FypIP3DjsZ6vC8QZrcP/P7maurUDLfjjg==","shasum":"a3b0bdc1129142920b7169e95a80fb705bfff993","tarball":"https://registry.npmjs.org/babel-helper-optimise-call-expression/-/babel-helper-optimise-call-expression-7.0.0-beta.0.tgz"},"maintainers":[{"email":"npm-public@jessemccarthy.net","name":"jmm"},{"email":"loganfsmyth@gmail.com","name":"loganfsmyth"},{"email":"hi@henryzoo.com","name":"hzoo"},{"email":"me@thejameskyle.com","name":"thejameskyle"},{"email":"amjad.masad@gmail.com","name":"amasad"},{"email":"sebmck@gmail.com","name":"sebmck"}],"_npmOperationalInternal":{"host":"s3://npm-registry-packages","tmp":"tmp/babel-helper-optimise-call-expression-7.0.0-beta.0.tgz_1505185343239_0.7898630711715668"},"directories":{}},"7.0.0-beta.1":{"name":"babel-helper-optimise-call-expression","version":"7.0.0-beta.1","description":"Helper function to optimise call expression","repository":{"type":"git","url":"https://github.com/babel/babel/tree/master/packages/babel-helper-optimise-call-expression"},"license":"MIT","main":"lib/index.js","dependencies":{"babel-types":"7.0.0-beta.1"},"_id":"babel-helper-optimise-call-expression@7.0.0-beta.1","_npmVersion":"5.4.1","_nodeVersion":"8.1.4","_npmUser":{"name":"hzoo","email":"hi@henryzoo.com"},"dist":{"integrity":"sha512-40zKaC654hlDqBRr/lxBKQqBhG6w2plYm7cWNlBPaXAzUxnEg0TBSCI2eLZDRG37ZhUW9KgYfHo5yhUJBQ/WuA==","shasum":"9715fbe72322d962c0a5accd977fe043840bc0b8","tarball":"https://registry.npmjs.org/babel-helper-optimise-call-expression/-/babel-helper-optimise-call-expression-7.0.0-beta.1.tgz"},"maintainers":[{"email":"npm-public@jessemccarthy.net","name":"jmm"},{"email":"loganfsmyth@gmail.com","name":"loganfsmyth"},{"email":"hi@henryzoo.com","name":"hzoo"},{"email":"me@thejameskyle.com","name":"thejameskyle"},{"email":"amjad.masad@gmail.com","name":"amasad"},{"email":"sebmck@gmail.com","name":"sebmck"}],"_npmOperationalInternal":{"host":"s3://npm-registry-packages","tmp":"tmp/babel-helper-optimise-call-expression-7.0.0-beta.1.tgz_1505851796781_0.20710577722638845"},"directories":{}},"7.0.0-beta.2":{"name":"babel-helper-optimise-call-expression","version":"7.0.0-beta.2","description":"Helper function to optimise call expression","repository":{"type":"git","url":"https://github.com/babel/babel/tree/master/packages/babel-helper-optimise-call-expression"},"license":"MIT","main":"lib/index.js","dependencies":{"babel-types":"7.0.0-beta.2"},"_id":"babel-helper-optimise-call-expression@7.0.0-beta.2","_npmVersion":"5.4.1","_nodeVersion":"8.1.4","_npmUser":{"name":"hzoo","email":"hi@henryzoo.com"},"dist":{"integrity":"sha512-jAu8njCuGQLT0c122QNjGi08q3PPyMXF1dFzx4T+7wQF8yazAIbqtSrTYXsmfKVDnqFlDQAXRyqWnZnYH9vWRA==","shasum":"486b19aedcf62aba892f3599b2c5393cc711c814","tarball":"https://registry.npmjs.org/babel-helper-optimise-call-expression/-/babel-helper-optimise-call-expression-7.0.0-beta.2.tgz"},"maintainers":[{"email":"npm-public@jessemccarthy.net","name":"jmm"},{"email":"loganfsmyth@gmail.com","name":"loganfsmyth"},{"email":"hi@henryzoo.com","name":"hzoo"},{"email":"me@thejameskyle.com","name":"thejameskyle"},{"email":"amjad.masad@gmail.com","name":"amasad"},{"email":"sebmck@gmail.com","name":"sebmck"}],"_npmOperationalInternal":{"host":"s3://npm-registry-packages","tmp":"tmp/babel-helper-optimise-call-expression-7.0.0-beta.2.tgz_1506438921884_0.17503647389821708"},"directories":{}},"7.0.0-beta.3":{"name":"babel-helper-optimise-call-expression","version":"7.0.0-beta.3","description":"Helper function to optimise call expression","repository":{"type":"git","url":"https://github.com/babel/babel/tree/master/packages/babel-helper-optimise-call-expression"},"license":"MIT","main":"lib/index.js","dependencies":{"babel-types":"7.0.0-beta.3"},"_id":"babel-helper-optimise-call-expression@7.0.0-beta.3","_npmVersion":"5.5.1","_nodeVersion":"8.1.4","_npmUser":{"name":"hzoo","email":"hi@henryzoo.com"},"dist":{"integrity":"sha512-X614MCHT+to5dnH4uecU63VUmOs+4Hn8DfH6vT2090HHE9/swOuNFKpeNeI3hebt59eAYyoWb2iPGv7FTpIh3Q==","shasum":"8c533bf31f05a4aa893700916e6a7e2a5fde7b9c","tarball":"https://registry.npmjs.org/babel-helper-optimise-call-expression/-/babel-helper-optimise-call-expression-7.0.0-beta.3.tgz"},"maintainers":[{"email":"npm-public@jessemccarthy.net","name":"jmm"},{"email":"loganfsmyth@gmail.com","name":"loganfsmyth"},{"email":"hi@henryzoo.com","name":"hzoo"},{"email":"me@thejameskyle.com","name":"thejameskyle"},{"email":"amjad.masad@gmail.com","name":"amasad"},{"email":"sebmck@gmail.com","name":"sebmck"}],"_npmOperationalInternal":{"host":"s3://npm-registry-packages","tmp":"tmp/babel-helper-optimise-call-expression-7.0.0-beta.3.tgz_1508073107568_0.8168412379454821"},"directories":{}}},"readme":"# babel-helper-optimise-call-expression\n\n## Usage\n\nTODO\n","maintainers":[{"email":"npm-public@jessemccarthy.net","name":"jmm"},{"email":"loganfsmyth@gmail.com","name":"loganfsmyth"},{"email":"hi@henryzoo.com","name":"hzoo"},{"email":"me@thejameskyle.com","name":"thejameskyle"},{"email":"amjad.masad@gmail.com","name":"amasad"},{"email":"sebmck@gmail.com","name":"sebmck"}],"time":{"modified":"2017-10-15T13:11:48.447Z","created":"2015-10-29T17:55:19.450Z","6.0.0":"2015-10-29T17:55:19.450Z","6.0.2":"2015-10-29T18:09:28.088Z","6.0.14":"2015-10-30T23:33:24.658Z","6.0.15":"2015-11-01T22:09:07.639Z","6.1.5":"2015-11-12T06:50:44.572Z","6.1.6":"2015-11-12T07:33:53.605Z","6.1.7":"2015-11-12T07:38:19.130Z","6.1.8":"2015-11-12T07:41:20.977Z","6.1.9":"2015-11-12T07:47:09.788Z","6.1.10":"2015-11-12T07:53:45.885Z","6.1.12":"2015-11-12T08:48:57.325Z","6.1.13":"2015-11-12T19:58:32.780Z","6.1.16":"2015-11-12T21:34:12.925Z","6.1.17":"2015-11-12T21:41:09.301Z","6.1.18":"2015-11-12T21:47:26.794Z","6.2.4":"2015-11-25T03:13:11.865Z","6.3.13":"2015-12-04T11:57:28.097Z","6.5.0":"2016-02-07T00:07:02.414Z","6.5.0-1":"2016-02-07T02:39:47.954Z","6.6.0":"2016-02-29T21:12:31.422Z","6.8.0":"2016-05-02T23:44:06.264Z","6.18.0":"2016-10-24T21:18:49.850Z","6.22.0":"2017-01-20T00:33:34.081Z","6.23.0":"2017-02-14T01:14:17.969Z","7.0.0-alpha.1":"2017-03-02T21:05:22.893Z","7.0.0-alpha.3":"2017-03-23T19:49:26.849Z","7.0.0-alpha.7":"2017-04-05T21:14:02.756Z","6.24.1":"2017-04-07T15:19:08.206Z","7.0.0-alpha.9":"2017-04-18T14:42:02.527Z","7.0.0-alpha.10":"2017-05-25T19:17:33.375Z","7.0.0-alpha.11":"2017-05-31T20:43:46.543Z","7.0.0-alpha.12":"2017-05-31T21:11:58.457Z","7.0.0-alpha.14":"2017-07-12T02:53:44.404Z","7.0.0-alpha.15":"2017-07-12T03:35:59.150Z","7.0.0-alpha.16":"2017-07-25T21:17:52.902Z","7.0.0-alpha.17":"2017-07-26T12:39:23.810Z","7.0.0-alpha.18":"2017-08-03T22:21:05.836Z","7.0.0-alpha.19":"2017-08-07T22:21:44.497Z","7.0.0-alpha.20":"2017-08-30T19:03:41.506Z","7.0.0-beta.0":"2017-09-12T03:02:24.150Z","7.0.0-beta.1":"2017-09-19T20:09:57.033Z","7.0.0-beta.2":"2017-09-26T15:15:22.821Z","7.0.0-beta.3":"2017-10-15T13:11:48.447Z"},"repository":{"type":"git","url":"https://github.com/babel/babel/tree/master/packages/babel-helper-optimise-call-expression"},"license":"MIT","readmeFilename":"README.md","users":{"marcellodesales":true},"_attachments":{},"_etag":"W/\"cf12956d1ef39dd96a9fcee9318c216f\"","_lastModified":"Sat, 26 May 2018 17:55:19 GMT"}