{"_id":"repeating","_rev":"16-fb530ef03aabd557a3a8d5b1a15383ec","name":"repeating","description":"Repeat a string - fast","dist-tags":{"latest":"3.0.0"},"versions":{"1.0.0":{"name":"repeating","version":"1.0.0","description":"Repeat a string - fast","license":"MIT","repository":{"type":"git","url":"https://github.com/sindresorhus/repeating"},"author":{"name":"Sindre Sorhus","email":"sindresorhus@gmail.com","url":"http://sindresorhus.com"},"bin":{"repeating":"cli.js"},"engines":{"node":">=0.10.0"},"scripts":{"test":"node test.js"},"files":["index.js","cli.js"],"keywords":["cli-app","cli","bin","repeat","repeating","string","str","text","fill"],"dependencies":{"is-finite":"^1.0.0","meow":"^1.0.0"},"devDependencies":{"ava":"0.0.4"},"gitHead":"26dbd31865bdf1bfe1ff88038ba9acf955fef42c","bugs":{"url":"https://github.com/sindresorhus/repeating/issues"},"homepage":"https://github.com/sindresorhus/repeating","_id":"repeating@1.0.0","_shasum":"7d3947cadbc73b3e3b3a71798f90b3f76185c85a","_from":".","_npmVersion":"2.1.2","_nodeVersion":"0.10.32","_npmUser":{"name":"sindresorhus","email":"sindresorhus@gmail.com"},"maintainers":[{"name":"sindresorhus","email":"sindresorhus@gmail.com"}],"dist":{"shasum":"7d3947cadbc73b3e3b3a71798f90b3f76185c85a","tarball":"https://registry.npmjs.org/repeating/-/repeating-1.0.0.tgz"},"directories":{}},"1.0.1":{"name":"repeating","version":"1.0.1","description":"Repeat a string - fast","license":"MIT","repository":{"type":"git","url":"https://github.com/sindresorhus/repeating"},"author":{"name":"Sindre Sorhus","email":"sindresorhus@gmail.com","url":"http://sindresorhus.com"},"bin":{"repeating":"cli.js"},"engines":{"node":">=0.10.0"},"scripts":{"test":"node test.js"},"files":["index.js","cli.js"],"keywords":["cli-app","cli","bin","repeat","repeating","string","str","text","fill"],"dependencies":{"is-finite":"^1.0.0","meow":"^1.0.0"},"devDependencies":{"ava":"0.0.4"},"gitHead":"3ca737f8d517713680f64f67f19c090e1793e814","bugs":{"url":"https://github.com/sindresorhus/repeating/issues"},"homepage":"https://github.com/sindresorhus/repeating","_id":"repeating@1.0.1","_shasum":"f894e2bc284d8b4aaf83e9018f37a64279e5c377","_from":".","_npmVersion":"2.1.2","_nodeVersion":"0.10.32","_npmUser":{"name":"sindresorhus","email":"sindresorhus@gmail.com"},"maintainers":[{"name":"sindresorhus","email":"sindresorhus@gmail.com"}],"dist":{"shasum":"f894e2bc284d8b4aaf83e9018f37a64279e5c377","tarball":"https://registry.npmjs.org/repeating/-/repeating-1.0.1.tgz"},"directories":{}},"1.1.0":{"name":"repeating","version":"1.1.0","description":"Repeat a string - fast","license":"MIT","repository":{"type":"git","url":"https://github.com/sindresorhus/repeating"},"author":{"name":"Sindre Sorhus","email":"sindresorhus@gmail.com","url":"http://sindresorhus.com"},"bin":{"repeating":"cli.js"},"engines":{"node":">=0.10.0"},"scripts":{"test":"node test.js"},"files":["index.js","cli.js"],"keywords":["cli-app","cli","bin","repeat","repeating","string","str","text","fill"],"dependencies":{"is-finite":"^1.0.0","meow":"^1.0.0"},"devDependencies":{"ava":"0.0.4"},"gitHead":"4272765b704ca0c9ac05d2aafa9f347a21ee647b","bugs":{"url":"https://github.com/sindresorhus/repeating/issues"},"homepage":"https://github.com/sindresorhus/repeating","_id":"repeating@1.1.0","_shasum":"1977511fd1d58075dcb6abbbb2b627edd45e41dc","_from":".","_npmVersion":"2.1.2","_nodeVersion":"0.10.32","_npmUser":{"name":"sindresorhus","email":"sindresorhus@gmail.com"},"maintainers":[{"name":"sindresorhus","email":"sindresorhus@gmail.com"}],"dist":{"shasum":"1977511fd1d58075dcb6abbbb2b627edd45e41dc","tarball":"https://registry.npmjs.org/repeating/-/repeating-1.1.0.tgz"},"directories":{}},"1.1.1":{"name":"repeating","version":"1.1.1","description":"Repeat a string - fast","license":"MIT","repository":{"type":"git","url":"https://github.com/sindresorhus/repeating"},"author":{"name":"Sindre Sorhus","email":"sindresorhus@gmail.com","url":"http://sindresorhus.com"},"bin":{"repeating":"cli.js"},"engines":{"node":">=0.10.0"},"scripts":{"test":"node test.js"},"files":["index.js","cli.js"],"keywords":["cli-app","cli","bin","repeat","repeating","string","str","text","fill"],"dependencies":{"is-finite":"^1.0.0","meow":"^2.0.0"},"devDependencies":{"ava":"0.0.4"},"gitHead":"3a7e842906dc6deebf6c471f8a9f5d4be9b2f9f4","bugs":{"url":"https://github.com/sindresorhus/repeating/issues"},"homepage":"https://github.com/sindresorhus/repeating","_id":"repeating@1.1.1","_shasum":"2dfe71fb0baf78249e8ec6a537ec3dd63f48bb22","_from":".","_npmVersion":"2.1.5","_nodeVersion":"0.10.32","_npmUser":{"name":"sindresorhus","email":"sindresorhus@gmail.com"},"maintainers":[{"name":"sindresorhus","email":"sindresorhus@gmail.com"}],"dist":{"shasum":"2dfe71fb0baf78249e8ec6a537ec3dd63f48bb22","tarball":"https://registry.npmjs.org/repeating/-/repeating-1.1.1.tgz"},"directories":{}},"1.1.2":{"name":"repeating","version":"1.1.2","description":"Repeat a string - fast","license":"MIT","repository":{"type":"git","url":"https://github.com/sindresorhus/repeating"},"author":{"name":"Sindre Sorhus","email":"sindresorhus@gmail.com","url":"http://sindresorhus.com"},"bin":{"repeating":"cli.js"},"engines":{"node":">=0.10.0"},"scripts":{"test":"node test.js"},"files":["index.js","cli.js"],"keywords":["cli-app","cli","bin","repeat","repeating","string","str","text","fill"],"dependencies":{"is-finite":"^1.0.0","meow":"^3.0.0"},"devDependencies":{"ava":"0.0.4"},"gitHead":"e9694d25e98f956f0c2848a8fc253ff8bab0f129","bugs":{"url":"https://github.com/sindresorhus/repeating/issues"},"homepage":"https://github.com/sindresorhus/repeating","_id":"repeating@1.1.2","_shasum":"dcced290c4d22df9818746eb5257679d27fe0283","_from":".","_npmVersion":"2.5.1","_nodeVersion":"0.12.0","_npmUser":{"name":"sindresorhus","email":"sindresorhus@gmail.com"},"maintainers":[{"name":"sindresorhus","email":"sindresorhus@gmail.com"}],"dist":{"shasum":"dcced290c4d22df9818746eb5257679d27fe0283","tarball":"https://registry.npmjs.org/repeating/-/repeating-1.1.2.tgz"},"directories":{}},"1.1.3":{"name":"repeating","version":"1.1.3","description":"Repeat a string - fast","license":"MIT","repository":{"type":"git","url":"https://github.com/sindresorhus/repeating"},"author":{"name":"Sindre Sorhus","email":"sindresorhus@gmail.com","url":"sindresorhus.com"},"bin":{"repeating":"cli.js"},"engines":{"node":">=0.10.0"},"scripts":{"test":"node test.js"},"files":["index.js","cli.js"],"keywords":["cli-app","cli","bin","repeat","repeating","string","str","text","fill"],"dependencies":{"is-finite":"^1.0.0"},"devDependencies":{"ava":"0.0.4"},"gitHead":"23e93be864952600940d29c8d67f2b9a09d48d81","bugs":{"url":"https://github.com/sindresorhus/repeating/issues"},"homepage":"https://github.com/sindresorhus/repeating","_id":"repeating@1.1.3","_shasum":"3d4114218877537494f97f77f9785fab810fa4ac","_from":".","_npmVersion":"2.10.1","_nodeVersion":"0.12.4","_npmUser":{"name":"sindresorhus","email":"sindresorhus@gmail.com"},"dist":{"shasum":"3d4114218877537494f97f77f9785fab810fa4ac","tarball":"https://registry.npmjs.org/repeating/-/repeating-1.1.3.tgz"},"maintainers":[{"name":"sindresorhus","email":"sindresorhus@gmail.com"}],"directories":{}},"2.0.0":{"name":"repeating","version":"2.0.0","description":"Repeat a string - fast","license":"MIT","repository":{"type":"git","url":"git+https://github.com/sindresorhus/repeating.git"},"author":{"name":"Sindre Sorhus","email":"sindresorhus@gmail.com","url":"sindresorhus.com"},"engines":{"node":">=0.10.0"},"scripts":{"test":"xo && node test.js"},"files":["index.js"],"keywords":["repeat","repeating","string","str","text","fill"],"dependencies":{"is-finite":"^1.0.0"},"devDependencies":{"ava":"0.0.4","xo":"*"},"gitHead":"f0e8a214d824f2fd4ed5457cf2b0b38e1a92f19a","bugs":{"url":"https://github.com/sindresorhus/repeating/issues"},"homepage":"https://github.com/sindresorhus/repeating#readme","_id":"repeating@2.0.0","_shasum":"fd27d6d264d18fbebfaa56553dd7b82535a5034e","_from":".","_npmVersion":"2.13.3","_nodeVersion":"3.0.0","_npmUser":{"name":"sindresorhus","email":"sindresorhus@gmail.com"},"dist":{"shasum":"fd27d6d264d18fbebfaa56553dd7b82535a5034e","tarball":"https://registry.npmjs.org/repeating/-/repeating-2.0.0.tgz"},"maintainers":[{"name":"sindresorhus","email":"sindresorhus@gmail.com"}],"directories":{}},"2.0.1":{"name":"repeating","version":"2.0.1","description":"Repeat a string - fast","license":"MIT","repository":{"type":"git","url":"git+https://github.com/sindresorhus/repeating.git"},"author":{"name":"Sindre Sorhus","email":"sindresorhus@gmail.com","url":"sindresorhus.com"},"engines":{"node":">=0.10.0"},"scripts":{"test":"xo && ava"},"files":["index.js"],"keywords":["repeat","string","repeating","str","text","fill","pad"],"dependencies":{"is-finite":"^1.0.0"},"devDependencies":{"ava":"*","xo":"*"},"gitHead":"be02bcaf9a674b3c155477b3bf282136bcf44770","bugs":{"url":"https://github.com/sindresorhus/repeating/issues"},"homepage":"https://github.com/sindresorhus/repeating#readme","_id":"repeating@2.0.1","_shasum":"5214c53a926d3552707527fbab415dbc08d06dda","_from":".","_npmVersion":"3.8.6","_nodeVersion":"4.4.2","_npmUser":{"name":"sindresorhus","email":"sindresorhus@gmail.com"},"dist":{"shasum":"5214c53a926d3552707527fbab415dbc08d06dda","tarball":"https://registry.npmjs.org/repeating/-/repeating-2.0.1.tgz"},"maintainers":[{"name":"sindresorhus","email":"sindresorhus@gmail.com"}],"_npmOperationalInternal":{"host":"packages-12-west.internal.npmjs.com","tmp":"tmp/repeating-2.0.1.tgz_1460395966602_0.9193919147364795"},"directories":{}},"3.0.0":{"name":"repeating","version":"3.0.0","description":"Repeat a string - fast","license":"MIT","repository":{"type":"git","url":"git+https://github.com/sindresorhus/repeating.git"},"author":{"name":"Sindre Sorhus","email":"sindresorhus@gmail.com","url":"sindresorhus.com"},"engines":{"node":">=4"},"scripts":{"test":"xo && ava"},"files":["index.js"],"keywords":["repeat","string","repeating","str","text","fill","pad"],"devDependencies":{"ava":"*","xo":"*"},"xo":{"esnext":true},"gitHead":"384b58d0238676ab2c1b2f7e85852fad2c7477a0","bugs":{"url":"https://github.com/sindresorhus/repeating/issues"},"homepage":"https://github.com/sindresorhus/repeating#readme","_id":"repeating@3.0.0","_shasum":"f4c376fdd2015761f6f96f4303b1224d581e802f","_from":".","_npmVersion":"3.9.6","_nodeVersion":"4.4.2","_npmUser":{"name":"sindresorhus","email":"sindresorhus@gmail.com"},"dist":{"shasum":"f4c376fdd2015761f6f96f4303b1224d581e802f","tarball":"https://registry.npmjs.org/repeating/-/repeating-3.0.0.tgz"},"maintainers":[{"name":"sindresorhus","email":"sindresorhus@gmail.com"}],"_npmOperationalInternal":{"host":"packages-12-west.internal.npmjs.com","tmp":"tmp/repeating-3.0.0.tgz_1466364903140_0.8807658578734845"},"directories":{}}},"readme":"# repeating [![Build Status](https://travis-ci.org/sindresorhus/repeating.svg?branch=master)](https://travis-ci.org/sindresorhus/repeating)\n\n> Repeat a string - fast\n\n\n## Install\n\n```\n$ npm install --save repeating\n```\n\n\n## Usage\n\n```js\nconst repeating = require('repeating');\n\nrepeating(5);\n//=> '     '\n\nrepeating(100, 'unicorn ');\n//=> 'unicorn unicorn unicorn unicorn unicorn unicorn unicorn unicorn unicorn unicorn unicorn unicorn unicorn unicorn unicorn unicorn unicorn unicorn unicorn unicorn unicorn unicorn unicorn unicorn unicorn unicorn unicorn unicorn unicorn unicorn unicorn unicorn unicorn unicorn unicorn unicorn unicorn unicorn unicorn unicorn unicorn unicorn unicorn unicorn unicorn unicorn unicorn unicorn unicorn unicorn unicorn unicorn unicorn unicorn unicorn unicorn unicorn unicorn unicorn unicorn unicorn unicorn unicorn unicorn unicorn unicorn unicorn unicorn unicorn unicorn unicorn unicorn unicorn unicorn unicorn unicorn unicorn unicorn unicorn unicorn unicorn unicorn unicorn unicorn unicorn unicorn unicorn unicorn unicorn unicorn unicorn unicorn unicorn unicorn unicorn unicorn unicorn unicorn unicorn unicorn '\n```\n\n\n## API\n\n### repeating(count, [string])\n\n#### count\n\nType: `number`\n\nTimes the `string` should be repeated.\n\n#### string\n\nType: `string`<br>\nDefault: `' '`\n\nString to repeat.\n\n\n## Related\n\n- [repeating-cli](https://github.com/sindresorhus/repeating-cli) - CLI for this module\n- [indent-string](https://github.com/sindresorhus/indent-string) - Indent each line in a string\n\n\n## License\n\nMIT © [Sindre Sorhus](https://sindresorhus.com)\n","maintainers":[{"name":"sindresorhus","email":"sindresorhus@gmail.com"}],"time":{"modified":"2017-03-10T09:14:15.854Z","created":"2014-10-12T14:50:04.160Z","1.0.0":"2014-10-12T14:50:04.160Z","1.0.1":"2014-10-12T15:14:48.829Z","1.1.0":"2014-10-14T15:19:03.812Z","1.1.1":"2014-12-22T04:37:44.603Z","1.1.2":"2015-02-16T18:00:58.646Z","1.1.3":"2015-05-26T13:01:08.992Z","2.0.0":"2015-08-21T12:29:39.241Z","2.0.1":"2016-04-11T17:32:47.204Z","3.0.0":"2016-06-19T19:35:05.265Z"},"homepage":"https://github.com/sindresorhus/repeating#readme","keywords":["repeat","string","repeating","str","text","fill","pad"],"repository":{"type":"git","url":"git+https://github.com/sindresorhus/repeating.git"},"author":{"name":"Sindre Sorhus","email":"sindresorhus@gmail.com","url":"sindresorhus.com"},"bugs":{"url":"https://github.com/sindresorhus/repeating/issues"},"license":"MIT","readmeFilename":"readme.md","users":{"guiambros":true,"rocket0191":true},"_attachments":{},"_etag":"W/\"32a654e316da7d1ebac6b4f04062bd1f\"","_lastModified":"Sun, 27 May 2018 15:49:56 GMT"}