{"_id":"math-random","_rev":"2-3c16a8dca6165a1f644bf361cffeabf7","name":"math-random","description":"a drop-in replacement for Math.random that uses cryptographically secure random number generation, where available","dist-tags":{"latest":"1.0.1"},"versions":{"1.0.0":{"name":"math-random","version":"1.0.0","description":"a drop-in replacement for Math.random that uses cryptographically secure random number generation, where available","main":"node.js","browser":"browser.js","scripts":{"test":"tape test.js"},"devDependencies":{"array-unique":"~0.2.1","tape":"~4.2.2"},"testling":{"files":"test.js"},"repository":{"type":"git","url":"git@github.com:michaelrhodes/math-random"},"keywords":["Math.random","crypto.getRandomValues"],"author":{"name":"Michael Rhodes"},"license":"MIT","bugs":{"url":"https://github.com/michaelrhodes/math-random/issues"},"homepage":"https://github.com/michaelrhodes/math-random","gitHead":"fcac917194833c8d6ff3c5523d90cd82c8e84737","_id":"math-random@1.0.0","_shasum":"752be706d12501519dad3bbb226d60511fbba058","_from":".","_npmVersion":"3.10.9","_nodeVersion":"6.9.2","_npmUser":{"name":"michaelrhodes","email":"spam@michaelrhod.es"},"maintainers":[{"name":"michaelrhodes","email":"spam@michaelrhod.es"}],"dist":{"shasum":"752be706d12501519dad3bbb226d60511fbba058","tarball":"https://registry.npmjs.org/math-random/-/math-random-1.0.0.tgz"},"_npmOperationalInternal":{"host":"s3://npm-registry-packages","tmp":"tmp/math-random-1.0.0.tgz_1499932110262_0.7981481049209833"},"directories":{}},"1.0.1":{"name":"math-random","version":"1.0.1","description":"a drop-in replacement for Math.random that uses cryptographically secure random number generation, where available","main":"node.js","browser":"browser.js","scripts":{"test":"tape test.js"},"devDependencies":{"array-unique":"~0.2.1","tape":"~4.2.2"},"testling":{"files":"test.js"},"repository":{"type":"git","url":"git@github.com:michaelrhodes/math-random"},"keywords":["Math.random","crypto.getRandomValues"],"author":{"name":"Michael Rhodes"},"license":"MIT","bugs":{"url":"https://github.com/michaelrhodes/math-random/issues"},"homepage":"https://github.com/michaelrhodes/math-random","gitHead":"14f9d4cb231e26156e1295d4d55b624dfdb54d3c","_id":"math-random@1.0.1","_shasum":"8b3aac588b8a66e4975e3cdea67f7bb329601fac","_from":".","_npmVersion":"3.10.9","_nodeVersion":"6.9.2","_npmUser":{"name":"michaelrhodes","email":"spam@michaelrhod.es"},"maintainers":[{"name":"michaelrhodes","email":"spam@michaelrhod.es"}],"dist":{"shasum":"8b3aac588b8a66e4975e3cdea67f7bb329601fac","tarball":"https://registry.npmjs.org/math-random/-/math-random-1.0.1.tgz"},"_npmOperationalInternal":{"host":"s3://npm-registry-packages","tmp":"tmp/math-random-1.0.1.tgz_1499951218271_0.3070336836390197"},"directories":{}}},"readme":"# math-random\n\nmath-random is an drop-in replacement for Math.random that uses cryptographically secure random number generation, where available. It works in both browser and node environments.\n\n[![Build status](https://travis-ci.org/michaelrhodes/math-random.svg?branch=master)](https://travis-ci.org/michaelrhodes/math-random)\n\n## Install\n\n```sh\nnpm install math-random\n```\n\n### Usage\n\n```js\nvar random = require('math-random')\n\nconsole.log(random())\n=> 0.584293719381094\n\nconsole.log(random.cryptographic)\n=> true || undefined\n```\n\n### License\n[MIT](http://opensource.org/licenses/MIT)\n","maintainers":[{"name":"michaelrhodes","email":"spam@michaelrhod.es"}],"time":{"modified":"2017-07-13T13:06:58.396Z","created":"2017-07-13T07:48:30.370Z","1.0.0":"2017-07-13T07:48:30.370Z","1.0.1":"2017-07-13T13:06:58.396Z"},"homepage":"https://github.com/michaelrhodes/math-random","keywords":["Math.random","crypto.getRandomValues"],"repository":{"type":"git","url":"git@github.com:michaelrhodes/math-random"},"author":{"name":"Michael Rhodes"},"bugs":{"url":"https://github.com/michaelrhodes/math-random/issues"},"license":"MIT","readmeFilename":"readme.md","_attachments":{},"_etag":"W/\"80305004032a1451853bc9b68b25e610\"","_lastModified":"Sun, 27 May 2018 07:33:55 GMT"}