{"_id":"babel-plugin-transform-es2015-classes","_rev":"126-cd2e1b8e85c75642703aeec8d3fec0cc","name":"babel-plugin-transform-es2015-classes","description":"Compile ES2015 classes to ES5","dist-tags":{"latest":"6.24.1","next":"7.0.0-beta.3"},"versions":{"6.0.2":{"name":"babel-plugin-transform-es2015-classes","version":"6.0.2","description":"Compile ES2015 classes to ES5","repository":{"type":"git","url":"git+https://github.com/babel/babel.git"},"license":"MIT","main":"lib/index.js","dependencies":{"babel-helper-optimise-call-expression":"^6.0.2","babel-helper-function-name":"^6.0.2","babel-helper-replace-supers":"^6.0.2","babel-template":"^6.0.2","babel-traverse":"^6.0.2","babel-helper-define-map":"^6.0.2","babel-messages":"^6.0.2","babel-runtime":"^6.0.2"},"keywords":["babel-plugin"],"bugs":{"url":"https://github.com/babel/babel/issues"},"homepage":"https://github.com/babel/babel#readme","_id":"babel-plugin-transform-es2015-classes@6.0.2","scripts":{},"_shasum":"1a51061afb3b6ab3a03009e4d8201b11539cca0d","_from":".","_npmVersion":"2.14.3","_nodeVersion":"4.1.0","_npmUser":{"name":"sebmck","email":"sebmck@gmail.com"},"dist":{"shasum":"1a51061afb3b6ab3a03009e4d8201b11539cca0d","tarball":"https://registry.npmjs.org/babel-plugin-transform-es2015-classes/-/babel-plugin-transform-es2015-classes-6.0.2.tgz"},"maintainers":[{"name":"sebmck","email":"sebmck@gmail.com"}],"directories":{}},"6.0.8":{"name":"babel-plugin-transform-es2015-classes","version":"6.0.8","description":"Compile ES2015 classes to ES5","repository":{"type":"git","url":"git+https://github.com/babel/babel.git"},"license":"MIT","main":"lib/index.js","dependencies":{"babel-helper-optimise-call-expression":"^6.0.2","babel-helper-function-name":"^6.0.2","babel-helper-replace-supers":"^6.0.2","babel-template":"^6.0.2","babel-traverse":"^6.0.2","babel-helper-define-map":"^6.0.2","babel-messages":"^6.0.2","babel-runtime":"^6.0.8","babel-types":"^6.0.2"},"keywords":["babel-plugin"],"bugs":{"url":"https://github.com/babel/babel/issues"},"homepage":"https://github.com/babel/babel#readme","_id":"babel-plugin-transform-es2015-classes@6.0.8","scripts":{},"_shasum":"bfe6410e7b0f19bbec8c68810c22a0c90135b1bd","_from":".","_npmVersion":"2.14.3","_nodeVersion":"4.1.0","_npmUser":{"name":"sebmck","email":"sebmck@gmail.com"},"dist":{"shasum":"bfe6410e7b0f19bbec8c68810c22a0c90135b1bd","tarball":"https://registry.npmjs.org/babel-plugin-transform-es2015-classes/-/babel-plugin-transform-es2015-classes-6.0.8.tgz"},"maintainers":[{"name":"sebmck","email":"sebmck@gmail.com"}],"directories":{}},"6.0.14":{"name":"babel-plugin-transform-es2015-classes","version":"6.0.14","description":"Compile ES2015 classes to ES5","repository":{"type":"git","url":"https://github.com/babel/babel/tree/master/packages/babel-plugin-transform-es2015-classes"},"license":"MIT","main":"lib/index.js","dependencies":{"babel-helper-optimise-call-expression":"^6.0.14","babel-helper-function-name":"^6.0.14","babel-helper-replace-supers":"^6.0.14","babel-template":"^6.0.14","babel-traverse":"^6.0.14","babel-helper-define-map":"^6.0.14","babel-messages":"^6.0.14","babel-runtime":"^6.0.14","babel-types":"^6.0.14"},"keywords":["babel-plugin"],"_id":"babel-plugin-transform-es2015-classes@6.0.14","scripts":{},"_shasum":"1c19daed75552e495271436f4f24021bab38a40a","_from":".","_npmVersion":"2.14.9","_nodeVersion":"4.1.0","_npmUser":{"name":"sebmck","email":"sebmck@gmail.com"},"dist":{"shasum":"1c19daed75552e495271436f4f24021bab38a40a","tarball":"https://registry.npmjs.org/babel-plugin-transform-es2015-classes/-/babel-plugin-transform-es2015-classes-6.0.14.tgz"},"maintainers":[{"name":"sebmck","email":"sebmck@gmail.com"}],"directories":{}},"6.0.15":{"name":"babel-plugin-transform-es2015-classes","version":"6.0.15","description":"Compile ES2015 classes to ES5","repository":{"type":"git","url":"https://github.com/babel/babel/tree/master/packages/babel-plugin-transform-es2015-classes"},"license":"MIT","main":"lib/index.js","dependencies":{"babel-helper-optimise-call-expression":"^6.0.15","babel-helper-function-name":"^6.0.15","babel-helper-replace-supers":"^6.0.15","babel-template":"^6.0.15","babel-traverse":"^6.0.14","babel-helper-define-map":"^6.0.15","babel-messages":"^6.0.15","babel-runtime":"^5.0.0","babel-types":"^6.0.15"},"keywords":["babel-plugin"],"_id":"babel-plugin-transform-es2015-classes@6.0.15","scripts":{},"_shasum":"6ae5d6248288ecc3aa8c6aab921163a94c64d743","_from":".","_npmVersion":"2.14.9","_nodeVersion":"4.1.0","_npmUser":{"name":"sebmck","email":"sebmck@gmail.com"},"dist":{"shasum":"6ae5d6248288ecc3aa8c6aab921163a94c64d743","tarball":"https://registry.npmjs.org/babel-plugin-transform-es2015-classes/-/babel-plugin-transform-es2015-classes-6.0.15.tgz"},"maintainers":[{"name":"sebmck","email":"sebmck@gmail.com"}],"directories":{}},"6.1.2":{"name":"babel-plugin-transform-es2015-classes","version":"6.1.2","description":"Compile ES2015 classes to ES5","repository":{"type":"git","url":"https://github.com/babel/babel/tree/master/packages/babel-plugin-transform-es2015-classes"},"license":"MIT","main":"lib/index.js","dependencies":{"babel-helper-optimise-call-expression":"^6.0.15","babel-helper-function-name":"^6.0.15","babel-helper-replace-supers":"^6.0.15","babel-template":"^6.0.15","babel-traverse":"^6.1.2","babel-helper-define-map":"^6.0.15","babel-messages":"^6.0.15","babel-runtime":"^5.0.0","babel-types":"^6.1.2"},"keywords":["babel-plugin"],"_id":"babel-plugin-transform-es2015-classes@6.1.2","scripts":{},"_shasum":"94a1da04e0db2f5370d0c21381a45271c5d79a02","_from":".","_npmVersion":"2.14.9","_nodeVersion":"4.1.0","_npmUser":{"name":"sebmck","email":"sebmck@gmail.com"},"dist":{"shasum":"94a1da04e0db2f5370d0c21381a45271c5d79a02","tarball":"https://registry.npmjs.org/babel-plugin-transform-es2015-classes/-/babel-plugin-transform-es2015-classes-6.1.2.tgz"},"maintainers":[{"name":"sebmck","email":"sebmck@gmail.com"}],"directories":{}},"6.1.4":{"name":"babel-plugin-transform-es2015-classes","version":"6.1.4","description":"Compile ES2015 classes to ES5","repository":{"type":"git","url":"https://github.com/babel/babel/tree/master/packages/babel-plugin-transform-es2015-classes"},"license":"MIT","main":"lib/index.js","dependencies":{"babel-helper-optimise-call-expression":"^6.0.15","babel-helper-function-name":"^6.0.15","babel-helper-replace-supers":"^6.0.15","babel-template":"^6.0.15","babel-traverse":"^6.1.4","babel-helper-define-map":"^6.0.15","babel-messages":"^6.1.4","babel-runtime":"^5.0.0","babel-types":"^6.1.4"},"keywords":["babel-plugin"],"devDependencies":{"babel-helper-plugin-test-runner":"^6.1.4"},"_id":"babel-plugin-transform-es2015-classes@6.1.4","scripts":{},"_shasum":"ade2c06d8671fd85b806152fa7cd0be2ba510c7b","_from":".","_npmVersion":"3.3.10","_nodeVersion":"4.1.0","_npmUser":{"name":"sebmck","email":"sebmck@gmail.com"},"dist":{"shasum":"ade2c06d8671fd85b806152fa7cd0be2ba510c7b","tarball":"https://registry.npmjs.org/babel-plugin-transform-es2015-classes/-/babel-plugin-transform-es2015-classes-6.1.4.tgz"},"maintainers":[{"name":"sebmck","email":"sebmck@gmail.com"}],"directories":{}},"6.1.5":{"name":"babel-plugin-transform-es2015-classes","version":"6.1.5","description":"Compile ES2015 classes to ES5","repository":{"type":"git","url":"https://github.com/babel/babel/tree/master/packages/babel-plugin-transform-es2015-classes"},"license":"MIT","main":"lib/index.js","dependencies":{"babel-helper-optimise-call-expression":"^6.1.5","babel-helper-function-name":"^6.1.5","babel-helper-replace-supers":"^6.1.5","babel-template":"^6.1.5","babel-traverse":"^6.1.5","babel-helper-define-map":"^6.1.5","babel-messages":"^6.1.5","babel-runtime":"^5.0.0","babel-types":"^6.1.5"},"keywords":["babel-plugin"],"devDependencies":{"babel-helper-plugin-test-runner":"^6.1.5"},"_id":"babel-plugin-transform-es2015-classes@6.1.5","scripts":{},"_shasum":"5f74c9d05c89ea167ff99f5d0f465b179c4a8d88","_from":".","_npmVersion":"3.3.10","_nodeVersion":"4.1.0","_npmUser":{"name":"sebmck","email":"sebmck@gmail.com"},"dist":{"shasum":"5f74c9d05c89ea167ff99f5d0f465b179c4a8d88","tarball":"https://registry.npmjs.org/babel-plugin-transform-es2015-classes/-/babel-plugin-transform-es2015-classes-6.1.5.tgz"},"maintainers":[{"name":"sebmck","email":"sebmck@gmail.com"}],"directories":{}},"6.1.10":{"name":"babel-plugin-transform-es2015-classes","version":"6.1.10","description":"Compile ES2015 classes to ES5","repository":{"type":"git","url":"https://github.com/babel/babel/tree/master/packages/babel-plugin-transform-es2015-classes"},"license":"MIT","main":"lib/index.js","dependencies":{"babel-helper-optimise-call-expression":"^6.1.10","babel-helper-function-name":"^6.1.10","babel-helper-replace-supers":"^6.1.10","babel-template":"^6.1.10","babel-traverse":"^6.1.10","babel-helper-define-map":"^6.1.10","babel-messages":"^6.1.10","babel-runtime":"^5.0.0","babel-types":"^6.1.10"},"keywords":["babel-plugin"],"devDependencies":{"babel-helper-plugin-test-runner":"^6.1.10"},"_id":"babel-plugin-transform-es2015-classes@6.1.10","scripts":{},"_shasum":"aef6d1485cd03f0dcb2ae2e71e2db891777e122d","_from":".","_npmVersion":"3.3.10","_nodeVersion":"4.1.0","_npmUser":{"name":"sebmck","email":"sebmck@gmail.com"},"dist":{"shasum":"aef6d1485cd03f0dcb2ae2e71e2db891777e122d","tarball":"https://registry.npmjs.org/babel-plugin-transform-es2015-classes/-/babel-plugin-transform-es2015-classes-6.1.10.tgz"},"maintainers":[{"name":"amasad","email":"amjad.masad@gmail.com"},{"name":"sebmck","email":"sebmck@gmail.com"},{"name":"thejameskyle","email":"me@thejameskyle.com"}],"directories":{}},"6.1.17":{"name":"babel-plugin-transform-es2015-classes","version":"6.1.17","description":"Compile ES2015 classes to ES5","repository":{"type":"git","url":"https://github.com/babel/babel/tree/master/packages/babel-plugin-transform-es2015-classes"},"license":"MIT","main":"lib/index.js","dependencies":{"babel-helper-optimise-call-expression":"^6.1.17","babel-helper-function-name":"^6.1.17","babel-helper-replace-supers":"^6.1.17","babel-template":"^6.1.17","babel-traverse":"^6.1.17","babel-helper-define-map":"^6.1.17","babel-messages":"^6.1.17","babel-runtime":"^5.0.0","babel-types":"^6.1.17"},"keywords":["babel-plugin"],"devDependencies":{"babel-helper-plugin-test-runner":"^6.1.17"},"_id":"babel-plugin-transform-es2015-classes@6.1.17","scripts":{},"_shasum":"9fb81606dc3d6859f8c96779fd5a7137a6d04d0d","_from":".","_npmVersion":"3.3.10","_nodeVersion":"4.1.0","_npmUser":{"name":"sebmck","email":"sebmck@gmail.com"},"dist":{"shasum":"9fb81606dc3d6859f8c96779fd5a7137a6d04d0d","tarball":"https://registry.npmjs.org/babel-plugin-transform-es2015-classes/-/babel-plugin-transform-es2015-classes-6.1.17.tgz"},"maintainers":[{"name":"amasad","email":"amjad.masad@gmail.com"},{"name":"sebmck","email":"sebmck@gmail.com"},{"name":"thejameskyle","email":"me@thejameskyle.com"}],"directories":{}},"6.1.18":{"name":"babel-plugin-transform-es2015-classes","version":"6.1.18","description":"Compile ES2015 classes to ES5","repository":{"type":"git","url":"https://github.com/babel/babel/tree/master/packages/babel-plugin-transform-es2015-classes"},"license":"MIT","main":"lib/index.js","dependencies":{"babel-helper-optimise-call-expression":"^6.1.18","babel-helper-function-name":"^6.1.18","babel-helper-replace-supers":"^6.1.18","babel-template":"^6.1.18","babel-traverse":"^6.1.18","babel-helper-define-map":"^6.1.18","babel-messages":"^6.1.18","babel-runtime":"^5.0.0","babel-types":"^6.1.18"},"keywords":["babel-plugin"],"devDependencies":{"babel-helper-plugin-test-runner":"^6.1.18"},"_id":"babel-plugin-transform-es2015-classes@6.1.18","scripts":{},"_shasum":"dae512a5a1f3a55255afcf9687de0ca18a001dc9","_from":".","_npmVersion":"3.3.10","_nodeVersion":"4.1.0","_npmUser":{"name":"sebmck","email":"sebmck@gmail.com"},"dist":{"shasum":"dae512a5a1f3a55255afcf9687de0ca18a001dc9","tarball":"https://registry.npmjs.org/babel-plugin-transform-es2015-classes/-/babel-plugin-transform-es2015-classes-6.1.18.tgz"},"maintainers":[{"name":"amasad","email":"amjad.masad@gmail.com"},{"name":"sebmck","email":"sebmck@gmail.com"},{"name":"thejameskyle","email":"me@thejameskyle.com"}],"directories":{}},"6.1.20":{"name":"babel-plugin-transform-es2015-classes","version":"6.1.20","description":"Compile ES2015 classes to ES5","repository":{"type":"git","url":"https://github.com/babel/babel/tree/master/packages/babel-plugin-transform-es2015-classes"},"license":"MIT","main":"lib/index.js","dependencies":{"babel-helper-optimise-call-expression":"^6.1.18","babel-helper-function-name":"^6.1.18","babel-helper-replace-supers":"^6.1.18","babel-template":"^6.1.18","babel-traverse":"^6.1.20","babel-helper-define-map":"^6.1.18","babel-messages":"^6.1.18","babel-runtime":"^5.0.0","babel-types":"^6.1.18"},"keywords":["babel-plugin"],"devDependencies":{"babel-helper-plugin-test-runner":"^6.1.18"},"_id":"babel-plugin-transform-es2015-classes@6.1.20","scripts":{},"_shasum":"62d24e574cd0d6fafab5ea9d0d051e44e194e14a","_from":".","_npmVersion":"3.3.10","_nodeVersion":"4.1.0","_npmUser":{"name":"sebmck","email":"sebmck@gmail.com"},"dist":{"shasum":"62d24e574cd0d6fafab5ea9d0d051e44e194e14a","tarball":"https://registry.npmjs.org/babel-plugin-transform-es2015-classes/-/babel-plugin-transform-es2015-classes-6.1.20.tgz"},"maintainers":[{"name":"amasad","email":"amjad.masad@gmail.com"},{"name":"sebmck","email":"sebmck@gmail.com"},{"name":"thejameskyle","email":"me@thejameskyle.com"}],"directories":{}},"6.1.21":{"name":"babel-plugin-transform-es2015-classes","version":"6.1.21","description":"Compile ES2015 classes to ES5","repository":{"type":"git","url":"https://github.com/babel/babel/tree/master/packages/babel-plugin-transform-es2015-classes"},"license":"MIT","main":"lib/index.js","dependencies":{"babel-helper-optimise-call-expression":"^6.1.18","babel-helper-function-name":"^6.1.18","babel-helper-replace-supers":"^6.1.18","babel-template":"^6.1.18","babel-traverse":"^6.1.20","babel-helper-define-map":"^6.1.18","babel-messages":"^6.1.18","babel-runtime":"^5.0.0","babel-types":"^6.1.18"},"keywords":["babel-plugin"],"devDependencies":{"babel-helper-plugin-test-runner":"^6.1.18"},"_id":"babel-plugin-transform-es2015-classes@6.1.21","scripts":{},"_shasum":"dbcbb431e12496d44b6f0f889adcdaa0bdbedd74","_from":".","_npmVersion":"3.3.10","_nodeVersion":"4.1.0","_npmUser":{"name":"sebmck","email":"sebmck@gmail.com"},"dist":{"shasum":"dbcbb431e12496d44b6f0f889adcdaa0bdbedd74","tarball":"https://registry.npmjs.org/babel-plugin-transform-es2015-classes/-/babel-plugin-transform-es2015-classes-6.1.21.tgz"},"maintainers":[{"name":"amasad","email":"amjad.masad@gmail.com"},{"name":"sebmck","email":"sebmck@gmail.com"},{"name":"thejameskyle","email":"me@thejameskyle.com"}],"directories":{}},"6.2.0":{"name":"babel-plugin-transform-es2015-classes","version":"6.2.0","description":"Compile ES2015 classes to ES5","repository":{"type":"git","url":"https://github.com/babel/babel/tree/master/packages/babel-plugin-transform-es2015-classes"},"license":"MIT","main":"lib/index.js","dependencies":{"babel-helper-optimise-call-expression":"^6.1.18","babel-helper-function-name":"^6.2.0","babel-helper-replace-supers":"^6.2.0","babel-template":"^6.2.0","babel-traverse":"^6.2.0","babel-helper-define-map":"^6.2.0","babel-messages":"^6.2.0","babel-runtime":"^5.0.0","babel-types":"^6.2.0"},"keywords":["babel-plugin"],"devDependencies":{"babel-helper-plugin-test-runner":"^6.1.18"},"_id":"babel-plugin-transform-es2015-classes@6.2.0","scripts":{},"_shasum":"0e2735cc1353689ecb8336a268ffcd1455054efd","_from":".","_npmVersion":"3.3.10","_nodeVersion":"4.1.0","_npmUser":{"name":"sebmck","email":"sebmck@gmail.com"},"dist":{"shasum":"0e2735cc1353689ecb8336a268ffcd1455054efd","tarball":"https://registry.npmjs.org/babel-plugin-transform-es2015-classes/-/babel-plugin-transform-es2015-classes-6.2.0.tgz"},"maintainers":[{"name":"amasad","email":"amjad.masad@gmail.com"},{"name":"sebmck","email":"sebmck@gmail.com"},{"name":"thejameskyle","email":"me@thejameskyle.com"}],"directories":{}},"6.2.2":{"name":"babel-plugin-transform-es2015-classes","version":"6.2.2","description":"Compile ES2015 classes to ES5","repository":{"type":"git","url":"https://github.com/babel/babel/tree/master/packages/babel-plugin-transform-es2015-classes"},"license":"MIT","main":"lib/index.js","dependencies":{"babel-helper-optimise-call-expression":"^6.1.18","babel-helper-function-name":"^6.2.0","babel-helper-replace-supers":"^6.2.0","babel-template":"^6.2.0","babel-traverse":"^6.2.0","babel-helper-define-map":"^6.2.0","babel-messages":"^6.2.0","babel-runtime":"^5.0.0","babel-types":"^6.2.0"},"keywords":["babel-plugin"],"devDependencies":{"babel-helper-plugin-test-runner":"^6.1.18"},"_id":"babel-plugin-transform-es2015-classes@6.2.2","scripts":{},"_shasum":"32fb6c4683c18b454a33c3858b01c5c8181a1fbf","_from":".","_npmVersion":"3.3.10","_nodeVersion":"4.1.0","_npmUser":{"name":"sebmck","email":"sebmck@gmail.com"},"dist":{"shasum":"32fb6c4683c18b454a33c3858b01c5c8181a1fbf","tarball":"https://registry.npmjs.org/babel-plugin-transform-es2015-classes/-/babel-plugin-transform-es2015-classes-6.2.2.tgz"},"maintainers":[{"name":"amasad","email":"amjad.masad@gmail.com"},{"name":"sebmck","email":"sebmck@gmail.com"},{"name":"thejameskyle","email":"me@thejameskyle.com"}],"directories":{}},"6.2.4":{"name":"babel-plugin-transform-es2015-classes","version":"6.2.4","description":"Compile ES2015 classes to ES5","repository":{"type":"git","url":"https://github.com/babel/babel/tree/master/packages/babel-plugin-transform-es2015-classes"},"license":"MIT","main":"lib/index.js","dependencies":{"babel-helper-optimise-call-expression":"^6.2.4","babel-helper-function-name":"^6.2.4","babel-helper-replace-supers":"^6.2.4","babel-template":"^6.2.4","babel-traverse":"^6.2.4","babel-helper-define-map":"^6.2.4","babel-messages":"^6.2.4","babel-runtime":"^5.0.0","babel-types":"^6.2.4"},"keywords":["babel-plugin"],"devDependencies":{"babel-helper-plugin-test-runner":"^6.2.4"},"_id":"babel-plugin-transform-es2015-classes@6.2.4","scripts":{},"_shasum":"5faf8663cda5587ec3b9a4666f6c809b30cd2f49","_from":".","_npmVersion":"3.3.10","_nodeVersion":"4.1.0","_npmUser":{"name":"sebmck","email":"sebmck@gmail.com"},"dist":{"shasum":"5faf8663cda5587ec3b9a4666f6c809b30cd2f49","tarball":"https://registry.npmjs.org/babel-plugin-transform-es2015-classes/-/babel-plugin-transform-es2015-classes-6.2.4.tgz"},"maintainers":[{"name":"amasad","email":"amjad.masad@gmail.com"},{"name":"sebmck","email":"sebmck@gmail.com"},{"name":"thejameskyle","email":"me@thejameskyle.com"}],"directories":{}},"6.3.2":{"name":"babel-plugin-transform-es2015-classes","version":"6.3.2","description":"Compile ES2015 classes to ES5","repository":{"type":"git","url":"https://github.com/babel/babel/tree/master/packages/babel-plugin-transform-es2015-classes"},"license":"MIT","main":"lib/index.js","dependencies":{"babel-helper-optimise-call-expression":"^6.1.18","babel-helper-function-name":"^6.2.0","babel-helper-replace-supers":"^6.2.0","babel-template":"^6.2.0","babel-traverse":"^6.3.2","babel-helper-define-map":"^6.2.0","babel-messages":"^6.2.0","babel-runtime":"^5.0.0","babel-types":"^6.2.0"},"keywords":["babel-plugin"],"devDependencies":{"babel-helper-plugin-test-runner":"^6.1.18"},"_id":"babel-plugin-transform-es2015-classes@6.3.2","scripts":{},"_shasum":"58cfda2a2f9c243c18fa70fafe2299c333312175","_from":".","_npmVersion":"3.3.12","_nodeVersion":"5.1.0","_npmUser":{"name":"hzoo","email":"hi@henryzoo.com"},"dist":{"shasum":"58cfda2a2f9c243c18fa70fafe2299c333312175","tarball":"https://registry.npmjs.org/babel-plugin-transform-es2015-classes/-/babel-plugin-transform-es2015-classes-6.3.2.tgz"},"maintainers":[{"name":"amasad","email":"amjad.masad@gmail.com"},{"name":"hzoo","email":"hi@henryzoo.com"},{"name":"jmm","email":"npm-public@jessemccarthy.net"},{"name":"loganfsmyth","email":"loganfsmyth@gmail.com"},{"name":"sebmck","email":"sebmck@gmail.com"},{"name":"thejameskyle","email":"me@thejameskyle.com"}],"directories":{}},"6.3.13":{"name":"babel-plugin-transform-es2015-classes","version":"6.3.13","description":"Compile ES2015 classes to ES5","repository":{"type":"git","url":"https://github.com/babel/babel/tree/master/packages/babel-plugin-transform-es2015-classes"},"license":"MIT","main":"lib/index.js","dependencies":{"babel-helper-optimise-call-expression":"^6.3.13","babel-helper-function-name":"^6.3.13","babel-helper-replace-supers":"^6.3.13","babel-template":"^6.3.13","babel-traverse":"^6.3.13","babel-helper-define-map":"^6.3.13","babel-messages":"^6.3.13","babel-runtime":"^5.0.0","babel-types":"^6.3.13"},"keywords":["babel-plugin"],"devDependencies":{"babel-helper-plugin-test-runner":"^6.3.13"},"_id":"babel-plugin-transform-es2015-classes@6.3.13","scripts":{},"_shasum":"60dd52c16138f3da1be659f516588f97ccbf07f0","_from":".","_npmVersion":"3.3.10","_nodeVersion":"4.1.0","_npmUser":{"name":"sebmck","email":"sebmck@gmail.com"},"dist":{"shasum":"60dd52c16138f3da1be659f516588f97ccbf07f0","tarball":"https://registry.npmjs.org/babel-plugin-transform-es2015-classes/-/babel-plugin-transform-es2015-classes-6.3.13.tgz"},"maintainers":[{"name":"amasad","email":"amjad.masad@gmail.com"},{"name":"hzoo","email":"hi@henryzoo.com"},{"name":"jmm","email":"npm-public@jessemccarthy.net"},{"name":"loganfsmyth","email":"loganfsmyth@gmail.com"},{"name":"sebmck","email":"sebmck@gmail.com"},{"name":"thejameskyle","email":"me@thejameskyle.com"}],"directories":{}},"6.3.15":{"name":"babel-plugin-transform-es2015-classes","version":"6.3.15","description":"Compile ES2015 classes to ES5","repository":{"type":"git","url":"https://github.com/babel/babel/tree/master/packages/babel-plugin-transform-es2015-classes"},"license":"MIT","main":"lib/index.js","dependencies":{"babel-helper-optimise-call-expression":"^6.3.13","babel-helper-function-name":"^6.3.15","babel-helper-replace-supers":"^6.3.13","babel-template":"^6.3.13","babel-traverse":"^6.3.15","babel-helper-define-map":"^6.3.13","babel-messages":"^6.3.13","babel-runtime":"^5.0.0","babel-types":"^6.3.13"},"keywords":["babel-plugin"],"devDependencies":{"babel-helper-plugin-test-runner":"^6.3.13"},"_id":"babel-plugin-transform-es2015-classes@6.3.15","scripts":{},"_shasum":"f169943d403a1ec60ce4be60b28d105f6387e8c1","_from":".","_npmVersion":"3.3.12","_nodeVersion":"5.1.0","_npmUser":{"name":"hzoo","email":"hi@henryzoo.com"},"dist":{"shasum":"f169943d403a1ec60ce4be60b28d105f6387e8c1","tarball":"https://registry.npmjs.org/babel-plugin-transform-es2015-classes/-/babel-plugin-transform-es2015-classes-6.3.15.tgz"},"maintainers":[{"name":"amasad","email":"amjad.masad@gmail.com"},{"name":"hzoo","email":"hi@henryzoo.com"},{"name":"jmm","email":"npm-public@jessemccarthy.net"},{"name":"loganfsmyth","email":"loganfsmyth@gmail.com"},{"name":"sebmck","email":"sebmck@gmail.com"},{"name":"thejameskyle","email":"me@thejameskyle.com"}],"directories":{}},"6.4.0":{"name":"babel-plugin-transform-es2015-classes","version":"6.4.0","description":"Compile ES2015 classes to ES5","repository":{"type":"git","url":"https://github.com/babel/babel/tree/master/packages/babel-plugin-transform-es2015-classes"},"license":"MIT","main":"lib/index.js","dependencies":{"babel-helper-optimise-call-expression":"^6.3.13","babel-helper-function-name":"^6.4.0","babel-helper-replace-supers":"^6.3.13","babel-template":"^6.3.13","babel-traverse":"^6.3.15","babel-helper-define-map":"^6.3.13","babel-messages":"^6.3.13","babel-runtime":"^5.0.0","babel-types":"^6.4.0"},"keywords":["babel-plugin"],"devDependencies":{"babel-helper-plugin-test-runner":"^6.3.13"},"_id":"babel-plugin-transform-es2015-classes@6.4.0","scripts":{},"_shasum":"a717e36ec6f4d8f98882e1e2f90b4388803d8a2d","_from":".","_npmVersion":"3.5.2","_nodeVersion":"5.1.0","_npmUser":{"name":"hzoo","email":"hi@henryzoo.com"},"dist":{"shasum":"a717e36ec6f4d8f98882e1e2f90b4388803d8a2d","tarball":"https://registry.npmjs.org/babel-plugin-transform-es2015-classes/-/babel-plugin-transform-es2015-classes-6.4.0.tgz"},"maintainers":[{"name":"amasad","email":"amjad.masad@gmail.com"},{"name":"hzoo","email":"hi@henryzoo.com"},{"name":"jmm","email":"npm-public@jessemccarthy.net"},{"name":"loganfsmyth","email":"loganfsmyth@gmail.com"},{"name":"sebmck","email":"sebmck@gmail.com"},{"name":"thejameskyle","email":"me@thejameskyle.com"}],"directories":{}},"6.4.5":{"name":"babel-plugin-transform-es2015-classes","version":"6.4.5","description":"Compile ES2015 classes to ES5","repository":{"type":"git","url":"https://github.com/babel/babel/tree/master/packages/babel-plugin-transform-es2015-classes"},"license":"MIT","main":"lib/index.js","dependencies":{"babel-helper-optimise-call-expression":"^6.3.13","babel-helper-function-name":"^6.4.0","babel-helper-replace-supers":"^6.3.13","babel-template":"^6.3.13","babel-traverse":"^6.4.5","babel-helper-define-map":"^6.4.5","babel-messages":"^6.3.13","babel-runtime":"^5.0.0","babel-types":"^6.4.5"},"keywords":["babel-plugin"],"devDependencies":{"babel-helper-plugin-test-runner":"^6.3.13"},"_id":"babel-plugin-transform-es2015-classes@6.4.5","scripts":{},"_shasum":"dc187264e7efd2d707891d1f0e9e5fcf7069b28a","_from":".","_npmVersion":"3.5.2","_nodeVersion":"5.1.0","_npmUser":{"name":"hzoo","email":"hi@henryzoo.com"},"dist":{"shasum":"dc187264e7efd2d707891d1f0e9e5fcf7069b28a","tarball":"https://registry.npmjs.org/babel-plugin-transform-es2015-classes/-/babel-plugin-transform-es2015-classes-6.4.5.tgz"},"maintainers":[{"name":"amasad","email":"amjad.masad@gmail.com"},{"name":"hzoo","email":"hi@henryzoo.com"},{"name":"jmm","email":"npm-public@jessemccarthy.net"},{"name":"loganfsmyth","email":"loganfsmyth@gmail.com"},{"name":"sebmck","email":"sebmck@gmail.com"},{"name":"thejameskyle","email":"me@thejameskyle.com"}],"directories":{}},"6.5.0":{"name":"babel-plugin-transform-es2015-classes","version":"6.5.0","description":"Compile ES2015 classes to ES5","repository":{"type":"git","url":"https://github.com/babel/babel/tree/master/packages/babel-plugin-transform-es2015-classes"},"license":"MIT","main":"lib/index.js","dependencies":{"babel-helper-optimise-call-expression":"^6.3.13","babel-helper-function-name":"^6.4.0","babel-helper-replace-supers":"^6.3.13","babel-template":"^6.3.13","babel-traverse":"^6.4.5","babel-helper-define-map":"^6.4.5","babel-messages":"^6.3.13","babel-runtime":"^5.0.0","babel-types":"^6.4.5"},"keywords":["babel-plugin"],"devDependencies":{"babel-helper-plugin-test-runner":"^6.3.13"},"_id":"babel-plugin-transform-es2015-classes@6.5.0","scripts":{},"_shasum":"47dc74e370c97fc287d41ac8044f4803aab56b18","_from":".","_npmVersion":"3.6.0","_nodeVersion":"5.1.0","_npmUser":{"name":"hzoo","email":"hi@henryzoo.com"},"dist":{"shasum":"47dc74e370c97fc287d41ac8044f4803aab56b18","tarball":"https://registry.npmjs.org/babel-plugin-transform-es2015-classes/-/babel-plugin-transform-es2015-classes-6.5.0.tgz"},"maintainers":[{"name":"amasad","email":"amjad.masad@gmail.com"},{"name":"hzoo","email":"hi@henryzoo.com"},{"name":"jmm","email":"npm-public@jessemccarthy.net"},{"name":"loganfsmyth","email":"loganfsmyth@gmail.com"},{"name":"sebmck","email":"sebmck@gmail.com"},{"name":"thejameskyle","email":"me@thejameskyle.com"}],"_npmOperationalInternal":{"host":"packages-9-west.internal.npmjs.com","tmp":"tmp/babel-plugin-transform-es2015-classes-6.5.0.tgz_1454803650805_0.7486273732502013"},"directories":{}},"6.5.0-1":{"name":"babel-plugin-transform-es2015-classes","version":"6.5.0-1","description":"Compile ES2015 classes to ES5","repository":{"type":"git","url":"https://github.com/babel/babel/tree/master/packages/babel-plugin-transform-es2015-classes"},"license":"MIT","main":"lib/index.js","dependencies":{"babel-helper-optimise-call-expression":"^6.5.0-1","babel-helper-function-name":"^6.5.0-1","babel-helper-replace-supers":"^6.5.0-1","babel-template":"^6.5.0-1","babel-traverse":"^6.5.0-1","babel-helper-define-map":"^6.5.0-1","babel-messages":"^6.5.0-1","babel-runtime":"^5.0.0","babel-types":"^6.5.0-1"},"keywords":["babel-plugin"],"devDependencies":{"babel-helper-plugin-test-runner":"^6.5.0-1"},"_id":"babel-plugin-transform-es2015-classes@6.5.0-1","scripts":{},"_shasum":"bac1f47efc361d55f4408723a51cca2c7f0144cc","_from":".","_npmVersion":"3.6.0","_nodeVersion":"5.1.0","_npmUser":{"name":"hzoo","email":"hi@henryzoo.com"},"dist":{"shasum":"bac1f47efc361d55f4408723a51cca2c7f0144cc","tarball":"https://registry.npmjs.org/babel-plugin-transform-es2015-classes/-/babel-plugin-transform-es2015-classes-6.5.0-1.tgz"},"maintainers":[{"name":"amasad","email":"amjad.masad@gmail.com"},{"name":"hzoo","email":"hi@henryzoo.com"},{"name":"jmm","email":"npm-public@jessemccarthy.net"},{"name":"loganfsmyth","email":"loganfsmyth@gmail.com"},{"name":"sebmck","email":"sebmck@gmail.com"},{"name":"thejameskyle","email":"me@thejameskyle.com"}],"_npmOperationalInternal":{"host":"packages-9-west.internal.npmjs.com","tmp":"tmp/babel-plugin-transform-es2015-classes-6.5.0-1.tgz_1454812831832_0.6162989628501236"},"directories":{}},"6.5.2":{"name":"babel-plugin-transform-es2015-classes","version":"6.5.2","description":"Compile ES2015 classes to ES5","repository":{"type":"git","url":"https://github.com/babel/babel/tree/master/packages/babel-plugin-transform-es2015-classes"},"license":"MIT","main":"lib/index.js","dependencies":{"babel-helper-optimise-call-expression":"^6.3.13","babel-helper-function-name":"^6.4.0","babel-helper-replace-supers":"^6.3.13","babel-template":"^6.3.13","babel-traverse":"^6.4.5","babel-helper-define-map":"^6.4.5","babel-messages":"^6.3.13","babel-runtime":"^5.0.0","babel-types":"^6.5.2"},"keywords":["babel-plugin"],"devDependencies":{"babel-helper-plugin-test-runner":"^6.3.13"},"_id":"babel-plugin-transform-es2015-classes@6.5.2","scripts":{},"_shasum":"b5c298c3b78b87c7af67f3a70b682eecc062a45c","_from":".","_npmVersion":"3.6.0","_nodeVersion":"5.1.0","_npmUser":{"name":"hzoo","email":"hi@henryzoo.com"},"dist":{"shasum":"b5c298c3b78b87c7af67f3a70b682eecc062a45c","tarball":"https://registry.npmjs.org/babel-plugin-transform-es2015-classes/-/babel-plugin-transform-es2015-classes-6.5.2.tgz"},"maintainers":[{"name":"amasad","email":"amjad.masad@gmail.com"},{"name":"hzoo","email":"hi@henryzoo.com"},{"name":"jmm","email":"npm-public@jessemccarthy.net"},{"name":"loganfsmyth","email":"loganfsmyth@gmail.com"},{"name":"sebmck","email":"sebmck@gmail.com"},{"name":"thejameskyle","email":"me@thejameskyle.com"}],"_npmOperationalInternal":{"host":"packages-6-west.internal.npmjs.com","tmp":"tmp/babel-plugin-transform-es2015-classes-6.5.2.tgz_1455294605901_0.24259805702604353"},"directories":{}},"6.6.0":{"name":"babel-plugin-transform-es2015-classes","version":"6.6.0","description":"Compile ES2015 classes to ES5","repository":{"type":"git","url":"https://github.com/babel/babel/tree/master/packages/babel-plugin-transform-es2015-classes"},"license":"MIT","main":"lib/index.js","dependencies":{"babel-helper-optimise-call-expression":"^6.6.0","babel-helper-function-name":"^6.6.0","babel-helper-replace-supers":"^6.6.0","babel-template":"^6.6.0","babel-traverse":"^6.6.0","babel-helper-define-map":"^6.6.0","babel-messages":"^6.6.0","babel-runtime":"^5.0.0","babel-types":"^6.6.0"},"keywords":["babel-plugin"],"devDependencies":{"babel-helper-plugin-test-runner":"^6.3.13"},"_id":"babel-plugin-transform-es2015-classes@6.6.0","scripts":{},"_shasum":"15745aaec049a30cb2b39b8c3f49c08ed2f36508","_from":".","_npmVersion":"3.6.0","_nodeVersion":"5.1.0","_npmUser":{"name":"hzoo","email":"hi@henryzoo.com"},"dist":{"shasum":"15745aaec049a30cb2b39b8c3f49c08ed2f36508","tarball":"https://registry.npmjs.org/babel-plugin-transform-es2015-classes/-/babel-plugin-transform-es2015-classes-6.6.0.tgz"},"maintainers":[{"name":"amasad","email":"amjad.masad@gmail.com"},{"name":"hzoo","email":"hi@henryzoo.com"},{"name":"jmm","email":"npm-public@jessemccarthy.net"},{"name":"loganfsmyth","email":"loganfsmyth@gmail.com"},{"name":"sebmck","email":"sebmck@gmail.com"},{"name":"thejameskyle","email":"me@thejameskyle.com"}],"_npmOperationalInternal":{"host":"packages-5-east.internal.npmjs.com","tmp":"tmp/babel-plugin-transform-es2015-classes-6.6.0.tgz_1456780360765_0.6659348565153778"},"directories":{}},"6.6.4":{"name":"babel-plugin-transform-es2015-classes","version":"6.6.4","description":"Compile ES2015 classes to ES5","repository":{"type":"git","url":"https://github.com/babel/babel/tree/master/packages/babel-plugin-transform-es2015-classes"},"license":"MIT","main":"lib/index.js","dependencies":{"babel-helper-optimise-call-expression":"^6.6.0","babel-helper-function-name":"^6.6.0","babel-helper-replace-supers":"^6.6.4","babel-template":"^6.6.4","babel-traverse":"^6.6.4","babel-helper-define-map":"^6.6.4","babel-messages":"^6.6.0","babel-runtime":"^5.0.0","babel-types":"^6.6.4"},"keywords":["babel-plugin"],"devDependencies":{"babel-helper-plugin-test-runner":"^6.3.13"},"_id":"babel-plugin-transform-es2015-classes@6.6.4","scripts":{},"_shasum":"508c2f0f188643da159579c5b054eb016483f9b5","_from":".","_npmVersion":"3.6.0","_nodeVersion":"5.1.0","_npmUser":{"name":"hzoo","email":"hi@henryzoo.com"},"dist":{"shasum":"508c2f0f188643da159579c5b054eb016483f9b5","tarball":"https://registry.npmjs.org/babel-plugin-transform-es2015-classes/-/babel-plugin-transform-es2015-classes-6.6.4.tgz"},"maintainers":[{"name":"amasad","email":"amjad.masad@gmail.com"},{"name":"hzoo","email":"hi@henryzoo.com"},{"name":"jmm","email":"npm-public@jessemccarthy.net"},{"name":"loganfsmyth","email":"loganfsmyth@gmail.com"},{"name":"sebmck","email":"sebmck@gmail.com"},{"name":"thejameskyle","email":"me@thejameskyle.com"}],"_npmOperationalInternal":{"host":"packages-12-west.internal.npmjs.com","tmp":"tmp/babel-plugin-transform-es2015-classes-6.6.4.tgz_1456954179262_0.2754328539595008"},"directories":{}},"6.6.5":{"name":"babel-plugin-transform-es2015-classes","version":"6.6.5","description":"Compile ES2015 classes to ES5","repository":{"type":"git","url":"https://github.com/babel/babel/tree/master/packages/babel-plugin-transform-es2015-classes"},"license":"MIT","main":"lib/index.js","dependencies":{"babel-helper-optimise-call-expression":"^6.6.0","babel-helper-function-name":"^6.6.0","babel-helper-replace-supers":"^6.6.5","babel-template":"^6.6.5","babel-traverse":"^6.6.5","babel-helper-define-map":"^6.6.5","babel-messages":"^6.6.5","babel-runtime":"^5.0.0","babel-types":"^6.6.5"},"keywords":["babel-plugin"],"devDependencies":{"babel-helper-plugin-test-runner":"^6.3.13"},"_id":"babel-plugin-transform-es2015-classes@6.6.5","scripts":{},"_shasum":"b0273c58277c970d5d15517f61e45f731a65c61a","_from":".","_npmVersion":"3.6.0","_nodeVersion":"5.1.0","_npmUser":{"name":"hzoo","email":"hi@henryzoo.com"},"dist":{"shasum":"b0273c58277c970d5d15517f61e45f731a65c61a","tarball":"https://registry.npmjs.org/babel-plugin-transform-es2015-classes/-/babel-plugin-transform-es2015-classes-6.6.5.tgz"},"maintainers":[{"name":"amasad","email":"amjad.masad@gmail.com"},{"name":"hzoo","email":"hi@henryzoo.com"},{"name":"jmm","email":"npm-public@jessemccarthy.net"},{"name":"loganfsmyth","email":"loganfsmyth@gmail.com"},{"name":"sebmck","email":"sebmck@gmail.com"},{"name":"thejameskyle","email":"me@thejameskyle.com"}],"_npmOperationalInternal":{"host":"packages-12-west.internal.npmjs.com","tmp":"tmp/babel-plugin-transform-es2015-classes-6.6.5.tgz_1457133409293_0.15056378091685474"},"directories":{}},"6.7.7":{"name":"babel-plugin-transform-es2015-classes","version":"6.7.7","description":"Compile ES2015 classes to ES5","repository":{"type":"git","url":"https://github.com/babel/babel/tree/master/packages/babel-plugin-transform-es2015-classes"},"license":"MIT","main":"lib/index.js","dependencies":{"babel-helper-optimise-call-expression":"^6.6.0","babel-helper-function-name":"^6.6.0","babel-helper-replace-supers":"^6.6.5","babel-template":"^6.6.5","babel-traverse":"^6.6.5","babel-helper-define-map":"^6.6.5","babel-messages":"^6.6.5","babel-runtime":"^5.0.0","babel-types":"^6.7.7"},"keywords":["babel-plugin"],"devDependencies":{"babel-helper-plugin-test-runner":"^6.3.13"},"_id":"babel-plugin-transform-es2015-classes@6.7.7","scripts":{},"_shasum":"2107a53f8ca4394d2b35e058e1eba415eecf6007","_from":".","_npmVersion":"3.7.3","_nodeVersion":"5.9.0","_npmUser":{"name":"loganfsmyth","email":"loganfsmyth@gmail.com"},"dist":{"shasum":"2107a53f8ca4394d2b35e058e1eba415eecf6007","tarball":"https://registry.npmjs.org/babel-plugin-transform-es2015-classes/-/babel-plugin-transform-es2015-classes-6.7.7.tgz"},"maintainers":[{"name":"amasad","email":"amjad.masad@gmail.com"},{"name":"hzoo","email":"hi@henryzoo.com"},{"name":"jmm","email":"npm-public@jessemccarthy.net"},{"name":"loganfsmyth","email":"loganfsmyth@gmail.com"},{"name":"sebmck","email":"sebmck@gmail.com"},{"name":"thejameskyle","email":"me@thejameskyle.com"}],"_npmOperationalInternal":{"host":"packages-16-east.internal.npmjs.com","tmp":"tmp/babel-plugin-transform-es2015-classes-6.7.7.tgz_1461208164776_0.9296175756026059"},"directories":{}},"6.8.0":{"name":"babel-plugin-transform-es2015-classes","version":"6.8.0","description":"Compile ES2015 classes to ES5","repository":{"type":"git","url":"https://github.com/babel/babel/tree/master/packages/babel-plugin-transform-es2015-classes"},"license":"MIT","main":"lib/index.js","dependencies":{"babel-helper-optimise-call-expression":"^6.8.0","babel-helper-function-name":"^6.8.0","babel-helper-replace-supers":"^6.8.0","babel-template":"^6.8.0","babel-traverse":"^6.8.0","babel-helper-define-map":"^6.8.0","babel-messages":"^6.8.0","babel-runtime":"^6.0.0","babel-types":"^6.8.0"},"keywords":["babel-plugin"],"devDependencies":{"babel-helper-plugin-test-runner":"^6.8.0"},"_id":"babel-plugin-transform-es2015-classes@6.8.0","scripts":{},"_shasum":"e9eedcd40c71f6cc1534b2e13f02a791f1ef84c5","_from":".","_npmVersion":"3.8.6","_nodeVersion":"5.1.0","_npmUser":{"name":"hzoo","email":"hi@henryzoo.com"},"maintainers":[{"name":"amasad","email":"amjad.masad@gmail.com"},{"name":"hzoo","email":"hi@henryzoo.com"},{"name":"jmm","email":"npm-public@jessemccarthy.net"},{"name":"loganfsmyth","email":"loganfsmyth@gmail.com"},{"name":"sebmck","email":"sebmck@gmail.com"},{"name":"thejameskyle","email":"me@thejameskyle.com"}],"dist":{"shasum":"e9eedcd40c71f6cc1534b2e13f02a791f1ef84c5","tarball":"https://registry.npmjs.org/babel-plugin-transform-es2015-classes/-/babel-plugin-transform-es2015-classes-6.8.0.tgz"},"_npmOperationalInternal":{"host":"packages-12-west.internal.npmjs.com","tmp":"tmp/babel-plugin-transform-es2015-classes-6.8.0.tgz_1462232675290_0.9557223233859986"},"directories":{}},"6.9.0":{"name":"babel-plugin-transform-es2015-classes","version":"6.9.0","description":"Compile ES2015 classes to ES5","repository":{"type":"git","url":"https://github.com/babel/babel/tree/master/packages/babel-plugin-transform-es2015-classes"},"license":"MIT","main":"lib/index.js","dependencies":{"babel-helper-optimise-call-expression":"^6.8.0","babel-helper-function-name":"^6.8.0","babel-helper-replace-supers":"^6.8.0","babel-template":"^6.9.0","babel-traverse":"^6.9.0","babel-helper-define-map":"^6.9.0","babel-messages":"^6.8.0","babel-runtime":"^6.9.0","babel-types":"^6.9.0"},"keywords":["babel-plugin"],"devDependencies":{"babel-helper-plugin-test-runner":"^6.8.0"},"_id":"babel-plugin-transform-es2015-classes@6.9.0","scripts":{},"_shasum":"2c70aadc2cbb279b99fbc7bccea87177cc8c1df2","_from":".","_npmVersion":"3.8.6","_nodeVersion":"5.1.0","_npmUser":{"name":"hzoo","email":"hi@henryzoo.com"},"maintainers":[{"name":"amasad","email":"amjad.masad@gmail.com"},{"name":"hzoo","email":"hi@henryzoo.com"},{"name":"jmm","email":"npm-public@jessemccarthy.net"},{"name":"loganfsmyth","email":"loganfsmyth@gmail.com"},{"name":"sebmck","email":"sebmck@gmail.com"},{"name":"thejameskyle","email":"me@thejameskyle.com"}],"dist":{"shasum":"2c70aadc2cbb279b99fbc7bccea87177cc8c1df2","tarball":"https://registry.npmjs.org/babel-plugin-transform-es2015-classes/-/babel-plugin-transform-es2015-classes-6.9.0.tgz"},"_npmOperationalInternal":{"host":"packages-16-east.internal.npmjs.com","tmp":"tmp/babel-plugin-transform-es2015-classes-6.9.0.tgz_1463510971150_0.09423349821008742"},"directories":{}},"6.14.0":{"name":"babel-plugin-transform-es2015-classes","version":"6.14.0","description":"Compile ES2015 classes to ES5","repository":{"type":"git","url":"https://github.com/babel/babel/tree/master/packages/babel-plugin-transform-es2015-classes"},"license":"MIT","main":"lib/index.js","dependencies":{"babel-helper-optimise-call-expression":"^6.8.0","babel-helper-function-name":"^6.8.0","babel-helper-replace-supers":"^6.14.0","babel-template":"^6.14.0","babel-traverse":"^6.14.0","babel-helper-define-map":"^6.9.0","babel-messages":"^6.8.0","babel-runtime":"^6.9.0","babel-types":"^6.14.0"},"keywords":["babel-plugin"],"devDependencies":{"babel-helper-plugin-test-runner":"^6.8.0"},"_id":"babel-plugin-transform-es2015-classes@6.14.0","scripts":{},"_shasum":"87d5149ee91fb475922409f9af5b2ba5d1e39287","_from":".","_npmVersion":"3.10.6","_nodeVersion":"5.11.1","_npmUser":{"name":"hzoo","email":"hi@henryzoo.com"},"dist":{"shasum":"87d5149ee91fb475922409f9af5b2ba5d1e39287","tarball":"https://registry.npmjs.org/babel-plugin-transform-es2015-classes/-/babel-plugin-transform-es2015-classes-6.14.0.tgz"},"maintainers":[{"name":"amasad","email":"amjad.masad@gmail.com"},{"name":"hzoo","email":"hi@henryzoo.com"},{"name":"jmm","email":"npm-public@jessemccarthy.net"},{"name":"loganfsmyth","email":"loganfsmyth@gmail.com"},{"name":"sebmck","email":"sebmck@gmail.com"},{"name":"thejameskyle","email":"me@thejameskyle.com"}],"_npmOperationalInternal":{"host":"packages-12-west.internal.npmjs.com","tmp":"tmp/babel-plugin-transform-es2015-classes-6.14.0.tgz_1472082051600_0.604364077327773"},"directories":{}},"6.18.0":{"name":"babel-plugin-transform-es2015-classes","version":"6.18.0","description":"Compile ES2015 classes to ES5","repository":{"type":"git","url":"https://github.com/babel/babel/tree/master/packages/babel-plugin-transform-es2015-classes"},"license":"MIT","main":"lib/index.js","dependencies":{"babel-helper-optimise-call-expression":"^6.18.0","babel-helper-function-name":"^6.18.0","babel-helper-replace-supers":"^6.18.0","babel-template":"^6.14.0","babel-traverse":"^6.18.0","babel-helper-define-map":"^6.18.0","babel-messages":"^6.8.0","babel-runtime":"^6.9.0","babel-types":"^6.18.0"},"keywords":["babel-plugin"],"devDependencies":{"babel-helper-plugin-test-runner":"^6.18.0"},"_id":"babel-plugin-transform-es2015-classes@6.18.0","scripts":{},"_shasum":"ffe7a17321bf83e494dcda0ae3fc72df48ffd1d9","_from":".","_npmVersion":"3.10.8","_nodeVersion":"6.9.0","_npmUser":{"name":"hzoo","email":"hi@henryzoo.com"},"dist":{"shasum":"ffe7a17321bf83e494dcda0ae3fc72df48ffd1d9","tarball":"https://registry.npmjs.org/babel-plugin-transform-es2015-classes/-/babel-plugin-transform-es2015-classes-6.18.0.tgz"},"maintainers":[{"name":"amasad","email":"amjad.masad@gmail.com"},{"name":"hzoo","email":"hi@henryzoo.com"},{"name":"jmm","email":"npm-public@jessemccarthy.net"},{"name":"loganfsmyth","email":"loganfsmyth@gmail.com"},{"name":"sebmck","email":"sebmck@gmail.com"},{"name":"thejameskyle","email":"me@thejameskyle.com"}],"_npmOperationalInternal":{"host":"packages-18-east.internal.npmjs.com","tmp":"tmp/babel-plugin-transform-es2015-classes-6.18.0.tgz_1477343939695_0.4756581576075405"},"directories":{}},"6.22.0":{"name":"babel-plugin-transform-es2015-classes","version":"6.22.0","description":"Compile ES2015 classes to ES5","repository":{"type":"git","url":"https://github.com/babel/babel/tree/master/packages/babel-plugin-transform-es2015-classes"},"license":"MIT","main":"lib/index.js","dependencies":{"babel-helper-optimise-call-expression":"^6.22.0","babel-helper-function-name":"^6.22.0","babel-helper-replace-supers":"^6.22.0","babel-template":"^6.22.0","babel-traverse":"^6.22.0","babel-helper-define-map":"^6.22.0","babel-messages":"^6.22.0","babel-runtime":"^6.22.0","babel-types":"^6.22.0"},"keywords":["babel-plugin"],"devDependencies":{"babel-helper-plugin-test-runner":"^6.22.0"},"_id":"babel-plugin-transform-es2015-classes@6.22.0","scripts":{},"_shasum":"54d44998fd823d9dca15292324161c331c1b6f14","_from":".","_npmVersion":"3.10.10","_nodeVersion":"6.9.0","_npmUser":{"name":"hzoo","email":"hi@henryzoo.com"},"dist":{"shasum":"54d44998fd823d9dca15292324161c331c1b6f14","tarball":"https://registry.npmjs.org/babel-plugin-transform-es2015-classes/-/babel-plugin-transform-es2015-classes-6.22.0.tgz"},"maintainers":[{"name":"amasad","email":"amjad.masad@gmail.com"},{"name":"hzoo","email":"hi@henryzoo.com"},{"name":"jmm","email":"npm-public@jessemccarthy.net"},{"name":"loganfsmyth","email":"loganfsmyth@gmail.com"},{"name":"sebmck","email":"sebmck@gmail.com"},{"name":"thejameskyle","email":"me@thejameskyle.com"}],"_npmOperationalInternal":{"host":"packages-18-east.internal.npmjs.com","tmp":"tmp/babel-plugin-transform-es2015-classes-6.22.0.tgz_1484872429932_0.29422841570340097"},"directories":{}},"6.23.0":{"name":"babel-plugin-transform-es2015-classes","version":"6.23.0","description":"Compile ES2015 classes to ES5","repository":{"type":"git","url":"https://github.com/babel/babel/tree/master/packages/babel-plugin-transform-es2015-classes"},"license":"MIT","main":"lib/index.js","dependencies":{"babel-helper-optimise-call-expression":"^6.23.0","babel-helper-function-name":"^6.23.0","babel-helper-replace-supers":"^6.23.0","babel-template":"^6.23.0","babel-traverse":"^6.23.0","babel-helper-define-map":"^6.23.0","babel-messages":"^6.23.0","babel-runtime":"^6.22.0","babel-types":"^6.23.0"},"keywords":["babel-plugin"],"devDependencies":{"babel-helper-plugin-test-runner":"^6.22.0"},"_id":"babel-plugin-transform-es2015-classes@6.23.0","scripts":{},"_shasum":"49b53f326202a2fd1b3bbaa5e2edd8a4f78643c1","_from":".","_npmVersion":"3.10.8","_nodeVersion":"6.9.1","_npmUser":{"name":"loganfsmyth","email":"loganfsmyth@gmail.com"},"dist":{"shasum":"49b53f326202a2fd1b3bbaa5e2edd8a4f78643c1","tarball":"https://registry.npmjs.org/babel-plugin-transform-es2015-classes/-/babel-plugin-transform-es2015-classes-6.23.0.tgz"},"maintainers":[{"name":"amasad","email":"amjad.masad@gmail.com"},{"name":"hzoo","email":"hi@henryzoo.com"},{"name":"jmm","email":"npm-public@jessemccarthy.net"},{"name":"loganfsmyth","email":"loganfsmyth@gmail.com"},{"name":"sebmck","email":"sebmck@gmail.com"},{"name":"thejameskyle","email":"me@thejameskyle.com"}],"_npmOperationalInternal":{"host":"packages-12-west.internal.npmjs.com","tmp":"tmp/babel-plugin-transform-es2015-classes-6.23.0.tgz_1487034871821_0.5725643916521221"},"directories":{}},"7.0.0-alpha.1":{"name":"babel-plugin-transform-es2015-classes","version":"7.0.0-alpha.1","description":"Compile ES2015 classes to ES5","repository":{"type":"git","url":"https://github.com/babel/babel/tree/master/packages/babel-plugin-transform-es2015-classes"},"license":"MIT","main":"lib/index.js","dependencies":{"babel-helper-optimise-call-expression":"7.0.0-alpha.1","babel-helper-function-name":"7.0.0-alpha.1","babel-helper-replace-supers":"7.0.0-alpha.1","babel-template":"7.0.0-alpha.1","babel-traverse":"7.0.0-alpha.1","babel-helper-define-map":"7.0.0-alpha.1","babel-messages":"7.0.0-alpha.1","babel-types":"7.0.0-alpha.1"},"keywords":["babel-plugin"],"devDependencies":{"babel-helper-plugin-test-runner":"7.0.0-alpha.1"},"_id":"babel-plugin-transform-es2015-classes@7.0.0-alpha.1","scripts":{},"_shasum":"93d698ebc476c8ff1813639af4efe2d24abf24c4","_from":".","_npmVersion":"3.10.10","_nodeVersion":"6.9.0","_npmUser":{"name":"hzoo","email":"hi@henryzoo.com"},"dist":{"shasum":"93d698ebc476c8ff1813639af4efe2d24abf24c4","tarball":"https://registry.npmjs.org/babel-plugin-transform-es2015-classes/-/babel-plugin-transform-es2015-classes-7.0.0-alpha.1.tgz"},"maintainers":[{"name":"amasad","email":"amjad.masad@gmail.com"},{"name":"hzoo","email":"hi@henryzoo.com"},{"name":"jmm","email":"npm-public@jessemccarthy.net"},{"name":"loganfsmyth","email":"loganfsmyth@gmail.com"},{"name":"sebmck","email":"sebmck@gmail.com"},{"name":"thejameskyle","email":"me@thejameskyle.com"}],"_npmOperationalInternal":{"host":"packages-12-west.internal.npmjs.com","tmp":"tmp/babel-plugin-transform-es2015-classes-7.0.0-alpha.1.tgz_1488488759352_0.429286896251142"},"directories":{}},"7.0.0-alpha.3":{"name":"babel-plugin-transform-es2015-classes","version":"7.0.0-alpha.3","description":"Compile ES2015 classes to ES5","repository":{"type":"git","url":"https://github.com/babel/babel/tree/master/packages/babel-plugin-transform-es2015-classes"},"license":"MIT","main":"lib/index.js","dependencies":{"babel-helper-optimise-call-expression":"7.0.0-alpha.3","babel-helper-function-name":"7.0.0-alpha.3","babel-helper-replace-supers":"7.0.0-alpha.3","babel-template":"7.0.0-alpha.3","babel-traverse":"7.0.0-alpha.3","babel-helper-define-map":"7.0.0-alpha.3","babel-messages":"7.0.0-alpha.3","babel-types":"7.0.0-alpha.3"},"keywords":["babel-plugin"],"devDependencies":{"babel-helper-plugin-test-runner":"7.0.0-alpha.3"},"_id":"babel-plugin-transform-es2015-classes@7.0.0-alpha.3","scripts":{},"_shasum":"98e6fc79f1d3ac9ed2c51ee7c3f14d8c38ffe2c6","_from":".","_npmVersion":"3.10.10","_nodeVersion":"6.9.0","_npmUser":{"name":"hzoo","email":"hi@henryzoo.com"},"dist":{"shasum":"98e6fc79f1d3ac9ed2c51ee7c3f14d8c38ffe2c6","tarball":"https://registry.npmjs.org/babel-plugin-transform-es2015-classes/-/babel-plugin-transform-es2015-classes-7.0.0-alpha.3.tgz"},"maintainers":[{"name":"amasad","email":"amjad.masad@gmail.com"},{"name":"hzoo","email":"hi@henryzoo.com"},{"name":"jmm","email":"npm-public@jessemccarthy.net"},{"name":"loganfsmyth","email":"loganfsmyth@gmail.com"},{"name":"sebmck","email":"sebmck@gmail.com"},{"name":"thejameskyle","email":"me@thejameskyle.com"}],"_npmOperationalInternal":{"host":"packages-12-west.internal.npmjs.com","tmp":"tmp/babel-plugin-transform-es2015-classes-7.0.0-alpha.3.tgz_1490298595487_0.3445138712413609"},"directories":{}},"7.0.0-alpha.7":{"name":"babel-plugin-transform-es2015-classes","version":"7.0.0-alpha.7","description":"Compile ES2015 classes to ES5","repository":{"type":"git","url":"https://github.com/babel/babel/tree/master/packages/babel-plugin-transform-es2015-classes"},"license":"MIT","main":"lib/index.js","dependencies":{"babel-helper-optimise-call-expression":"7.0.0-alpha.7","babel-helper-function-name":"7.0.0-alpha.7","babel-helper-replace-supers":"7.0.0-alpha.7","babel-template":"7.0.0-alpha.7","babel-traverse":"7.0.0-alpha.7","babel-helper-define-map":"7.0.0-alpha.7","babel-messages":"7.0.0-alpha.3","babel-types":"7.0.0-alpha.7"},"keywords":["babel-plugin"],"devDependencies":{"babel-helper-plugin-test-runner":"7.0.0-alpha.7"},"_id":"babel-plugin-transform-es2015-classes@7.0.0-alpha.7","scripts":{},"_shasum":"f892baf5e6eec72dbebb3bc4a1466232a414a275","_from":".","_npmVersion":"3.10.10","_nodeVersion":"6.9.0","_npmUser":{"name":"hzoo","email":"hi@henryzoo.com"},"dist":{"shasum":"f892baf5e6eec72dbebb3bc4a1466232a414a275","tarball":"https://registry.npmjs.org/babel-plugin-transform-es2015-classes/-/babel-plugin-transform-es2015-classes-7.0.0-alpha.7.tgz"},"maintainers":[{"name":"amasad","email":"amjad.masad@gmail.com"},{"name":"hzoo","email":"hi@henryzoo.com"},{"name":"jmm","email":"npm-public@jessemccarthy.net"},{"name":"loganfsmyth","email":"loganfsmyth@gmail.com"},{"name":"sebmck","email":"sebmck@gmail.com"},{"name":"thejameskyle","email":"me@thejameskyle.com"}],"_npmOperationalInternal":{"host":"packages-12-west.internal.npmjs.com","tmp":"tmp/babel-plugin-transform-es2015-classes-7.0.0-alpha.7.tgz_1491426873609_0.17240315675735474"},"directories":{}},"6.24.1":{"name":"babel-plugin-transform-es2015-classes","version":"6.24.1","description":"Compile ES2015 classes to ES5","repository":{"type":"git","url":"https://github.com/babel/babel/tree/master/packages/babel-plugin-transform-es2015-classes"},"license":"MIT","main":"lib/index.js","dependencies":{"babel-helper-optimise-call-expression":"^6.24.1","babel-helper-function-name":"^6.24.1","babel-helper-replace-supers":"^6.24.1","babel-template":"^6.24.1","babel-traverse":"^6.24.1","babel-helper-define-map":"^6.24.1","babel-messages":"^6.23.0","babel-runtime":"^6.22.0","babel-types":"^6.24.1"},"keywords":["babel-plugin"],"devDependencies":{"babel-helper-plugin-test-runner":"^6.24.1"},"_id":"babel-plugin-transform-es2015-classes@6.24.1","scripts":{},"_shasum":"5a4c58a50c9c9461e564b4b2a3bfabc97a2584db","_from":".","_npmVersion":"3.10.10","_nodeVersion":"6.9.0","_npmUser":{"name":"hzoo","email":"hi@henryzoo.com"},"dist":{"shasum":"5a4c58a50c9c9461e564b4b2a3bfabc97a2584db","tarball":"https://registry.npmjs.org/babel-plugin-transform-es2015-classes/-/babel-plugin-transform-es2015-classes-6.24.1.tgz"},"maintainers":[{"name":"amasad","email":"amjad.masad@gmail.com"},{"name":"hzoo","email":"hi@henryzoo.com"},{"name":"jmm","email":"npm-public@jessemccarthy.net"},{"name":"loganfsmyth","email":"loganfsmyth@gmail.com"},{"name":"sebmck","email":"sebmck@gmail.com"},{"name":"thejameskyle","email":"me@thejameskyle.com"}],"_npmOperationalInternal":{"host":"packages-18-east.internal.npmjs.com","tmp":"tmp/babel-plugin-transform-es2015-classes-6.24.1.tgz_1491578375780_0.6034122135024518"},"directories":{}},"7.0.0-alpha.8":{"name":"babel-plugin-transform-es2015-classes","version":"7.0.0-alpha.8","description":"Compile ES2015 classes to ES5","repository":{"type":"git","url":"https://github.com/babel/babel/tree/master/packages/babel-plugin-transform-es2015-classes"},"license":"MIT","main":"lib/index.js","dependencies":{"babel-helper-optimise-call-expression":"7.0.0-alpha.7","babel-helper-function-name":"7.0.0-alpha.8","babel-helper-replace-supers":"7.0.0-alpha.8","babel-template":"7.0.0-alpha.8","babel-traverse":"7.0.0-alpha.8","babel-helper-define-map":"7.0.0-alpha.8","babel-messages":"7.0.0-alpha.8","babel-types":"7.0.0-alpha.7"},"keywords":["babel-plugin"],"devDependencies":{"babel-helper-plugin-test-runner":"7.0.0-alpha.8"},"_id":"babel-plugin-transform-es2015-classes@7.0.0-alpha.8","scripts":{},"_shasum":"7e111d6a2b15e674b5778d3ae9df672a62845c27","_from":".","_npmVersion":"3.10.10","_nodeVersion":"6.9.0","_npmUser":{"name":"hzoo","email":"hi@henryzoo.com"},"dist":{"shasum":"7e111d6a2b15e674b5778d3ae9df672a62845c27","tarball":"https://registry.npmjs.org/babel-plugin-transform-es2015-classes/-/babel-plugin-transform-es2015-classes-7.0.0-alpha.8.tgz"},"maintainers":[{"name":"amasad","email":"amjad.masad@gmail.com"},{"name":"hzoo","email":"hi@henryzoo.com"},{"name":"jmm","email":"npm-public@jessemccarthy.net"},{"name":"loganfsmyth","email":"loganfsmyth@gmail.com"},{"name":"sebmck","email":"sebmck@gmail.com"},{"name":"thejameskyle","email":"me@thejameskyle.com"}],"_npmOperationalInternal":{"host":"packages-12-west.internal.npmjs.com","tmp":"tmp/babel-plugin-transform-es2015-classes-7.0.0-alpha.8.tgz_1492456405984_0.9572494307067245"},"directories":{}},"7.0.0-alpha.9":{"name":"babel-plugin-transform-es2015-classes","version":"7.0.0-alpha.9","description":"Compile ES2015 classes to ES5","repository":{"type":"git","url":"https://github.com/babel/babel/tree/master/packages/babel-plugin-transform-es2015-classes"},"license":"MIT","main":"lib/index.js","dependencies":{"babel-helper-optimise-call-expression":"7.0.0-alpha.9","babel-helper-function-name":"7.0.0-alpha.9","babel-helper-replace-supers":"7.0.0-alpha.9","babel-template":"7.0.0-alpha.9","babel-traverse":"7.0.0-alpha.9","babel-helper-define-map":"7.0.0-alpha.9","babel-messages":"7.0.0-alpha.9","babel-types":"7.0.0-alpha.9"},"keywords":["babel-plugin"],"devDependencies":{"babel-helper-plugin-test-runner":"7.0.0-alpha.9"},"_id":"babel-plugin-transform-es2015-classes@7.0.0-alpha.9","scripts":{},"_shasum":"869dba3c94934ebbb44159536d48c7fe7eb3c48e","_from":".","_npmVersion":"3.10.10","_nodeVersion":"6.9.0","_npmUser":{"name":"hzoo","email":"hi@henryzoo.com"},"dist":{"shasum":"869dba3c94934ebbb44159536d48c7fe7eb3c48e","tarball":"https://registry.npmjs.org/babel-plugin-transform-es2015-classes/-/babel-plugin-transform-es2015-classes-7.0.0-alpha.9.tgz"},"maintainers":[{"name":"amasad","email":"amjad.masad@gmail.com"},{"name":"hzoo","email":"hi@henryzoo.com"},{"name":"jmm","email":"npm-public@jessemccarthy.net"},{"name":"loganfsmyth","email":"loganfsmyth@gmail.com"},{"name":"sebmck","email":"sebmck@gmail.com"},{"name":"thejameskyle","email":"me@thejameskyle.com"}],"_npmOperationalInternal":{"host":"packages-12-west.internal.npmjs.com","tmp":"tmp/babel-plugin-transform-es2015-classes-7.0.0-alpha.9.tgz_1492526552601_0.3189985156059265"},"directories":{}},"7.0.0-alpha.10":{"name":"babel-plugin-transform-es2015-classes","version":"7.0.0-alpha.10","description":"Compile ES2015 classes to ES5","repository":{"type":"git","url":"https://github.com/babel/babel/tree/master/packages/babel-plugin-transform-es2015-classes"},"license":"MIT","main":"lib/index.js","dependencies":{"babel-helper-optimise-call-expression":"7.0.0-alpha.10","babel-helper-function-name":"7.0.0-alpha.10","babel-helper-replace-supers":"7.0.0-alpha.10","babel-template":"7.0.0-alpha.10","babel-traverse":"7.0.0-alpha.10","babel-helper-define-map":"7.0.0-alpha.10","babel-messages":"7.0.0-alpha.10","babel-types":"7.0.0-alpha.10"},"keywords":["babel-plugin"],"devDependencies":{"babel-helper-plugin-test-runner":"7.0.0-alpha.10"},"_id":"babel-plugin-transform-es2015-classes@7.0.0-alpha.10","scripts":{},"_shasum":"2703b17b7356d93d95ec60c65854d8aab6c294ca","_from":".","_npmVersion":"3.10.10","_nodeVersion":"6.9.0","_npmUser":{"name":"hzoo","email":"hi@henryzoo.com"},"dist":{"shasum":"2703b17b7356d93d95ec60c65854d8aab6c294ca","tarball":"https://registry.npmjs.org/babel-plugin-transform-es2015-classes/-/babel-plugin-transform-es2015-classes-7.0.0-alpha.10.tgz"},"maintainers":[{"email":"daniel@tschinder.de","name":"danez"},{"email":"hi@henryzoo.com","name":"hzoo"},{"email":"loganfsmyth@gmail.com","name":"loganfsmyth"}],"_npmOperationalInternal":{"host":"s3://npm-registry-packages","tmp":"tmp/babel-plugin-transform-es2015-classes-7.0.0-alpha.10.tgz_1495739875385_0.05249182344414294"},"directories":{}},"7.0.0-alpha.11":{"name":"babel-plugin-transform-es2015-classes","version":"7.0.0-alpha.11","description":"Compile ES2015 classes to ES5","repository":{"type":"git","url":"https://github.com/babel/babel/tree/master/packages/babel-plugin-transform-es2015-classes"},"license":"MIT","main":"lib/index.js","dependencies":{"babel-helper-define-map":"7.0.0-alpha.11","babel-helper-function-name":"7.0.0-alpha.11","babel-helper-optimise-call-expression":"7.0.0-alpha.11","babel-helper-replace-supers":"7.0.0-alpha.11","babel-messages":"7.0.0-alpha.10","babel-template":"7.0.0-alpha.11","babel-traverse":"7.0.0-alpha.11","babel-types":"7.0.0-alpha.11"},"keywords":["babel-plugin"],"devDependencies":{"babel-helper-plugin-test-runner":"7.0.0-alpha.11"},"_id":"babel-plugin-transform-es2015-classes@7.0.0-alpha.11","_npmVersion":"5.0.0","_nodeVersion":"6.9.0","_npmUser":{"name":"hzoo","email":"hi@henryzoo.com"},"dist":{"integrity":"sha512-8SP7RE+ql2Uy3ypixDLn/KOsciG3InNMo/PMRX+EWbjZYwo8Nz+OoXQTS3lPunQgzMMoKj68gNu59T3RbzelUQ==","shasum":"a47b3598a7ebf89244760dcee57a4e0803bc9741","tarball":"https://registry.npmjs.org/babel-plugin-transform-es2015-classes/-/babel-plugin-transform-es2015-classes-7.0.0-alpha.11.tgz"},"maintainers":[{"email":"sebmck@gmail.com","name":"sebmck"},{"email":"daniel@tschinder.de","name":"danez"},{"email":"hi@henryzoo.com","name":"hzoo"},{"email":"loganfsmyth@gmail.com","name":"loganfsmyth"}],"_npmOperationalInternal":{"host":"s3://npm-registry-packages","tmp":"tmp/babel-plugin-transform-es2015-classes-7.0.0-alpha.11.tgz_1496263443083_0.8645650562830269"},"directories":{}},"7.0.0-alpha.12":{"name":"babel-plugin-transform-es2015-classes","version":"7.0.0-alpha.12","description":"Compile ES2015 classes to ES5","repository":{"type":"git","url":"https://github.com/babel/babel/tree/master/packages/babel-plugin-transform-es2015-classes"},"license":"MIT","main":"lib/index.js","dependencies":{"babel-helper-define-map":"7.0.0-alpha.12","babel-helper-function-name":"7.0.0-alpha.12","babel-helper-optimise-call-expression":"7.0.0-alpha.12","babel-helper-replace-supers":"7.0.0-alpha.12","babel-messages":"7.0.0-alpha.12","babel-template":"7.0.0-alpha.12","babel-traverse":"7.0.0-alpha.12","babel-types":"7.0.0-alpha.12"},"keywords":["babel-plugin"],"devDependencies":{"babel-helper-plugin-test-runner":"7.0.0-alpha.12"},"_id":"babel-plugin-transform-es2015-classes@7.0.0-alpha.12","_npmVersion":"5.0.0","_nodeVersion":"6.9.0","_npmUser":{"name":"hzoo","email":"hi@henryzoo.com"},"dist":{"integrity":"sha512-UEeEchfRsOAt0Sf3zyehO4sUjvBID3Cfm0tU4FuCdDFDPXBftDTkuCkHRbMafwlcmK/GNcq2PYvMSwXQiSlH5A==","shasum":"601c7d1bfe298a69a5a2a9f9f80146b9e0bced1d","tarball":"https://registry.npmjs.org/babel-plugin-transform-es2015-classes/-/babel-plugin-transform-es2015-classes-7.0.0-alpha.12.tgz"},"maintainers":[{"email":"sebmck@gmail.com","name":"sebmck"},{"email":"daniel@tschinder.de","name":"danez"},{"email":"hi@henryzoo.com","name":"hzoo"},{"email":"loganfsmyth@gmail.com","name":"loganfsmyth"}],"_npmOperationalInternal":{"host":"s3://npm-registry-packages","tmp":"tmp/babel-plugin-transform-es2015-classes-7.0.0-alpha.12.tgz_1496265137674_0.33516572951339185"},"directories":{}},"7.0.0-alpha.14":{"name":"babel-plugin-transform-es2015-classes","version":"7.0.0-alpha.14","description":"Compile ES2015 classes to ES5","repository":{"type":"git","url":"https://github.com/babel/babel/tree/master/packages/babel-plugin-transform-es2015-classes"},"license":"MIT","main":"lib/index.js","dependencies":{"babel-helper-define-map":"7.0.0-alpha.14","babel-helper-function-name":"7.0.0-alpha.14","babel-helper-optimise-call-expression":"7.0.0-alpha.14","babel-helper-replace-supers":"7.0.0-alpha.14","babel-messages":"7.0.0-alpha.14","babel-template":"7.0.0-alpha.14","babel-traverse":"7.0.0-alpha.14","babel-types":"7.0.0-alpha.14"},"keywords":["babel-plugin"],"devDependencies":{"babel-helper-plugin-test-runner":"7.0.0-alpha.14"},"_id":"babel-plugin-transform-es2015-classes@7.0.0-alpha.14","scripts":{},"_shasum":"4122b4c35136df21b5098a7770b2d8c95620c637","_from":".","_npmVersion":"4.6.1","_nodeVersion":"6.9.0","_npmUser":{"name":"hzoo","email":"hi@henryzoo.com"},"dist":{"shasum":"4122b4c35136df21b5098a7770b2d8c95620c637","tarball":"https://registry.npmjs.org/babel-plugin-transform-es2015-classes/-/babel-plugin-transform-es2015-classes-7.0.0-alpha.14.tgz"},"maintainers":[{"email":"sebmck@gmail.com","name":"sebmck"},{"email":"daniel@tschinder.de","name":"danez"},{"email":"hi@henryzoo.com","name":"hzoo"},{"email":"loganfsmyth@gmail.com","name":"loganfsmyth"}],"_npmOperationalInternal":{"host":"s3://npm-registry-packages","tmp":"tmp/babel-plugin-transform-es2015-classes-7.0.0-alpha.14.tgz_1499828072099_0.3725701931398362"},"directories":{}},"7.0.0-alpha.15":{"name":"babel-plugin-transform-es2015-classes","version":"7.0.0-alpha.15","description":"Compile ES2015 classes to ES5","repository":{"type":"git","url":"https://github.com/babel/babel/tree/master/packages/babel-plugin-transform-es2015-classes"},"license":"MIT","main":"lib/index.js","dependencies":{"babel-helper-define-map":"7.0.0-alpha.15","babel-helper-function-name":"7.0.0-alpha.15","babel-helper-optimise-call-expression":"7.0.0-alpha.15","babel-helper-replace-supers":"7.0.0-alpha.15","babel-messages":"7.0.0-alpha.15","babel-template":"7.0.0-alpha.15","babel-traverse":"7.0.0-alpha.15","babel-types":"7.0.0-alpha.15"},"keywords":["babel-plugin"],"devDependencies":{"babel-helper-plugin-test-runner":"7.0.0-alpha.15"},"_id":"babel-plugin-transform-es2015-classes@7.0.0-alpha.15","scripts":{},"_shasum":"0aad5be2ab6da413507cacbbbc07fb571ac57072","_from":".","_npmVersion":"4.6.1","_nodeVersion":"6.9.0","_npmUser":{"name":"hzoo","email":"hi@henryzoo.com"},"dist":{"shasum":"0aad5be2ab6da413507cacbbbc07fb571ac57072","tarball":"https://registry.npmjs.org/babel-plugin-transform-es2015-classes/-/babel-plugin-transform-es2015-classes-7.0.0-alpha.15.tgz"},"maintainers":[{"email":"sebmck@gmail.com","name":"sebmck"},{"email":"daniel@tschinder.de","name":"danez"},{"email":"hi@henryzoo.com","name":"hzoo"},{"email":"loganfsmyth@gmail.com","name":"loganfsmyth"}],"_npmOperationalInternal":{"host":"s3://npm-registry-packages","tmp":"tmp/babel-plugin-transform-es2015-classes-7.0.0-alpha.15.tgz_1499830609111_0.06840203911997378"},"directories":{}},"7.0.0-alpha.16":{"name":"babel-plugin-transform-es2015-classes","version":"7.0.0-alpha.16","description":"Compile ES2015 classes to ES5","repository":{"type":"git","url":"https://github.com/babel/babel/tree/master/packages/babel-plugin-transform-es2015-classes"},"license":"MIT","main":"lib/index.js","dependencies":{"babel-helper-define-map":"7.0.0-alpha.16","babel-helper-function-name":"7.0.0-alpha.16","babel-helper-optimise-call-expression":"7.0.0-alpha.16","babel-helper-replace-supers":"7.0.0-alpha.16","babel-messages":"7.0.0-alpha.16","babel-template":"7.0.0-alpha.16","babel-traverse":"7.0.0-alpha.16","babel-types":"7.0.0-alpha.16"},"keywords":["babel-plugin"],"devDependencies":{"babel-helper-plugin-test-runner":"7.0.0-alpha.16"},"_id":"babel-plugin-transform-es2015-classes@7.0.0-alpha.16","scripts":{},"_shasum":"b4ffe4abde279eb0e9c8f6f092340ce0e72875f9","_from":".","_npmVersion":"4.6.1","_nodeVersion":"6.9.0","_npmUser":{"name":"hzoo","email":"hi@henryzoo.com"},"dist":{"shasum":"b4ffe4abde279eb0e9c8f6f092340ce0e72875f9","tarball":"https://registry.npmjs.org/babel-plugin-transform-es2015-classes/-/babel-plugin-transform-es2015-classes-7.0.0-alpha.16.tgz"},"maintainers":[{"email":"sebmck@gmail.com","name":"sebmck"},{"email":"daniel@tschinder.de","name":"danez"},{"email":"hi@henryzoo.com","name":"hzoo"},{"email":"loganfsmyth@gmail.com","name":"loganfsmyth"}],"_npmOperationalInternal":{"host":"s3://npm-registry-packages","tmp":"tmp/babel-plugin-transform-es2015-classes-7.0.0-alpha.16.tgz_1501017519076_0.9150827212724835"},"directories":{}},"7.0.0-alpha.17":{"name":"babel-plugin-transform-es2015-classes","version":"7.0.0-alpha.17","description":"Compile ES2015 classes to ES5","repository":{"type":"git","url":"https://github.com/babel/babel/tree/master/packages/babel-plugin-transform-es2015-classes"},"license":"MIT","main":"lib/index.js","dependencies":{"babel-helper-define-map":"7.0.0-alpha.17","babel-helper-function-name":"7.0.0-alpha.17","babel-helper-optimise-call-expression":"7.0.0-alpha.17","babel-helper-replace-supers":"7.0.0-alpha.17","babel-messages":"7.0.0-alpha.17","babel-template":"7.0.0-alpha.17","babel-traverse":"7.0.0-alpha.17","babel-types":"7.0.0-alpha.17"},"keywords":["babel-plugin"],"devDependencies":{"babel-helper-plugin-test-runner":"7.0.0-alpha.17"},"_id":"babel-plugin-transform-es2015-classes@7.0.0-alpha.17","scripts":{},"_shasum":"da016addcc0804a3b98030f6cfc2c380e6b8d20d","_from":".","_npmVersion":"4.6.1","_nodeVersion":"6.9.0","_npmUser":{"name":"hzoo","email":"hi@henryzoo.com"},"dist":{"shasum":"da016addcc0804a3b98030f6cfc2c380e6b8d20d","tarball":"https://registry.npmjs.org/babel-plugin-transform-es2015-classes/-/babel-plugin-transform-es2015-classes-7.0.0-alpha.17.tgz"},"maintainers":[{"email":"sebmck@gmail.com","name":"sebmck"},{"email":"daniel@tschinder.de","name":"danez"},{"email":"hi@henryzoo.com","name":"hzoo"},{"email":"loganfsmyth@gmail.com","name":"loganfsmyth"}],"_npmOperationalInternal":{"host":"s3://npm-registry-packages","tmp":"tmp/babel-plugin-transform-es2015-classes-7.0.0-alpha.17.tgz_1501072812258_0.516667268704623"},"directories":{}},"7.0.0-alpha.18":{"name":"babel-plugin-transform-es2015-classes","version":"7.0.0-alpha.18","description":"Compile ES2015 classes to ES5","repository":{"type":"git","url":"https://github.com/babel/babel/tree/master/packages/babel-plugin-transform-es2015-classes"},"license":"MIT","main":"lib/index.js","dependencies":{"babel-helper-define-map":"7.0.0-alpha.18","babel-helper-function-name":"7.0.0-alpha.18","babel-helper-optimise-call-expression":"7.0.0-alpha.18","babel-helper-replace-supers":"7.0.0-alpha.18","babel-messages":"7.0.0-alpha.18","babel-template":"7.0.0-alpha.18","babel-traverse":"7.0.0-alpha.18","babel-types":"7.0.0-alpha.18"},"keywords":["babel-plugin"],"devDependencies":{"babel-helper-plugin-test-runner":"7.0.0-alpha.18"},"_id":"babel-plugin-transform-es2015-classes@7.0.0-alpha.18","_npmVersion":"5.3.0","_nodeVersion":"8.1.4","_npmUser":{"name":"hzoo","email":"hi@henryzoo.com"},"dist":{"integrity":"sha512-4K8pPcyyVnN2Sgw8IlSoNJtVZ2mMqVjjWLxA1hihgbOx3lZ4njYSADI1owHSCOFjP6RwiSwdi5EKX8vu93n+Xw==","shasum":"9df446663f9099b62a0a2c6fece5a21eb9210f05","tarball":"https://registry.npmjs.org/babel-plugin-transform-es2015-classes/-/babel-plugin-transform-es2015-classes-7.0.0-alpha.18.tgz"},"maintainers":[{"email":"me@thejameskyle.com","name":"thejameskyle"},{"email":"sebmck@gmail.com","name":"sebmck"},{"email":"daniel@tschinder.de","name":"danez"},{"email":"hi@henryzoo.com","name":"hzoo"},{"email":"loganfsmyth@gmail.com","name":"loganfsmyth"}],"_npmOperationalInternal":{"host":"s3://npm-registry-packages","tmp":"tmp/babel-plugin-transform-es2015-classes-7.0.0-alpha.18.tgz_1501798903021_0.6602922680322081"},"directories":{}},"7.0.0-alpha.19":{"name":"babel-plugin-transform-es2015-classes","version":"7.0.0-alpha.19","description":"Compile ES2015 classes to ES5","repository":{"type":"git","url":"https://github.com/babel/babel/tree/master/packages/babel-plugin-transform-es2015-classes"},"license":"MIT","main":"lib/index.js","dependencies":{"babel-helper-define-map":"7.0.0-alpha.19","babel-helper-function-name":"7.0.0-alpha.19","babel-helper-optimise-call-expression":"7.0.0-alpha.19","babel-helper-replace-supers":"7.0.0-alpha.19","babel-messages":"7.0.0-alpha.19","babel-template":"7.0.0-alpha.19","babel-traverse":"7.0.0-alpha.19","babel-types":"7.0.0-alpha.19"},"keywords":["babel-plugin"],"devDependencies":{"babel-helper-plugin-test-runner":"7.0.0-alpha.19"},"_id":"babel-plugin-transform-es2015-classes@7.0.0-alpha.19","_npmVersion":"5.3.0","_nodeVersion":"8.1.4","_npmUser":{"name":"hzoo","email":"hi@henryzoo.com"},"dist":{"integrity":"sha512-RF2TjLSh0+BbNvl+WeWdrLSKiW9ebO1/5rAsPFI1m+I4eC3DXWBFpKyqTZX/cdd9JAOpL5RMEtdp3FvXagBI2Q==","shasum":"e5a716ecace52ae2e01c80fc31212e9e8083a9cf","tarball":"https://registry.npmjs.org/babel-plugin-transform-es2015-classes/-/babel-plugin-transform-es2015-classes-7.0.0-alpha.19.tgz"},"maintainers":[{"email":"me@thejameskyle.com","name":"thejameskyle"},{"email":"sebmck@gmail.com","name":"sebmck"},{"email":"daniel@tschinder.de","name":"danez"},{"email":"hi@henryzoo.com","name":"hzoo"},{"email":"loganfsmyth@gmail.com","name":"loganfsmyth"}],"_npmOperationalInternal":{"host":"s3://npm-registry-packages","tmp":"tmp/babel-plugin-transform-es2015-classes-7.0.0-alpha.19.tgz_1502144546591_0.23434809944592416"},"directories":{}},"7.0.0-alpha.20":{"name":"babel-plugin-transform-es2015-classes","version":"7.0.0-alpha.20","description":"Compile ES2015 classes to ES5","repository":{"type":"git","url":"https://github.com/babel/babel/tree/master/packages/babel-plugin-transform-es2015-classes"},"license":"MIT","main":"lib/index.js","dependencies":{"babel-helper-define-map":"7.0.0-alpha.20","babel-helper-function-name":"7.0.0-alpha.20","babel-helper-optimise-call-expression":"7.0.0-alpha.20","babel-helper-replace-supers":"7.0.0-alpha.20","babel-messages":"7.0.0-alpha.20","babel-template":"7.0.0-alpha.20","babel-traverse":"7.0.0-alpha.20","babel-types":"7.0.0-alpha.20"},"keywords":["babel-plugin"],"devDependencies":{"babel-helper-plugin-test-runner":"7.0.0-alpha.20"},"_id":"babel-plugin-transform-es2015-classes@7.0.0-alpha.20","_npmVersion":"5.3.0","_nodeVersion":"8.1.4","_npmUser":{"name":"hzoo","email":"hi@henryzoo.com"},"dist":{"integrity":"sha512-NwF64mlIb/M/8m8ZEEE+REv3E4ZOmtxR3FI9TpoRQ7wgaxOQo6ZnAKENisNwxN/+325aMVPzpEfnGbyiLxBbgw==","shasum":"1bae0b10604367122248bafed33580e7b7b27a15","tarball":"https://registry.npmjs.org/babel-plugin-transform-es2015-classes/-/babel-plugin-transform-es2015-classes-7.0.0-alpha.20.tgz"},"maintainers":[{"email":"me@thejameskyle.com","name":"thejameskyle"},{"email":"sebmck@gmail.com","name":"sebmck"},{"email":"daniel@tschinder.de","name":"danez"},{"email":"hi@henryzoo.com","name":"hzoo"},{"email":"loganfsmyth@gmail.com","name":"loganfsmyth"}],"_npmOperationalInternal":{"host":"s3://npm-registry-packages","tmp":"tmp/babel-plugin-transform-es2015-classes-7.0.0-alpha.20.tgz_1504119898471_0.04538125591352582"},"directories":{}},"7.0.0-beta.0":{"name":"babel-plugin-transform-es2015-classes","version":"7.0.0-beta.0","description":"Compile ES2015 classes to ES5","repository":{"type":"git","url":"https://github.com/babel/babel/tree/master/packages/babel-plugin-transform-es2015-classes"},"license":"MIT","main":"lib/index.js","dependencies":{"babel-helper-define-map":"7.0.0-beta.0","babel-helper-function-name":"7.0.0-beta.0","babel-helper-optimise-call-expression":"7.0.0-beta.0","babel-helper-replace-supers":"7.0.0-beta.0","babel-messages":"7.0.0-beta.0","babel-template":"7.0.0-beta.0","babel-traverse":"7.0.0-beta.0","babel-types":"7.0.0-beta.0"},"keywords":["babel-plugin"],"devDependencies":{"babel-helper-plugin-test-runner":"7.0.0-beta.0"},"_id":"babel-plugin-transform-es2015-classes@7.0.0-beta.0","_npmVersion":"5.3.0","_nodeVersion":"8.1.4","_npmUser":{"name":"hzoo","email":"hi@henryzoo.com"},"dist":{"integrity":"sha512-EowFoU1TTmHLm7OA/LojGL1gQXhypz6bsyLmnQlTBWDSKlqXl3RyCGOQJQfTYLIubv6rp6wg312FYAQR6PKjpw==","shasum":"169df62ce3cfdb1fd3ec52e6cd47e67f3f79db79","tarball":"https://registry.npmjs.org/babel-plugin-transform-es2015-classes/-/babel-plugin-transform-es2015-classes-7.0.0-beta.0.tgz"},"maintainers":[{"email":"me@thejameskyle.com","name":"thejameskyle"},{"email":"sebmck@gmail.com","name":"sebmck"},{"email":"daniel@tschinder.de","name":"danez"},{"email":"hi@henryzoo.com","name":"hzoo"},{"email":"loganfsmyth@gmail.com","name":"loganfsmyth"}],"_npmOperationalInternal":{"host":"s3://npm-registry-packages","tmp":"tmp/babel-plugin-transform-es2015-classes-7.0.0-beta.0.tgz_1505185395068_0.5030561191961169"},"directories":{}},"7.0.0-beta.1":{"name":"babel-plugin-transform-es2015-classes","version":"7.0.0-beta.1","description":"Compile ES2015 classes to ES5","repository":{"type":"git","url":"https://github.com/babel/babel/tree/master/packages/babel-plugin-transform-es2015-classes"},"license":"MIT","main":"lib/index.js","dependencies":{"babel-helper-define-map":"7.0.0-beta.1","babel-helper-function-name":"7.0.0-beta.1","babel-helper-optimise-call-expression":"7.0.0-beta.1","babel-helper-replace-supers":"7.0.0-beta.1","babel-messages":"7.0.0-beta.1","babel-template":"7.0.0-beta.1","babel-traverse":"7.0.0-beta.1","babel-types":"7.0.0-beta.1"},"keywords":["babel-plugin"],"devDependencies":{"babel-helper-plugin-test-runner":"7.0.0-beta.1"},"_id":"babel-plugin-transform-es2015-classes@7.0.0-beta.1","_npmVersion":"5.4.1","_nodeVersion":"8.1.4","_npmUser":{"name":"hzoo","email":"hi@henryzoo.com"},"dist":{"integrity":"sha512-6EToI5662OJy3X/35Nlu3UTpNla27kZC8MyA4YToBitPzJ9EQZCmY5BnrJUpnxQiFuVbGzl4cvDJAC1npUFSPw==","shasum":"bf33da824d501dd4ca3d2f2ee7b2633dd780d73c","tarball":"https://registry.npmjs.org/babel-plugin-transform-es2015-classes/-/babel-plugin-transform-es2015-classes-7.0.0-beta.1.tgz"},"maintainers":[{"email":"me@thejameskyle.com","name":"thejameskyle"},{"email":"sebmck@gmail.com","name":"sebmck"},{"email":"daniel@tschinder.de","name":"danez"},{"email":"hi@henryzoo.com","name":"hzoo"},{"email":"loganfsmyth@gmail.com","name":"loganfsmyth"}],"_npmOperationalInternal":{"host":"s3://npm-registry-packages","tmp":"tmp/babel-plugin-transform-es2015-classes-7.0.0-beta.1.tgz_1505852698029_0.44651865866035223"},"directories":{}},"7.0.0-beta.2":{"name":"babel-plugin-transform-es2015-classes","version":"7.0.0-beta.2","description":"Compile ES2015 classes to ES5","repository":{"type":"git","url":"https://github.com/babel/babel/tree/master/packages/babel-plugin-transform-es2015-classes"},"license":"MIT","main":"lib/index.js","dependencies":{"babel-helper-annotate-as-pure":"7.0.0-beta.2","babel-helper-define-map":"7.0.0-beta.2","babel-helper-function-name":"7.0.0-beta.2","babel-helper-optimise-call-expression":"7.0.0-beta.2","babel-helper-replace-supers":"7.0.0-beta.2","babel-messages":"7.0.0-beta.2","babel-template":"7.0.0-beta.2","babel-traverse":"7.0.0-beta.2","babel-types":"7.0.0-beta.2"},"keywords":["babel-plugin"],"devDependencies":{"babel-helper-plugin-test-runner":"7.0.0-beta.2"},"_id":"babel-plugin-transform-es2015-classes@7.0.0-beta.2","_npmVersion":"5.4.1","_nodeVersion":"8.1.4","_npmUser":{"name":"hzoo","email":"hi@henryzoo.com"},"dist":{"integrity":"sha512-+PrhGwwzKDggxbiJkRkZEFxfp9DZ2niGdJguxgWujR2yZ8+Oc3hjHTbD9jAshrM9q4uOznNQlXjpaXfavjk5ew==","shasum":"f5fc0beae85bcbc61776113461f9b336c0de9052","tarball":"https://registry.npmjs.org/babel-plugin-transform-es2015-classes/-/babel-plugin-transform-es2015-classes-7.0.0-beta.2.tgz"},"maintainers":[{"email":"bng412@gmail.com","name":"existentialism"},{"email":"me@thejameskyle.com","name":"thejameskyle"},{"email":"sebmck@gmail.com","name":"sebmck"},{"email":"daniel@tschinder.de","name":"danez"},{"email":"hi@henryzoo.com","name":"hzoo"},{"email":"loganfsmyth@gmail.com","name":"loganfsmyth"}],"_npmOperationalInternal":{"host":"s3://npm-registry-packages","tmp":"tmp/babel-plugin-transform-es2015-classes-7.0.0-beta.2.tgz_1506438979236_0.7364201413001865"},"directories":{}},"7.0.0-beta.3":{"name":"babel-plugin-transform-es2015-classes","version":"7.0.0-beta.3","description":"Compile ES2015 classes to ES5","repository":{"type":"git","url":"https://github.com/babel/babel/tree/master/packages/babel-plugin-transform-es2015-classes"},"license":"MIT","main":"lib/index.js","dependencies":{"babel-helper-annotate-as-pure":"7.0.0-beta.3","babel-helper-define-map":"7.0.0-beta.3","babel-helper-function-name":"7.0.0-beta.3","babel-helper-optimise-call-expression":"7.0.0-beta.3","babel-helper-replace-supers":"7.0.0-beta.3","babel-template":"7.0.0-beta.3","babel-traverse":"7.0.0-beta.3","babel-types":"7.0.0-beta.3"},"keywords":["babel-plugin"],"devDependencies":{"babel-helper-plugin-test-runner":"7.0.0-beta.3"},"_id":"babel-plugin-transform-es2015-classes@7.0.0-beta.3","_npmVersion":"5.5.1","_nodeVersion":"8.1.4","_npmUser":{"name":"hzoo","email":"hi@henryzoo.com"},"dist":{"integrity":"sha512-4vH3pzhx3oZ6rphe3EDCkxFfMsWlJoEMSk8pIHnfXm4dOL+goij5mrxqoTAh7W/DcMzpakZOdKkgsgg+iujg8Q==","shasum":"578b9604a3ace50a1a92944cb045088cd69474bf","tarball":"https://registry.npmjs.org/babel-plugin-transform-es2015-classes/-/babel-plugin-transform-es2015-classes-7.0.0-beta.3.tgz"},"maintainers":[{"email":"bng412@gmail.com","name":"existentialism"},{"email":"me@thejameskyle.com","name":"thejameskyle"},{"email":"sebmck@gmail.com","name":"sebmck"},{"email":"daniel@tschinder.de","name":"danez"},{"email":"hi@henryzoo.com","name":"hzoo"},{"email":"loganfsmyth@gmail.com","name":"loganfsmyth"}],"_npmOperationalInternal":{"host":"s3://npm-registry-packages","tmp":"tmp/babel-plugin-transform-es2015-classes-7.0.0-beta.3.tgz_1508073162178_0.35319933854043484"},"directories":{}}},"readme":"# babel-plugin-transform-es2015-classes\n\n> Compile ES2015 classes to ES5\n\n## Caveats\n\nBuilt-in classes such as `Date`, `Array`, `DOM` etc cannot be properly subclassed\ndue to limitations in ES5 (for the [es2015-classes](http://babeljs.io/docs/plugins/transform-es2015-classes) plugin).\nYou can try to use [babel-plugin-transform-builtin-extend](https://github.com/loganfsmyth/babel-plugin-transform-builtin-extend) based on `Object.setPrototypeOf` and `Reflect.construct`, but it also has some limitations.\n\n## Installation\n\n```sh\nnpm install --save-dev babel-plugin-transform-es2015-classes\n```\n\n## Usage\n\n### Via `.babelrc` (Recommended)\n\n**.babelrc**\n\n```js\n// without options\n{\n  \"plugins\": [\"transform-es2015-classes\"]\n}\n\n// with options\n{\n  \"plugins\": [\n    [\"transform-es2015-classes\", {\n      \"loose\": true\n    }]\n  ]\n}\n```\n\n### Via CLI\n\n```sh\nbabel --plugins transform-es2015-classes script.js\n```\n\n### Via Node API\n\n```javascript\nrequire(\"babel-core\").transform(\"code\", {\n  plugins: [\"transform-es2015-classes\"]\n});\n```\n\n## Options\n\n### `loose`\n\n`boolean`, defaults to `false`.\n\n#### Method enumerability\n\nPlease note that in loose mode class methods **are** enumerable. This is not in line\nwith the spec and you may run into issues.\n\n#### Method assignment\n\nUnder loose mode, methods are defined on the class prototype with simple assignments\ninstead of being defined. This can result in the following not working:\n\n```javascript\nclass Foo {\n  set bar() {\n    throw new Error(\"foo!\");\n  }\n}\n\nclass Bar extends Foo {\n  bar() {\n    // will throw an error when this method is defined\n  }\n}\n```\n\nWhen `Bar.prototype.foo` is defined it triggers the setter on `Foo`. This is a\ncase that is very unlikely to appear in production code however it's something\nto keep in mind.\n","maintainers":[{"email":"bng412@gmail.com","name":"existentialism"},{"email":"me@thejameskyle.com","name":"thejameskyle"},{"email":"sebmck@gmail.com","name":"sebmck"},{"email":"daniel@tschinder.de","name":"danez"},{"email":"hi@henryzoo.com","name":"hzoo"},{"email":"loganfsmyth@gmail.com","name":"loganfsmyth"}],"time":{"modified":"2017-10-15T13:12:43.120Z","created":"2015-10-29T18:13:33.114Z","6.0.2":"2015-10-29T18:13:33.114Z","6.0.8":"2015-10-29T18:48:11.826Z","6.0.14":"2015-10-30T23:36:59.759Z","6.0.15":"2015-11-01T22:09:56.751Z","6.1.2":"2015-11-05T11:11:23.710Z","6.1.4":"2015-11-11T10:20:05.221Z","6.1.5":"2015-11-12T06:55:34.490Z","6.1.10":"2015-11-12T07:54:56.381Z","6.1.17":"2015-11-12T21:42:00.873Z","6.1.18":"2015-11-12T21:49:40.665Z","6.1.20":"2015-11-13T11:39:18.865Z","6.1.21":"2015-11-14T00:57:14.706Z","6.2.0":"2015-11-19T04:34:22.885Z","6.2.2":"2015-11-19T22:46:08.709Z","6.2.4":"2015-11-25T03:14:16.159Z","6.3.2":"2015-12-04T03:48:16.615Z","6.3.13":"2015-12-04T11:58:57.062Z","6.3.15":"2015-12-06T16:31:58.368Z","6.4.0":"2016-01-06T20:34:40.721Z","6.4.5":"2016-01-19T23:02:52.381Z","6.5.0":"2016-02-07T00:07:33.524Z","6.5.0-1":"2016-02-07T02:40:34.476Z","6.5.2":"2016-02-12T16:30:09.483Z","6.6.0":"2016-02-29T21:12:43.080Z","6.6.4":"2016-03-02T21:29:41.948Z","6.6.5":"2016-03-04T23:16:52.564Z","6.7.7":"2016-04-21T03:09:27.368Z","6.8.0":"2016-05-02T23:44:37.657Z","6.9.0":"2016-05-17T18:49:34.891Z","6.14.0":"2016-08-24T23:40:53.355Z","6.18.0":"2016-10-24T21:19:01.378Z","6.22.0":"2017-01-20T00:33:50.684Z","6.23.0":"2017-02-14T01:14:32.038Z","7.0.0-alpha.1":"2017-03-02T21:06:01.344Z","7.0.0-alpha.3":"2017-03-23T19:49:55.714Z","7.0.0-alpha.7":"2017-04-05T21:14:35.697Z","6.24.1":"2017-04-07T15:19:37.527Z","7.0.0-alpha.8":"2017-04-17T19:13:26.205Z","7.0.0-alpha.9":"2017-04-18T14:42:32.827Z","7.0.0-alpha.10":"2017-05-25T19:17:56.245Z","7.0.0-alpha.11":"2017-05-31T20:44:03.154Z","7.0.0-alpha.12":"2017-05-31T21:12:17.744Z","7.0.0-alpha.14":"2017-07-12T02:54:33.073Z","7.0.0-alpha.15":"2017-07-12T03:36:50.065Z","7.0.0-alpha.16":"2017-07-25T21:18:39.984Z","7.0.0-alpha.17":"2017-07-26T12:40:13.652Z","7.0.0-alpha.18":"2017-08-03T22:21:43.160Z","7.0.0-alpha.19":"2017-08-07T22:22:26.666Z","7.0.0-alpha.20":"2017-08-30T19:04:58.641Z","7.0.0-beta.0":"2017-09-12T03:03:16.034Z","7.0.0-beta.1":"2017-09-19T20:24:58.117Z","7.0.0-beta.2":"2017-09-26T15:16:20.278Z","7.0.0-beta.3":"2017-10-15T13:12:43.120Z"},"keywords":["babel-plugin"],"repository":{"type":"git","url":"https://github.com/babel/babel/tree/master/packages/babel-plugin-transform-es2015-classes"},"license":"MIT","readmeFilename":"README.md","users":{"zixinliango":true,"donecharlton":true,"isenricho":true},"_attachments":{},"_etag":"W/\"b489c718557081eb33e46f07b6230187\"","_lastModified":"Sat, 26 May 2018 17:58:28 GMT"}