{"_id":"space-pen","_rev":"121-1a2e8fdf2b5e10bf990c9e164970abbd","name":"space-pen","description":"Write markup on the final frontier","dist-tags":{"latest":"5.1.2"},"versions":{"1.0.0":{"name":"space-pen","version":"1.0.0","description":"Write markup on the final frontier","main":"./space-pen","licenses":[{"type":"MIT","url":"http://github.com/nathansobo/space-pen/raw/master/LICENSE"}],"repository":{"type":"git","url":"https://github.com/nathansobo/space-pen.git"},"bugs":{"url":"https://github.com/nathansobo/space-pen/issues"},"_id":"space-pen@1.0.0","dist":{"shasum":"bd951d325b52ec6958bb4e45b02ba31b743e06fc","tarball":"https://registry.npmjs.org/space-pen/-/space-pen-1.0.0.tgz"},"_from":".","_npmVersion":"1.2.18","_npmUser":{"name":"kevinsawicki","email":"kevinsawicki@gmail.com"},"maintainers":[{"name":"kevinsawicki","email":"kevinsawicki@gmail.com"}],"directories":{}},"1.1.0":{"name":"space-pen","version":"1.1.0","description":"Write markup on the final frontier","main":"./space-pen","licenses":[{"type":"MIT","url":"http://github.com/nathansobo/space-pen/raw/master/LICENSE"}],"repository":{"type":"git","url":"https://github.com/nathansobo/space-pen.git"},"bugs":{"url":"https://github.com/nathansobo/space-pen/issues"},"_id":"space-pen@1.1.0","dist":{"shasum":"2c2e9df32f1dad2e3e7cb7560da04d1e5165b4bd","tarball":"https://registry.npmjs.org/space-pen/-/space-pen-1.1.0.tgz"},"_from":".","_npmVersion":"1.2.21","_npmUser":{"name":"kevinsawicki","email":"kevinsawicki@gmail.com"},"maintainers":[{"name":"kevinsawicki","email":"kevinsawicki@gmail.com"}],"directories":{}},"1.1.1":{"name":"space-pen","version":"1.1.1","description":"Write markup on the final frontier","main":"./space-pen","licenses":[{"type":"MIT","url":"http://github.com/nathansobo/space-pen/raw/master/LICENSE"}],"repository":{"type":"git","url":"https://github.com/nathansobo/space-pen.git"},"bugs":{"url":"https://github.com/nathansobo/space-pen/issues"},"_id":"space-pen@1.1.1","dist":{"shasum":"f5be93d5848e3d221009404d3533e21a9e807fad","tarball":"https://registry.npmjs.org/space-pen/-/space-pen-1.1.1.tgz"},"_from":".","_npmVersion":"1.2.21","_npmUser":{"name":"kevinsawicki","email":"kevinsawicki@gmail.com"},"maintainers":[{"name":"kevinsawicki","email":"kevinsawicki@gmail.com"}],"directories":{}},"1.2.0":{"name":"space-pen","version":"1.2.0","description":"Write markup on the final frontier","main":"./space-pen","licenses":[{"type":"MIT","url":"http://github.com/nathansobo/space-pen/raw/master/LICENSE"}],"repository":{"type":"git","url":"https://github.com/nathansobo/space-pen.git"},"bugs":{"url":"https://github.com/nathansobo/space-pen/issues"},"_id":"space-pen@1.2.0","dist":{"shasum":"224d3b9fc520a225f57332395633769397d559cd","tarball":"https://registry.npmjs.org/space-pen/-/space-pen-1.2.0.tgz"},"_from":".","_npmVersion":"1.2.21","_npmUser":{"name":"kevinsawicki","email":"kevinsawicki@gmail.com"},"maintainers":[{"name":"kevinsawicki","email":"kevinsawicki@gmail.com"}],"directories":{}},"1.2.1":{"name":"space-pen","version":"1.2.1","description":"Write markup on the final frontier","main":"./space-pen","licenses":[{"type":"MIT","url":"http://github.com/nathansobo/space-pen/raw/master/LICENSE"}],"repository":{"type":"git","url":"https://github.com/nathansobo/space-pen.git"},"bugs":{"url":"https://github.com/nathansobo/space-pen/issues"},"_id":"space-pen@1.2.1","dist":{"shasum":"62dd1ca72ad0f0bb12ba5aeeb612a5d4f718d62f","tarball":"https://registry.npmjs.org/space-pen/-/space-pen-1.2.1.tgz"},"_from":".","_npmVersion":"1.3.9","_npmUser":{"name":"kevinsawicki","email":"kevinsawicki@gmail.com"},"maintainers":[{"name":"kevinsawicki","email":"kevinsawicki@gmail.com"}],"directories":{}},"1.3.0":{"name":"space-pen","version":"1.3.0","description":"Write markup on the final frontier","main":"./space-pen.js","scripts":{"prepublish":"grunt clean lint coffee"},"licenses":[{"type":"MIT","url":"http://github.com/nathansobo/space-pen/raw/master/LICENSE"}],"repository":{"type":"git","url":"https://github.com/nathansobo/space-pen.git"},"bugs":{"url":"https://github.com/nathansobo/space-pen/issues"},"devDependencies":{"express":"~3.4.0","coffee-script":"~1.6.3","grunt-contrib-coffee":"~0.7.0","grunt-cli":"~0.1.8","grunt":"~0.4.1","grunt-coffeelint":"0.0.6","rimraf":"~2.1.4"},"_id":"space-pen@1.3.0","dist":{"shasum":"7d8c01d64d9b423687de058ed992563fdeae80d2","tarball":"https://registry.npmjs.org/space-pen/-/space-pen-1.3.0.tgz"},"_from":".","_npmVersion":"1.3.9","_npmUser":{"name":"kevinsawicki","email":"kevinsawicki@gmail.com"},"maintainers":[{"name":"kevinsawicki","email":"kevinsawicki@gmail.com"}],"directories":{}},"2.0.0":{"name":"space-pen","version":"2.0.0","description":"Write markup on the final frontier","main":"./lib/space-pen.js","scripts":{"prepublish":"node_modules/.bin/grunt clean lint coffee","test":"node_modules/.bin/grunt test","start":"node_modules/.bin/grunt start"},"licenses":[{"type":"MIT","url":"http://github.com/atom/space-pen/raw/master/LICENSE"}],"repository":{"type":"git","url":"https://github.com/atom/space-pen.git"},"bugs":{"url":"https://github.com/atom/space-pen/issues"},"devDependencies":{"express":"~3.4.0","coffee-script":"~1.6.3","grunt-contrib-coffee":"~0.7.0","grunt-cli":"~0.1.8","grunt":"~0.4.1","grunt-coffeelint":"0.0.6","browserify":"~2.34.1","jasmine-focused":"~0.15.0","grunt-shell":"~0.5.0","coffeeify":"~0.5.1","grunt-contrib-connect":"~0.5.0"},"dependencies":{"underscore-plus":"~0.2.0"},"_id":"space-pen@2.0.0","dist":{"shasum":"7368fe68561619d801ff62fead09bbdf52af8df4","tarball":"https://registry.npmjs.org/space-pen/-/space-pen-2.0.0.tgz"},"_from":".","_npmVersion":"1.3.9","_npmUser":{"name":"kevinsawicki","email":"kevinsawicki@gmail.com"},"maintainers":[{"name":"kevinsawicki","email":"kevinsawicki@gmail.com"}],"directories":{}},"2.0.1":{"name":"space-pen","version":"2.0.1","description":"Write markup on the final frontier","main":"./lib/space-pen.js","scripts":{"prepublish":"node_modules/.bin/grunt clean lint coffee","test":"node_modules/.bin/grunt test","start":"node_modules/.bin/grunt start"},"licenses":[{"type":"MIT","url":"http://github.com/atom/space-pen/raw/master/LICENSE"}],"repository":{"type":"git","url":"https://github.com/atom/space-pen.git"},"bugs":{"url":"https://github.com/atom/space-pen/issues"},"devDependencies":{"express":"~3.4.0","coffee-script":"~1.6.3","grunt-contrib-coffee":"~0.7.0","grunt-cli":"~0.1.8","grunt":"~0.4.1","grunt-coffeelint":"0.0.6","browserify":"~2.34.1","jasmine-focused":"~0.15.0","grunt-shell":"~0.5.0","coffeeify":"~0.5.1","grunt-contrib-connect":"~0.5.0"},"dependencies":{"underscore-plus":"~0.2.0"},"_id":"space-pen@2.0.1","dist":{"shasum":"7643c1abdfcf2c43b9d5df04fd77fcd0a011f535","tarball":"https://registry.npmjs.org/space-pen/-/space-pen-2.0.1.tgz"},"_from":".","_npmVersion":"1.3.2","_npmUser":{"name":"kevinsawicki","email":"kevinsawicki@gmail.com"},"maintainers":[{"name":"kevinsawicki","email":"kevinsawicki@gmail.com"}],"directories":{}},"2.0.2":{"name":"space-pen","version":"2.0.2","description":"Write markup on the final frontier","main":"./lib/space-pen.js","scripts":{"prepublish":"node_modules/.bin/grunt clean lint coffee","test":"node_modules/.bin/grunt test","start":"node_modules/.bin/grunt start"},"licenses":[{"type":"MIT","url":"http://github.com/atom/space-pen/raw/master/LICENSE"}],"repository":{"type":"git","url":"https://github.com/atom/space-pen.git"},"bugs":{"url":"https://github.com/atom/space-pen/issues"},"devDependencies":{"express":"~3.4.0","coffee-script":"~1.6.3","grunt-contrib-coffee":"~0.7.0","grunt-cli":"~0.1.8","grunt":"~0.4.1","grunt-coffeelint":"0.0.6","browserify":"~2.34.1","jasmine-focused":"~0.15.0","grunt-shell":"~0.5.0","coffeeify":"~0.5.1","grunt-contrib-connect":"~0.5.0"},"dependencies":{"underscore-plus":"~0.2.0"},"_id":"space-pen@2.0.2","dist":{"shasum":"5699c77f18a99b55fab0abde5959c5867fd196f0","tarball":"https://registry.npmjs.org/space-pen/-/space-pen-2.0.2.tgz"},"_from":".","_npmVersion":"1.3.2","_npmUser":{"name":"kevinsawicki","email":"kevinsawicki@gmail.com"},"maintainers":[{"name":"kevinsawicki","email":"kevinsawicki@gmail.com"},{"name":"nathansobo","email":"nathansobo@gmail.com"}],"directories":{}},"3.0.0":{"name":"space-pen","version":"3.0.0","description":"Write markup on the final frontier","main":"./lib/space-pen.js","scripts":{"prepublish":"node_modules/.bin/grunt clean lint coffee","test":"node_modules/.bin/grunt test","start":"node_modules/.bin/grunt start"},"licenses":[{"type":"MIT","url":"http://github.com/atom/space-pen/raw/master/LICENSE"}],"repository":{"type":"git","url":"https://github.com/atom/space-pen.git"},"bugs":{"url":"https://github.com/atom/space-pen/issues"},"devDependencies":{"express":"~3.4.0","coffee-script":"~1.6.3","grunt-contrib-coffee":"~0.7.0","grunt-cli":"~0.1.8","grunt":"~0.4.1","grunt-coffeelint":"0.0.6","browserify":"~2.34.1","jasmine-focused":"~0.15.0","grunt-shell":"~0.5.0","coffeeify":"~0.5.1","grunt-contrib-connect":"~0.5.0"},"dependencies":{"underscore-plus":"~0.6.1"},"_id":"space-pen@3.0.0","dist":{"shasum":"1c675075623396d822f375a39d1e4c4ba7c6cd94","tarball":"https://registry.npmjs.org/space-pen/-/space-pen-3.0.0.tgz"},"_from":".","_npmVersion":"1.3.2","_npmUser":{"name":"kevinsawicki","email":"kevinsawicki@gmail.com"},"maintainers":[{"name":"kevinsawicki","email":"kevinsawicki@gmail.com"},{"name":"nathansobo","email":"nathansobo@gmail.com"}],"directories":{}},"3.0.1":{"name":"space-pen","version":"3.0.1","description":"Write markup on the final frontier","main":"./lib/space-pen.js","scripts":{"prepublish":"node_modules/.bin/grunt clean lint coffee","test":"node_modules/.bin/grunt test","start":"node_modules/.bin/grunt start"},"licenses":[{"type":"MIT","url":"http://github.com/atom/space-pen/raw/master/LICENSE"}],"repository":{"type":"git","url":"https://github.com/atom/space-pen.git"},"bugs":{"url":"https://github.com/atom/space-pen/issues"},"devDependencies":{"express":"~3.4.0","coffee-script":"~1.6.3","grunt-contrib-coffee":"~0.7.0","grunt-cli":"~0.1.8","grunt":"~0.4.1","grunt-coffeelint":"0.0.6","browserify":"~2.34.1","jasmine-focused":"~0.15.0","grunt-shell":"~0.5.0","coffeeify":"~0.5.1","grunt-contrib-connect":"~0.5.0"},"dependencies":{"underscore-plus":"~0.6.1"},"_id":"space-pen@3.0.1","dist":{"shasum":"7b07e5c5928e975eb92fbf2306d35f22a875d4ea","tarball":"https://registry.npmjs.org/space-pen/-/space-pen-3.0.1.tgz"},"_from":".","_npmVersion":"1.3.2","_npmUser":{"name":"kevinsawicki","email":"kevinsawicki@gmail.com"},"maintainers":[{"name":"kevinsawicki","email":"kevinsawicki@gmail.com"},{"name":"nathansobo","email":"nathansobo@gmail.com"}],"directories":{}},"3.0.2":{"name":"space-pen","version":"3.0.2","description":"Write markup on the final frontier","main":"./lib/space-pen.js","scripts":{"prepublish":"node_modules/.bin/grunt clean lint coffee","test":"node_modules/.bin/grunt test","start":"node_modules/.bin/grunt start"},"licenses":[{"type":"MIT","url":"http://github.com/atom/space-pen/raw/master/LICENSE"}],"repository":{"type":"git","url":"https://github.com/atom/space-pen.git"},"bugs":{"url":"https://github.com/atom/space-pen/issues"},"devDependencies":{"express":"~3.4.0","coffee-script":"~1.6.3","grunt-contrib-coffee":"~0.7.0","grunt-cli":"~0.1.8","grunt":"~0.4.1","grunt-coffeelint":"0.0.6","browserify":"~2.34.1","jasmine-focused":"~0.15.0","grunt-shell":"~0.5.0","coffeeify":"~0.5.1","grunt-contrib-connect":"~0.5.0"},"dependencies":{"underscore-plus":"~0.6.1"},"_id":"space-pen@3.0.2","dist":{"shasum":"3556ead51c25e1347b8974ad2b44058d18ba2d99","tarball":"https://registry.npmjs.org/space-pen/-/space-pen-3.0.2.tgz"},"_from":".","_npmVersion":"1.3.2","_npmUser":{"name":"kevinsawicki","email":"kevinsawicki@gmail.com"},"maintainers":[{"name":"kevinsawicki","email":"kevinsawicki@gmail.com"},{"name":"nathansobo","email":"nathansobo@gmail.com"}],"directories":{}},"3.0.3":{"name":"space-pen","version":"3.0.3","description":"Write markup on the final frontier","main":"./lib/space-pen.js","scripts":{"prepublish":"node_modules/.bin/grunt clean lint coffee","test":"node_modules/.bin/grunt test","start":"node_modules/.bin/grunt start"},"licenses":[{"type":"MIT","url":"http://github.com/atom/space-pen/raw/master/LICENSE"}],"repository":{"type":"git","url":"https://github.com/atom/space-pen.git"},"bugs":{"url":"https://github.com/atom/space-pen/issues"},"devDependencies":{"express":"~3.4.0","coffee-script":"~1.6.3","grunt-contrib-coffee":"~0.7.0","grunt-cli":"~0.1.8","grunt":"~0.4.1","grunt-coffeelint":"0.0.6","browserify":"~2.34.1","jasmine-focused":"~0.15.0","grunt-shell":"~0.5.0","coffeeify":"~0.5.1","grunt-contrib-connect":"~0.5.0"},"dependencies":{"underscore-plus":"~0.6.1"},"_id":"space-pen@3.0.3","dist":{"shasum":"274b086dee9787cc45fbffd8806b3c0e24929990","tarball":"https://registry.npmjs.org/space-pen/-/space-pen-3.0.3.tgz"},"_from":".","_npmVersion":"1.3.2","_npmUser":{"name":"kevinsawicki","email":"kevinsawicki@gmail.com"},"maintainers":[{"name":"kevinsawicki","email":"kevinsawicki@gmail.com"},{"name":"nathansobo","email":"nathansobo@gmail.com"}],"directories":{}},"3.1.0":{"name":"space-pen","version":"3.1.0","description":"Write markup on the final frontier","main":"./lib/space-pen.js","scripts":{"prepublish":"node_modules/.bin/grunt clean lint coffee","test":"node_modules/.bin/grunt test","start":"node_modules/.bin/grunt start"},"licenses":[{"type":"MIT","url":"http://github.com/atom/space-pen/raw/master/LICENSE"}],"repository":{"type":"git","url":"https://github.com/atom/space-pen.git"},"bugs":{"url":"https://github.com/atom/space-pen/issues"},"devDependencies":{"express":"~3.4.0","coffee-script":"~1.6.3","grunt-contrib-coffee":"~0.7.0","grunt-cli":"~0.1.8","grunt":"~0.4.1","grunt-coffeelint":"0.0.6","browserify":"~2.34.1","jasmine-focused":"~0.15.0","grunt-shell":"~0.5.0","coffeeify":"~0.5.1","grunt-contrib-connect":"~0.5.0"},"dependencies":{"underscore-plus":"~0.6.1"},"homepage":"https://github.com/atom/space-pen","_id":"space-pen@3.1.0","dist":{"shasum":"e86504e6ccb6d603e7e58187876e6426338d0d12","tarball":"https://registry.npmjs.org/space-pen/-/space-pen-3.1.0.tgz"},"_from":".","_npmVersion":"1.3.14","_npmUser":{"name":"nathansobo","email":"nathansobo@gmail.com"},"maintainers":[{"name":"kevinsawicki","email":"kevinsawicki@gmail.com"},{"name":"nathansobo","email":"nathansobo@gmail.com"}],"directories":{}},"3.1.1":{"name":"space-pen","version":"3.1.1","description":"Write markup on the final frontier","main":"./lib/space-pen.js","scripts":{"prepublish":"node_modules/.bin/grunt clean lint coffee","test":"node_modules/.bin/grunt test","start":"node_modules/.bin/grunt start"},"licenses":[{"type":"MIT","url":"http://github.com/atom/space-pen/raw/master/LICENSE"}],"repository":{"type":"git","url":"https://github.com/atom/space-pen.git"},"bugs":{"url":"https://github.com/atom/space-pen/issues"},"devDependencies":{"express":"~3.4.0","coffee-script":"~1.6.3","grunt-contrib-coffee":"~0.7.0","grunt-cli":"~0.1.8","grunt":"~0.4.1","grunt-coffeelint":"0.0.6","browserify":"~2.34.1","jasmine-focused":"~0.15.0","grunt-shell":"~0.5.0","coffeeify":"~0.5.1","grunt-contrib-connect":"~0.5.0"},"dependencies":{"underscore-plus":"1.x"},"_id":"space-pen@3.1.1","dist":{"shasum":"54a2a11d993c5628198abf09b827322aa64a27d2","tarball":"https://registry.npmjs.org/space-pen/-/space-pen-3.1.1.tgz"},"_from":".","_npmVersion":"1.3.2","_npmUser":{"name":"kevinsawicki","email":"kevinsawicki@gmail.com"},"maintainers":[{"name":"kevinsawicki","email":"kevinsawicki@gmail.com"},{"name":"nathansobo","email":"nathansobo@gmail.com"}],"directories":{}},"3.1.2":{"name":"space-pen","version":"3.1.2","description":"Write markup on the final frontier","main":"./lib/space-pen.js","scripts":{"prepublish":"node_modules/.bin/grunt clean lint coffee","test":"node_modules/.bin/grunt test","start":"node_modules/.bin/grunt start"},"licenses":[{"type":"MIT","url":"http://github.com/atom/space-pen/raw/master/LICENSE"}],"repository":{"type":"git","url":"https://github.com/atom/space-pen.git"},"bugs":{"url":"https://github.com/atom/space-pen/issues"},"devDependencies":{"express":"~3.4.0","coffee-script":"~1.6.3","grunt-contrib-coffee":"~0.7.0","grunt-cli":"~0.1.8","grunt":"~0.4.1","grunt-coffeelint":"0.0.6","browserify":"~2.34.1","jasmine-focused":"~0.15.0","grunt-shell":"~0.5.0","coffeeify":"~0.5.1","grunt-contrib-connect":"~0.5.0"},"dependencies":{"underscore-plus":"1.x"},"_id":"space-pen@3.1.2","dist":{"shasum":"bc738b36d47c25c97549dbd92f8532bb34c538ab","tarball":"https://registry.npmjs.org/space-pen/-/space-pen-3.1.2.tgz"},"_from":".","_npmVersion":"1.3.2","_npmUser":{"name":"kevinsawicki","email":"kevinsawicki@gmail.com"},"maintainers":[{"name":"kevinsawicki","email":"kevinsawicki@gmail.com"},{"name":"nathansobo","email":"nathansobo@gmail.com"}],"directories":{}},"3.2.0":{"name":"space-pen","version":"3.2.0","description":"Write markup on the final frontier","main":"./lib/space-pen.js","scripts":{"prepublish":"grunt clean lint coffee","test":"grunt test","start":"grunt start"},"licenses":[{"type":"MIT","url":"http://github.com/atom/space-pen/raw/master/LICENSE"}],"repository":{"type":"git","url":"https://github.com/atom/space-pen.git"},"bugs":{"url":"https://github.com/atom/space-pen/issues"},"devDependencies":{"express":"~3.4.0","coffee-script":"~1.6.3","grunt-contrib-coffee":"~0.7.0","grunt-cli":"~0.1.8","grunt":"~0.4.1","grunt-coffeelint":"0.0.6","browserify":"~2.34.1","jasmine-focused":"~0.15.0","grunt-shell":"~0.5.0","coffeeify":"~0.5.1","grunt-contrib-connect":"~0.5.0"},"dependencies":{"underscore-plus":"1.x"},"homepage":"https://github.com/atom/space-pen","_id":"space-pen@3.2.0","dist":{"shasum":"fee9a121cf28aa0a14e59b31e7fd9205ee5d6d17","tarball":"https://registry.npmjs.org/space-pen/-/space-pen-3.2.0.tgz"},"_from":".","_npmVersion":"1.4.6","_npmUser":{"name":"nathansobo","email":"nathan@github.com"},"maintainers":[{"name":"kevinsawicki","email":"kevinsawicki@gmail.com"},{"name":"nathansobo","email":"nathansobo@gmail.com"}],"directories":{}},"3.2.1":{"name":"space-pen","version":"3.2.1","description":"Write markup on the final frontier","main":"./lib/space-pen.js","scripts":{"prepublish":"grunt clean lint coffee","test":"grunt test","start":"grunt start"},"licenses":[{"type":"MIT","url":"http://github.com/atom/space-pen/raw/master/LICENSE"}],"repository":{"type":"git","url":"https://github.com/atom/space-pen.git"},"bugs":{"url":"https://github.com/atom/space-pen/issues"},"devDependencies":{"express":"~3.4.0","coffee-script":"~1.6.3","grunt-contrib-coffee":"~0.7.0","grunt-cli":"~0.1.8","grunt":"~0.4.1","grunt-coffeelint":"0.0.6","browserify":"~2.34.1","jasmine-focused":"~0.15.0","grunt-shell":"~0.5.0","coffeeify":"~0.5.1","grunt-contrib-connect":"~0.5.0"},"dependencies":{"underscore-plus":"1.x"},"homepage":"https://github.com/atom/space-pen","_id":"space-pen@3.2.1","dist":{"shasum":"601b9342d9da80fdd469284f74f0af6ee90042b0","tarball":"https://registry.npmjs.org/space-pen/-/space-pen-3.2.1.tgz"},"_from":".","_npmVersion":"1.4.6","_npmUser":{"name":"nathansobo","email":"nathan@github.com"},"maintainers":[{"name":"kevinsawicki","email":"kevinsawicki@gmail.com"},{"name":"nathansobo","email":"nathansobo@gmail.com"}],"directories":{}},"3.2.2":{"name":"space-pen","version":"3.2.2","description":"Write markup on the final frontier","main":"./lib/space-pen.js","scripts":{"prepublish":"grunt clean lint coffee","test":"grunt test","start":"grunt start"},"licenses":[{"type":"MIT","url":"http://github.com/atom/space-pen/raw/master/LICENSE"}],"repository":{"type":"git","url":"https://github.com/atom/space-pen.git"},"bugs":{"url":"https://github.com/atom/space-pen/issues"},"devDependencies":{"express":"~3.4.0","coffee-script":"~1.6.3","grunt-contrib-coffee":"~0.7.0","grunt-cli":"~0.1.8","grunt":"~0.4.1","grunt-coffeelint":"0.0.6","browserify":"~2.34.1","jasmine-focused":"~0.15.0","grunt-shell":"~0.5.0","coffeeify":"~0.5.1","grunt-contrib-connect":"~0.5.0"},"dependencies":{"underscore-plus":"1.x"},"homepage":"https://github.com/atom/space-pen","_id":"space-pen@3.2.2","dist":{"shasum":"facd6d90dfbfc10aabe15c70236771b1cb7fd8ed","tarball":"https://registry.npmjs.org/space-pen/-/space-pen-3.2.2.tgz"},"_from":".","_npmVersion":"1.4.6","_npmUser":{"name":"nathansobo","email":"nathan@github.com"},"maintainers":[{"name":"kevinsawicki","email":"kevinsawicki@gmail.com"},{"name":"nathansobo","email":"nathansobo@gmail.com"}],"directories":{}},"3.2.3":{"name":"space-pen","version":"3.2.3","description":"Write markup on the final frontier","main":"./lib/space-pen.js","scripts":{"prepublish":"grunt prepublish","test":"grunt test","start":"grunt start"},"licenses":[{"type":"MIT","url":"http://github.com/atom/space-pen/raw/master/LICENSE"}],"repository":{"type":"git","url":"https://github.com/atom/space-pen.git"},"bugs":{"url":"https://github.com/atom/space-pen/issues"},"devDependencies":{"express":"~3.4.0","coffee-script":"~1.6.3","grunt-contrib-coffee":"~0.7.0","grunt-cli":"~0.1.8","grunt":"~0.4.1","grunt-coffeelint":"0.0.6","browserify":"~2.34.1","jasmine-focused":"~0.15.0","grunt-shell":"~0.5.0","coffeeify":"~0.5.1","grunt-contrib-connect":"~0.5.0"},"dependencies":{"underscore-plus":"1.x"},"homepage":"https://github.com/atom/space-pen","_id":"space-pen@3.2.3","dist":{"shasum":"f62deffe2a1011b67233e0ee7ea6dac9f5ac2da1","tarball":"https://registry.npmjs.org/space-pen/-/space-pen-3.2.3.tgz"},"_from":".","_npmVersion":"1.4.4","_npmUser":{"name":"kevinsawicki","email":"kevinsawicki@gmail.com"},"maintainers":[{"name":"kevinsawicki","email":"kevinsawicki@gmail.com"},{"name":"nathansobo","email":"nathansobo@gmail.com"}],"directories":{}},"3.2.4":{"name":"space-pen","version":"3.2.4","description":"Write markup on the final frontier","main":"./lib/space-pen.js","scripts":{"prepublish":"grunt prepublish","test":"grunt test","start":"grunt start"},"licenses":[{"type":"MIT","url":"http://github.com/atom/space-pen/raw/master/LICENSE"}],"repository":{"type":"git","url":"https://github.com/atom/space-pen.git"},"bugs":{"url":"https://github.com/atom/space-pen/issues"},"devDependencies":{"express":"~3.4.0","coffee-script":"~1.6.3","grunt-contrib-coffee":"~0.7.0","grunt-cli":"~0.1.8","grunt":"~0.4.1","grunt-coffeelint":"0.0.6","browserify":"~2.34.1","jasmine-focused":"~0.15.0","grunt-shell":"~0.5.0","coffeeify":"~0.5.1","grunt-contrib-connect":"~0.5.0"},"dependencies":{"underscore-plus":"1.x"},"homepage":"https://github.com/atom/space-pen","_id":"space-pen@3.2.4","dist":{"shasum":"4b6c209f6880a33484478cc182eec42772bbd3eb","tarball":"https://registry.npmjs.org/space-pen/-/space-pen-3.2.4.tgz"},"_from":".","_npmVersion":"1.4.4","_npmUser":{"name":"kevinsawicki","email":"kevinsawicki@gmail.com"},"maintainers":[{"name":"kevinsawicki","email":"kevinsawicki@gmail.com"},{"name":"nathansobo","email":"nathansobo@gmail.com"}],"directories":{}},"3.3.0":{"name":"space-pen","version":"3.3.0","description":"Write markup on the final frontier","main":"./lib/space-pen.js","scripts":{"prepublish":"grunt prepublish","test":"grunt test","start":"grunt start"},"licenses":[{"type":"MIT","url":"http://github.com/atom/space-pen/raw/master/LICENSE"}],"repository":{"type":"git","url":"https://github.com/atom/space-pen.git"},"bugs":{"url":"https://github.com/atom/space-pen/issues"},"devDependencies":{"express":"~3.4.0","coffee-script":"~1.6.3","grunt-contrib-coffee":"~0.7.0","grunt-cli":"~0.1.8","grunt":"~0.4.1","grunt-coffeelint":"0.0.6","browserify":"~2.34.1","jasmine-focused":"~0.15.0","grunt-shell":"~0.5.0","coffeeify":"~0.5.1","grunt-contrib-connect":"~0.5.0"},"dependencies":{"underscore-plus":"1.x"},"homepage":"https://github.com/atom/space-pen","_id":"space-pen@3.3.0","dist":{"shasum":"440c6dafa4add24b0634f9ce4191a773c1ac8754","tarball":"https://registry.npmjs.org/space-pen/-/space-pen-3.3.0.tgz"},"_from":".","_npmVersion":"1.4.6","_npmUser":{"name":"nathansobo","email":"nathan@github.com"},"maintainers":[{"name":"kevinsawicki","email":"kevinsawicki@gmail.com"},{"name":"nathansobo","email":"nathansobo@gmail.com"}],"directories":{}},"3.4.0":{"name":"space-pen","version":"3.4.0","description":"Write markup on the final frontier","main":"./lib/space-pen.js","scripts":{"prepublish":"grunt prepublish","test":"grunt test","start":"grunt start"},"licenses":[{"type":"MIT","url":"http://github.com/atom/space-pen/raw/master/LICENSE"}],"repository":{"type":"git","url":"https://github.com/atom/space-pen.git"},"bugs":{"url":"https://github.com/atom/space-pen/issues"},"devDependencies":{"express":"~3.4.0","coffee-script":"~1.6.3","grunt-contrib-coffee":"~0.7.0","grunt-cli":"~0.1.8","grunt":"~0.4.1","grunt-coffeelint":"0.0.6","browserify":"~2.34.1","jasmine-focused":"~0.15.0","grunt-shell":"~0.5.0","coffeeify":"~0.5.1","grunt-contrib-connect":"~0.5.0"},"dependencies":{"underscore-plus":"1.x"},"homepage":"https://github.com/atom/space-pen","_id":"space-pen@3.4.0","dist":{"shasum":"18afc8e03c2d96e7bfb703a28cb5079a9decd081","tarball":"https://registry.npmjs.org/space-pen/-/space-pen-3.4.0.tgz"},"_from":".","_npmVersion":"1.4.4","_npmUser":{"name":"kevinsawicki","email":"kevinsawicki@gmail.com"},"maintainers":[{"name":"kevinsawicki","email":"kevinsawicki@gmail.com"},{"name":"nathansobo","email":"nathansobo@gmail.com"}],"directories":{}},"3.4.1":{"name":"space-pen","version":"3.4.1","description":"Write markup on the final frontier","main":"./lib/space-pen.js","scripts":{"prepublish":"grunt prepublish","test":"grunt test","start":"grunt start"},"licenses":[{"type":"MIT","url":"http://github.com/atom/space-pen/raw/master/LICENSE"}],"repository":{"type":"git","url":"https://github.com/atom/space-pen.git"},"bugs":{"url":"https://github.com/atom/space-pen/issues"},"devDependencies":{"express":"~3.4.0","coffee-script":"~1.6.3","grunt-contrib-coffee":"~0.7.0","grunt-cli":"~0.1.8","grunt":"~0.4.1","grunt-coffeelint":"0.0.6","browserify":"~2.34.1","jasmine-focused":"~0.15.0","grunt-shell":"~0.5.0","coffeeify":"~0.5.1","grunt-contrib-connect":"~0.5.0"},"dependencies":{"underscore-plus":"1.x"},"homepage":"https://github.com/atom/space-pen","_id":"space-pen@3.4.1","dist":{"shasum":"39564ec5cfcbfc0224d2b82ee4ff15c49f4d0efb","tarball":"https://registry.npmjs.org/space-pen/-/space-pen-3.4.1.tgz"},"_from":".","_npmVersion":"1.4.4","_npmUser":{"name":"kevinsawicki","email":"kevinsawicki@gmail.com"},"maintainers":[{"name":"kevinsawicki","email":"kevinsawicki@gmail.com"},{"name":"nathansobo","email":"nathansobo@gmail.com"}],"directories":{}},"3.4.2":{"name":"space-pen","version":"3.4.2","description":"Write markup on the final frontier","main":"./lib/space-pen.js","scripts":{"prepublish":"grunt prepublish","test":"grunt test","start":"grunt start"},"licenses":[{"type":"MIT","url":"http://github.com/atom/space-pen/raw/master/LICENSE"}],"repository":{"type":"git","url":"https://github.com/atom/space-pen.git"},"bugs":{"url":"https://github.com/atom/space-pen/issues"},"devDependencies":{"express":"~3.4.0","coffee-script":"~1.6.3","grunt-contrib-coffee":"~0.7.0","grunt-cli":"~0.1.8","grunt":"~0.4.1","grunt-coffeelint":"0.0.6","browserify":"~2.34.1","jasmine-focused":"~0.15.0","grunt-shell":"~0.5.0","coffeeify":"~0.5.1","grunt-contrib-connect":"~0.5.0","grunt-atomdoc":"^0.2.0"},"dependencies":{"underscore-plus":"1.x"},"homepage":"https://github.com/atom/space-pen","_id":"space-pen@3.4.2","dist":{"shasum":"6c88c965a12b7f5ec1f2bb94825a5a6c79739d1a","tarball":"https://registry.npmjs.org/space-pen/-/space-pen-3.4.2.tgz"},"_from":".","_npmVersion":"1.4.4","_npmUser":{"name":"kevinsawicki","email":"kevinsawicki@gmail.com"},"maintainers":[{"name":"kevinsawicki","email":"kevinsawicki@gmail.com"},{"name":"nathansobo","email":"nathansobo@gmail.com"}],"directories":{}},"3.4.3":{"name":"space-pen","version":"3.4.3","description":"Write markup on the final frontier","main":"./lib/space-pen.js","scripts":{"prepublish":"grunt prepublish","test":"grunt test","start":"grunt start"},"licenses":[{"type":"MIT","url":"http://github.com/atom/space-pen/raw/master/LICENSE"}],"repository":{"type":"git","url":"https://github.com/atom/space-pen.git"},"bugs":{"url":"https://github.com/atom/space-pen/issues"},"devDependencies":{"express":"~3.4.0","coffee-script":"~1.6.3","grunt-contrib-coffee":"~0.7.0","grunt-cli":"~0.1.8","grunt":"~0.4.1","grunt-coffeelint":"0.0.6","browserify":"~2.34.1","jasmine-focused":"~0.15.0","grunt-shell":"~0.5.0","coffeeify":"~0.5.1","grunt-contrib-connect":"~0.5.0","grunt-atomdoc":"^0.2.0"},"dependencies":{"underscore-plus":"1.x"},"homepage":"https://github.com/atom/space-pen","_id":"space-pen@3.4.3","dist":{"shasum":"40a5f1362eb824fd00f89765ea2d6b5f251c7adc","tarball":"https://registry.npmjs.org/space-pen/-/space-pen-3.4.3.tgz"},"_from":".","_npmVersion":"1.4.4","_npmUser":{"name":"kevinsawicki","email":"kevinsawicki@gmail.com"},"maintainers":[{"name":"kevinsawicki","email":"kevinsawicki@gmail.com"},{"name":"nathansobo","email":"nathansobo@gmail.com"}],"directories":{}},"3.4.4":{"name":"space-pen","version":"3.4.4","description":"Write markup on the final frontier","main":"./lib/space-pen.js","scripts":{"prepublish":"grunt prepublish","test":"grunt test","start":"grunt start"},"licenses":[{"type":"MIT","url":"http://github.com/atom/space-pen/raw/master/LICENSE"}],"repository":{"type":"git","url":"https://github.com/atom/space-pen.git"},"bugs":{"url":"https://github.com/atom/space-pen/issues"},"devDependencies":{"express":"~3.4.0","coffee-script":"~1.6.3","grunt-contrib-coffee":"~0.7.0","grunt-cli":"~0.1.8","grunt":"~0.4.1","grunt-coffeelint":"0.0.6","browserify":"~2.34.1","jasmine-focused":"~0.15.0","grunt-shell":"~0.5.0","coffeeify":"~0.5.1","grunt-contrib-connect":"~0.5.0","grunt-atomdoc":"^0.2.0"},"dependencies":{"underscore-plus":"1.x"},"gitHead":"167e7dad4312c0aa1819abee803dff8dc69bb5e1","homepage":"https://github.com/atom/space-pen","_id":"space-pen@3.4.4","_shasum":"c40518b18d7d0b5803ffa87b412bd8ec6126ba06","_from":".","_npmVersion":"1.4.23","_npmUser":{"name":"benogle","email":"ogle.ben@gmail.com"},"maintainers":[{"name":"kevinsawicki","email":"kevinsawicki@gmail.com"},{"name":"nathansobo","email":"nathansobo@gmail.com"},{"name":"benogle","email":"ogle.ben@gmail.com"}],"dist":{"shasum":"c40518b18d7d0b5803ffa87b412bd8ec6126ba06","tarball":"https://registry.npmjs.org/space-pen/-/space-pen-3.4.4.tgz"},"directories":{}},"3.4.5":{"name":"space-pen","version":"3.4.5","description":"Write markup on the final frontier","main":"./lib/space-pen.js","scripts":{"prepublish":"grunt prepublish","test":"grunt test","start":"grunt start"},"licenses":[{"type":"MIT","url":"http://github.com/atom/space-pen/raw/master/LICENSE"}],"repository":{"type":"git","url":"https://github.com/atom/space-pen.git"},"bugs":{"url":"https://github.com/atom/space-pen/issues"},"devDependencies":{"express":"~3.4.0","coffee-script":"~1.6.3","grunt-contrib-coffee":"~0.7.0","grunt-cli":"~0.1.8","grunt":"~0.4.1","grunt-coffeelint":"0.0.6","browserify":"~2.34.1","jasmine-focused":"~0.15.0","grunt-shell":"~0.5.0","coffeeify":"~0.5.1","grunt-contrib-connect":"~0.5.0","grunt-atomdoc":"^0.2.0"},"dependencies":{"underscore-plus":"1.x"},"gitHead":"80bb3dc060d7ba37c718c11f2add1e9dabd0ec25","homepage":"https://github.com/atom/space-pen","_id":"space-pen@3.4.5","_shasum":"801086d1589ea3450f7a037ce8e4aacd43123bf5","_from":".","_npmVersion":"1.4.23","_npmUser":{"name":"benogle","email":"ogle.ben@gmail.com"},"maintainers":[{"name":"kevinsawicki","email":"kevinsawicki@gmail.com"},{"name":"nathansobo","email":"nathansobo@gmail.com"},{"name":"benogle","email":"ogle.ben@gmail.com"}],"dist":{"shasum":"801086d1589ea3450f7a037ce8e4aacd43123bf5","tarball":"https://registry.npmjs.org/space-pen/-/space-pen-3.4.5.tgz"},"directories":{}},"3.4.6":{"name":"space-pen","version":"3.4.6","description":"Write markup on the final frontier","main":"./lib/space-pen.js","scripts":{"prepublish":"grunt prepublish","test":"grunt test","start":"grunt start"},"licenses":[{"type":"MIT","url":"http://github.com/atom/space-pen/raw/master/LICENSE"}],"repository":{"type":"git","url":"https://github.com/atom/space-pen.git"},"bugs":{"url":"https://github.com/atom/space-pen/issues"},"devDependencies":{"express":"~3.4.0","coffee-script":"~1.6.3","grunt-contrib-coffee":"~0.7.0","grunt-cli":"~0.1.8","grunt":"~0.4.1","grunt-coffeelint":"0.0.6","browserify":"~2.34.1","jasmine-focused":"~0.15.0","grunt-shell":"~0.5.0","coffeeify":"~0.5.1","grunt-contrib-connect":"~0.5.0","grunt-atomdoc":"^1.0.0"},"dependencies":{"underscore-plus":"1.x"},"gitHead":"44ff5cc9fc7fd788be6da4196e7268b05f8b95f5","homepage":"https://github.com/atom/space-pen","_id":"space-pen@3.4.6","_shasum":"a9f4a338f1e6863ee95b8f98fcf1b1eac4e2e413","_from":".","_npmVersion":"1.4.23","_npmUser":{"name":"benogle","email":"ogle.ben@gmail.com"},"maintainers":[{"name":"kevinsawicki","email":"kevinsawicki@gmail.com"},{"name":"nathansobo","email":"nathansobo@gmail.com"},{"name":"benogle","email":"ogle.ben@gmail.com"}],"dist":{"shasum":"a9f4a338f1e6863ee95b8f98fcf1b1eac4e2e413","tarball":"https://registry.npmjs.org/space-pen/-/space-pen-3.4.6.tgz"},"directories":{}},"3.4.7":{"name":"space-pen","version":"3.4.7","description":"Write markup on the final frontier","main":"./lib/space-pen.js","scripts":{"prepublish":"grunt prepublish","test":"grunt test","start":"grunt start"},"licenses":[{"type":"MIT","url":"http://github.com/atom/space-pen/raw/master/LICENSE"}],"repository":{"type":"git","url":"https://github.com/atom/space-pen.git"},"bugs":{"url":"https://github.com/atom/space-pen/issues"},"devDependencies":{"express":"~3.4.0","coffee-script":"~1.6.3","grunt-contrib-coffee":"~0.7.0","grunt-cli":"~0.1.8","grunt":"~0.4.1","grunt-coffeelint":"0.0.6","browserify":"~2.34.1","jasmine-focused":"~0.15.0","grunt-shell":"~0.5.0","coffeeify":"~0.5.1","grunt-contrib-connect":"~0.5.0","grunt-atomdoc":"^1.0.0"},"dependencies":{"underscore-plus":"1.x"},"gitHead":"e96e2e28fb6e920cb5e10df88a9d6259e9014cf5","homepage":"https://github.com/atom/space-pen","_id":"space-pen@3.4.7","_shasum":"4c3839445bfe9cecd1dbc7aaa344e76bde239586","_from":".","_npmVersion":"1.4.23","_npmUser":{"name":"benogle","email":"ogle.ben@gmail.com"},"maintainers":[{"name":"kevinsawicki","email":"kevinsawicki@gmail.com"},{"name":"nathansobo","email":"nathansobo@gmail.com"},{"name":"benogle","email":"ogle.ben@gmail.com"}],"dist":{"shasum":"4c3839445bfe9cecd1dbc7aaa344e76bde239586","tarball":"https://registry.npmjs.org/space-pen/-/space-pen-3.4.7.tgz"},"directories":{}},"3.5.0":{"name":"space-pen","version":"3.5.0","description":"Write markup on the final frontier","main":"./lib/space-pen.js","scripts":{"prepublish":"grunt prepublish","test":"grunt test","start":"grunt start"},"licenses":[{"type":"MIT","url":"http://github.com/atom/space-pen/raw/master/LICENSE"}],"repository":{"type":"git","url":"https://github.com/atom/space-pen.git"},"bugs":{"url":"https://github.com/atom/space-pen/issues"},"devDependencies":{"express":"~3.4.0","coffee-script":"~1.6.3","grunt-contrib-coffee":"~0.7.0","grunt-cli":"~0.1.8","grunt":"~0.4.1","grunt-coffeelint":"0.0.6","browserify":"~2.34.1","jasmine-focused":"~0.15.0","grunt-shell":"~0.5.0","coffeeify":"~0.5.1","grunt-contrib-connect":"~0.5.0","grunt-atomdoc":"^1.0.0"},"dependencies":{"underscore-plus":"1.x"},"gitHead":"d998f8bab2a540b8d5698bd0dc06be66ca3198c7","homepage":"https://github.com/atom/space-pen","_id":"space-pen@3.5.0","_shasum":"3febc30d6736d7db21eae607f7dd27db0fc1e254","_from":".","_npmVersion":"1.4.23","_npmUser":{"name":"nathansobo","email":"nathan@github.com"},"maintainers":[{"name":"kevinsawicki","email":"kevinsawicki@gmail.com"},{"name":"nathansobo","email":"nathansobo@gmail.com"},{"name":"benogle","email":"ogle.ben@gmail.com"}],"dist":{"shasum":"3febc30d6736d7db21eae607f7dd27db0fc1e254","tarball":"https://registry.npmjs.org/space-pen/-/space-pen-3.5.0.tgz"},"directories":{}},"3.6.0":{"name":"space-pen","version":"3.6.0","description":"Write markup on the final frontier","main":"./lib/space-pen.js","scripts":{"prepublish":"grunt prepublish","test":"grunt test","start":"grunt start"},"licenses":[{"type":"MIT","url":"http://github.com/atom/space-pen/raw/master/LICENSE"}],"repository":{"type":"git","url":"https://github.com/atom/space-pen.git"},"bugs":{"url":"https://github.com/atom/space-pen/issues"},"devDependencies":{"express":"~3.4.0","coffee-script":"~1.6.3","grunt-contrib-coffee":"~0.7.0","grunt-cli":"~0.1.8","grunt":"~0.4.1","grunt-coffeelint":"0.0.6","browserify":"~2.34.1","jasmine-focused":"~0.15.0","grunt-shell":"~0.5.0","coffeeify":"~0.5.1","grunt-contrib-connect":"~0.5.0","grunt-atomdoc":"^1.0.0"},"dependencies":{"underscore-plus":"1.x"},"gitHead":"fa57c692c8814fe01c9049ecafcb9fabbfe958cb","homepage":"https://github.com/atom/space-pen","_id":"space-pen@3.6.0","_shasum":"6bd3dae1c5c64b05038b4cce21679e540f8eda6e","_from":".","_npmVersion":"1.4.23","_npmUser":{"name":"nathansobo","email":"nathan@github.com"},"maintainers":[{"name":"kevinsawicki","email":"kevinsawicki@gmail.com"},{"name":"nathansobo","email":"nathansobo@gmail.com"},{"name":"benogle","email":"ogle.ben@gmail.com"}],"dist":{"shasum":"6bd3dae1c5c64b05038b4cce21679e540f8eda6e","tarball":"https://registry.npmjs.org/space-pen/-/space-pen-3.6.0.tgz"},"directories":{}},"3.6.1":{"name":"space-pen","version":"3.6.1","description":"Write markup on the final frontier","main":"./lib/space-pen.js","scripts":{"prepublish":"grunt prepublish","test":"grunt test","start":"grunt start"},"licenses":[{"type":"MIT","url":"http://github.com/atom/space-pen/raw/master/LICENSE"}],"repository":{"type":"git","url":"https://github.com/atom/space-pen.git"},"bugs":{"url":"https://github.com/atom/space-pen/issues"},"devDependencies":{"express":"~3.4.0","coffee-script":"~1.6.3","grunt-contrib-coffee":"~0.7.0","grunt-cli":"~0.1.8","grunt":"~0.4.1","grunt-coffeelint":"0.0.6","browserify":"~2.34.1","jasmine-focused":"~0.15.0","grunt-shell":"~0.5.0","coffeeify":"~0.5.1","grunt-contrib-connect":"~0.5.0","grunt-atomdoc":"^1.0.0"},"dependencies":{"underscore-plus":"1.x"},"gitHead":"8aa45961b901ae3a73d55080e950bbb73be14768","homepage":"https://github.com/atom/space-pen","_id":"space-pen@3.6.1","_shasum":"4d13f1122a5cbfa73b776811a76fae0ee879d443","_from":".","_npmVersion":"1.4.23","_npmUser":{"name":"nathansobo","email":"nathan@github.com"},"maintainers":[{"name":"kevinsawicki","email":"kevinsawicki@gmail.com"},{"name":"nathansobo","email":"nathansobo@gmail.com"},{"name":"benogle","email":"ogle.ben@gmail.com"}],"dist":{"shasum":"4d13f1122a5cbfa73b776811a76fae0ee879d443","tarball":"https://registry.npmjs.org/space-pen/-/space-pen-3.6.1.tgz"},"directories":{}},"3.7.0":{"name":"space-pen","version":"3.7.0","description":"Write markup on the final frontier","main":"./lib/space-pen.js","scripts":{"prepublish":"grunt prepublish","test":"grunt test","start":"grunt start"},"licenses":[{"type":"MIT","url":"http://github.com/atom/space-pen/raw/master/LICENSE"}],"repository":{"type":"git","url":"https://github.com/atom/space-pen.git"},"bugs":{"url":"https://github.com/atom/space-pen/issues"},"devDependencies":{"express":"~3.4.0","coffee-script":"~1.6.3","grunt-contrib-coffee":"~0.7.0","grunt-cli":"~0.1.8","grunt":"~0.4.1","grunt-coffeelint":"0.0.6","browserify":"~2.34.1","jasmine-focused":"~0.15.0","grunt-shell":"~0.5.0","coffeeify":"~0.5.1","grunt-contrib-connect":"~0.5.0","grunt-atomdoc":"^1.0.0"},"dependencies":{"underscore-plus":"1.x"},"gitHead":"05a03bd4ba0ceabe36536e4053749d78cb847fb1","homepage":"https://github.com/atom/space-pen","_id":"space-pen@3.7.0","_shasum":"f9ad95802034e5a892c35f8b33484df031cb99d0","_from":".","_npmVersion":"1.4.23","_npmUser":{"name":"nathansobo","email":"nathan@github.com"},"maintainers":[{"name":"kevinsawicki","email":"kevinsawicki@gmail.com"},{"name":"nathansobo","email":"nathansobo@gmail.com"},{"name":"benogle","email":"ogle.ben@gmail.com"}],"dist":{"shasum":"f9ad95802034e5a892c35f8b33484df031cb99d0","tarball":"https://registry.npmjs.org/space-pen/-/space-pen-3.7.0.tgz"},"directories":{}},"3.8.0":{"name":"space-pen","version":"3.8.0","description":"Write markup on the final frontier","main":"./lib/space-pen.js","scripts":{"prepublish":"grunt prepublish","test":"grunt test","start":"grunt start"},"licenses":[{"type":"MIT","url":"http://github.com/atom/space-pen/raw/master/LICENSE"}],"repository":{"type":"git","url":"https://github.com/atom/space-pen.git"},"bugs":{"url":"https://github.com/atom/space-pen/issues"},"devDependencies":{"express":"~3.4.0","coffee-script":"~1.6.3","grunt-contrib-coffee":"~0.7.0","grunt-cli":"~0.1.8","grunt":"~0.4.1","grunt-coffeelint":"0.0.6","browserify":"~2.34.1","jasmine-focused":"~0.15.0","grunt-shell":"~0.5.0","coffeeify":"~0.5.1","grunt-contrib-connect":"~0.5.0","grunt-atomdoc":"^1.0.0"},"dependencies":{"underscore-plus":"1.x"},"gitHead":"5653da1e8d65209896d71439d74d576589eb3eab","homepage":"https://github.com/atom/space-pen","_id":"space-pen@3.8.0","_shasum":"67e322c206a98ad26ba8ddc5156d8f073604a3fd","_from":".","_npmVersion":"1.4.23","_npmUser":{"name":"nathansobo","email":"nathan@github.com"},"maintainers":[{"name":"kevinsawicki","email":"kevinsawicki@gmail.com"},{"name":"nathansobo","email":"nathansobo@gmail.com"},{"name":"benogle","email":"ogle.ben@gmail.com"}],"dist":{"shasum":"67e322c206a98ad26ba8ddc5156d8f073604a3fd","tarball":"https://registry.npmjs.org/space-pen/-/space-pen-3.8.0.tgz"},"directories":{}},"4.0.0":{"name":"space-pen","version":"4.0.0","description":"Write markup on the final frontier","main":"./lib/space-pen.js","scripts":{"prepublish":"grunt prepublish","test":"grunt test","start":"grunt start"},"licenses":[{"type":"MIT","url":"http://github.com/atom/space-pen/raw/master/LICENSE"}],"repository":{"type":"git","url":"https://github.com/atom/space-pen.git"},"bugs":{"url":"https://github.com/atom/space-pen/issues"},"devDependencies":{"express":"~3.4.0","coffee-script":"~1.6.3","grunt-contrib-coffee":"~0.7.0","grunt-cli":"~0.1.8","grunt":"~0.4.1","grunt-coffeelint":"0.0.6","browserify":"~2.34.1","jasmine-focused":"~0.15.0","grunt-shell":"~0.5.0","coffeeify":"~0.5.1","grunt-contrib-connect":"~0.5.0","grunt-atomdoc":"^1.0.0"},"dependencies":{"underscore-plus":"1.x"},"gitHead":"972a2f00a15e4473056ec9d8b3b354455d21cb81","homepage":"https://github.com/atom/space-pen","_id":"space-pen@4.0.0","_shasum":"8230552a57fd0fcf8cad7e0291d9207701bfc333","_from":".","_npmVersion":"1.4.23","_npmUser":{"name":"nathansobo","email":"nathan@github.com"},"maintainers":[{"name":"kevinsawicki","email":"kevinsawicki@gmail.com"},{"name":"nathansobo","email":"nathansobo@gmail.com"},{"name":"benogle","email":"ogle.ben@gmail.com"}],"dist":{"shasum":"8230552a57fd0fcf8cad7e0291d9207701bfc333","tarball":"https://registry.npmjs.org/space-pen/-/space-pen-4.0.0.tgz"},"directories":{}},"4.0.1":{"name":"space-pen","version":"4.0.1","description":"Write markup on the final frontier","main":"./lib/space-pen.js","scripts":{"prepublish":"grunt prepublish","test":"grunt test","start":"grunt start"},"licenses":[{"type":"MIT","url":"http://github.com/atom/space-pen/raw/master/LICENSE"}],"repository":{"type":"git","url":"https://github.com/atom/space-pen.git"},"bugs":{"url":"https://github.com/atom/space-pen/issues"},"devDependencies":{"express":"~3.4.0","coffee-script":"~1.6.3","grunt-contrib-coffee":"~0.7.0","grunt-cli":"~0.1.8","grunt":"~0.4.1","grunt-coffeelint":"0.0.6","browserify":"~2.34.1","jasmine-focused":"~0.15.0","grunt-shell":"~0.5.0","coffeeify":"~0.5.1","grunt-contrib-connect":"~0.5.0","grunt-atomdoc":"^1.0.0"},"dependencies":{"underscore-plus":"1.x"},"gitHead":"33d793f0a6aead48c6c591820b91513f56bd2229","homepage":"https://github.com/atom/space-pen","_id":"space-pen@4.0.1","_shasum":"fbae145e57215354c7aabc57ceb868286600dbbe","_from":".","_npmVersion":"1.4.23","_npmUser":{"name":"nathansobo","email":"nathan@github.com"},"maintainers":[{"name":"kevinsawicki","email":"kevinsawicki@gmail.com"},{"name":"nathansobo","email":"nathansobo@gmail.com"},{"name":"benogle","email":"ogle.ben@gmail.com"}],"dist":{"shasum":"fbae145e57215354c7aabc57ceb868286600dbbe","tarball":"https://registry.npmjs.org/space-pen/-/space-pen-4.0.1.tgz"},"directories":{}},"3.8.1":{"name":"space-pen","version":"3.8.1","description":"Write markup on the final frontier","main":"./lib/space-pen.js","scripts":{"prepublish":"grunt prepublish","test":"grunt test","start":"grunt start"},"licenses":[{"type":"MIT","url":"http://github.com/atom/space-pen/raw/master/LICENSE"}],"repository":{"type":"git","url":"https://github.com/atom/space-pen.git"},"bugs":{"url":"https://github.com/atom/space-pen/issues"},"devDependencies":{"express":"~3.4.0","coffee-script":"~1.6.3","grunt-contrib-coffee":"~0.7.0","grunt-cli":"~0.1.8","grunt":"~0.4.1","grunt-coffeelint":"0.0.6","browserify":"~2.34.1","jasmine-focused":"~0.15.0","grunt-shell":"~0.5.0","coffeeify":"~0.5.1","grunt-contrib-connect":"~0.5.0","grunt-atomdoc":"^1.0.0"},"dependencies":{"underscore-plus":"1.x"},"gitHead":"6cd82eb25c030a8d4eafef90bd4cdc4872abe86d","homepage":"https://github.com/atom/space-pen","_id":"space-pen@3.8.1","_shasum":"3d503c9195dd8728ecc1451c8769f09fd6a2b3c5","_from":".","_npmVersion":"1.4.23","_npmUser":{"name":"nathansobo","email":"nathan@github.com"},"maintainers":[{"name":"kevinsawicki","email":"kevinsawicki@gmail.com"},{"name":"nathansobo","email":"nathansobo@gmail.com"},{"name":"benogle","email":"ogle.ben@gmail.com"}],"dist":{"shasum":"3d503c9195dd8728ecc1451c8769f09fd6a2b3c5","tarball":"https://registry.npmjs.org/space-pen/-/space-pen-3.8.1.tgz"},"directories":{}},"4.1.0":{"name":"space-pen","version":"4.1.0","description":"Write markup on the final frontier","main":"./lib/space-pen.js","scripts":{"prepublish":"grunt prepublish","test":"grunt test","start":"grunt start"},"licenses":[{"type":"MIT","url":"http://github.com/atom/space-pen/raw/master/LICENSE"}],"repository":{"type":"git","url":"https://github.com/atom/space-pen.git"},"bugs":{"url":"https://github.com/atom/space-pen/issues"},"devDependencies":{"express":"~3.4.0","coffee-script":"~1.6.3","grunt-contrib-coffee":"~0.7.0","grunt-cli":"~0.1.8","grunt":"~0.4.1","grunt-coffeelint":"0.0.6","browserify":"~2.34.1","jasmine-focused":"~0.15.0","grunt-shell":"~0.5.0","coffeeify":"~0.5.1","grunt-contrib-connect":"~0.5.0","grunt-atomdoc":"^1.0.0"},"dependencies":{"underscore-plus":"1.x"},"gitHead":"1f9ba3642bfe9158d5a0bf3a60ebbec140ef4d98","homepage":"https://github.com/atom/space-pen","_id":"space-pen@4.1.0","_shasum":"5f6e60dbaee764b70d997ccdf5e9916d9c1be74d","_from":".","_npmVersion":"1.4.23","_npmUser":{"name":"nathansobo","email":"nathan@github.com"},"maintainers":[{"name":"kevinsawicki","email":"kevinsawicki@gmail.com"},{"name":"nathansobo","email":"nathansobo@gmail.com"},{"name":"benogle","email":"ogle.ben@gmail.com"}],"dist":{"shasum":"5f6e60dbaee764b70d997ccdf5e9916d9c1be74d","tarball":"https://registry.npmjs.org/space-pen/-/space-pen-4.1.0.tgz"},"directories":{}},"4.1.1":{"name":"space-pen","version":"4.1.1","description":"Write markup on the final frontier","main":"./lib/space-pen.js","scripts":{"prepublish":"grunt prepublish","test":"grunt test","start":"grunt start"},"licenses":[{"type":"MIT","url":"http://github.com/atom/space-pen/raw/master/LICENSE"}],"repository":{"type":"git","url":"https://github.com/atom/space-pen.git"},"bugs":{"url":"https://github.com/atom/space-pen/issues"},"devDependencies":{"express":"~3.4.0","coffee-script":"~1.6.3","grunt-contrib-coffee":"~0.7.0","grunt-cli":"~0.1.8","grunt":"~0.4.1","grunt-coffeelint":"0.0.6","browserify":"~2.34.1","jasmine-focused":"~0.15.0","grunt-shell":"~0.5.0","coffeeify":"~0.5.1","grunt-contrib-connect":"~0.5.0","grunt-atomdoc":"^1.0.0"},"dependencies":{"underscore-plus":"1.x"},"gitHead":"a4f01cbe3003bdd837a6219b7c264f2b36eea327","homepage":"https://github.com/atom/space-pen","_id":"space-pen@4.1.1","_shasum":"207c98287f6c2a117feb2339d02ac00235eacd9b","_from":".","_npmVersion":"1.4.23","_npmUser":{"name":"nathansobo","email":"nathan@github.com"},"maintainers":[{"name":"kevinsawicki","email":"kevinsawicki@gmail.com"},{"name":"nathansobo","email":"nathansobo@gmail.com"},{"name":"benogle","email":"ogle.ben@gmail.com"}],"dist":{"shasum":"207c98287f6c2a117feb2339d02ac00235eacd9b","tarball":"https://registry.npmjs.org/space-pen/-/space-pen-4.1.1.tgz"},"directories":{}},"4.2.0":{"name":"space-pen","version":"4.2.0","description":"Write markup on the final frontier","main":"./lib/space-pen.js","scripts":{"prepublish":"grunt prepublish","test":"grunt test","start":"grunt start"},"licenses":[{"type":"MIT","url":"http://github.com/atom/space-pen/raw/master/LICENSE"}],"repository":{"type":"git","url":"https://github.com/atom/space-pen.git"},"bugs":{"url":"https://github.com/atom/space-pen/issues"},"devDependencies":{"express":"~3.4.0","coffee-script":"~1.6.3","grunt-contrib-coffee":"~0.7.0","grunt-cli":"~0.1.8","grunt":"~0.4.1","grunt-coffeelint":"0.0.6","browserify":"~2.34.1","jasmine-focused":"~0.15.0","grunt-shell":"~0.5.0","coffeeify":"~0.5.1","grunt-contrib-connect":"~0.5.0","grunt-atomdoc":"^1.0.0"},"dependencies":{"underscore-plus":"1.x"},"gitHead":"f87880a286e0af3688da87b7a638ce79da06cca7","homepage":"https://github.com/atom/space-pen","_id":"space-pen@4.2.0","_shasum":"879c502d3c8d5afeef771d30e0ce9b2666632ca8","_from":".","_npmVersion":"1.4.23","_npmUser":{"name":"nathansobo","email":"nathan@github.com"},"maintainers":[{"name":"kevinsawicki","email":"kevinsawicki@gmail.com"},{"name":"nathansobo","email":"nathansobo@gmail.com"},{"name":"benogle","email":"ogle.ben@gmail.com"}],"dist":{"shasum":"879c502d3c8d5afeef771d30e0ce9b2666632ca8","tarball":"https://registry.npmjs.org/space-pen/-/space-pen-4.2.0.tgz"},"directories":{}},"3.8.2":{"name":"space-pen","version":"3.8.2","description":"Write markup on the final frontier","main":"./lib/space-pen.js","scripts":{"prepublish":"grunt prepublish","test":"grunt test","start":"grunt start"},"licenses":[{"type":"MIT","url":"http://github.com/atom/space-pen/raw/master/LICENSE"}],"repository":{"type":"git","url":"https://github.com/atom/space-pen.git"},"bugs":{"url":"https://github.com/atom/space-pen/issues"},"devDependencies":{"express":"~3.4.0","coffee-script":"~1.6.3","grunt-contrib-coffee":"~0.7.0","grunt-cli":"~0.1.8","grunt":"~0.4.1","grunt-coffeelint":"0.0.6","browserify":"~2.34.1","jasmine-focused":"~0.15.0","grunt-shell":"~0.5.0","coffeeify":"~0.5.1","grunt-contrib-connect":"~0.5.0","grunt-atomdoc":"^1.0.0"},"dependencies":{"underscore-plus":"1.x"},"gitHead":"be50427fe39be6f92cc20fc01f16522bb0471f1f","homepage":"https://github.com/atom/space-pen","_id":"space-pen@3.8.2","_shasum":"6406984dcdda74d536f47ec90e5d5b094589377f","_from":".","_npmVersion":"1.4.23","_npmUser":{"name":"nathansobo","email":"nathan@github.com"},"maintainers":[{"name":"kevinsawicki","email":"kevinsawicki@gmail.com"},{"name":"nathansobo","email":"nathansobo@gmail.com"},{"name":"benogle","email":"ogle.ben@gmail.com"}],"dist":{"shasum":"6406984dcdda74d536f47ec90e5d5b094589377f","tarball":"https://registry.npmjs.org/space-pen/-/space-pen-3.8.2.tgz"},"directories":{}},"4.2.1":{"name":"space-pen","version":"4.2.1","description":"Write markup on the final frontier","main":"./lib/space-pen.js","scripts":{"prepublish":"grunt prepublish","test":"grunt test","start":"grunt start"},"licenses":[{"type":"MIT","url":"http://github.com/atom/space-pen/raw/master/LICENSE"}],"repository":{"type":"git","url":"https://github.com/atom/space-pen.git"},"bugs":{"url":"https://github.com/atom/space-pen/issues"},"devDependencies":{"express":"~3.4.0","coffee-script":"~1.6.3","grunt-contrib-coffee":"~0.7.0","grunt-cli":"~0.1.8","grunt":"~0.4.1","grunt-coffeelint":"0.0.6","browserify":"~2.34.1","jasmine-focused":"~0.15.0","grunt-shell":"~0.5.0","coffeeify":"~0.5.1","grunt-contrib-connect":"~0.5.0","grunt-atomdoc":"^1.0.0"},"dependencies":{"grim":"^0.12.0","underscore-plus":"1.x"},"gitHead":"5549b2eb7c57e49d1d65fd9c1562183e86373815","homepage":"https://github.com/atom/space-pen","_id":"space-pen@4.2.1","_shasum":"4b7878051bdc96938c8a59b639c20b7db4b2ab97","_from":".","_npmVersion":"1.4.23","_npmUser":{"name":"nathansobo","email":"nathan@github.com"},"maintainers":[{"name":"kevinsawicki","email":"kevinsawicki@gmail.com"},{"name":"nathansobo","email":"nathansobo@gmail.com"},{"name":"benogle","email":"ogle.ben@gmail.com"}],"dist":{"shasum":"4b7878051bdc96938c8a59b639c20b7db4b2ab97","tarball":"https://registry.npmjs.org/space-pen/-/space-pen-4.2.1.tgz"},"directories":{}},"4.2.2":{"name":"space-pen","version":"4.2.2","description":"Write markup on the final frontier","main":"./lib/space-pen.js","scripts":{"prepublish":"grunt prepublish","test":"grunt test","start":"grunt start"},"licenses":[{"type":"MIT","url":"http://github.com/atom/space-pen/raw/master/LICENSE"}],"repository":{"type":"git","url":"https://github.com/atom/space-pen.git"},"bugs":{"url":"https://github.com/atom/space-pen/issues"},"devDependencies":{"express":"~3.4.0","coffee-script":"~1.6.3","grunt-contrib-coffee":"~0.7.0","grunt-cli":"~0.1.8","grunt":"~0.4.1","grunt-coffeelint":"0.0.6","browserify":"~2.34.1","jasmine-focused":"~0.15.0","grunt-shell":"~0.5.0","coffeeify":"~0.5.1","grunt-contrib-connect":"~0.5.0","grunt-atomdoc":"^1.0.0"},"dependencies":{"grim":"^0.12.0","underscore-plus":"1.x"},"gitHead":"095a632e94573f75070336d0ea0f52315813b4eb","homepage":"https://github.com/atom/space-pen","_id":"space-pen@4.2.2","_shasum":"2ab7d27f1e69139b12bc0de6977e5e0e72e74d05","_from":".","_npmVersion":"1.4.23","_npmUser":{"name":"nathansobo","email":"nathan@github.com"},"maintainers":[{"name":"kevinsawicki","email":"kevinsawicki@gmail.com"},{"name":"nathansobo","email":"nathansobo@gmail.com"},{"name":"benogle","email":"ogle.ben@gmail.com"}],"dist":{"shasum":"2ab7d27f1e69139b12bc0de6977e5e0e72e74d05","tarball":"https://registry.npmjs.org/space-pen/-/space-pen-4.2.2.tgz"},"directories":{}},"4.3.0":{"name":"space-pen","version":"4.3.0","description":"Write markup on the final frontier","main":"./lib/space-pen.js","scripts":{"prepublish":"grunt prepublish","test":"grunt test","start":"grunt start"},"licenses":[{"type":"MIT","url":"http://github.com/atom/space-pen/raw/master/LICENSE"}],"repository":{"type":"git","url":"https://github.com/atom/space-pen.git"},"bugs":{"url":"https://github.com/atom/space-pen/issues"},"devDependencies":{"express":"~3.4.0","coffee-script":"~1.6.3","grunt-contrib-coffee":"~0.7.0","grunt-cli":"~0.1.8","grunt":"~0.4.1","grunt-coffeelint":"0.0.6","browserify":"~2.34.1","jasmine-focused":"~0.15.0","grunt-shell":"~0.5.0","coffeeify":"~0.5.1","grunt-contrib-connect":"~0.5.0","grunt-atomdoc":"^1.0.0"},"dependencies":{"grim":"^0.12.0","underscore-plus":"1.x"},"gitHead":"2c2ef019db39e8ec30b2dbaaac2a1e0d37999b20","homepage":"https://github.com/atom/space-pen","_id":"space-pen@4.3.0","_shasum":"69709ac7c07bd3cf4076197f16d8dcae223692cd","_from":".","_npmVersion":"1.4.23","_npmUser":{"name":"nathansobo","email":"nathan@github.com"},"maintainers":[{"name":"kevinsawicki","email":"kevinsawicki@gmail.com"},{"name":"nathansobo","email":"nathansobo@gmail.com"},{"name":"benogle","email":"ogle.ben@gmail.com"}],"dist":{"shasum":"69709ac7c07bd3cf4076197f16d8dcae223692cd","tarball":"https://registry.npmjs.org/space-pen/-/space-pen-4.3.0.tgz"},"directories":{}},"4.3.1":{"name":"space-pen","version":"4.3.1","description":"Write markup on the final frontier","main":"./lib/space-pen.js","scripts":{"prepublish":"grunt prepublish","test":"grunt test","start":"grunt start"},"licenses":[{"type":"MIT","url":"http://github.com/atom/space-pen/raw/master/LICENSE"}],"repository":{"type":"git","url":"https://github.com/atom/space-pen.git"},"bugs":{"url":"https://github.com/atom/space-pen/issues"},"devDependencies":{"express":"~3.4.0","coffee-script":"~1.6.3","grunt-contrib-coffee":"~0.7.0","grunt-cli":"~0.1.8","grunt":"~0.4.1","grunt-coffeelint":"0.0.6","browserify":"~2.34.1","jasmine-focused":"~0.15.0","grunt-shell":"~0.5.0","coffeeify":"~0.5.1","grunt-contrib-connect":"~0.5.0","grunt-atomdoc":"^1.0.0"},"dependencies":{"grim":"^0.12.0","underscore-plus":"1.x"},"gitHead":"5456a3238cf9e7e68b818d8ba0c33dbc1a84068a","homepage":"https://github.com/atom/space-pen","_id":"space-pen@4.3.1","_shasum":"937e5f5232180a4146ed97ea076303520b5095f1","_from":".","_npmVersion":"1.4.28","_npmUser":{"name":"nathansobo","email":"nathan@github.com"},"maintainers":[{"name":"kevinsawicki","email":"kevinsawicki@gmail.com"},{"name":"nathansobo","email":"nathansobo@gmail.com"},{"name":"benogle","email":"ogle.ben@gmail.com"}],"dist":{"shasum":"937e5f5232180a4146ed97ea076303520b5095f1","tarball":"https://registry.npmjs.org/space-pen/-/space-pen-4.3.1.tgz"},"directories":{}},"4.3.2":{"name":"space-pen","version":"4.3.2","description":"Write markup on the final frontier","main":"./lib/space-pen.js","scripts":{"prepublish":"grunt prepublish","test":"grunt test","start":"grunt start"},"licenses":[{"type":"MIT","url":"http://github.com/atom/space-pen/raw/master/LICENSE"}],"repository":{"type":"git","url":"https://github.com/atom/space-pen.git"},"bugs":{"url":"https://github.com/atom/space-pen/issues"},"devDependencies":{"express":"~3.4.0","coffee-script":"~1.6.3","grunt-contrib-coffee":"~0.7.0","grunt-cli":"~0.1.8","grunt":"~0.4.1","grunt-coffeelint":"0.0.6","browserify":"~2.34.1","jasmine-focused":"~0.15.0","grunt-shell":"~0.5.0","coffeeify":"~0.5.1","grunt-contrib-connect":"~0.5.0","grunt-atomdoc":"^1.0.0"},"dependencies":{"grim":"^0.13.0","underscore-plus":"1.x"},"gitHead":"9ea28fc6ac328475d77e5cc418efdc94d97315b4","homepage":"https://github.com/atom/space-pen","_id":"space-pen@4.3.2","_shasum":"6e16734e0a2e019989f97ad298d081c598624e5e","_from":".","_npmVersion":"1.4.28","_npmUser":{"name":"nathansobo","email":"nathan@github.com"},"maintainers":[{"name":"kevinsawicki","email":"kevinsawicki@gmail.com"},{"name":"nathansobo","email":"nathansobo@gmail.com"},{"name":"benogle","email":"ogle.ben@gmail.com"}],"dist":{"shasum":"6e16734e0a2e019989f97ad298d081c598624e5e","tarball":"https://registry.npmjs.org/space-pen/-/space-pen-4.3.2.tgz"},"directories":{}},"4.3.3":{"name":"space-pen","version":"4.3.3","description":"Write markup on the final frontier","main":"./lib/space-pen.js","scripts":{"prepublish":"grunt prepublish","test":"grunt test","start":"grunt start"},"licenses":[{"type":"MIT","url":"http://github.com/atom/space-pen/raw/master/LICENSE"}],"repository":{"type":"git","url":"https://github.com/atom/space-pen.git"},"bugs":{"url":"https://github.com/atom/space-pen/issues"},"devDependencies":{"express":"~3.4.0","coffee-script":"~1.6.3","grunt-contrib-coffee":"~0.7.0","grunt-cli":"~0.1.8","grunt":"~0.4.1","grunt-coffeelint":"0.0.6","browserify":"~2.34.1","jasmine-focused":"~0.15.0","grunt-shell":"~0.5.0","coffeeify":"~0.5.1","grunt-contrib-connect":"~0.5.0","grunt-atomdoc":"^1.0.0"},"dependencies":{"grim":"^1.0.0","underscore-plus":"1.x"},"gitHead":"3205f443bd49de3f1653ea8522c5e0508c8a47c9","homepage":"https://github.com/atom/space-pen","_id":"space-pen@4.3.3","_shasum":"ef065a6412392a462e906d38dab8b068b32dab04","_from":".","_npmVersion":"1.4.28","_npmUser":{"name":"nathansobo","email":"nathan@github.com"},"maintainers":[{"name":"kevinsawicki","email":"kevinsawicki@gmail.com"},{"name":"nathansobo","email":"nathansobo@gmail.com"},{"name":"benogle","email":"ogle.ben@gmail.com"}],"dist":{"shasum":"ef065a6412392a462e906d38dab8b068b32dab04","tarball":"https://registry.npmjs.org/space-pen/-/space-pen-4.3.3.tgz"},"directories":{}},"4.3.4":{"name":"space-pen","version":"4.3.4","description":"Write markup on the final frontier","main":"./lib/space-pen.js","scripts":{"prepublish":"grunt prepublish","test":"grunt test","start":"grunt start"},"licenses":[{"type":"MIT","url":"http://github.com/atom/space-pen/raw/master/LICENSE"}],"repository":{"type":"git","url":"https://github.com/atom/space-pen.git"},"bugs":{"url":"https://github.com/atom/space-pen/issues"},"devDependencies":{"express":"~3.4.0","coffee-script":"~1.6.3","grunt-contrib-coffee":"~0.7.0","grunt-cli":"~0.1.8","grunt":"~0.4.1","grunt-coffeelint":"0.0.6","browserify":"~2.34.1","jasmine-focused":"~0.15.0","grunt-shell":"~0.5.0","coffeeify":"~0.5.1","grunt-contrib-connect":"~0.5.0","grunt-atomdoc":"^1.0.0"},"dependencies":{"grim":"^1.0.0","underscore-plus":"1.x"},"gitHead":"78600c55fd623c527ba21952daf69422ff8891d8","homepage":"https://github.com/atom/space-pen","_id":"space-pen@4.3.4","_shasum":"dbab99bd9640afd87d6a31582564e894eafcb241","_from":".","_npmVersion":"1.4.28","_npmUser":{"name":"nathansobo","email":"nathan@github.com"},"maintainers":[{"name":"kevinsawicki","email":"kevinsawicki@gmail.com"},{"name":"nathansobo","email":"nathansobo@gmail.com"},{"name":"benogle","email":"ogle.ben@gmail.com"}],"dist":{"shasum":"dbab99bd9640afd87d6a31582564e894eafcb241","tarball":"https://registry.npmjs.org/space-pen/-/space-pen-4.3.4.tgz"},"directories":{}},"5.0.0":{"name":"space-pen","version":"5.0.0","description":"Write markup on the final frontier","main":"./lib/space-pen.js","scripts":{"prepublish":"grunt prepublish","test":"grunt test","start":"grunt start"},"licenses":[{"type":"MIT","url":"http://github.com/atom/space-pen/raw/master/LICENSE"}],"repository":{"type":"git","url":"https://github.com/atom/space-pen.git"},"bugs":{"url":"https://github.com/atom/space-pen/issues"},"devDependencies":{"express":"~3.4.0","coffee-script":"~1.6.3","grunt-contrib-coffee":"~0.7.0","grunt-cli":"~0.1.8","grunt":"~0.4.1","grunt-coffeelint":"0.0.6","browserify":"~2.34.1","jasmine-focused":"~0.15.0","grunt-shell":"~0.5.0","coffeeify":"~0.5.1","grunt-contrib-connect":"~0.5.0","grunt-atomdoc":"^1.0.0"},"dependencies":{"grim":"^1.0.0","underscore-plus":"1.x"},"gitHead":"dfe236573fc3802711f9fc8e36f89df3ebaa5f7c","homepage":"https://github.com/atom/space-pen","_id":"space-pen@5.0.0","_shasum":"95879917ba89dedd44f4c8dcae4f5055ea8b05ca","_from":".","_npmVersion":"1.4.28","_npmUser":{"name":"nathansobo","email":"nathan@github.com"},"maintainers":[{"name":"kevinsawicki","email":"kevinsawicki@gmail.com"},{"name":"nathansobo","email":"nathansobo@gmail.com"},{"name":"benogle","email":"ogle.ben@gmail.com"}],"dist":{"shasum":"95879917ba89dedd44f4c8dcae4f5055ea8b05ca","tarball":"https://registry.npmjs.org/space-pen/-/space-pen-5.0.0.tgz"},"directories":{}},"5.0.1":{"name":"space-pen","version":"5.0.1","description":"Write markup on the final frontier","main":"./lib/space-pen.js","scripts":{"prepublish":"grunt prepublish","test":"grunt test","start":"grunt start"},"licenses":[{"type":"MIT","url":"http://github.com/atom/space-pen/raw/master/LICENSE"}],"repository":{"type":"git","url":"https://github.com/atom/space-pen.git"},"bugs":{"url":"https://github.com/atom/space-pen/issues"},"devDependencies":{"express":"~3.4.0","coffee-script":"~1.6.3","grunt-contrib-coffee":"~0.7.0","grunt-cli":"~0.1.8","grunt":"~0.4.1","grunt-coffeelint":"0.0.6","browserify":"~2.34.1","jasmine-focused":"~0.15.0","grunt-shell":"~0.5.0","coffeeify":"~0.5.1","grunt-contrib-connect":"~0.5.0","grunt-atomdoc":"^1.0.0"},"dependencies":{"grim":"^1.0.0","underscore-plus":"1.x"},"gitHead":"73d9c76045c274952f9a89c0d1422cba72922005","homepage":"https://github.com/atom/space-pen","_id":"space-pen@5.0.1","_shasum":"946c1f58d580268c4dc226f8bed211e34a8b30b3","_from":".","_npmVersion":"1.4.28","_npmUser":{"name":"nathansobo","email":"nathan@github.com"},"maintainers":[{"name":"kevinsawicki","email":"kevinsawicki@gmail.com"},{"name":"nathansobo","email":"nathansobo@gmail.com"},{"name":"benogle","email":"ogle.ben@gmail.com"}],"dist":{"shasum":"946c1f58d580268c4dc226f8bed211e34a8b30b3","tarball":"https://registry.npmjs.org/space-pen/-/space-pen-5.0.1.tgz"},"directories":{}},"5.1.0":{"name":"space-pen","version":"5.1.0","description":"Write markup on the final frontier","main":"./lib/space-pen.js","scripts":{"prepublish":"grunt prepublish","test":"grunt test","start":"grunt start"},"licenses":[{"type":"MIT","url":"http://github.com/atom/space-pen/raw/master/LICENSE"}],"repository":{"type":"git","url":"https://github.com/atom/space-pen.git"},"bugs":{"url":"https://github.com/atom/space-pen/issues"},"devDependencies":{"express":"~3.4.0","coffee-script":"~1.6.3","grunt-contrib-coffee":"~0.7.0","grunt-cli":"~0.1.8","grunt":"~0.4.1","grunt-coffeelint":"0.0.6","browserify":"~2.34.1","jasmine-focused":"~0.15.0","grunt-shell":"~0.5.0","coffeeify":"~0.5.1","grunt-contrib-connect":"~0.5.0","grunt-atomdoc":"^1.0.0"},"dependencies":{"grim":"^1.0.0","jquery":"^2.1.3","underscore-plus":"1.x"},"gitHead":"700ccf051d69ef096f27da87a25e24305c669ffb","homepage":"https://github.com/atom/space-pen","_id":"space-pen@5.1.0","_shasum":"ecf354799b209d6f58d5f46ec8806156c12d75af","_from":".","_npmVersion":"1.4.28","_npmUser":{"name":"kevinsawicki","email":"kevinsawicki@gmail.com"},"maintainers":[{"name":"kevinsawicki","email":"kevinsawicki@gmail.com"},{"name":"nathansobo","email":"nathansobo@gmail.com"},{"name":"benogle","email":"ogle.ben@gmail.com"}],"dist":{"shasum":"ecf354799b209d6f58d5f46ec8806156c12d75af","tarball":"https://registry.npmjs.org/space-pen/-/space-pen-5.1.0.tgz"},"directories":{}},"5.1.1":{"name":"space-pen","version":"5.1.1","description":"Write markup on the final frontier","main":"./lib/space-pen.js","scripts":{"prepublish":"grunt prepublish","test":"grunt test","start":"grunt start"},"licenses":[{"type":"MIT","url":"http://github.com/atom/space-pen/raw/master/LICENSE"}],"repository":{"type":"git","url":"https://github.com/atom/space-pen.git"},"bugs":{"url":"https://github.com/atom/space-pen/issues"},"devDependencies":{"express":"~3.4.0","coffee-script":"~1.6.3","grunt-contrib-coffee":"~0.7.0","grunt-cli":"~0.1.8","grunt":"~0.4.1","grunt-coffeelint":"0.0.6","browserify":"~2.34.1","jasmine-focused":"~0.15.0","grunt-shell":"~0.5.0","coffeeify":"~0.5.1","grunt-contrib-connect":"~0.5.0","grunt-atomdoc":"^1.0.0"},"dependencies":{"grim":"^1.0.0","jquery":"^2.1.3","underscore-plus":"1.x"},"gitHead":"c5694286b4faaf07eb1a7fbd03e6ebb8c34fc554","homepage":"https://github.com/atom/space-pen","_id":"space-pen@5.1.1","_shasum":"f7cc61ed3e371718aa05d54608ca7784deb7bc89","_from":".","_npmVersion":"1.4.28","_npmUser":{"name":"kevinsawicki","email":"kevinsawicki@gmail.com"},"maintainers":[{"name":"kevinsawicki","email":"kevinsawicki@gmail.com"},{"name":"nathansobo","email":"nathansobo@gmail.com"},{"name":"benogle","email":"ogle.ben@gmail.com"}],"dist":{"shasum":"f7cc61ed3e371718aa05d54608ca7784deb7bc89","tarball":"https://registry.npmjs.org/space-pen/-/space-pen-5.1.1.tgz"},"directories":{}},"5.1.2":{"name":"space-pen","version":"5.1.2","description":"Write markup on the final frontier","main":"./lib/space-pen.js","scripts":{"prepublish":"grunt prepublish","test":"grunt test","start":"grunt start"},"licenses":[{"type":"MIT","url":"http://github.com/atom/space-pen/raw/master/LICENSE"}],"repository":{"type":"git","url":"git+https://github.com/atom/space-pen.git"},"bugs":{"url":"https://github.com/atom/space-pen/issues"},"devDependencies":{"express":"~3.4.0","coffee-script":"~1.6.3","grunt-contrib-coffee":"~0.7.0","grunt-cli":"~0.1.8","grunt":"~0.4.1","grunt-coffeelint":"0.0.6","browserify":"~2.34.1","jasmine-focused":"~0.15.0","grunt-shell":"~0.5.0","coffeeify":"~0.5.1","grunt-contrib-connect":"~0.5.0","grunt-atomdoc":"^1.0.0"},"dependencies":{"grim":"^1.0.0","jquery":"2.1.4","underscore-plus":"1.x"},"gitHead":"4232a457c517a34c00e596d45b7f14fcebd3b848","homepage":"https://github.com/atom/space-pen#readme","_id":"space-pen@5.1.2","_shasum":"22fbbe10e0b044e7b7a47b023da99d94b584ef8f","_from":".","_npmVersion":"3.3.8","_nodeVersion":"4.2.1","_npmUser":{"name":"nathansobo","email":"nathan@github.com"},"dist":{"shasum":"22fbbe10e0b044e7b7a47b023da99d94b584ef8f","tarball":"https://registry.npmjs.org/space-pen/-/space-pen-5.1.2.tgz"},"maintainers":[{"name":"kevinsawicki","email":"kevinsawicki@gmail.com"},{"name":"nathansobo","email":"nathansobo@gmail.com"},{"name":"benogle","email":"ogle.ben@gmail.com"}],"directories":{}}},"readme":"# SpacePen [![Build Status](https://travis-ci.org/atom/space-pen.svg?branch=master)](https://travis-ci.org/atom/space-pen)\n\n:rotating_light: **This library is no longer maintained** :rotating_light:\n\n**Version 5.x of SpacePen is intended to be included as a direct dependency of 1.0-compatible Atom packages. If you're looking for SpacePen 3.x, used in [Atom Core](https://github.com/atom/atom), check out the [3.x branch](https://github.com/atom/space-pen/tree/3.x).**\n\n## Write markup on the final frontier\n\nSpacePen is a powerful but minimalistic client-side view framework for\nCoffeeScript. It combines the \"view\" and \"controller\" into a single jQuery\nobject, whose markup is expressed with an embedded DSL similar to Markaby for\nRuby.\n\n## Changes In Version 4\n\nThis version of SpacePen depends on HTML 5 custom elements to support lifecycle\nhooks that previously depended on all DOM manipulation being performed via\njQuery. The `afterAttach` and `beforeRemove` hooks have been replaced with\n`attached` and `detached` and their semantics have been altered.\n\nIf you need to use SpacePen in an environment that doesn't support custom\nelements, consider using the previous major version or switching frameworks.\n\n## Basics\n\nView objects extend from the View class and have a @content class method where\nyou express their HTML contents with an embedded markup DSL:\n\n```coffeescript\nclass Spacecraft extends View\n  @content: ->\n    @div =>\n      @h1 \"Spacecraft\"\n      @ol =>\n        @li \"Apollo\"\n        @li \"Soyuz\"\n        @li \"Space Shuttle\"\n```\n\nViews descend from jQuery's prototype, so when you construct one you can call\njQuery methods on it just as you would a DOM fragment created with `$(...)`.\n\n```coffeescript\nview = new Spacecraft\nview.find('ol').append('<li>Star Destroyer</li>')\n\nview.on 'click', 'li', ->\n  alert \"They clicked on #{$(this).text()}\"\n```\n\nBut SpacePen views are more powerful than normal jQuery fragments because they\nlet you define custom methods:\n\n```coffeescript\nclass Spacecraft extends View\n  @content: -> ...\n\n  addSpacecraft: (name) ->\n    @find('ol').append \"<li>#{name}</li>\"\n\n\nview = new Spacecraft\nview.addSpacecraft \"Enterprise\"\n```\n\nYou can also pass arguments on construction, which get passed to both the\n`@content` method and the view's constructor.\n\n```coffeescript\nclass Spacecraft extends View\n  @content: (params) ->\n    @div =>\n      @h1 params.title\n      @ol =>\n        @li name for name in params.spacecraft\n\nview = new Spacecraft(title: \"Space Weapons\", spacecraft: [\"TIE Fighter\", \"Death Star\", \"Warbird\"])\n```\n\nMethods from the jQuery prototype can be gracefully overridden using `super`:\n\n```coffeescript\nclass Spacecraft extends View\n  @content: -> ...\n\n  hide: ->\n    console.log \"Hiding Spacecraft List\"\n    super()\n```\n\nIf you override the View class's constructor, ensure you call `super`.\nAlternatively, you can define an `initialize` method, which the constructor will\ncall for you automatically with the constructor's arguments.\n\n```coffeescript\nclass Spacecraft extends View\n  @content: -> ...\n\n  initialize: (params) ->\n    @title = params.title\n```\n\n## Outlets and Events\n\nSpacePen will automatically create named reference for any element with an\n`outlet` attribute. For example, if the `ol` element has an attribute\n`outlet=list`, the view object will have a `list` entry pointing to a jQuery\nwrapper for the `ol` element.\n\n```coffeescript\nclass Spacecraft extends View\n  @content: ->\n    @div =>\n      @h1 \"Spacecraft\"\n      @ol outlet: \"list\", =>\n        @li \"Apollo\"\n        @li \"Soyuz\"\n        @li \"Space Shuttle\"\n\n  addSpacecraft: (name) ->\n    @list.append(\"<li>#{name}</li>\")\n```\n\nElements can also have event name attributes whose value references a custom\nmethod. For example, if a `button` element has an attribute\n`click=launchSpacecraft`, then SpacePen will invoke the `launchSpacecraft`\nmethod on the button's parent view when it is clicked:\n\n```coffeescript\nclass Spacecraft extends View\n  @content: ->\n    @div =>\n      @h1 \"Spacecraft\"\n      @ol =>\n        @li click: 'launchSpacecraft', \"Saturn V\"\n\n  launchSpacecraft: (event, element) ->\n    console.log \"Preparing #{element.name} for launch!\"\n```\n## Markup DSL Details\n\n### Tag Methods (`@div`, `@h1`, etc.)\n\nAs you've seen so far, the markup DSL is pretty straightforward. From the\n`@content` class method or any method it calls, just invoke instance methods\nnamed for the HTML tags you want to generate. There are 3 types of arguments you\ncan pass to a tag method:\n\n* *Strings*: The string will be HTML-escaped and used as the text contents of the generated tag.\n\n* *Hashes*: The key-value pairs will be used as the attributes of the generated tag.\n\n* *Functions* (bound with `=>`): The function will be invoked in-between the open and closing tag to produce the HTML element's contents.\n\nIf you need to emit a non-standard tag, you can use the `@tag(name, args...)`\nmethod to name the tag with a string:\n\n```coffeescript\n@tag 'bubble', type: \"speech\", => ...\n```\n\n### Text Methods\n\n* `@text(string)`: Emits the HTML-escaped string as text wherever it is called.\n\n* `@raw(string)`: Passes the given string through unescaped. Use this when you need to emit markup directly that was generated beforehand.\n\n## Subviews\n\nSubviews are a great way to make your view code more modular. The\n`@subview(name, view)` method takes a name and another view object. The view\nobject will be inserted at the location of the call, and a reference with the\ngiven name will be wired to it from the parent view. A `parentView` reference\nwill be created on the subview pointing at the parent.\n\n```coffeescript\nclass Spacecraft extends View\n  @content: (params) ->\n    @div =>\n      @subview 'launchController', new LaunchController(countdown: params.countdown)\n      @h1 \"Spacecraft\"\n      ...\n```\n\n## Freeform Markup Generation\n\nYou don't need a View class to use the SpacePen markup DSL. Call `View.render`\nwith an unbound function (`->`, not `=>`) that calls tag methods, and it will\nreturn a document fragment for ad-hoc use. This method is also assigned to the\n`$$` global variable for convenience.\n\n```coffeescript\nview.list.append $$ ->\n  @li =>\n    @text \"Starship\"\n    @em \"Enterprise\"\n```\n\n## jQuery extensions\n\n### $.fn.view\nYou can retrieve the view object for any DOM element by calling `view()` on it.\nThis usually shouldn't be necessary, as most DOM manipulation will take place\nwithin the view itself using outlet references, but is occasionally helpful.\n\n```coffeescript\nview = new Spacecraft\n$('body').append(view)\n\n# assuming no other li elements on the DOM, for example purposes,\n# the following expression should be true\n$('li').view() == view\n```\n\n### Attached/Detached Hooks\nThe `initialize` method is always called when the view is still a detached DOM\nfragment, before it is appended to the DOM. This is usually okay, but\noccasionally you'll have some initialization logic that depends on the view\nactually being on the DOM. For example, you may depend on applying a CSS rule\nbefore measuring an element's height.\n\nFor these situations, use the `attached` hook. It will be called whenever your\nelement is actually attached to the DOM. Past versions of SpacePen would also\ncall this hook when your element was attached to another detached node, but that\nbehavior is no longer supported.\n\nTo be notified when your element is detached from the DOM, implement the\n`detached` hook.\n\n```coffeescript\nclass Spacecraft extends View\n  @content: -> ...\n\n  attached: ->\n    console.log \"With CSS applied, my height is\", @height()\n\n  detached: ->\n    console.log \"I have been detached.\"\n```\n\n## Hacking on SpacePen\n\n```sh\ngit clone https://github.com/atom/space-pen.git\ncd space-pen\nnpm install\nnpm start\n```\n\n* Open http://localhost:1337 to run the specs\n* Open http://localhost:1337/benchmark to run the benchmarks\n* Open http://localhost:1337/examples to browse the examples\n","maintainers":[{"email":"atom@github.com","name":"atom-team"},{"email":"kevinsawicki@gmail.com","name":"kevinsawicki"},{"email":"nathan@github.com","name":"nathansobo"},{"email":"ogle.ben@gmail.com","name":"benogle"}],"time":{"modified":"2017-05-22T14:58:26.560Z","created":"2013-05-16T23:39:02.981Z","1.0.0":"2013-05-16T23:39:04.595Z","1.1.0":"2013-08-06T20:46:10.845Z","1.1.1":"2013-08-06T21:59:22.968Z","1.2.0":"2013-08-08T04:27:33.583Z","1.2.1":"2013-09-27T00:12:50.253Z","1.3.0":"2013-10-02T20:02:34.158Z","2.0.0":"2013-10-16T00:51:34.918Z","2.0.1":"2013-11-27T03:38:57.945Z","2.0.2":"2013-12-12T16:22:23.238Z","3.0.0":"2014-01-07T20:56:32.329Z","3.0.1":"2014-01-07T21:14:09.657Z","3.0.2":"2014-01-07T21:46:13.975Z","3.0.3":"2014-01-07T22:28:44.016Z","3.1.0":"2014-01-12T02:49:02.460Z","3.1.1":"2014-01-17T01:32:05.017Z","3.1.2":"2014-01-22T00:06:25.638Z","3.2.0":"2014-05-22T16:31:08.529Z","3.2.1":"2014-06-04T09:15:57.409Z","3.2.2":"2014-06-04T09:44:15.437Z","3.2.3":"2014-06-05T23:35:14.865Z","3.2.4":"2014-06-05T23:51:23.089Z","3.3.0":"2014-06-09T02:00:23.911Z","3.4.0":"2014-08-15T18:53:00.731Z","3.4.1":"2014-08-15T18:54:25.470Z","3.4.2":"2014-08-19T23:34:48.958Z","3.4.3":"2014-08-25T23:35:09.371Z","3.4.4":"2014-08-26T17:58:28.966Z","3.4.5":"2014-08-26T23:07:54.271Z","3.4.6":"2014-08-26T23:23:19.837Z","3.4.7":"2014-09-10T22:19:17.390Z","3.5.0":"2014-09-17T22:38:39.739Z","3.6.0":"2014-09-18T17:49:48.030Z","3.6.1":"2014-09-18T19:03:37.110Z","3.7.0":"2014-10-06T22:08:36.408Z","3.8.0":"2014-10-11T14:25:07.024Z","4.0.0":"2014-11-03T20:40:33.470Z","4.0.1":"2014-11-03T23:10:03.617Z","3.8.1":"2014-11-04T00:03:04.621Z","4.1.0":"2014-11-04T00:36:40.423Z","4.1.1":"2014-11-04T01:03:28.628Z","4.2.0":"2014-11-04T01:41:21.159Z","3.8.2":"2014-11-20T18:02:33.136Z","4.2.1":"2014-11-25T16:09:40.542Z","4.2.2":"2014-11-25T16:53:59.390Z","4.3.0":"2014-12-10T02:56:41.570Z","4.3.1":"2015-01-02T17:42:46.073Z","4.3.2":"2015-01-02T19:05:02.112Z","4.3.3":"2015-01-02T21:28:41.298Z","4.3.4":"2015-01-05T18:03:15.247Z","5.0.0":"2015-01-05T18:06:35.432Z","5.0.1":"2015-01-06T19:26:10.870Z","5.1.0":"2015-01-20T23:12:42.210Z","5.1.1":"2015-01-21T01:45:00.762Z","5.1.2":"2016-01-11T18:24:11.883Z"},"repository":{"type":"git","url":"git+https://github.com/atom/space-pen.git"},"readmeFilename":"README.md","homepage":"https://github.com/atom/space-pen#readme","bugs":{"url":"https://github.com/atom/space-pen/issues"},"users":{"jisbert":true},"_attachments":{},"_etag":"W/\"9b20e8791251f68fed7cff2899c9cf47\"","_lastModified":"Sun, 27 May 2018 17:55:48 GMT","_cached":true}