{"_id":"esutils","_rev":"30-580c7f4e69908ad88eccc4c12d795118","name":"esutils","description":"utility box for ECMAScript language tools","dist-tags":{"latest":"2.0.2"},"versions":{"1.0.0":{"name":"esutils","description":"utility box for ECMAScript language tools","homepage":"https://github.com/Constellation/esutils","main":"lib/utils.js","version":"1.0.0","engines":{"node":">=0.10.0"},"directories":{"lib":"./lib"},"maintainers":[{"name":"constellation","email":"utatane.tea@gmail.com"}],"repository":{"type":"git","url":"http://github.com/Constellation/esutils.git"},"dependencies":{},"devDependencies":{"mocha":"~1.12.0","chai":"~1.7.2","jshint":"2.1.5","coffee-script":"~1.6.3"},"licenses":[{"type":"BSD","url":"http://github.com/Constellation/esutils/raw/master/LICENSE.BSD"}],"scripts":{"test":"npm run-script lint && npm run-script unit-test","lint":"jshint lib/*.js","unit-test":"mocha --compilers coffee:coffee-script -R spec"},"bugs":{"url":"https://github.com/Constellation/esutils/issues"},"_id":"esutils@1.0.0","dist":{"shasum":"8151d358e20c8acc7fb745e7472c0025fe496570","tarball":"https://registry.npmjs.org/esutils/-/esutils-1.0.0.tgz"},"_from":".","_npmVersion":"1.3.11","_npmUser":{"name":"constellation","email":"utatane.tea@gmail.com"}},"1.1.0":{"name":"esutils","description":"utility box for ECMAScript language tools","homepage":"https://github.com/Constellation/esutils","main":"lib/utils.js","version":"1.1.0","engines":{"node":">=0.10.0"},"directories":{"lib":"./lib"},"files":["LICENSE.BSD","README.md","lib"],"maintainers":[{"name":"constellation","email":"utatane.tea@gmail.com"}],"repository":{"type":"git","url":"http://github.com/Constellation/esutils.git"},"devDependencies":{"mocha":"~1.12.0","chai":"~1.7.2","jshint":"2.1.5","coffee-script":"~1.6.3","unicode-6.3.0":"~0.1.1","regenerate":"~0.5.4"},"licenses":[{"type":"BSD","url":"http://github.com/Constellation/esutils/raw/master/LICENSE.BSD"}],"scripts":{"test":"npm run-script lint && npm run-script unit-test","lint":"jshint lib/*.js","unit-test":"mocha --compilers coffee:coffee-script -R spec","generate-regex":"node tools/generate-identifier-regex.js"},"bugs":{"url":"https://github.com/Constellation/esutils/issues"},"_id":"esutils@1.1.0","dist":{"shasum":"813a780e504026b7c82ba9d8ea8f2193391ca510","tarball":"https://registry.npmjs.org/esutils/-/esutils-1.1.0.tgz"},"_from":".","_npmVersion":"1.4.3","_npmUser":{"name":"constellation","email":"utatane.tea@gmail.com"}},"1.1.1":{"name":"esutils","description":"utility box for ECMAScript language tools","homepage":"https://github.com/Constellation/esutils","main":"lib/utils.js","version":"1.1.1","engines":{"node":">=0.10.0"},"directories":{"lib":"./lib"},"files":["LICENSE.BSD","README.md","lib"],"maintainers":[{"name":"constellation","email":"utatane.tea@gmail.com"}],"repository":{"type":"git","url":"http://github.com/Constellation/esutils.git"},"devDependencies":{"mocha":"~1.12.0","chai":"~1.7.2","jshint":"2.1.5","coffee-script":"~1.6.3","unicode-6.3.0":"~0.1.1","regenerate":"~0.5.4"},"licenses":[{"type":"BSD","url":"http://github.com/Constellation/esutils/raw/master/LICENSE.BSD"}],"scripts":{"test":"npm run-script lint && npm run-script unit-test","lint":"jshint lib/*.js","unit-test":"mocha --compilers coffee:coffee-script -R spec","generate-regex":"node tools/generate-identifier-regex.js"},"bugs":{"url":"https://github.com/Constellation/esutils/issues"},"_id":"esutils@1.1.1","dist":{"shasum":"222e7b2d8f9c2a0c888d9ee16c1d2d1a9777f12f","tarball":"https://registry.npmjs.org/esutils/-/esutils-1.1.1.tgz"},"_from":".","_npmVersion":"1.4.3","_npmUser":{"name":"constellation","email":"utatane.tea@gmail.com"}},"1.1.2":{"name":"esutils","description":"utility box for ECMAScript language tools","homepage":"https://github.com/Constellation/esutils","main":"lib/utils.js","version":"1.1.2","engines":{"node":">=0.10.0"},"directories":{"lib":"./lib"},"files":["LICENSE.BSD","README.md","lib"],"maintainers":[{"name":"constellation","email":"utatane.tea@gmail.com"}],"repository":{"type":"git","url":"http://github.com/Constellation/esutils.git"},"devDependencies":{"mocha":"~1.12.0","chai":"~1.7.2","jshint":"2.1.5","coffee-script":"~1.6.3","unicode-6.3.0":"~0.1.1","regenerate":"~0.5.4"},"licenses":[{"type":"BSD","url":"http://github.com/Constellation/esutils/raw/master/LICENSE.BSD"}],"scripts":{"test":"npm run-script lint && npm run-script unit-test","lint":"jshint lib/*.js","unit-test":"mocha --compilers coffee:coffee-script -R spec","generate-regex":"node tools/generate-identifier-regex.js"},"bugs":{"url":"https://github.com/Constellation/esutils/issues"},"_id":"esutils@1.1.2","dist":{"shasum":"f121b7e7e6813d3f4332d297365c2d931cf666ad","tarball":"https://registry.npmjs.org/esutils/-/esutils-1.1.2.tgz"},"_from":".","_npmVersion":"1.4.3","_npmUser":{"name":"constellation","email":"utatane.tea@gmail.com"}},"1.1.3":{"name":"esutils","description":"utility box for ECMAScript language tools","homepage":"https://github.com/Constellation/esutils","main":"lib/utils.js","version":"1.1.3","engines":{"node":">=0.10.0"},"directories":{"lib":"./lib"},"files":["LICENSE.BSD","README.md","lib"],"maintainers":[{"name":"constellation","email":"utatane.tea@gmail.com"}],"repository":{"type":"git","url":"http://github.com/Constellation/esutils.git"},"devDependencies":{"mocha":"~1.12.0","chai":"~1.7.2","jshint":"2.1.5","coffee-script":"~1.6.3","unicode-6.3.0":"~0.1.1","regenerate":"~0.5.4"},"licenses":[{"type":"BSD","url":"http://github.com/Constellation/esutils/raw/master/LICENSE.BSD"}],"scripts":{"test":"npm run-script lint && npm run-script unit-test","lint":"jshint lib/*.js","unit-test":"mocha --compilers coffee:coffee-script -R spec","generate-regex":"node tools/generate-identifier-regex.js"},"bugs":{"url":"https://github.com/Constellation/esutils/issues"},"_id":"esutils@1.1.3","dist":{"shasum":"837448ccd7fbe5471f7c960df60055983137c95a","tarball":"https://registry.npmjs.org/esutils/-/esutils-1.1.3.tgz"},"_from":".","_npmVersion":"1.4.3","_npmUser":{"name":"constellation","email":"utatane.tea@gmail.com"}},"1.1.4":{"name":"esutils","description":"utility box for ECMAScript language tools","homepage":"https://github.com/Constellation/esutils","main":"lib/utils.js","version":"1.1.4","engines":{"node":">=0.10.0"},"directories":{"lib":"./lib"},"files":["LICENSE.BSD","README.md","lib"],"maintainers":[{"name":"constellation","email":"utatane.tea@gmail.com"}],"repository":{"type":"git","url":"http://github.com/Constellation/esutils.git"},"devDependencies":{"mocha":"~1.12.0","chai":"~1.7.2","jshint":"2.1.5","coffee-script":"~1.6.3","unicode-6.3.0":"~0.1.1","regenerate":"~0.5.4"},"licenses":[{"type":"BSD","url":"http://github.com/Constellation/esutils/raw/master/LICENSE.BSD"}],"scripts":{"test":"npm run-script lint && npm run-script unit-test","lint":"jshint lib/*.js","unit-test":"mocha --compilers coffee:coffee-script -R spec","generate-regex":"node tools/generate-identifier-regex.js"},"bugs":{"url":"https://github.com/Constellation/esutils/issues"},"_id":"esutils@1.1.4","dist":{"shasum":"9d37c87e30bcd2646a387c1d0703021c9caa660d","tarball":"https://registry.npmjs.org/esutils/-/esutils-1.1.4.tgz"},"_from":".","_npmVersion":"1.4.3","_npmUser":{"name":"constellation","email":"utatane.tea@gmail.com"}},"1.1.5-dev":{"name":"esutils","description":"utility box for ECMAScript language tools","homepage":"https://github.com/Constellation/esutils","main":"lib/utils.js","version":"1.1.5-dev","engines":{"node":">=0.10.0"},"directories":{"lib":"./lib"},"files":["LICENSE.BSD","README.md","lib"],"maintainers":[{"name":"constellation","email":"utatane.tea@gmail.com"}],"repository":{"type":"git","url":"http://github.com/Constellation/esutils.git"},"devDependencies":{"mocha":"~1.12.0","chai":"~1.7.2","jshint":"2.1.5","coffee-script":"~1.6.3","unicode-6.3.0":"~0.1.1","regenerate":"~0.5.4"},"licenses":[{"type":"BSD","url":"http://github.com/Constellation/esutils/raw/master/LICENSE.BSD"}],"scripts":{"test":"npm run-script lint && npm run-script unit-test","lint":"jshint lib/*.js","unit-test":"mocha --compilers coffee:coffee-script -R spec","generate-regex":"node tools/generate-identifier-regex.js"},"gitHead":"e40b337ee770a787c38dfff58533f8f2a4152306","bugs":{"url":"https://github.com/Constellation/esutils/issues"},"_id":"esutils@1.1.5-dev","_shasum":"6445009d6979a4e8322250c677ede7b2b9e39c69","_from":".","_npmVersion":"2.0.0-alpha-5","_npmUser":{"name":"constellation","email":"utatane.tea@gmail.com"},"dist":{"shasum":"6445009d6979a4e8322250c677ede7b2b9e39c69","tarball":"https://registry.npmjs.org/esutils/-/esutils-1.1.5-dev.tgz"}},"1.1.5":{"name":"esutils","description":"utility box for ECMAScript language tools","homepage":"https://github.com/Constellation/esutils","main":"lib/utils.js","version":"1.1.5","engines":{"node":">=0.10.0"},"directories":{"lib":"./lib"},"files":["LICENSE.BSD","README.md","lib"],"maintainers":[{"name":"constellation","email":"utatane.tea@gmail.com"}],"repository":{"type":"git","url":"http://github.com/Constellation/esutils.git"},"devDependencies":{"mocha":"~1.12.0","chai":"~1.7.2","jshint":"2.1.5","coffee-script":"~1.6.3","unicode-6.3.0":"~0.1.1","regenerate":"~0.5.4"},"licenses":[{"type":"BSD","url":"http://github.com/Constellation/esutils/raw/master/LICENSE.BSD"}],"scripts":{"test":"npm run-script lint && npm run-script unit-test","lint":"jshint lib/*.js","unit-test":"mocha --compilers coffee:coffee-script -R spec","generate-regex":"node tools/generate-identifier-regex.js"},"gitHead":"e40b337ee770a787c38dfff58533f8f2a4152306","bugs":{"url":"https://github.com/Constellation/esutils/issues"},"_id":"esutils@1.1.5","_shasum":"91d7a91378288910d02cecee4f02329afadbfbf4","_from":".","_npmVersion":"2.0.0-alpha-5","_npmUser":{"name":"constellation","email":"utatane.tea@gmail.com"},"dist":{"shasum":"91d7a91378288910d02cecee4f02329afadbfbf4","tarball":"https://registry.npmjs.org/esutils/-/esutils-1.1.5.tgz"}},"1.1.6":{"name":"esutils","description":"utility box for ECMAScript language tools","homepage":"https://github.com/Constellation/esutils","main":"lib/utils.js","version":"1.1.6","engines":{"node":">=0.10.0"},"directories":{"lib":"./lib"},"files":["LICENSE.BSD","README.md","lib"],"maintainers":[{"name":"constellation","email":"utatane.tea@gmail.com"}],"repository":{"type":"git","url":"http://github.com/Constellation/esutils.git"},"devDependencies":{"mocha":"~1.12.0","chai":"~1.7.2","jshint":"2.1.5","coffee-script":"~1.6.3","unicode-6.3.0":"~0.1.1","regenerate":"~0.5.4"},"licenses":[{"type":"BSD","url":"http://github.com/Constellation/esutils/raw/master/LICENSE.BSD"}],"scripts":{"test":"npm run-script lint && npm run-script unit-test","lint":"jshint lib/*.js","unit-test":"mocha --compilers coffee:coffee-script -R spec","generate-regex":"node tools/generate-identifier-regex.js"},"gitHead":"a91c5ed6199d1019ef071f610848fcd5103ef153","bugs":{"url":"https://github.com/Constellation/esutils/issues"},"_id":"esutils@1.1.6","_shasum":"c01ccaa9ae4b897c6d0c3e210ae52f3c7a844375","_from":".","_npmVersion":"2.0.0-alpha-5","_npmUser":{"name":"constellation","email":"utatane.tea@gmail.com"},"dist":{"shasum":"c01ccaa9ae4b897c6d0c3e210ae52f3c7a844375","tarball":"https://registry.npmjs.org/esutils/-/esutils-1.1.6.tgz"}},"2.0.0":{"name":"esutils","description":"utility box for ECMAScript language tools","homepage":"https://github.com/estools/esutils","main":"lib/utils.js","version":"2.0.0","engines":{"node":">=0.10.0"},"directories":{"lib":"./lib"},"files":["LICENSE.BSD","README.md","lib"],"maintainers":[{"name":"constellation","email":"utatane.tea@gmail.com"},{"name":"michaelficarra","email":"npm@michael.ficarra.me"}],"repository":{"type":"git","url":"http://github.com/estools/esutils.git"},"devDependencies":{"chai":"~1.7.2","coffee-script":"~1.6.3","jshint":"2.6.3","mocha":"~2.2.1","regenerate":"~1.2.1","unicode-7.0.0":"^0.1.5"},"licenses":[{"type":"BSD","url":"http://github.com/estools/esutils/raw/master/LICENSE.BSD"}],"scripts":{"test":"npm run-script lint && npm run-script unit-test","lint":"jshint lib/*.js","unit-test":"mocha --compilers coffee:coffee-script -R spec","generate-regex":"node tools/generate-identifier-regex.js"},"gitHead":"ab491753eab7eff99bdc839d3224632de95735eb","bugs":{"url":"https://github.com/estools/esutils/issues"},"_id":"esutils@2.0.0","_shasum":"6ab3d92654bedd456ec7fa172946c8942c7dc965","_from":".","_npmVersion":"2.5.1","_nodeVersion":"0.12.0","_npmUser":{"name":"michaelficarra","email":"npm@michael.ficarra.me"},"dist":{"shasum":"6ab3d92654bedd456ec7fa172946c8942c7dc965","tarball":"https://registry.npmjs.org/esutils/-/esutils-2.0.0.tgz"}},"2.0.1":{"name":"esutils","description":"utility box for ECMAScript language tools","homepage":"https://github.com/estools/esutils","main":"lib/utils.js","version":"2.0.1","engines":{"node":">=0.10.0"},"directories":{"lib":"./lib"},"files":["LICENSE.BSD","README.md","lib"],"maintainers":[{"name":"constellation","email":"utatane.tea@gmail.com"},{"name":"michaelficarra","email":"npm@michael.ficarra.me"}],"repository":{"type":"git","url":"http://github.com/estools/esutils.git"},"devDependencies":{"chai":"~1.7.2","coffee-script":"~1.6.3","jshint":"2.6.3","mocha":"~2.2.1","regenerate":"~1.2.1","unicode-7.0.0":"^0.1.5"},"licenses":[{"type":"BSD","url":"http://github.com/estools/esutils/raw/master/LICENSE.BSD"}],"scripts":{"test":"npm run-script lint && npm run-script unit-test","lint":"jshint lib/*.js","unit-test":"mocha --compilers coffee:coffee-script -R spec","generate-regex":"node tools/generate-identifier-regex.js"},"gitHead":"c884ed8638de82aa8145a194a29644ea0b9f4dbe","bugs":{"url":"https://github.com/estools/esutils/issues"},"_id":"esutils@2.0.1","_shasum":"090a6d6a61d1a769da9f403792f8deae9da45167","_from":".","_npmVersion":"2.5.1","_nodeVersion":"0.12.0","_npmUser":{"name":"michaelficarra","email":"npm@michael.ficarra.me"},"dist":{"shasum":"090a6d6a61d1a769da9f403792f8deae9da45167","tarball":"https://registry.npmjs.org/esutils/-/esutils-2.0.1.tgz"}},"2.0.2":{"name":"esutils","description":"utility box for ECMAScript language tools","homepage":"https://github.com/estools/esutils","main":"lib/utils.js","version":"2.0.2","engines":{"node":">=0.10.0"},"directories":{"lib":"./lib"},"files":["LICENSE.BSD","README.md","lib"],"maintainers":[{"name":"constellation","email":"utatane.tea@gmail.com"},{"name":"michaelficarra","email":"npm@michael.ficarra.me"}],"repository":{"type":"git","url":"http://github.com/estools/esutils.git"},"devDependencies":{"chai":"~1.7.2","coffee-script":"~1.6.3","jshint":"2.6.3","mocha":"~2.2.1","regenerate":"~1.2.1","unicode-7.0.0":"^0.1.5"},"licenses":[{"type":"BSD","url":"http://github.com/estools/esutils/raw/master/LICENSE.BSD"}],"scripts":{"test":"npm run-script lint && npm run-script unit-test","lint":"jshint lib/*.js","unit-test":"mocha --compilers coffee:coffee-script -R spec","generate-regex":"node tools/generate-identifier-regex.js"},"gitHead":"3ffd1c403f3f29db9e8a9574b1895682e57b6a7f","bugs":{"url":"https://github.com/estools/esutils/issues"},"_id":"esutils@2.0.2","_shasum":"0abf4f1caa5bcb1f7a9d8acc6dea4faaa04bac9b","_from":".","_npmVersion":"2.5.1","_nodeVersion":"0.12.0","_npmUser":{"name":"michaelficarra","email":"npm@michael.ficarra.me"},"dist":{"shasum":"0abf4f1caa5bcb1f7a9d8acc6dea4faaa04bac9b","tarball":"https://registry.npmjs.org/esutils/-/esutils-2.0.2.tgz"}}},"readme":"### esutils [![Build Status](https://secure.travis-ci.org/estools/esutils.svg)](http://travis-ci.org/estools/esutils)\nesutils ([esutils](http://github.com/estools/esutils)) is\nutility box for ECMAScript language tools.\n\n### API\n\n### ast\n\n#### ast.isExpression(node)\n\nReturns true if `node` is an Expression as defined in ECMA262 edition 5.1 section\n[11](https://es5.github.io/#x11).\n\n#### ast.isStatement(node)\n\nReturns true if `node` is a Statement as defined in ECMA262 edition 5.1 section\n[12](https://es5.github.io/#x12).\n\n#### ast.isIterationStatement(node)\n\nReturns true if `node` is an IterationStatement as defined in ECMA262 edition\n5.1 section [12.6](https://es5.github.io/#x12.6).\n\n#### ast.isSourceElement(node)\n\nReturns true if `node` is a SourceElement as defined in ECMA262 edition 5.1\nsection [14](https://es5.github.io/#x14).\n\n#### ast.trailingStatement(node)\n\nReturns `Statement?` if `node` has trailing `Statement`.\n```js\nif (cond)\n    consequent;\n```\nWhen taking this `IfStatement`, returns `consequent;` statement.\n\n#### ast.isProblematicIfStatement(node)\n\nReturns true if `node` is a problematic IfStatement. If `node` is a problematic `IfStatement`, `node` cannot be represented as an one on one JavaScript code.\n```js\n{\n    type: 'IfStatement',\n    consequent: {\n        type: 'WithStatement',\n        body: {\n            type: 'IfStatement',\n            consequent: {type: 'EmptyStatement'}\n        }\n    },\n    alternate: {type: 'EmptyStatement'}\n}\n```\nThe above node cannot be represented as a JavaScript code, since the top level `else` alternate belongs to an inner `IfStatement`.\n\n\n### code\n\n#### code.isDecimalDigit(code)\n\nReturn true if provided code is decimal digit.\n\n#### code.isHexDigit(code)\n\nReturn true if provided code is hexadecimal digit.\n\n#### code.isOctalDigit(code)\n\nReturn true if provided code is octal digit.\n\n#### code.isWhiteSpace(code)\n\nReturn true if provided code is white space. White space characters are formally defined in ECMA262.\n\n#### code.isLineTerminator(code)\n\nReturn true if provided code is line terminator. Line terminator characters are formally defined in ECMA262.\n\n#### code.isIdentifierStart(code)\n\nReturn true if provided code can be the first character of ECMA262 Identifier. They are formally defined in ECMA262.\n\n#### code.isIdentifierPart(code)\n\nReturn true if provided code can be the trailing character of ECMA262 Identifier. They are formally defined in ECMA262.\n\n### keyword\n\n#### keyword.isKeywordES5(id, strict)\n\nReturns `true` if provided identifier string is a Keyword or Future Reserved Word\nin ECMA262 edition 5.1. They are formally defined in ECMA262 sections\n[7.6.1.1](http://es5.github.io/#x7.6.1.1) and [7.6.1.2](http://es5.github.io/#x7.6.1.2),\nrespectively. If the `strict` flag is truthy, this function additionally checks whether\n`id` is a Keyword or Future Reserved Word under strict mode.\n\n#### keyword.isKeywordES6(id, strict)\n\nReturns `true` if provided identifier string is a Keyword or Future Reserved Word\nin ECMA262 edition 6. They are formally defined in ECMA262 sections\n[11.6.2.1](https://people.mozilla.org/~jorendorff/es6-draft.html#sec-keywords) and\n[11.6.2.2](https://people.mozilla.org/~jorendorff/es6-draft.html#sec-future-reserved-words),\nrespectively. If the `strict` flag is truthy, this function additionally checks whether\n`id` is a Keyword or Future Reserved Word under strict mode.\n\n#### keyword.isReservedWordES5(id, strict)\n\nReturns `true` if provided identifier string is a Reserved Word in ECMA262 edition 5.1.\nThey are formally defined in ECMA262 section [7.6.1](http://es5.github.io/#x7.6.1).\nIf the `strict` flag is truthy, this function additionally checks whether `id`\nis a Reserved Word under strict mode.\n\n#### keyword.isReservedWordES6(id, strict)\n\nReturns `true` if provided identifier string is a Reserved Word in ECMA262 edition 6.\nThey are formally defined in ECMA262 section [11.6.2](https://people.mozilla.org/~jorendorff/es6-draft.html#sec-reserved-words).\nIf the `strict` flag is truthy, this function additionally checks whether `id`\nis a Reserved Word under strict mode.\n\n#### keyword.isRestrictedWord(id)\n\nReturns `true` if provided identifier string is one of `eval` or `arguments`.\nThey are restricted in strict mode code throughout ECMA262 edition 5.1 and\nin ECMA262 edition 6 section [12.1.1](https://people.mozilla.org/~jorendorff/es6-draft.html#sec-identifiers-static-semantics-early-errors).\n\n#### keyword.isIdentifierName(id)\n\nReturn true if provided identifier string is an IdentifierName as specified in\nECMA262 edition 5.1 section [7.6](https://es5.github.io/#x7.6).\n\n#### keyword.isIdentifierES5(id, strict)\n\nReturn true if provided identifier string is an Identifier as specified in\nECMA262 edition 5.1 section [7.6](https://es5.github.io/#x7.6). If the `strict`\nflag is truthy, this function additionally checks whether `id` is an Identifier\nunder strict mode.\n\n#### keyword.isIdentifierES6(id, strict)\n\nReturn true if provided identifier string is an Identifier as specified in\nECMA262 edition 6 section [12.1](https://people.mozilla.org/~jorendorff/es6-draft.html#sec-identifiers).\nIf the `strict` flag is truthy, this function additionally checks whether `id`\nis an Identifier under strict mode.\n\n### License\n\nCopyright (C) 2013 [Yusuke Suzuki](http://github.com/Constellation)\n (twitter: [@Constellation](http://twitter.com/Constellation)) and other contributors.\n\nRedistribution and use in source and binary forms, with or without\nmodification, are permitted provided that the following conditions are met:\n\n  * Redistributions of source code must retain the above copyright\n    notice, this list of conditions and the following disclaimer.\n\n  * Redistributions in binary form must reproduce the above copyright\n    notice, this list of conditions and the following disclaimer in the\n    documentation and/or other materials provided with the distribution.\n\nTHIS SOFTWARE IS PROVIDED BY THE COPYRIGHT HOLDERS AND CONTRIBUTORS \"AS IS\"\nAND ANY EXPRESS OR IMPLIED WARRANTIES, INCLUDING, BUT NOT LIMITED TO, THE\nIMPLIED WARRANTIES OF MERCHANTABILITY AND FITNESS FOR A PARTICULAR PURPOSE\nARE DISCLAIMED. IN NO EVENT SHALL <COPYRIGHT HOLDER> BE LIABLE FOR ANY\nDIRECT, INDIRECT, INCIDENTAL, SPECIAL, EXEMPLARY, OR CONSEQUENTIAL DAMAGES\n(INCLUDING, BUT NOT LIMITED TO, PROCUREMENT OF SUBSTITUTE GOODS OR SERVICES;\nLOSS OF USE, DATA, OR PROFITS; OR BUSINESS INTERRUPTION) HOWEVER CAUSED AND\nON ANY THEORY OF LIABILITY, WHETHER IN CONTRACT, STRICT LIABILITY, OR TORT\n(INCLUDING NEGLIGENCE OR OTHERWISE) ARISING IN ANY WAY OUT OF THE USE OF\nTHIS SOFTWARE, EVEN IF ADVISED OF THE POSSIBILITY OF SUCH DAMAGE.\n","maintainers":[{"name":"constellation","email":"utatane.tea@gmail.com"},{"name":"michaelficarra","email":"npm@michael.ficarra.me"}],"time":{"modified":"2018-03-11T17:42:20.643Z","created":"2013-11-25T07:21:04.038Z","1.0.0":"2013-11-25T07:21:07.243Z","1.1.0":"2014-06-30T04:09:38.261Z","1.1.1":"2014-07-12T13:30:19.256Z","1.1.2":"2014-07-12T13:36:53.753Z","1.1.3":"2014-07-12T14:04:04.545Z","1.1.4":"2014-07-12T14:17:51.275Z","1.1.5-dev":"2014-11-22T13:32:42.793Z","1.1.5":"2014-11-22T13:32:54.902Z","1.1.6":"2014-11-22T14:05:52.024Z","2.0.0":"2015-03-12T19:02:52.788Z","2.0.1":"2015-03-14T17:01:06.068Z","2.0.2":"2015-03-14T17:12:36.530Z"},"repository":{"type":"git","url":"http://github.com/estools/esutils.git"},"homepage":"https://github.com/estools/esutils","bugs":{"url":"https://github.com/estools/esutils/issues"},"readmeFilename":"README.md","users":{"allain":true,"kaizendad":true,"shuoshubao":true,"usex":true},"_attachments":{},"_etag":"W/\"a842fe4e0ddc86529f1928a3edd7582e\"","_lastModified":"Sat, 26 May 2018 07:47:58 GMT"}