{"_id":"babel-polyfill","_rev":"167-4f6bb8083d3de29fd1e8b8189171df36","name":"babel-polyfill","dist-tags":{"latest":"6.26.0","next":"7.0.0-beta.3"},"versions":{"6.0.2":{"name":"babel-polyfill","version":"6.0.2","description":"","author":{"name":"Sebastian McKenzie","email":"sebmck@gmail.com"},"homepage":"https://babeljs.io/","license":"MIT","repository":{"type":"git","url":"git+https://github.com/babel/babel.git"},"main":"lib/index.js","dependencies":{"core-js":"^1.0.1","regenerator":"^0.8.36","babel-runtime":"^6.0.2"},"bugs":{"url":"https://github.com/babel/babel/issues"},"_id":"babel-polyfill@6.0.2","scripts":{},"_shasum":"d33a8b8c543666345eb9c6f98499980000658184","_from":".","_npmVersion":"2.14.3","_nodeVersion":"4.1.0","_npmUser":{"name":"sebmck","email":"sebmck@gmail.com"},"dist":{"shasum":"d33a8b8c543666345eb9c6f98499980000658184","tarball":"https://registry.npmjs.org/babel-polyfill/-/babel-polyfill-6.0.2.tgz"},"maintainers":[{"name":"sebmck","email":"sebmck@gmail.com"}],"directories":{}},"6.0.14":{"name":"babel-polyfill","version":"6.0.14","description":"","author":{"name":"Sebastian McKenzie","email":"sebmck@gmail.com"},"homepage":"https://babeljs.io/","license":"MIT","repository":{"type":"git","url":"https://github.com/babel/babel/tree/master/packages/babel-polyfill"},"main":"lib/index.js","dependencies":{"core-js":"^1.0.1","regenerator":"^0.8.36","babel-runtime":"^5.0.0"},"_id":"babel-polyfill@6.0.14","scripts":{},"_shasum":"842daa2ea6ae376d4027110de1fc94076b8777f8","_from":".","_npmVersion":"2.14.9","_nodeVersion":"4.1.0","_npmUser":{"name":"sebmck","email":"sebmck@gmail.com"},"dist":{"shasum":"842daa2ea6ae376d4027110de1fc94076b8777f8","tarball":"https://registry.npmjs.org/babel-polyfill/-/babel-polyfill-6.0.14.tgz"},"maintainers":[{"name":"sebmck","email":"sebmck@gmail.com"}],"directories":{}},"6.0.16":{"name":"babel-polyfill","version":"6.0.16","description":"","author":{"name":"Sebastian McKenzie","email":"sebmck@gmail.com"},"homepage":"https://babeljs.io/","license":"MIT","repository":{"type":"git","url":"https://github.com/babel/babel/tree/master/packages/babel-polyfill"},"main":"lib/index.js","dependencies":{"core-js":"^1.0.1","regenerator":"^0.8.36","babel-runtime":"^5.0.0"},"_id":"babel-polyfill@6.0.16","scripts":{},"_shasum":"b2ed79c8d2efa70e0b27ba8f96df921fb2266d98","_from":".","_npmVersion":"2.14.9","_nodeVersion":"4.1.0","_npmUser":{"name":"sebmck","email":"sebmck@gmail.com"},"dist":{"shasum":"b2ed79c8d2efa70e0b27ba8f96df921fb2266d98","tarball":"https://registry.npmjs.org/babel-polyfill/-/babel-polyfill-6.0.16.tgz"},"maintainers":[{"name":"sebmck","email":"sebmck@gmail.com"}],"directories":{}},"6.1.4":{"name":"babel-polyfill","version":"6.1.4","description":"","author":{"name":"Sebastian McKenzie","email":"sebmck@gmail.com"},"homepage":"https://babeljs.io/","license":"MIT","repository":{"type":"git","url":"https://github.com/babel/babel/tree/master/packages/babel-polyfill"},"main":"lib/index.js","dependencies":{"core-js":"^1.0.1","regenerator":"^0.8.36","babel-runtime":"^5.0.0"},"_id":"babel-polyfill@6.1.4","scripts":{},"_shasum":"a858a5d86887a7245ba794fb6afa61793cbfe870","_from":".","_npmVersion":"3.3.10","_nodeVersion":"4.1.0","_npmUser":{"name":"sebmck","email":"sebmck@gmail.com"},"dist":{"shasum":"a858a5d86887a7245ba794fb6afa61793cbfe870","tarball":"https://registry.npmjs.org/babel-polyfill/-/babel-polyfill-6.1.4.tgz"},"maintainers":[{"name":"sebmck","email":"sebmck@gmail.com"}],"directories":{}},"6.1.17":{"name":"babel-polyfill","version":"6.1.17","description":"","author":{"name":"Sebastian McKenzie","email":"sebmck@gmail.com"},"homepage":"https://babeljs.io/","license":"MIT","repository":{"type":"git","url":"https://github.com/babel/babel/tree/master/packages/babel-polyfill"},"main":"lib/index.js","dependencies":{"core-js":"^1.0.1","regenerator":"^0.8.36","babel-runtime":"^5.0.0"},"_id":"babel-polyfill@6.1.17","scripts":{},"_shasum":"054ed0981ca1550a22a517253fd0a50b06c81de6","_from":".","_npmVersion":"3.3.10","_nodeVersion":"4.1.0","_npmUser":{"name":"sebmck","email":"sebmck@gmail.com"},"dist":{"shasum":"054ed0981ca1550a22a517253fd0a50b06c81de6","tarball":"https://registry.npmjs.org/babel-polyfill/-/babel-polyfill-6.1.17.tgz"},"maintainers":[{"name":"amasad","email":"amjad.masad@gmail.com"},{"name":"sebmck","email":"sebmck@gmail.com"},{"name":"thejameskyle","email":"me@thejameskyle.com"}],"directories":{}},"6.1.18":{"name":"babel-polyfill","version":"6.1.18","description":"","author":{"name":"Sebastian McKenzie","email":"sebmck@gmail.com"},"homepage":"https://babeljs.io/","license":"MIT","repository":{"type":"git","url":"https://github.com/babel/babel/tree/master/packages/babel-polyfill"},"main":"lib/index.js","dependencies":{"core-js":"^1.0.1","regenerator":"^0.8.36","babel-runtime":"^5.0.0"},"_id":"babel-polyfill@6.1.18","scripts":{},"_shasum":"8fb40d2ddb20b297debfdb09f8e8e2ea12aded1e","_from":".","_npmVersion":"3.3.10","_nodeVersion":"4.1.0","_npmUser":{"name":"sebmck","email":"sebmck@gmail.com"},"dist":{"shasum":"8fb40d2ddb20b297debfdb09f8e8e2ea12aded1e","tarball":"https://registry.npmjs.org/babel-polyfill/-/babel-polyfill-6.1.18.tgz"},"maintainers":[{"name":"amasad","email":"amjad.masad@gmail.com"},{"name":"sebmck","email":"sebmck@gmail.com"},{"name":"thejameskyle","email":"me@thejameskyle.com"}],"directories":{}},"6.1.19":{"name":"babel-polyfill","version":"6.1.19","description":"","author":{"name":"Sebastian McKenzie","email":"sebmck@gmail.com"},"homepage":"https://babeljs.io/","license":"MIT","repository":{"type":"git","url":"https://github.com/babel/babel/tree/master/packages/babel-polyfill"},"main":"lib/index.js","dependencies":{"core-js":"^1.0.1","regenerator":"^0.8.36","babel-runtime":"^5.0.0"},"_id":"babel-polyfill@6.1.19","scripts":{},"_shasum":"b9d7c818862ff41d8b294738caf29ec07ac7eb04","_from":".","_npmVersion":"3.3.10","_nodeVersion":"4.1.0","_npmUser":{"name":"sebmck","email":"sebmck@gmail.com"},"dist":{"shasum":"b9d7c818862ff41d8b294738caf29ec07ac7eb04","tarball":"https://registry.npmjs.org/babel-polyfill/-/babel-polyfill-6.1.19.tgz"},"maintainers":[{"name":"amasad","email":"amjad.masad@gmail.com"},{"name":"sebmck","email":"sebmck@gmail.com"},{"name":"thejameskyle","email":"me@thejameskyle.com"}],"directories":{}},"6.2.0":{"name":"babel-polyfill","version":"6.2.0","description":"","author":{"name":"Sebastian McKenzie","email":"sebmck@gmail.com"},"homepage":"https://babeljs.io/","license":"MIT","repository":{"type":"git","url":"https://github.com/babel/babel/tree/master/packages/babel-polyfill"},"main":"lib/index.js","dependencies":{"core-js":"^1.0.1","babel-regenerator-runtime":"^6.2.0","babel-runtime":"^5.0.0"},"_id":"babel-polyfill@6.2.0","scripts":{},"_shasum":"2d60377e803709bcf69659cf6307ff51420e9119","_from":".","_npmVersion":"3.3.10","_nodeVersion":"4.1.0","_npmUser":{"name":"sebmck","email":"sebmck@gmail.com"},"dist":{"shasum":"2d60377e803709bcf69659cf6307ff51420e9119","tarball":"https://registry.npmjs.org/babel-polyfill/-/babel-polyfill-6.2.0.tgz"},"maintainers":[{"name":"amasad","email":"amjad.masad@gmail.com"},{"name":"sebmck","email":"sebmck@gmail.com"},{"name":"thejameskyle","email":"me@thejameskyle.com"}],"directories":{}},"6.2.4":{"name":"babel-polyfill","version":"6.2.4","description":"","author":{"name":"Sebastian McKenzie","email":"sebmck@gmail.com"},"homepage":"https://babeljs.io/","license":"MIT","repository":{"type":"git","url":"https://github.com/babel/babel/tree/master/packages/babel-polyfill"},"main":"lib/index.js","dependencies":{"core-js":"^1.0.1","babel-regenerator-runtime":"^6.2.4","babel-runtime":"^5.0.0"},"_id":"babel-polyfill@6.2.4","scripts":{},"_shasum":"55fef3721c5011ba7415cbccbd3e159283bebbd3","_from":".","_npmVersion":"3.3.10","_nodeVersion":"4.1.0","_npmUser":{"name":"sebmck","email":"sebmck@gmail.com"},"dist":{"shasum":"55fef3721c5011ba7415cbccbd3e159283bebbd3","tarball":"https://registry.npmjs.org/babel-polyfill/-/babel-polyfill-6.2.4.tgz"},"maintainers":[{"name":"amasad","email":"amjad.masad@gmail.com"},{"name":"sebmck","email":"sebmck@gmail.com"},{"name":"thejameskyle","email":"me@thejameskyle.com"}],"directories":{}},"6.3.13":{"name":"babel-polyfill","version":"6.3.13","description":"","author":{"name":"Sebastian McKenzie","email":"sebmck@gmail.com"},"homepage":"https://babeljs.io/","license":"MIT","repository":{"type":"git","url":"https://github.com/babel/babel/tree/master/packages/babel-polyfill"},"main":"lib/index.js","dependencies":{"core-js":"^1.0.1","babel-regenerator-runtime":"^6.3.13","babel-runtime":"^5.0.0"},"_id":"babel-polyfill@6.3.13","scripts":{},"_shasum":"67ebdd52202f7b3db736296038bfce1d1eeefdac","_from":".","_npmVersion":"3.3.10","_nodeVersion":"4.1.0","_npmUser":{"name":"sebmck","email":"sebmck@gmail.com"},"dist":{"shasum":"67ebdd52202f7b3db736296038bfce1d1eeefdac","tarball":"https://registry.npmjs.org/babel-polyfill/-/babel-polyfill-6.3.13.tgz"},"maintainers":[{"name":"amasad","email":"amjad.masad@gmail.com"},{"name":"hzoo","email":"hi@henryzoo.com"},{"name":"jmm","email":"npm-public@jessemccarthy.net"},{"name":"loganfsmyth","email":"loganfsmyth@gmail.com"},{"name":"sebmck","email":"sebmck@gmail.com"},{"name":"thejameskyle","email":"me@thejameskyle.com"}],"directories":{}},"6.3.14":{"name":"babel-polyfill","version":"6.3.14","description":"","author":{"name":"Sebastian McKenzie","email":"sebmck@gmail.com"},"homepage":"https://babeljs.io/","license":"MIT","repository":{"type":"git","url":"https://github.com/babel/babel/tree/master/packages/babel-polyfill"},"main":"lib/index.js","dependencies":{"core-js":"^1.0.1","babel-regenerator-runtime":"^6.3.13","babel-runtime":"^5.0.0"},"_id":"babel-polyfill@6.3.14","scripts":{},"_shasum":"1872298ede5b9f7b02ec7807bd3dd301c189c440","_from":".","_npmVersion":"3.3.12","_nodeVersion":"5.1.0","_npmUser":{"name":"hzoo","email":"hi@henryzoo.com"},"dist":{"shasum":"1872298ede5b9f7b02ec7807bd3dd301c189c440","tarball":"https://registry.npmjs.org/babel-polyfill/-/babel-polyfill-6.3.14.tgz"},"maintainers":[{"name":"amasad","email":"amjad.masad@gmail.com"},{"name":"hzoo","email":"hi@henryzoo.com"},{"name":"jmm","email":"npm-public@jessemccarthy.net"},{"name":"loganfsmyth","email":"loganfsmyth@gmail.com"},{"name":"sebmck","email":"sebmck@gmail.com"},{"name":"thejameskyle","email":"me@thejameskyle.com"}],"directories":{}},"6.5.0":{"name":"babel-polyfill","version":"6.5.0","description":"","author":{"name":"Sebastian McKenzie","email":"sebmck@gmail.com"},"homepage":"https://babeljs.io/","license":"MIT","repository":{"type":"git","url":"https://github.com/babel/babel/tree/master/packages/babel-polyfill"},"main":"lib/index.js","dependencies":{"core-js":"^1.0.1","babel-regenerator-runtime":"^6.3.13","babel-runtime":"^5.0.0"},"_id":"babel-polyfill@6.5.0","scripts":{},"_shasum":"868f8f02ad02081e087a965d2e0d3f4ef8c57cc3","_from":".","_npmVersion":"3.6.0","_nodeVersion":"5.1.0","_npmUser":{"name":"hzoo","email":"hi@henryzoo.com"},"dist":{"shasum":"868f8f02ad02081e087a965d2e0d3f4ef8c57cc3","tarball":"https://registry.npmjs.org/babel-polyfill/-/babel-polyfill-6.5.0.tgz"},"maintainers":[{"name":"amasad","email":"amjad.masad@gmail.com"},{"name":"hzoo","email":"hi@henryzoo.com"},{"name":"jmm","email":"npm-public@jessemccarthy.net"},{"name":"loganfsmyth","email":"loganfsmyth@gmail.com"},{"name":"sebmck","email":"sebmck@gmail.com"},{"name":"thejameskyle","email":"me@thejameskyle.com"}],"_npmOperationalInternal":{"host":"packages-9-west.internal.npmjs.com","tmp":"tmp/babel-polyfill-6.5.0.tgz_1454803698416_0.4562867090571672"},"directories":{}},"6.5.0-1":{"name":"babel-polyfill","version":"6.5.0-1","description":"","author":{"name":"Sebastian McKenzie","email":"sebmck@gmail.com"},"homepage":"https://babeljs.io/","license":"MIT","repository":{"type":"git","url":"https://github.com/babel/babel/tree/master/packages/babel-polyfill"},"main":"lib/index.js","dependencies":{"core-js":"^1.0.1","babel-regenerator-runtime":"^6.5.0-1","babel-runtime":"^5.0.0"},"_id":"babel-polyfill@6.5.0-1","scripts":{},"_shasum":"6c8927419802d9733271a6787c086f4f6585a095","_from":".","_npmVersion":"3.6.0","_nodeVersion":"5.1.0","_npmUser":{"name":"hzoo","email":"hi@henryzoo.com"},"dist":{"shasum":"6c8927419802d9733271a6787c086f4f6585a095","tarball":"https://registry.npmjs.org/babel-polyfill/-/babel-polyfill-6.5.0-1.tgz"},"maintainers":[{"name":"amasad","email":"amjad.masad@gmail.com"},{"name":"hzoo","email":"hi@henryzoo.com"},{"name":"jmm","email":"npm-public@jessemccarthy.net"},{"name":"loganfsmyth","email":"loganfsmyth@gmail.com"},{"name":"sebmck","email":"sebmck@gmail.com"},{"name":"thejameskyle","email":"me@thejameskyle.com"}],"_npmOperationalInternal":{"host":"packages-9-west.internal.npmjs.com","tmp":"tmp/babel-polyfill-6.5.0-1.tgz_1454812899657_0.009217321639880538"},"directories":{}},"6.6.0":{"name":"babel-polyfill","version":"6.6.0","description":"","author":{"name":"Sebastian McKenzie","email":"sebmck@gmail.com"},"homepage":"https://babeljs.io/","license":"MIT","repository":{"type":"git","url":"https://github.com/babel/babel/tree/master/packages/babel-polyfill"},"main":"lib/index.js","dependencies":{"core-js":"^2.1.0","babel-regenerator-runtime":"^6.3.13","babel-runtime":"^5.0.0"},"_id":"babel-polyfill@6.6.0","scripts":{},"_shasum":"34af41d10742991c3894496850fb0372da8611c6","_from":".","_npmVersion":"3.6.0","_nodeVersion":"5.1.0","_npmUser":{"name":"hzoo","email":"hi@henryzoo.com"},"dist":{"shasum":"34af41d10742991c3894496850fb0372da8611c6","tarball":"https://registry.npmjs.org/babel-polyfill/-/babel-polyfill-6.6.0.tgz"},"maintainers":[{"name":"amasad","email":"amjad.masad@gmail.com"},{"name":"hzoo","email":"hi@henryzoo.com"},{"name":"jmm","email":"npm-public@jessemccarthy.net"},{"name":"loganfsmyth","email":"loganfsmyth@gmail.com"},{"name":"sebmck","email":"sebmck@gmail.com"},{"name":"thejameskyle","email":"me@thejameskyle.com"}],"_npmOperationalInternal":{"host":"packages-5-east.internal.npmjs.com","tmp":"tmp/babel-polyfill-6.6.0.tgz_1456780383338_0.16119180200621486"},"directories":{}},"6.6.1":{"name":"babel-polyfill","version":"6.6.1","description":"","author":{"name":"Sebastian McKenzie","email":"sebmck@gmail.com"},"homepage":"https://babeljs.io/","license":"MIT","repository":{"type":"git","url":"https://github.com/babel/babel/tree/master/packages/babel-polyfill"},"main":"lib/index.js","dependencies":{"core-js":"^2.1.0","babel-regenerator-runtime":"^6.3.13","babel-runtime":"^5.0.0"},"_id":"babel-polyfill@6.6.1","scripts":{},"_shasum":"01412aff2c9f58c11dfc0ef3ac8748821d79c046","_from":".","_npmVersion":"3.6.0","_nodeVersion":"5.1.0","_npmUser":{"name":"hzoo","email":"hi@henryzoo.com"},"dist":{"shasum":"01412aff2c9f58c11dfc0ef3ac8748821d79c046","tarball":"https://registry.npmjs.org/babel-polyfill/-/babel-polyfill-6.6.1.tgz"},"maintainers":[{"name":"amasad","email":"amjad.masad@gmail.com"},{"name":"hzoo","email":"hi@henryzoo.com"},{"name":"jmm","email":"npm-public@jessemccarthy.net"},{"name":"loganfsmyth","email":"loganfsmyth@gmail.com"},{"name":"sebmck","email":"sebmck@gmail.com"},{"name":"thejameskyle","email":"me@thejameskyle.com"}],"_npmOperationalInternal":{"host":"packages-5-east.internal.npmjs.com","tmp":"tmp/babel-polyfill-6.6.1.tgz_1456792031579_0.35665866220369935"},"directories":{}},"6.7.2":{"name":"babel-polyfill","version":"6.7.2","description":"","author":{"name":"Sebastian McKenzie","email":"sebmck@gmail.com"},"homepage":"https://babeljs.io/","license":"MIT","repository":{"type":"git","url":"https://github.com/babel/babel/tree/master/packages/babel-polyfill"},"main":"lib/index.js","dependencies":{"core-js":"^2.1.0","babel-regenerator-runtime":"^6.3.13","babel-runtime":"^5.0.0"},"_id":"babel-polyfill@6.7.2","scripts":{},"_shasum":"e0a40989309f35b0dd2b7ec7ce1bbe00961bfbb2","_from":".","_npmVersion":"3.3.12","_nodeVersion":"5.5.0","_npmUser":{"name":"amasad","email":"amjad.masad@gmail.com"},"maintainers":[{"name":"amasad","email":"amjad.masad@gmail.com"},{"name":"hzoo","email":"hi@henryzoo.com"},{"name":"jmm","email":"npm-public@jessemccarthy.net"},{"name":"loganfsmyth","email":"loganfsmyth@gmail.com"},{"name":"sebmck","email":"sebmck@gmail.com"},{"name":"thejameskyle","email":"me@thejameskyle.com"}],"dist":{"shasum":"e0a40989309f35b0dd2b7ec7ce1bbe00961bfbb2","tarball":"https://registry.npmjs.org/babel-polyfill/-/babel-polyfill-6.7.2.tgz"},"_npmOperationalInternal":{"host":"packages-12-west.internal.npmjs.com","tmp":"tmp/babel-polyfill-6.7.2.tgz_1457649692590_0.5552889222744852"},"directories":{}},"6.7.4":{"name":"babel-polyfill","version":"6.7.4","description":"","author":{"name":"Sebastian McKenzie","email":"sebmck@gmail.com"},"homepage":"https://babeljs.io/","license":"MIT","repository":{"type":"git","url":"https://github.com/babel/babel/tree/master/packages/babel-polyfill"},"main":"lib/index.js","dependencies":{"core-js":"^2.1.0","babel-regenerator-runtime":"^6.3.13","babel-runtime":"^5.0.0"},"_id":"babel-polyfill@6.7.4","scripts":{},"_shasum":"757ea852e32952b9bfe0db96f464fcee642796a8","_from":".","_npmVersion":"3.7.3","_nodeVersion":"5.9.0","_npmUser":{"name":"loganfsmyth","email":"loganfsmyth@gmail.com"},"dist":{"shasum":"757ea852e32952b9bfe0db96f464fcee642796a8","tarball":"https://registry.npmjs.org/babel-polyfill/-/babel-polyfill-6.7.4.tgz"},"maintainers":[{"name":"amasad","email":"amjad.masad@gmail.com"},{"name":"hzoo","email":"hi@henryzoo.com"},{"name":"jmm","email":"npm-public@jessemccarthy.net"},{"name":"loganfsmyth","email":"loganfsmyth@gmail.com"},{"name":"sebmck","email":"sebmck@gmail.com"},{"name":"thejameskyle","email":"me@thejameskyle.com"}],"_npmOperationalInternal":{"host":"packages-12-west.internal.npmjs.com","tmp":"tmp/babel-polyfill-6.7.4.tgz_1458704270294_0.47914551640860736"},"directories":{}},"6.8.0":{"name":"babel-polyfill","version":"6.8.0","description":"","author":{"name":"Sebastian McKenzie","email":"sebmck@gmail.com"},"homepage":"https://babeljs.io/","license":"MIT","repository":{"type":"git","url":"https://github.com/babel/babel/tree/master/packages/babel-polyfill"},"main":"lib/index.js","dependencies":{"core-js":"^2.1.0","babel-regenerator-runtime":"^6.3.13","babel-runtime":"^6.0.0"},"_id":"babel-polyfill@6.8.0","scripts":{},"_shasum":"6e33fa0c26bb6dc7d6f171176184fd5b95e456c2","_from":".","_npmVersion":"3.8.6","_nodeVersion":"5.1.0","_npmUser":{"name":"hzoo","email":"hi@henryzoo.com"},"maintainers":[{"name":"amasad","email":"amjad.masad@gmail.com"},{"name":"hzoo","email":"hi@henryzoo.com"},{"name":"jmm","email":"npm-public@jessemccarthy.net"},{"name":"loganfsmyth","email":"loganfsmyth@gmail.com"},{"name":"sebmck","email":"sebmck@gmail.com"},{"name":"thejameskyle","email":"me@thejameskyle.com"}],"dist":{"shasum":"6e33fa0c26bb6dc7d6f171176184fd5b95e456c2","tarball":"https://registry.npmjs.org/babel-polyfill/-/babel-polyfill-6.8.0.tgz"},"_npmOperationalInternal":{"host":"packages-16-east.internal.npmjs.com","tmp":"tmp/babel-polyfill-6.8.0.tgz_1462232720830_0.7507464077789336"},"directories":{}},"6.9.0":{"name":"babel-polyfill","version":"6.9.0","description":"","author":{"name":"Sebastian McKenzie","email":"sebmck@gmail.com"},"homepage":"https://babeljs.io/","license":"MIT","repository":{"type":"git","url":"https://github.com/babel/babel/tree/master/packages/babel-polyfill"},"main":"lib/index.js","dependencies":{"core-js":"^2.4.0","babel-regenerator-runtime":"^6.3.13","babel-runtime":"^6.9.0"},"_id":"babel-polyfill@6.9.0","scripts":{},"_shasum":"a33ee31c096ba229d9bfb97f9ed4959db928484c","_from":".","_npmVersion":"3.8.6","_nodeVersion":"5.1.0","_npmUser":{"name":"hzoo","email":"hi@henryzoo.com"},"maintainers":[{"name":"amasad","email":"amjad.masad@gmail.com"},{"name":"hzoo","email":"hi@henryzoo.com"},{"name":"jmm","email":"npm-public@jessemccarthy.net"},{"name":"loganfsmyth","email":"loganfsmyth@gmail.com"},{"name":"sebmck","email":"sebmck@gmail.com"},{"name":"thejameskyle","email":"me@thejameskyle.com"}],"dist":{"shasum":"a33ee31c096ba229d9bfb97f9ed4959db928484c","tarball":"https://registry.npmjs.org/babel-polyfill/-/babel-polyfill-6.9.0.tgz"},"_npmOperationalInternal":{"host":"packages-16-east.internal.npmjs.com","tmp":"tmp/babel-polyfill-6.9.0.tgz_1463510982089_0.47248879610560834"},"directories":{}},"6.9.1":{"name":"babel-polyfill","version":"6.9.1","description":"","author":{"name":"Sebastian McKenzie","email":"sebmck@gmail.com"},"homepage":"https://babeljs.io/","license":"MIT","repository":{"type":"git","url":"https://github.com/babel/babel/tree/master/packages/babel-polyfill"},"main":"lib/index.js","dependencies":{"core-js":"^2.4.0","babel-runtime":"^6.9.1","regenerator-runtime":"^0.9.5"},"_id":"babel-polyfill@6.9.1","scripts":{},"_shasum":"6b6f2f63700c4979bbe2eeb8bdebbac6ddff75bc","_from":".","_npmVersion":"3.8.6","_nodeVersion":"5.1.0","_npmUser":{"name":"hzoo","email":"hi@henryzoo.com"},"dist":{"shasum":"6b6f2f63700c4979bbe2eeb8bdebbac6ddff75bc","tarball":"https://registry.npmjs.org/babel-polyfill/-/babel-polyfill-6.9.1.tgz"},"maintainers":[{"name":"amasad","email":"amjad.masad@gmail.com"},{"name":"hzoo","email":"hi@henryzoo.com"},{"name":"jmm","email":"npm-public@jessemccarthy.net"},{"name":"loganfsmyth","email":"loganfsmyth@gmail.com"},{"name":"sebmck","email":"sebmck@gmail.com"},{"name":"thejameskyle","email":"me@thejameskyle.com"}],"_npmOperationalInternal":{"host":"packages-12-west.internal.npmjs.com","tmp":"tmp/babel-polyfill-6.9.1.tgz_1464551408080_0.7696579091716558"},"directories":{}},"6.13.0":{"name":"babel-polyfill","version":"6.13.0","description":"Provides polyfills necessary for a full ES2015+ environment","author":{"name":"Sebastian McKenzie","email":"sebmck@gmail.com"},"homepage":"https://babeljs.io/","license":"MIT","repository":{"type":"git","url":"https://github.com/babel/babel/tree/master/packages/babel-polyfill"},"main":"lib/index.js","dependencies":{"core-js":"^2.4.0","babel-runtime":"^6.9.1","regenerator-runtime":"^0.9.5"},"_id":"babel-polyfill@6.13.0","scripts":{},"_shasum":"5978215c25d49a697eb78afc54e63c9d3a73d5ec","_from":".","_npmVersion":"3.10.3","_nodeVersion":"5.11.1","_npmUser":{"name":"hzoo","email":"hi@henryzoo.com"},"dist":{"shasum":"5978215c25d49a697eb78afc54e63c9d3a73d5ec","tarball":"https://registry.npmjs.org/babel-polyfill/-/babel-polyfill-6.13.0.tgz"},"maintainers":[{"name":"amasad","email":"amjad.masad@gmail.com"},{"name":"hzoo","email":"hi@henryzoo.com"},{"name":"jmm","email":"npm-public@jessemccarthy.net"},{"name":"loganfsmyth","email":"loganfsmyth@gmail.com"},{"name":"sebmck","email":"sebmck@gmail.com"},{"name":"thejameskyle","email":"me@thejameskyle.com"}],"_npmOperationalInternal":{"host":"packages-12-west.internal.npmjs.com","tmp":"tmp/babel-polyfill-6.13.0.tgz_1470353704539_0.9335745230782777"},"directories":{}},"6.16.0":{"name":"babel-polyfill","version":"6.16.0","description":"Provides polyfills necessary for a full ES2015+ environment","author":{"name":"Sebastian McKenzie","email":"sebmck@gmail.com"},"homepage":"https://babeljs.io/","license":"MIT","repository":{"type":"git","url":"https://github.com/babel/babel/tree/master/packages/babel-polyfill"},"main":"lib/index.js","dependencies":{"core-js":"^2.4.0","babel-runtime":"^6.9.1","regenerator-runtime":"^0.9.5"},"_id":"babel-polyfill@6.16.0","scripts":{},"_shasum":"2d45021df87e26a374b6d4d1a9c65964d17f2422","_from":".","_npmVersion":"3.10.8","_nodeVersion":"5.11.1","_npmUser":{"name":"hzoo","email":"hi@henryzoo.com"},"dist":{"shasum":"2d45021df87e26a374b6d4d1a9c65964d17f2422","tarball":"https://registry.npmjs.org/babel-polyfill/-/babel-polyfill-6.16.0.tgz"},"maintainers":[{"name":"amasad","email":"amjad.masad@gmail.com"},{"name":"hzoo","email":"hi@henryzoo.com"},{"name":"jmm","email":"npm-public@jessemccarthy.net"},{"name":"loganfsmyth","email":"loganfsmyth@gmail.com"},{"name":"sebmck","email":"sebmck@gmail.com"},{"name":"thejameskyle","email":"me@thejameskyle.com"}],"_npmOperationalInternal":{"host":"packages-12-west.internal.npmjs.com","tmp":"tmp/babel-polyfill-6.16.0.tgz_1475091537356_0.15106186736375093"},"directories":{}},"6.20.0":{"name":"babel-polyfill","version":"6.20.0","description":"Provides polyfills necessary for a full ES2015+ environment","author":{"name":"Sebastian McKenzie","email":"sebmck@gmail.com"},"homepage":"https://babeljs.io/","license":"MIT","repository":{"type":"git","url":"https://github.com/babel/babel/tree/master/packages/babel-polyfill"},"main":"lib/index.js","dependencies":{"core-js":"^2.4.0","babel-runtime":"^6.20.0","regenerator-runtime":"^0.10.0"},"_id":"babel-polyfill@6.20.0","scripts":{},"_shasum":"de4a371006139e20990aac0be367d398331204e7","_from":".","_npmVersion":"3.10.8","_nodeVersion":"6.9.0","_npmUser":{"name":"hzoo","email":"hi@henryzoo.com"},"dist":{"shasum":"de4a371006139e20990aac0be367d398331204e7","tarball":"https://registry.npmjs.org/babel-polyfill/-/babel-polyfill-6.20.0.tgz"},"maintainers":[{"name":"amasad","email":"amjad.masad@gmail.com"},{"name":"hzoo","email":"hi@henryzoo.com"},{"name":"jmm","email":"npm-public@jessemccarthy.net"},{"name":"loganfsmyth","email":"loganfsmyth@gmail.com"},{"name":"sebmck","email":"sebmck@gmail.com"},{"name":"thejameskyle","email":"me@thejameskyle.com"}],"_npmOperationalInternal":{"host":"packages-12-west.internal.npmjs.com","tmp":"tmp/babel-polyfill-6.20.0.tgz_1481239546957_0.16234698169864714"},"directories":{}},"6.22.0":{"name":"babel-polyfill","version":"6.22.0","description":"Provides polyfills necessary for a full ES2015+ environment","author":{"name":"Sebastian McKenzie","email":"sebmck@gmail.com"},"homepage":"https://babeljs.io/","license":"MIT","repository":{"type":"git","url":"https://github.com/babel/babel/tree/master/packages/babel-polyfill"},"main":"lib/index.js","dependencies":{"core-js":"^2.4.0","babel-runtime":"^6.22.0","regenerator-runtime":"^0.10.0"},"_id":"babel-polyfill@6.22.0","scripts":{},"_shasum":"1ac99ebdcc6ba4db1e2618c387b2084a82154a3b","_from":".","_npmVersion":"3.10.10","_nodeVersion":"6.9.0","_npmUser":{"name":"hzoo","email":"hi@henryzoo.com"},"dist":{"shasum":"1ac99ebdcc6ba4db1e2618c387b2084a82154a3b","tarball":"https://registry.npmjs.org/babel-polyfill/-/babel-polyfill-6.22.0.tgz"},"maintainers":[{"name":"amasad","email":"amjad.masad@gmail.com"},{"name":"hzoo","email":"hi@henryzoo.com"},{"name":"jmm","email":"npm-public@jessemccarthy.net"},{"name":"loganfsmyth","email":"loganfsmyth@gmail.com"},{"name":"sebmck","email":"sebmck@gmail.com"},{"name":"thejameskyle","email":"me@thejameskyle.com"}],"_npmOperationalInternal":{"host":"packages-12-west.internal.npmjs.com","tmp":"tmp/babel-polyfill-6.22.0.tgz_1484872460109_0.4092237784061581"},"directories":{}},"6.23.0":{"name":"babel-polyfill","version":"6.23.0","description":"Provides polyfills necessary for a full ES2015+ environment","author":{"name":"Sebastian McKenzie","email":"sebmck@gmail.com"},"homepage":"https://babeljs.io/","license":"MIT","repository":{"type":"git","url":"https://github.com/babel/babel/tree/master/packages/babel-polyfill"},"main":"lib/index.js","dependencies":{"core-js":"^2.4.0","babel-runtime":"^6.22.0","regenerator-runtime":"^0.10.0"},"_id":"babel-polyfill@6.23.0","scripts":{},"_shasum":"8364ca62df8eafb830499f699177466c3b03499d","_from":".","_npmVersion":"3.10.8","_nodeVersion":"6.9.1","_npmUser":{"name":"loganfsmyth","email":"loganfsmyth@gmail.com"},"dist":{"shasum":"8364ca62df8eafb830499f699177466c3b03499d","tarball":"https://registry.npmjs.org/babel-polyfill/-/babel-polyfill-6.23.0.tgz"},"maintainers":[{"name":"amasad","email":"amjad.masad@gmail.com"},{"name":"hzoo","email":"hi@henryzoo.com"},{"name":"jmm","email":"npm-public@jessemccarthy.net"},{"name":"loganfsmyth","email":"loganfsmyth@gmail.com"},{"name":"sebmck","email":"sebmck@gmail.com"},{"name":"thejameskyle","email":"me@thejameskyle.com"}],"_npmOperationalInternal":{"host":"packages-12-west.internal.npmjs.com","tmp":"tmp/babel-polyfill-6.23.0.tgz_1487027067648_0.6487839892506599"},"directories":{}},"7.0.0-alpha.1":{"name":"babel-polyfill","version":"7.0.0-alpha.1","description":"Provides polyfills necessary for a full ES2015+ environment","author":{"name":"Sebastian McKenzie","email":"sebmck@gmail.com"},"homepage":"https://babeljs.io/","license":"MIT","repository":{"type":"git","url":"https://github.com/babel/babel/tree/master/packages/babel-polyfill"},"main":"lib/index.js","dependencies":{"core-js":"^2.4.0","regenerator-runtime":"^0.10.0"},"_id":"babel-polyfill@7.0.0-alpha.1","scripts":{},"_shasum":"96e1ae306aa9e6d2152607dbb7997a4713dd8cf6","_from":".","_npmVersion":"3.10.10","_nodeVersion":"6.9.0","_npmUser":{"name":"hzoo","email":"hi@henryzoo.com"},"dist":{"shasum":"96e1ae306aa9e6d2152607dbb7997a4713dd8cf6","tarball":"https://registry.npmjs.org/babel-polyfill/-/babel-polyfill-7.0.0-alpha.1.tgz"},"maintainers":[{"name":"amasad","email":"amjad.masad@gmail.com"},{"name":"hzoo","email":"hi@henryzoo.com"},{"name":"jmm","email":"npm-public@jessemccarthy.net"},{"name":"loganfsmyth","email":"loganfsmyth@gmail.com"},{"name":"sebmck","email":"sebmck@gmail.com"},{"name":"thejameskyle","email":"me@thejameskyle.com"}],"_npmOperationalInternal":{"host":"packages-12-west.internal.npmjs.com","tmp":"tmp/babel-polyfill-7.0.0-alpha.1.tgz_1488488715340_0.8115137689746916"},"directories":{}},"7.0.0-alpha.3":{"name":"babel-polyfill","version":"7.0.0-alpha.3","description":"Provides polyfills necessary for a full ES2015+ environment","author":{"name":"Sebastian McKenzie","email":"sebmck@gmail.com"},"homepage":"https://babeljs.io/","license":"MIT","repository":{"type":"git","url":"https://github.com/babel/babel/tree/master/packages/babel-polyfill"},"main":"lib/index.js","dependencies":{"core-js":"^2.4.0","regenerator-runtime":"^0.10.0"},"_id":"babel-polyfill@7.0.0-alpha.3","scripts":{},"_shasum":"2f0f39b7a537fcdb03f506add010a71013a07bd3","_from":".","_npmVersion":"3.10.10","_nodeVersion":"6.9.0","_npmUser":{"name":"hzoo","email":"hi@henryzoo.com"},"dist":{"shasum":"2f0f39b7a537fcdb03f506add010a71013a07bd3","tarball":"https://registry.npmjs.org/babel-polyfill/-/babel-polyfill-7.0.0-alpha.3.tgz"},"maintainers":[{"name":"amasad","email":"amjad.masad@gmail.com"},{"name":"hzoo","email":"hi@henryzoo.com"},{"name":"jmm","email":"npm-public@jessemccarthy.net"},{"name":"loganfsmyth","email":"loganfsmyth@gmail.com"},{"name":"sebmck","email":"sebmck@gmail.com"},{"name":"thejameskyle","email":"me@thejameskyle.com"}],"_npmOperationalInternal":{"host":"packages-18-east.internal.npmjs.com","tmp":"tmp/babel-polyfill-7.0.0-alpha.3.tgz_1490298561299_0.42632938898168504"},"directories":{}},"7.0.0-alpha.7":{"name":"babel-polyfill","version":"7.0.0-alpha.7","description":"Provides polyfills necessary for a full ES2015+ environment","author":{"name":"Sebastian McKenzie","email":"sebmck@gmail.com"},"homepage":"https://babeljs.io/","license":"MIT","repository":{"type":"git","url":"https://github.com/babel/babel/tree/master/packages/babel-polyfill"},"main":"lib/index.js","dependencies":{"core-js":"^2.4.0","regenerator-runtime":"^0.10.0"},"_id":"babel-polyfill@7.0.0-alpha.7","scripts":{},"_shasum":"97218220deb8f325a7ae5539ea617a382fd9be6f","_from":".","_npmVersion":"3.10.10","_nodeVersion":"6.9.0","_npmUser":{"name":"hzoo","email":"hi@henryzoo.com"},"dist":{"shasum":"97218220deb8f325a7ae5539ea617a382fd9be6f","tarball":"https://registry.npmjs.org/babel-polyfill/-/babel-polyfill-7.0.0-alpha.7.tgz"},"maintainers":[{"name":"amasad","email":"amjad.masad@gmail.com"},{"name":"hzoo","email":"hi@henryzoo.com"},{"name":"jmm","email":"npm-public@jessemccarthy.net"},{"name":"loganfsmyth","email":"loganfsmyth@gmail.com"},{"name":"sebmck","email":"sebmck@gmail.com"},{"name":"thejameskyle","email":"me@thejameskyle.com"}],"_npmOperationalInternal":{"host":"packages-18-east.internal.npmjs.com","tmp":"tmp/babel-polyfill-7.0.0-alpha.7.tgz_1491426834563_0.12858517887070775"},"directories":{}},"7.0.0-alpha.9":{"name":"babel-polyfill","version":"7.0.0-alpha.9","description":"Provides polyfills necessary for a full ES2015+ environment","author":{"name":"Sebastian McKenzie","email":"sebmck@gmail.com"},"homepage":"https://babeljs.io/","license":"MIT","repository":{"type":"git","url":"https://github.com/babel/babel/tree/master/packages/babel-polyfill"},"main":"lib/index.js","dependencies":{"core-js":"^2.4.0","regenerator-runtime":"^0.10.0"},"_id":"babel-polyfill@7.0.0-alpha.9","scripts":{},"_shasum":"d565d2695bfed7ab07c812093e1f3222107e8fb8","_from":".","_npmVersion":"3.10.10","_nodeVersion":"6.9.0","_npmUser":{"name":"hzoo","email":"hi@henryzoo.com"},"dist":{"shasum":"d565d2695bfed7ab07c812093e1f3222107e8fb8","tarball":"https://registry.npmjs.org/babel-polyfill/-/babel-polyfill-7.0.0-alpha.9.tgz"},"maintainers":[{"name":"amasad","email":"amjad.masad@gmail.com"},{"name":"hzoo","email":"hi@henryzoo.com"},{"name":"jmm","email":"npm-public@jessemccarthy.net"},{"name":"loganfsmyth","email":"loganfsmyth@gmail.com"},{"name":"sebmck","email":"sebmck@gmail.com"},{"name":"thejameskyle","email":"me@thejameskyle.com"}],"_npmOperationalInternal":{"host":"packages-18-east.internal.npmjs.com","tmp":"tmp/babel-polyfill-7.0.0-alpha.9.tgz_1492526515835_0.690453287679702"},"directories":{}},"7.0.0-alpha.12":{"name":"babel-polyfill","version":"7.0.0-alpha.12","description":"Provides polyfills necessary for a full ES2015+ environment","author":{"name":"Sebastian McKenzie","email":"sebmck@gmail.com"},"homepage":"https://babeljs.io/","license":"MIT","repository":{"type":"git","url":"https://github.com/babel/babel/tree/master/packages/babel-polyfill"},"main":"lib/index.js","dependencies":{"core-js":"^2.4.0","regenerator-runtime":"^0.10.0"},"_id":"babel-polyfill@7.0.0-alpha.12","_npmVersion":"5.0.0","_nodeVersion":"6.9.0","_npmUser":{"name":"hzoo","email":"hi@henryzoo.com"},"dist":{"integrity":"sha512-hWE15TC/mo7dmQv5GEou7AiQLPSxnvtumXrmJFdhyCR68S9RTgCj3pFvzVeLBX3tsiyjUiZyWALnCKoxkCWEaA==","shasum":"8701d802b63bb53f4e5dee3bc363cd53ee201d00","tarball":"https://registry.npmjs.org/babel-polyfill/-/babel-polyfill-7.0.0-alpha.12.tgz"},"maintainers":[{"email":"sebmck@gmail.com","name":"sebmck"},{"email":"daniel@tschinder.de","name":"danez"},{"email":"hi@henryzoo.com","name":"hzoo"},{"email":"loganfsmyth@gmail.com","name":"loganfsmyth"}],"_npmOperationalInternal":{"host":"s3://npm-registry-packages","tmp":"tmp/babel-polyfill-7.0.0-alpha.12.tgz_1496265114755_0.43790064193308353"},"directories":{}},"7.0.0-alpha.14":{"name":"babel-polyfill","version":"7.0.0-alpha.14","description":"Provides polyfills necessary for a full ES2015+ environment","author":{"name":"Sebastian McKenzie","email":"sebmck@gmail.com"},"homepage":"https://babeljs.io/","license":"MIT","repository":{"type":"git","url":"https://github.com/babel/babel/tree/master/packages/babel-polyfill"},"main":"lib/index.js","dependencies":{"core-js":"^2.4.0","regenerator-runtime":"^0.10.0"},"_id":"babel-polyfill@7.0.0-alpha.14","scripts":{},"_shasum":"991f178d3508e5fc20cce49f443105ff2f31960b","_from":".","_npmVersion":"4.6.1","_nodeVersion":"6.9.0","_npmUser":{"name":"hzoo","email":"hi@henryzoo.com"},"dist":{"shasum":"991f178d3508e5fc20cce49f443105ff2f31960b","tarball":"https://registry.npmjs.org/babel-polyfill/-/babel-polyfill-7.0.0-alpha.14.tgz"},"maintainers":[{"email":"sebmck@gmail.com","name":"sebmck"},{"email":"daniel@tschinder.de","name":"danez"},{"email":"hi@henryzoo.com","name":"hzoo"},{"email":"loganfsmyth@gmail.com","name":"loganfsmyth"}],"_npmOperationalInternal":{"host":"s3://npm-registry-packages","tmp":"tmp/babel-polyfill-7.0.0-alpha.14.tgz_1499828016329_0.7981068990193307"},"directories":{}},"7.0.0-alpha.15":{"name":"babel-polyfill","version":"7.0.0-alpha.15","description":"Provides polyfills necessary for a full ES2015+ environment","author":{"name":"Sebastian McKenzie","email":"sebmck@gmail.com"},"homepage":"https://babeljs.io/","license":"MIT","repository":{"type":"git","url":"https://github.com/babel/babel/tree/master/packages/babel-polyfill"},"main":"lib/index.js","dependencies":{"core-js":"^2.4.0","regenerator-runtime":"^0.10.0"},"_id":"babel-polyfill@7.0.0-alpha.15","scripts":{},"_shasum":"4d1c8e3c86b4189591a6818bae90d1ab7eaab584","_from":".","_npmVersion":"4.6.1","_nodeVersion":"6.9.0","_npmUser":{"name":"hzoo","email":"hi@henryzoo.com"},"dist":{"shasum":"4d1c8e3c86b4189591a6818bae90d1ab7eaab584","tarball":"https://registry.npmjs.org/babel-polyfill/-/babel-polyfill-7.0.0-alpha.15.tgz"},"maintainers":[{"email":"sebmck@gmail.com","name":"sebmck"},{"email":"daniel@tschinder.de","name":"danez"},{"email":"hi@henryzoo.com","name":"hzoo"},{"email":"loganfsmyth@gmail.com","name":"loganfsmyth"}],"_npmOperationalInternal":{"host":"s3://npm-registry-packages","tmp":"tmp/babel-polyfill-7.0.0-alpha.15.tgz_1499830550186_0.2293804434593767"},"directories":{}},"7.0.0-alpha.16":{"name":"babel-polyfill","version":"7.0.0-alpha.16","description":"Provides polyfills necessary for a full ES2015+ environment","author":{"name":"Sebastian McKenzie","email":"sebmck@gmail.com"},"homepage":"https://babeljs.io/","license":"MIT","repository":{"type":"git","url":"https://github.com/babel/babel/tree/master/packages/babel-polyfill"},"main":"lib/index.js","dependencies":{"core-js":"^2.4.0","regenerator-runtime":"^0.10.0"},"_id":"babel-polyfill@7.0.0-alpha.16","scripts":{},"_shasum":"3cd865f5eb18dd065916fac33aafcf4617ca2956","_from":".","_npmVersion":"4.6.1","_nodeVersion":"6.9.0","_npmUser":{"name":"hzoo","email":"hi@henryzoo.com"},"dist":{"shasum":"3cd865f5eb18dd065916fac33aafcf4617ca2956","tarball":"https://registry.npmjs.org/babel-polyfill/-/babel-polyfill-7.0.0-alpha.16.tgz"},"maintainers":[{"email":"sebmck@gmail.com","name":"sebmck"},{"email":"daniel@tschinder.de","name":"danez"},{"email":"hi@henryzoo.com","name":"hzoo"},{"email":"loganfsmyth@gmail.com","name":"loganfsmyth"}],"_npmOperationalInternal":{"host":"s3://npm-registry-packages","tmp":"tmp/babel-polyfill-7.0.0-alpha.16.tgz_1501017465293_0.1590226604603231"},"directories":{}},"7.0.0-alpha.17":{"name":"babel-polyfill","version":"7.0.0-alpha.17","description":"Provides polyfills necessary for a full ES2015+ environment","author":{"name":"Sebastian McKenzie","email":"sebmck@gmail.com"},"homepage":"https://babeljs.io/","license":"MIT","repository":{"type":"git","url":"https://github.com/babel/babel/tree/master/packages/babel-polyfill"},"main":"lib/index.js","dependencies":{"core-js":"^2.4.0","regenerator-runtime":"^0.10.0"},"_id":"babel-polyfill@7.0.0-alpha.17","scripts":{},"_shasum":"e14c1287921f008aacf084ac51c47c491c2861de","_from":".","_npmVersion":"4.6.1","_nodeVersion":"6.9.0","_npmUser":{"name":"hzoo","email":"hi@henryzoo.com"},"dist":{"shasum":"e14c1287921f008aacf084ac51c47c491c2861de","tarball":"https://registry.npmjs.org/babel-polyfill/-/babel-polyfill-7.0.0-alpha.17.tgz"},"maintainers":[{"email":"sebmck@gmail.com","name":"sebmck"},{"email":"daniel@tschinder.de","name":"danez"},{"email":"hi@henryzoo.com","name":"hzoo"},{"email":"loganfsmyth@gmail.com","name":"loganfsmyth"}],"_npmOperationalInternal":{"host":"s3://npm-registry-packages","tmp":"tmp/babel-polyfill-7.0.0-alpha.17.tgz_1501072754095_0.5805359040386975"},"directories":{}},"7.0.0-alpha.18":{"name":"babel-polyfill","version":"7.0.0-alpha.18","description":"Provides polyfills necessary for a full ES2015+ environment","author":{"name":"Sebastian McKenzie","email":"sebmck@gmail.com"},"homepage":"https://babeljs.io/","license":"MIT","repository":{"type":"git","url":"https://github.com/babel/babel/tree/master/packages/babel-polyfill"},"main":"lib/index.js","dependencies":{"core-js":"^2.4.0","regenerator-runtime":"^0.10.0"},"_id":"babel-polyfill@7.0.0-alpha.18","_npmVersion":"5.3.0","_nodeVersion":"8.1.4","_npmUser":{"name":"hzoo","email":"hi@henryzoo.com"},"dist":{"integrity":"sha512-aOWCGM4IE2ZsevcayF5MbWmZ4brNfu0A4aHw4lefNgYcOBB0uBUSQQPXIWn9PQEroMUBWOJLxTyDxwyV6WhvKA==","shasum":"e5673adef75bf3c9014e9b7d0cb23520e58bd94a","tarball":"https://registry.npmjs.org/babel-polyfill/-/babel-polyfill-7.0.0-alpha.18.tgz"},"maintainers":[{"email":"me@thejameskyle.com","name":"thejameskyle"},{"email":"sebmck@gmail.com","name":"sebmck"},{"email":"daniel@tschinder.de","name":"danez"},{"email":"hi@henryzoo.com","name":"hzoo"},{"email":"loganfsmyth@gmail.com","name":"loganfsmyth"}],"_npmOperationalInternal":{"host":"s3://npm-registry-packages","tmp":"tmp/babel-polyfill-7.0.0-alpha.18.tgz_1501798859515_0.11418819357641041"},"directories":{}},"7.0.0-alpha.19":{"name":"babel-polyfill","version":"7.0.0-alpha.19","description":"Provides polyfills necessary for a full ES2015+ environment","author":{"name":"Sebastian McKenzie","email":"sebmck@gmail.com"},"homepage":"https://babeljs.io/","license":"MIT","repository":{"type":"git","url":"https://github.com/babel/babel/tree/master/packages/babel-polyfill"},"main":"lib/index.js","dependencies":{"core-js":"^2.4.0","regenerator-runtime":"^0.10.0"},"_id":"babel-polyfill@7.0.0-alpha.19","_npmVersion":"5.3.0","_nodeVersion":"8.1.4","_npmUser":{"name":"hzoo","email":"hi@henryzoo.com"},"dist":{"integrity":"sha512-QyYt13U+vPDphzUoImHAPK9UTtgSky8TFf7Q4xFPsDMZtp/ec/Ad7OvQTNEFKJLTcjwd/wRIKvyzzTLPlGKMUg==","shasum":"546aabf80c92f4e9314176a64458a6258e5970de","tarball":"https://registry.npmjs.org/babel-polyfill/-/babel-polyfill-7.0.0-alpha.19.tgz"},"maintainers":[{"email":"me@thejameskyle.com","name":"thejameskyle"},{"email":"sebmck@gmail.com","name":"sebmck"},{"email":"daniel@tschinder.de","name":"danez"},{"email":"hi@henryzoo.com","name":"hzoo"},{"email":"loganfsmyth@gmail.com","name":"loganfsmyth"}],"_npmOperationalInternal":{"host":"s3://npm-registry-packages","tmp":"tmp/babel-polyfill-7.0.0-alpha.19.tgz_1502144497578_0.3333883727900684"},"directories":{}},"6.26.0":{"name":"babel-polyfill","version":"6.26.0","description":"Provides polyfills necessary for a full ES2015+ environment","author":{"name":"Sebastian McKenzie","email":"sebmck@gmail.com"},"homepage":"https://babeljs.io/","license":"MIT","repository":{"type":"git","url":"https://github.com/babel/babel/tree/master/packages/babel-polyfill"},"main":"lib/index.js","dependencies":{"babel-runtime":"^6.26.0","core-js":"^2.5.0","regenerator-runtime":"^0.10.5"},"_id":"babel-polyfill@6.26.0","scripts":{},"_shasum":"379937abc67d7895970adc621f284cd966cf2153","_from":".","_npmVersion":"4.6.1","_nodeVersion":"6.9.0","_npmUser":{"name":"hzoo","email":"hi@henryzoo.com"},"dist":{"shasum":"379937abc67d7895970adc621f284cd966cf2153","tarball":"https://registry.npmjs.org/babel-polyfill/-/babel-polyfill-6.26.0.tgz"},"maintainers":[{"email":"me@thejameskyle.com","name":"thejameskyle"},{"email":"sebmck@gmail.com","name":"sebmck"},{"email":"daniel@tschinder.de","name":"danez"},{"email":"hi@henryzoo.com","name":"hzoo"},{"email":"loganfsmyth@gmail.com","name":"loganfsmyth"}],"_npmOperationalInternal":{"host":"s3://npm-registry-packages","tmp":"tmp/babel-polyfill-6.26.0.tgz_1502898851797_0.4895682369824499"},"directories":{}},"7.0.0-alpha.20":{"name":"babel-polyfill","version":"7.0.0-alpha.20","description":"Provides polyfills necessary for a full ES2015+ environment","author":{"name":"Sebastian McKenzie","email":"sebmck@gmail.com"},"homepage":"https://babeljs.io/","license":"MIT","repository":{"type":"git","url":"https://github.com/babel/babel/tree/master/packages/babel-polyfill"},"main":"lib/index.js","dependencies":{"core-js":"^2.4.0","regenerator-runtime":"^0.10.0"},"_id":"babel-polyfill@7.0.0-alpha.20","_npmVersion":"5.3.0","_nodeVersion":"8.1.4","_npmUser":{"name":"hzoo","email":"hi@henryzoo.com"},"dist":{"integrity":"sha512-rl0+CBuHp2i+BO/BQjLFAWZDzzsjd8aq+u8CU0uC0UZ6aI8edUYT8UihVL4fah2E01P78yr/UfuCB4L4iObTlA==","shasum":"d79baff26f8ce89d12547e7edd5a0b89e3b12d4f","tarball":"https://registry.npmjs.org/babel-polyfill/-/babel-polyfill-7.0.0-alpha.20.tgz"},"maintainers":[{"email":"me@thejameskyle.com","name":"thejameskyle"},{"email":"sebmck@gmail.com","name":"sebmck"},{"email":"daniel@tschinder.de","name":"danez"},{"email":"hi@henryzoo.com","name":"hzoo"},{"email":"loganfsmyth@gmail.com","name":"loganfsmyth"}],"_npmOperationalInternal":{"host":"s3://npm-registry-packages","tmp":"tmp/babel-polyfill-7.0.0-alpha.20.tgz_1504119131747_0.5788477410096675"},"directories":{}},"7.0.0-beta.0":{"name":"babel-polyfill","version":"7.0.0-beta.0","description":"Provides polyfills necessary for a full ES2015+ environment","author":{"name":"Sebastian McKenzie","email":"sebmck@gmail.com"},"homepage":"https://babeljs.io/","license":"MIT","repository":{"type":"git","url":"https://github.com/babel/babel/tree/master/packages/babel-polyfill"},"main":"lib/index.js","dependencies":{"core-js":"^2.4.0","regenerator-runtime":"^0.10.0"},"_id":"babel-polyfill@7.0.0-beta.0","_npmVersion":"5.3.0","_nodeVersion":"8.1.4","_npmUser":{"name":"hzoo","email":"hi@henryzoo.com"},"dist":{"integrity":"sha512-K6roykQl8H61RqWYupaJR5aAYXv95XtAMMGFzdahewFQEtVdTmvHFwpuX4Tgp+kKxLqrqXDu0g6rQBWON5y7ow==","shasum":"df4c6c209be613179774009bde3be155eb2ad7e8","tarball":"https://registry.npmjs.org/babel-polyfill/-/babel-polyfill-7.0.0-beta.0.tgz"},"maintainers":[{"email":"me@thejameskyle.com","name":"thejameskyle"},{"email":"sebmck@gmail.com","name":"sebmck"},{"email":"daniel@tschinder.de","name":"danez"},{"email":"hi@henryzoo.com","name":"hzoo"},{"email":"loganfsmyth@gmail.com","name":"loganfsmyth"}],"_npmOperationalInternal":{"host":"s3://npm-registry-packages","tmp":"tmp/babel-polyfill-7.0.0-beta.0.tgz_1505185332778_0.565560006769374"},"directories":{}},"7.0.0-beta.1":{"name":"babel-polyfill","version":"7.0.0-beta.1","description":"Provides polyfills necessary for a full ES2015+ environment","author":{"name":"Sebastian McKenzie","email":"sebmck@gmail.com"},"homepage":"https://babeljs.io/","license":"MIT","repository":{"type":"git","url":"https://github.com/babel/babel/tree/master/packages/babel-polyfill"},"main":"lib/index.js","dependencies":{"core-js":"^2.4.0","regenerator-runtime":"^0.11.0"},"_id":"babel-polyfill@7.0.0-beta.1","_npmVersion":"5.4.1","_nodeVersion":"8.1.4","_npmUser":{"name":"hzoo","email":"hi@henryzoo.com"},"dist":{"integrity":"sha512-6CwEhfGIFhuWPIRLe/Fxhq8gH/6nsh/g8k/jrebCaU62LjPu6U2r5xAa+a9YgP/aW2e3jjOVkb8JuPV451spHA==","shasum":"77fd535a2bf6fd157baf6a34c217fc8614f6a322","tarball":"https://registry.npmjs.org/babel-polyfill/-/babel-polyfill-7.0.0-beta.1.tgz"},"maintainers":[{"email":"me@thejameskyle.com","name":"thejameskyle"},{"email":"sebmck@gmail.com","name":"sebmck"},{"email":"daniel@tschinder.de","name":"danez"},{"email":"hi@henryzoo.com","name":"hzoo"},{"email":"loganfsmyth@gmail.com","name":"loganfsmyth"}],"_npmOperationalInternal":{"host":"s3://npm-registry-packages","tmp":"tmp/babel-polyfill-7.0.0-beta.1.tgz_1505851761469_0.47073635971173644"},"directories":{}},"7.0.0-beta.2":{"name":"babel-polyfill","version":"7.0.0-beta.2","description":"Provides polyfills necessary for a full ES2015+ environment","author":{"name":"Sebastian McKenzie","email":"sebmck@gmail.com"},"homepage":"https://babeljs.io/","license":"MIT","repository":{"type":"git","url":"https://github.com/babel/babel/tree/master/packages/babel-polyfill"},"main":"lib/index.js","dependencies":{"core-js":"^2.4.0","regenerator-runtime":"^0.11.0"},"_id":"babel-polyfill@7.0.0-beta.2","_npmVersion":"5.4.1","_nodeVersion":"8.1.4","_npmUser":{"name":"hzoo","email":"hi@henryzoo.com"},"dist":{"integrity":"sha512-QSYslm2Fq2YtAwaJY1DSBN9xJA4PV0NxZQaqlDqFNwgu1Li954qIDwKHCeaCmvovFweV6M5w1rgLkWwtInUHmQ==","shasum":"fdbae0cb20f03dd5ed8e857b58b55c4c34161615","tarball":"https://registry.npmjs.org/babel-polyfill/-/babel-polyfill-7.0.0-beta.2.tgz"},"maintainers":[{"email":"bng412@gmail.com","name":"existentialism"},{"email":"me@thejameskyle.com","name":"thejameskyle"},{"email":"sebmck@gmail.com","name":"sebmck"},{"email":"daniel@tschinder.de","name":"danez"},{"email":"hi@henryzoo.com","name":"hzoo"},{"email":"loganfsmyth@gmail.com","name":"loganfsmyth"}],"_npmOperationalInternal":{"host":"s3://npm-registry-packages","tmp":"tmp/babel-polyfill-7.0.0-beta.2.tgz_1506438912284_0.9944267021492124"},"directories":{}},"7.0.0-beta.3":{"name":"babel-polyfill","version":"7.0.0-beta.3","description":"Provides polyfills necessary for a full ES2015+ environment","author":{"name":"Sebastian McKenzie","email":"sebmck@gmail.com"},"homepage":"https://babeljs.io/","license":"MIT","repository":{"type":"git","url":"https://github.com/babel/babel/tree/master/packages/babel-polyfill"},"main":"lib/index.js","dependencies":{"core-js":"^2.4.0","regenerator-runtime":"^0.11.0"},"_id":"babel-polyfill@7.0.0-beta.3","_npmVersion":"5.5.1","_nodeVersion":"8.1.4","_npmUser":{"name":"hzoo","email":"hi@henryzoo.com"},"dist":{"integrity":"sha512-wEXpYXn61nCd+so0TOSzydX1mwUjst5Mx2yUV5fVs6AaK+PKqDdoecty2BHoEwaQTKcsq6ihoQZf9oaKV5DvEg==","shasum":"053f0943cdf498910cc037de2ffc7b1f2e36223a","tarball":"https://registry.npmjs.org/babel-polyfill/-/babel-polyfill-7.0.0-beta.3.tgz"},"maintainers":[{"email":"bng412@gmail.com","name":"existentialism"},{"email":"me@thejameskyle.com","name":"thejameskyle"},{"email":"sebmck@gmail.com","name":"sebmck"},{"email":"daniel@tschinder.de","name":"danez"},{"email":"hi@henryzoo.com","name":"hzoo"},{"email":"loganfsmyth@gmail.com","name":"loganfsmyth"}],"_npmOperationalInternal":{"host":"s3://npm-registry-packages","tmp":"tmp/babel-polyfill-7.0.0-beta.3.tgz_1508073097446_0.5360508414451033"},"directories":{}}},"readme":"# babel-polyfill\n\n","maintainers":[{"email":"bng412@gmail.com","name":"existentialism"},{"email":"me@thejameskyle.com","name":"thejameskyle"},{"email":"sebmck@gmail.com","name":"sebmck"},{"email":"daniel@tschinder.de","name":"danez"},{"email":"hi@henryzoo.com","name":"hzoo"},{"email":"loganfsmyth@gmail.com","name":"loganfsmyth"}],"time":{"modified":"2018-08-02T09:47:34.457Z","created":"2015-10-29T18:21:44.831Z","6.0.2":"2015-10-29T18:21:44.831Z","6.0.14":"2015-10-30T23:43:13.227Z","6.0.16":"2015-11-02T07:14:36.206Z","6.1.4":"2015-11-11T10:44:36.962Z","6.1.17":"2015-11-12T21:44:43.701Z","6.1.18":"2015-11-12T21:52:50.469Z","6.1.19":"2015-11-12T22:19:44.209Z","6.2.0":"2015-11-19T04:34:34.769Z","6.2.4":"2015-11-25T03:15:43.333Z","6.3.13":"2015-12-04T12:00:58.725Z","6.3.14":"2015-12-04T18:52:44.160Z","6.5.0":"2016-02-07T00:08:21.022Z","6.5.0-1":"2016-02-07T02:41:42.434Z","6.6.0":"2016-02-29T21:13:05.156Z","6.6.1":"2016-03-01T00:27:13.396Z","6.7.2":"2016-03-10T22:41:33.071Z","6.7.4":"2016-03-23T03:37:50.911Z","6.8.0":"2016-05-02T23:45:21.943Z","6.9.0":"2016-05-17T18:49:45.436Z","6.9.1":"2016-05-29T19:50:10.654Z","6.13.0":"2016-08-04T23:35:06.715Z","6.16.0":"2016-09-28T19:38:59.400Z","6.20.0":"2016-12-08T23:25:49.011Z","6.22.0":"2017-01-20T00:34:23.162Z","6.23.0":"2017-02-13T23:04:29.780Z","7.0.0-alpha.1":"2017-03-02T21:05:17.560Z","7.0.0-alpha.3":"2017-03-23T19:49:23.505Z","7.0.0-alpha.7":"2017-04-05T21:13:55.312Z","7.0.0-alpha.9":"2017-04-18T14:41:58.049Z","7.0.0-alpha.12":"2017-05-31T21:11:55.085Z","7.0.0-alpha.14":"2017-07-12T02:53:37.505Z","7.0.0-alpha.15":"2017-07-12T03:35:51.420Z","7.0.0-alpha.16":"2017-07-25T21:17:46.465Z","7.0.0-alpha.17":"2017-07-26T12:39:15.212Z","7.0.0-alpha.18":"2017-08-03T22:20:59.606Z","7.0.0-alpha.19":"2017-08-07T22:21:38.009Z","6.26.0":"2017-08-16T15:54:12.145Z","7.0.0-alpha.20":"2017-08-30T18:52:11.855Z","7.0.0-beta.0":"2017-09-12T03:02:15.005Z","7.0.0-beta.1":"2017-09-19T20:09:21.693Z","7.0.0-beta.2":"2017-09-26T15:15:13.444Z","7.0.0-beta.3":"2017-10-15T13:11:38.704Z"},"homepage":"https://babeljs.io/","repository":{"type":"git","url":"https://github.com/babel/babel/tree/master/packages/babel-polyfill"},"author":{"name":"Sebastian McKenzie","email":"sebmck@gmail.com"},"license":"MIT","readmeFilename":"README.md","users":{"miguelprovencio":true,"iolo":true,"ovrmrw":true,"warp-lab":true,"atnartur":true,"randallagordon":true,"isik":true,"guananddu":true,"nex":true,"wkaifang":true,"wangshijun":true,"dhampik":true,"koulmomo":true,"ahmehri":true,"wangnan0610":true,"monjer":true,"gskema":true,"jungae1000":true,"abuddington":true,"nilz3ro":true,"sunny_anna":true,"finnhvman":true,"npmlincq":true,"mskjp":true,"scott.m.sarsfield":true,"digitalblake":true,"isenricho":true,"guzgarcia":true,"panlw":true,"onursimsek":true,"yujingwyh":true,"orenschwartz":true,"dhanya-kr":true,"pddivine":true,"alexxnica":true,"npmrud5g":true,"shuoshubao":true,"agamlarage":true,"largepuma":true,"yeming":true,"jesselcampbell":true,"robinblomberg":true,"jream":true,"johninch":true,"sternelee":true,"ksugiura":true,"maddas":true,"yangzw":true,"mrzmmr":true,"derrickbeining":true,"geofftech":true,"unsunstoppablegreatness":true,"chrissimari":true,"flozz":true,"professorcoal":true,"reberan":true},"description":"Provides polyfills necessary for a full ES2015+ environment","_attachments":{},"_etag":"W/\"85ed954783167c537636dc45479f0656\"","_lastModified":"Thu, 02 Aug 2018 09:47:35 GMT"}