{"_id":"is-finite","_rev":"4-56079bc57ae4fa458a161654503cc438","name":"is-finite","description":"ES2015 Number.isFinite() ponyfill","dist-tags":{"latest":"1.0.2"},"versions":{"1.0.0":{"name":"is-finite","version":"1.0.0","description":"ES6 Number.isFinite() ponyfill","license":"MIT","repository":{"type":"git","url":"git://github.com/sindresorhus/is-finite"},"author":{"name":"Sindre Sorhus","email":"sindresorhus@gmail.com","url":"http://sindresorhus.com"},"engines":{"node":">=0.10.0"},"scripts":{"test":"node test.js"},"files":["index.js"],"keywords":["es6","ecmascript","harmony","ponyfill","prollyfill","polyfill","shim","browser","number","finite","is"],"devDependencies":{"ava":"0.0.3"},"gitHead":"18b4e040661e472f3578eae28b973ffd09503e14","bugs":{"url":"https://github.com/sindresorhus/is-finite/issues"},"homepage":"https://github.com/sindresorhus/is-finite","_id":"is-finite@1.0.0","_shasum":"2b1dbad1162cdca6a4dc89f12b2f3dae12393282","_from":".","_npmVersion":"1.4.14","_npmUser":{"name":"sindresorhus","email":"sindresorhus@gmail.com"},"maintainers":[{"name":"sindresorhus","email":"sindresorhus@gmail.com"}],"dist":{"shasum":"2b1dbad1162cdca6a4dc89f12b2f3dae12393282","tarball":"https://registry.npmjs.org/is-finite/-/is-finite-1.0.0.tgz"},"directories":{}},"1.0.1":{"name":"is-finite","version":"1.0.1","description":"ES6 Number.isFinite() ponyfill","license":"MIT","repository":{"type":"git","url":"git+https://github.com/sindresorhus/is-finite.git"},"author":{"name":"Sindre Sorhus","email":"sindresorhus@gmail.com","url":"sindresorhus.com"},"engines":{"node":">=0.10.0"},"scripts":{"test":"node test.js"},"files":["index.js"],"keywords":["es6","ecmascript","harmony","ponyfill","polyfill","shim","number","finite","is"],"dependencies":{"number-is-nan":"^1.0.0"},"devDependencies":{"ava":"0.0.4"},"gitHead":"7d952746a66df2f9955a59a0d013ed14b3ad1f60","bugs":{"url":"https://github.com/sindresorhus/is-finite/issues"},"homepage":"https://github.com/sindresorhus/is-finite#readme","_id":"is-finite@1.0.1","_shasum":"6438603eaebe2793948ff4a4262ec8db3d62597b","_from":".","_npmVersion":"2.10.0","_nodeVersion":"0.12.3","_npmUser":{"name":"sindresorhus","email":"sindresorhus@gmail.com"},"dist":{"shasum":"6438603eaebe2793948ff4a4262ec8db3d62597b","tarball":"https://registry.npmjs.org/is-finite/-/is-finite-1.0.1.tgz"},"maintainers":[{"name":"sindresorhus","email":"sindresorhus@gmail.com"}],"directories":{}},"1.0.2":{"name":"is-finite","version":"1.0.2","description":"ES2015 Number.isFinite() ponyfill","license":"MIT","repository":{"type":"git","url":"git+https://github.com/sindresorhus/is-finite.git"},"author":{"name":"Sindre Sorhus","email":"sindresorhus@gmail.com","url":"sindresorhus.com"},"engines":{"node":">=0.10.0"},"scripts":{"test":"ava"},"files":["index.js"],"keywords":["es2015","ponyfill","polyfill","shim","number","finite","is"],"dependencies":{"number-is-nan":"^1.0.0"},"devDependencies":{"ava":"*"},"gitHead":"43f8bb814834d8573d11ba4a631d19006d0c8897","bugs":{"url":"https://github.com/sindresorhus/is-finite/issues"},"homepage":"https://github.com/sindresorhus/is-finite#readme","_id":"is-finite@1.0.2","_shasum":"cc6677695602be550ef11e8b4aa6305342b6d0aa","_from":".","_npmVersion":"2.15.9","_nodeVersion":"4.5.0","_npmUser":{"name":"sindresorhus","email":"sindresorhus@gmail.com"},"dist":{"shasum":"cc6677695602be550ef11e8b4aa6305342b6d0aa","tarball":"https://registry.npmjs.org/is-finite/-/is-finite-1.0.2.tgz"},"maintainers":[{"name":"sindresorhus","email":"sindresorhus@gmail.com"}],"_npmOperationalInternal":{"host":"packages-12-west.internal.npmjs.com","tmp":"tmp/is-finite-1.0.2.tgz_1475221456713_0.784205764066428"},"directories":{}}},"readme":"# is-finite [![Build Status](https://travis-ci.org/sindresorhus/is-finite.svg?branch=master)](https://travis-ci.org/sindresorhus/is-finite)\n\n> ES2015 [`Number.isFinite()`](https://developer.mozilla.org/en-US/docs/Web/JavaScript/Reference/Global_Objects/Number/isFinite) [ponyfill](https://ponyfill.com)\n\n\n## Install\n\n```sh\n$ npm install --save is-finite\n```\n\n\n## Usage\n\n```js\nvar numIsFinite = require('is-finite');\n\nnumIsFinite(4);\n//=> true\n\nnumIsFinite(Infinity);\n//=> false\n```\n\n\n## License\n\nMIT © [Sindre Sorhus](http://sindresorhus.com)\n","maintainers":[{"name":"sindresorhus","email":"sindresorhus@gmail.com"}],"time":{"modified":"2016-09-30T07:44:16.955Z","created":"2014-08-04T15:38:54.059Z","1.0.0":"2014-08-04T15:38:54.059Z","1.0.1":"2015-05-20T20:57:21.774Z","1.0.2":"2016-09-30T07:44:16.955Z"},"homepage":"https://github.com/sindresorhus/is-finite#readme","keywords":["es2015","ponyfill","polyfill","shim","number","finite","is"],"repository":{"type":"git","url":"git+https://github.com/sindresorhus/is-finite.git"},"author":{"name":"Sindre Sorhus","email":"sindresorhus@gmail.com","url":"sindresorhus.com"},"bugs":{"url":"https://github.com/sindresorhus/is-finite/issues"},"license":"MIT","readmeFilename":"readme.md","_attachments":{},"_etag":"W/\"44a7fefa73b408c8257786caedc08221\"","_lastModified":"Sun, 27 May 2018 04:59:00 GMT"}